# Navegacao Renal 3D - centimetres, Y up
mtllib Kidney_Game_v003.mtl

o RouteGuide
g RouteGuide
usemtl MAT_RouteCyan
s 1
v -3.9114956 -1.0007864 -1.0391914
v -3.9293575 -0.9611459 -1.0324445
v -3.9102386 -1.0003791 -1.0382559
v -3.9280983 -0.9607380 -1.0315076
v -3.9065727 -0.9991922 -1.0355278
v -3.9244312 -0.9595507 -1.0287783
v -3.9006725 -0.9972822 -1.0311340
v -3.9185291 -0.9576401 -1.0243834
v -3.8927078 -0.9947055 -1.0252009
v -3.9105621 -0.9550626 -1.0184484
v -3.8828442 -0.9915156 -1.0178494
v -3.9006962 -0.9518721 -1.0110954
v -3.8712498 -0.9877680 -1.0092035
v -3.8890995 -0.9481236 -1.0024477
v -3.8580910 -0.9835172 -0.9993857
v -3.8759384 -0.9438720 -0.9926280
v -3.8435364 -0.9788179 -0.9885193
v -3.8613808 -0.9391718 -0.9817595
v -3.8277519 -0.9737252 -0.9767271
v -3.8455933 -0.9340781 -0.9699649
v -3.8109047 -0.9682934 -0.9641318
v -3.8287426 -0.9286451 -0.9573670
v -3.7931618 -0.9625772 -0.9508557
v -3.8109959 -0.9229278 -0.9440883
v -3.7746906 -0.9566314 -0.9370227
v -3.7925205 -0.9169806 -0.9302520
v -3.7556568 -0.9505106 -0.9227545
v -3.7734821 -0.9108583 -0.9159803
v -3.7362278 -0.9442694 -0.9081737
v -3.7540482 -0.9046155 -0.9013957
v -3.7165710 -0.9379624 -0.8934035
v -3.7343853 -0.8983067 -0.8866212
v -3.6968513 -0.9316441 -0.8785658
v -3.7146591 -0.8919862 -0.8717784
v -3.6772346 -0.9253686 -0.8637819
v -3.6950352 -0.8857083 -0.8569890
v -3.6578884 -0.9191908 -0.8491750
v -3.6756802 -0.8795277 -0.8423754
v -3.6389763 -0.9131642 -0.8348658
v -3.6567577 -0.8734980 -0.8280584
v -3.6206654 -0.9073436 -0.8209765
v -3.6384357 -0.8676738 -0.8141611
v -3.6030193 -0.9017480 -0.8075588
v -3.6207798 -0.8620751 -0.8007358
v -3.5860046 -0.8963638 -0.7945946
v -3.6037575 -0.8566884 -0.7877654
v -3.5695789 -0.8911743 -0.7820594
v -3.5873257 -0.8514971 -0.7752259
v -3.5537003 -0.8861628 -0.7699290
v -3.5714439 -0.8464845 -0.7630930
v -3.5383251 -0.8813124 -0.7581789
v -3.5560684 -0.8416340 -0.7513425
v -3.5234119 -0.8766064 -0.7467841
v -3.5411579 -0.8369288 -0.7399499
v -3.5089188 -0.8720284 -0.7357211
v -3.5266708 -0.8323528 -0.7288914
v -3.4948009 -0.8675612 -0.7249640
v -3.5125626 -0.8278887 -0.7181416
v -3.4810165 -0.8631882 -0.7144875
v -3.4987915 -0.8235198 -0.7076753
v -3.4675224 -0.8588924 -0.7042670
v -3.4853146 -0.8192295 -0.6974679
v -3.4542744 -0.8546567 -0.6942762
v -3.4720875 -0.8150006 -0.6874930
v -3.4412277 -0.8504641 -0.6844890
v -3.4590656 -0.8108160 -0.6777244
v -3.4283371 -0.8462970 -0.6748781
v -3.4462040 -0.8066582 -0.6681351
v -3.4155575 -0.8421379 -0.6654165
v -3.4334576 -0.8025098 -0.6586978
v -3.4028431 -0.8379692 -0.6560769
v -3.4207790 -0.7983530 -0.6493845
v -3.3901466 -0.8337730 -0.6468304
v -3.4081215 -0.7941698 -0.6401667
v -3.3774208 -0.8295313 -0.6376490
v -3.3954384 -0.7899421 -0.6310159
v -3.3646187 -0.8252256 -0.6285039
v -3.3826813 -0.7856515 -0.6219028
v -3.3516876 -0.8208364 -0.6193633
v -3.3697964 -0.7812779 -0.6127948
v -3.3385735 -0.8163434 -0.6101911
v -3.3567295 -0.7768013 -0.6036558
v -3.3252621 -0.8117421 -0.6009714
v -3.3434662 -0.7722166 -0.5944695
v -3.3117607 -0.8070354 -0.5917025
v -3.3300129 -0.7675268 -0.5852336
v -3.2980774 -0.8022266 -0.5823828
v -3.3163792 -0.7627352 -0.5759474
v -3.2842236 -0.7973195 -0.5730120
v -3.3025745 -0.7578456 -0.5666101
v -3.2702072 -0.7923178 -0.5635895
v -3.2886082 -0.7528617 -0.5572212
v -3.2560379 -0.7872249 -0.5541138
v -3.2744896 -0.7477870 -0.5477793
v -3.2417248 -0.7820445 -0.5445839
v -3.2602276 -0.7426251 -0.5382835
v -3.2272770 -0.7767801 -0.5349986
v -3.2458313 -0.7373796 -0.5287325
v -3.2127029 -0.7714352 -0.5253563
v -3.2313099 -0.7320540 -0.5191250
v -3.1980125 -0.7660135 -0.5156560
v -3.2166729 -0.7266519 -0.5094599
v -3.1832146 -0.7605187 -0.5058963
v -3.2019287 -0.7211771 -0.4997357
v -3.1683167 -0.7549538 -0.4960751
v -3.1870855 -0.7156327 -0.4899506
v -3.1533293 -0.7493228 -0.4861911
v -3.1721539 -0.7100225 -0.4801033
v -3.1382607 -0.7436291 -0.4762431
v -3.1571417 -0.7043502 -0.4701924
v -3.1231194 -0.7378762 -0.4662286
v -3.1420574 -0.6986190 -0.4602159
v -3.1079140 -0.7320675 -0.4561462
v -3.1269104 -0.6928326 -0.4501721
v -3.0926537 -0.7262065 -0.4459941
v -3.1117090 -0.6869943 -0.4400593
v -3.0773466 -0.7202969 -0.4357704
v -3.0964622 -0.6811079 -0.4298757
v -3.0620018 -0.7143418 -0.4254730
v -3.0811785 -0.6751765 -0.4196194
v -3.0466276 -0.7083449 -0.4151000
v -3.0658667 -0.6692039 -0.4092885
v -3.0312325 -0.7023096 -0.4046494
v -3.0505348 -0.6631934 -0.3988808
v -3.0158253 -0.6962392 -0.3941191
v -3.0351919 -0.6571484 -0.3883945
v -3.0004141 -0.6901373 -0.3835069
v -3.0198465 -0.6510725 -0.3778275
v -2.9850073 -0.6840071 -0.3728104
v -3.0045067 -0.6449689 -0.3671775
v -2.9696140 -0.6778522 -0.3620277
v -2.9891815 -0.6388412 -0.3564425
v -2.9542482 -0.6716783 -0.3511608
v -2.9738838 -0.6326947 -0.3456238
v -2.9389507 -0.6655028 -0.3402348
v -2.9586479 -0.6265441 -0.3347417
v -2.9237537 -0.6593443 -0.3292912
v -2.9434986 -0.6204050 -0.3238324
v -2.9086584 -0.6532099 -0.3183551
v -2.9284357 -0.6142837 -0.3129199
v -2.8936571 -0.6471034 -0.3074458
v -2.9134518 -0.6081841 -0.3020230
v -2.8787428 -0.6410284 -0.2965821
v -2.8985392 -0.6021099 -0.2911607
v -2.8639076 -0.6349886 -0.2857827
v -2.8836906 -0.5960647 -0.2803515
v -2.8491457 -0.6289879 -0.2750663
v -2.8688999 -0.5900523 -0.2696143
v -2.8344503 -0.6230299 -0.2644517
v -2.8541603 -0.5840764 -0.2589677
v -2.8198153 -0.6171187 -0.2539571
v -2.8394650 -0.5781409 -0.2484300
v -2.8052345 -0.6112579 -0.2436010
v -2.8248079 -0.5722495 -0.2380197
v -2.7907026 -0.6054515 -0.2334015
v -2.8101833 -0.5664060 -0.2277552
v -2.7762142 -0.5997033 -0.2233767
v -2.7955851 -0.5606143 -0.2176545
v -2.7617641 -0.5940171 -0.2135444
v -2.7810080 -0.5548780 -0.2077357
v -2.7473475 -0.5883969 -0.2039222
v -2.7664461 -0.5492013 -0.1980167
v -2.7329597 -0.5828464 -0.1945273
v -2.7518946 -0.5435876 -0.1885150
v -2.7185963 -0.5773694 -0.1853769
v -2.7373482 -0.5380408 -0.1792480
v -2.7042536 -0.5719697 -0.1764878
v -2.7228024 -0.5325647 -0.1702331
v -2.6899275 -0.5666512 -0.1678765
v -2.7082523 -0.5271630 -0.1614874
v -2.6756134 -0.5614171 -0.1595587
v -2.6936928 -0.5218392 -0.1530270
v -2.6613081 -0.5562711 -0.1515498
v -2.6791197 -0.5165969 -0.1448683
v -2.6470083 -0.5512166 -0.1438653
v -2.6645287 -0.5114396 -0.1370274
v -2.6327093 -0.5462567 -0.1365193
v -2.6499146 -0.5063704 -0.1295197
v -2.6184074 -0.5413945 -0.1295257
v -2.6352730 -0.5013927 -0.1223601
v -2.6040985 -0.5366326 -0.1228978
v -2.6205984 -0.4965092 -0.1155631
v -2.5897779 -0.5319737 -0.1166483
v -2.6058865 -0.4917230 -0.1091429
v -2.5754404 -0.5274199 -0.1107891
v -2.5911308 -0.4870365 -0.1031130
v -2.5610804 -0.5229733 -0.1053316
v -2.5763256 -0.4824521 -0.0974865
v -2.5466906 -0.5186352 -0.1002865
v -2.5614639 -0.4779717 -0.0922761
v -2.5322643 -0.5144072 -0.0956642
v -2.5465385 -0.4735975 -0.0874941
v -2.5177919 -0.5102900 -0.0914744
v -2.5315407 -0.4693308 -0.0831523
v -2.5032639 -0.5062841 -0.0877267
v -2.5164612 -0.4651730 -0.0792626
v -2.4886639 -0.5023887 -0.0844295
v -2.5012867 -0.4611243 -0.0758358
v -2.4739098 -0.4985853 -0.0815786
v -2.4859596 -0.4571731 -0.0728739
v -2.4588898 -0.4948380 -0.0791455
v -2.4704065 -0.4532927 -0.0703540
v -2.4435644 -0.4911225 -0.0771043
v -2.4546053 -0.4494618 -0.0682489
v -2.4279425 -0.4874267 -0.0754374
v -2.4385658 -0.4456671 -0.0665371
v -2.4120359 -0.4837383 -0.0741269
v -2.4223003 -0.4418954 -0.0651967
v -2.3958580 -0.4800451 -0.0731538
v -2.4058218 -0.4381335 -0.0642051
v -2.3794231 -0.4763343 -0.0724980
v -2.3891439 -0.4343679 -0.0635393
v -2.3627462 -0.4725930 -0.0721384
v -2.3722816 -0.4305850 -0.0631754
v -2.3458429 -0.4688076 -0.0720529
v -2.3552496 -0.4267707 -0.0630890
v -2.3287296 -0.4649643 -0.0722184
v -2.3380634 -0.4229111 -0.0632550
v -2.3114222 -0.4610489 -0.0726108
v -2.3207382 -0.4189918 -0.0636476
v -2.2939363 -0.4570466 -0.0732052
v -2.3032896 -0.4149980 -0.0642405
v -2.2762886 -0.4529429 -0.0739758
v -2.2857330 -0.4109155 -0.0650072
v -2.2584942 -0.4487213 -0.0748961
v -2.2680836 -0.4067284 -0.0659200
v -2.2405689 -0.4443660 -0.0759388
v -2.2503569 -0.4024214 -0.0669511
v -2.2225275 -0.4398604 -0.0770761
v -2.2325676 -0.3979789 -0.0680725
v -2.2043850 -0.4351877 -0.0782795
v -2.2147306 -0.3933849 -0.0692556
v -2.1861555 -0.4303302 -0.0795197
v -2.1968605 -0.3886234 -0.0704713
v -2.1678532 -0.4252701 -0.0807670
v -2.1789713 -0.3836776 -0.0716905
v -2.1494917 -0.4199889 -0.0819910
v -2.1610775 -0.3785310 -0.0728834
v -2.1310846 -0.4144674 -0.0831608
v -2.1431931 -0.3731664 -0.0740200
v -2.1126467 -0.4086865 -0.0842445
v -2.1253319 -0.3675667 -0.0750700
v -2.0942266 -0.4026387 -0.0852089
v -2.1075254 -0.3617203 -0.0760022
v -2.0759026 -0.3963415 -0.0860349
v -2.0898144 -0.3556337 -0.0768006
v -2.0577120 -0.3898168 -0.0867244
v -2.0722147 -0.3493209 -0.0774676
v -2.0396526 -0.3830748 -0.0872823
v -2.0547228 -0.3427907 -0.0780080
v -2.0217201 -0.3761249 -0.0877138
v -2.0373346 -0.3360517 -0.0784263
v -2.0039106 -0.3689766 -0.0880237
v -2.0200457 -0.3291122 -0.0787272
v -1.9862198 -0.3616393 -0.0882173
v -2.0028511 -0.3219807 -0.0789153
v -1.9686430 -0.3541223 -0.0882996
v -1.9857470 -0.3146657 -0.0789953
v -1.9511761 -0.3464350 -0.0882755
v -1.9687284 -0.3071757 -0.0789718
v -1.9338142 -0.3385865 -0.0881501
v -1.9517912 -0.2995191 -0.0788495
v -1.9165533 -0.3305861 -0.0879285
v -1.9349310 -0.2917044 -0.0786330
v -1.8993883 -0.3224430 -0.0876156
v -1.9181429 -0.2837400 -0.0783270
v -1.8823151 -0.3141662 -0.0872165
v -1.9014231 -0.2756345 -0.0779360
v -1.8653288 -0.3057649 -0.0867360
v -1.8847666 -0.2673963 -0.0774649
v -1.8484249 -0.2972481 -0.0861792
v -1.8681694 -0.2590339 -0.0769181
v -1.8315987 -0.2886246 -0.0855509
v -1.8516270 -0.2505558 -0.0763004
v -1.8148457 -0.2799035 -0.0848561
v -1.8351345 -0.2419703 -0.0756164
v -1.7981607 -0.2710937 -0.0840998
v -1.8186878 -0.2332862 -0.0748708
v -1.7815397 -0.2622039 -0.0832866
v -1.8022823 -0.2245117 -0.0740683
v -1.7649778 -0.2532429 -0.0824217
v -1.7859138 -0.2156555 -0.0732134
v -1.7484703 -0.2442197 -0.0815096
v -1.7695778 -0.2067259 -0.0723108
v -1.7320126 -0.2351428 -0.0805554
v -1.7532698 -0.1977314 -0.0713652
v -1.7156002 -0.2260209 -0.0795638
v -1.7369850 -0.1886806 -0.0703813
v -1.6992283 -0.2168628 -0.0785395
v -1.7207195 -0.1795820 -0.0693636
v -1.6828924 -0.2076771 -0.0774874
v -1.7044685 -0.1704439 -0.0683170
v -1.6665880 -0.1984723 -0.0764122
v -1.6882275 -0.1612750 -0.0672459
v -1.6503105 -0.1892570 -0.0753186
v -1.6719923 -0.1520837 -0.0661552
v -1.6340555 -0.1800398 -0.0742113
v -1.6557585 -0.1428784 -0.0650494
v -1.6178183 -0.1708292 -0.0730951
v -1.6395210 -0.1336677 -0.0639332
v -1.6015944 -0.1616336 -0.0719746
v -1.6232759 -0.1244601 -0.0628112
v -1.5853795 -0.1524615 -0.0708546
v -1.6070189 -0.1152640 -0.0616882
v -1.5691691 -0.1433214 -0.0697395
v -1.5907449 -0.1060881 -0.0605688
v -1.5529589 -0.1342215 -0.0686341
v -1.5744499 -0.0969407 -0.0594576
v -1.5367444 -0.1251703 -0.0675430
v -1.5581294 -0.0878303 -0.0583594
v -1.5205212 -0.1161762 -0.0664708
v -1.5417787 -0.0787655 -0.0572788
v -1.5042850 -0.1072473 -0.0654220
v -1.5253935 -0.0697548 -0.0562204
v -1.4880262 -0.0983892 -0.0644009
v -1.5089686 -0.0608061 -0.0551888
v -1.4717310 -0.0896007 -0.0634090
v -1.4924996 -0.0519239 -0.0541863
v -1.4553918 -0.0808788 -0.0624450
v -1.4759856 -0.0431087 -0.0532120
v -1.4390086 -0.0722239 -0.0615077
v -1.4594270 -0.0343611 -0.0522647
v -1.4225821 -0.0636369 -0.0605961
v -1.4428244 -0.0256820 -0.0513433
v -1.4061127 -0.0551183 -0.0597089
v -1.4261782 -0.0170720 -0.0504466
v -1.3896009 -0.0466690 -0.0588451
v -1.4094891 -0.0085319 -0.0495736
v -1.3730475 -0.0382897 -0.0580036
v -1.3927574 -0.0000625 -0.0487230
v -1.3564528 -0.0299813 -0.0571833
v -1.3759838 0.0083355 -0.0478938
v -1.3398172 -0.0217443 -0.0563829
v -1.3591688 0.0166613 -0.0470848
v -1.3231417 -0.0135797 -0.0556015
v -1.3423130 0.0249142 -0.0462949
v -1.3064264 -0.0054881 -0.0548378
v -1.3254168 0.0330935 -0.0455230
v -1.2896720 0.0025297 -0.0540907
v -1.3084805 0.0411983 -0.0447678
v -1.2728790 0.0104730 -0.0533592
v -1.2915050 0.0492279 -0.0440283
v -1.2560480 0.0183410 -0.0526421
v -1.2744906 0.0571815 -0.0433034
v -1.2391795 0.0261329 -0.0519382
v -1.2574380 0.0650585 -0.0425919
v -1.2222739 0.0338480 -0.0512465
v -1.2403475 0.0728580 -0.0418925
v -1.2053320 0.0414855 -0.0505658
v -1.2232199 0.0805793 -0.0412044
v -1.1883540 0.0490448 -0.0498949
v -1.2060553 0.0882216 -0.0405261
v -1.1713408 0.0565250 -0.0492328
v -1.1888546 0.0957842 -0.0398567
v -1.1542926 0.0639253 -0.0485782
v -1.1716181 0.1032663 -0.0391949
v -1.1372101 0.0712451 -0.0479302
v -1.1543464 0.1106672 -0.0385397
v -1.1200938 0.0784836 -0.0472875
v -1.1370399 0.1179861 -0.0378899
v -1.1029443 0.0856400 -0.0466490
v -1.1196994 0.1252222 -0.0372442
v -1.0857619 0.0927136 -0.0460135
v -1.1023251 0.1323748 -0.0366017
v -1.0685473 0.0997035 -0.0453800
v -1.0849176 0.1394431 -0.0359610
v -1.0513011 0.1066092 -0.0447472
v -1.0674775 0.1464263 -0.0353212
v -1.0340237 0.1134297 -0.0441141
v -1.0500052 0.1533238 -0.0346809
v -1.0167156 0.1201644 -0.0434795
v -1.0325014 0.1601346 -0.0340392
v -0.9993773 0.1268125 -0.0428423
v -1.0149664 0.1668582 -0.0333947
v -0.9820096 0.1333732 -0.0422012
v -0.9974009 0.1734936 -0.0327463
v -0.9646127 0.1398458 -0.0415553
v -0.9798051 0.1800402 -0.0320930
v -0.9471873 0.1462295 -0.0409032
v -0.9621799 0.1864971 -0.0314335
v -0.9297338 0.1525236 -0.0402440
v -0.9445254 0.1928637 -0.0307666
v -0.9122529 0.1587273 -0.0395764
v -0.9268425 0.1991390 -0.0300913
v -0.8947450 0.1648398 -0.0388992
v -0.9091315 0.2053225 -0.0294063
v -0.8772106 0.1708604 -0.0382114
v -0.8913931 0.2114131 -0.0287105
v -0.8596503 0.1767884 -0.0375118
v -0.8736275 0.2174104 -0.0280027
v -0.8420647 0.1826229 -0.0367992
v -0.8558354 0.2233134 -0.0272818
v -0.8244540 0.1883632 -0.0360725
v -0.8380173 0.2291213 -0.0265465
v -0.8068191 0.1940085 -0.0353305
v -0.8201738 0.2348334 -0.0257958
v -0.7891625 0.1995574 -0.0345723
v -0.8023089 0.2404478 -0.0250285
v -0.7714896 0.2050094 -0.0337977
v -0.7844316 0.2459628 -0.0242450
v -0.7538037 0.2103667 -0.0330084
v -0.7665473 0.2513803 -0.0234469
v -0.7361050 0.2156329 -0.0322057
v -0.7486565 0.2567036 -0.0226355
v -0.7183935 0.2208116 -0.0313911
v -0.7307593 0.2619366 -0.0218123
v -0.7006691 0.2259062 -0.0305659
v -0.7128557 0.2670827 -0.0209787
v -0.6829319 0.2309204 -0.0297315
v -0.6949457 0.2721457 -0.0201362
v -0.6651818 0.2358577 -0.0288893
v -0.6770295 0.2771292 -0.0192861
v -0.6474188 0.2407216 -0.0280408
v -0.6591071 0.2820369 -0.0184300
v -0.6296429 0.2455158 -0.0271873
v -0.6411783 0.2868723 -0.0175691
v -0.6118541 0.2502438 -0.0263302
v -0.6232435 0.2916390 -0.0167050
v -0.5940523 0.2549090 -0.0254709
v -0.6053025 0.2963408 -0.0158390
v -0.5762375 0.2595152 -0.0246109
v -0.5873552 0.3009812 -0.0149726
v -0.5584096 0.2640658 -0.0237514
v -0.5694018 0.3055639 -0.0141071
v -0.5405686 0.2685643 -0.0228939
v -0.5514421 0.3100923 -0.0132439
v -0.5227145 0.2730143 -0.0220399
v -0.5334764 0.3145702 -0.0123845
v -0.5048472 0.2774194 -0.0211905
v -0.5155042 0.3190011 -0.0115302
v -0.4869667 0.2817830 -0.0203474
v -0.4975259 0.3233885 -0.0106824
v -0.4690729 0.2861087 -0.0195117
v -0.4795413 0.3277362 -0.0098425
v -0.4511657 0.2904000 -0.0186850
v -0.4615503 0.3320476 -0.0090120
v -0.4332452 0.2946604 -0.0178686
v -0.4435529 0.3363263 -0.0081920
v -0.4153112 0.2988935 -0.0170639
v -0.4255491 0.3405759 -0.0073842
v -0.3973637 0.3031028 -0.0162722
v -0.4075388 0.3447999 -0.0065897
v -0.3794026 0.3072918 -0.0154949
v -0.3895220 0.3490019 -0.0058101
v -0.3614279 0.3114640 -0.0147335
v -0.3714985 0.3531855 -0.0050465
v -0.3434395 0.3156229 -0.0139892
v -0.3534683 0.3573540 -0.0043006
v -0.3254373 0.3197720 -0.0132636
v -0.3354314 0.3615111 -0.0035735
v -0.3074212 0.3239149 -0.0125578
v -0.3173876 0.3656604 -0.0028666
v -0.2893913 0.3280550 -0.0118733
v -0.2993369 0.3698052 -0.0021813
v -0.2713474 0.3321957 -0.0112115
v -0.2812791 0.3739492 -0.0015190
v -0.2532893 0.3363407 -0.0105737
v -0.2632143 0.3780957 -0.0008810
v -0.2352172 0.3404935 -0.0099614
v -0.2451422 0.3822484 -0.0002687
v -0.2171309 0.3446574 -0.0093758
v -0.2270627 0.3864108 0.0003167
v -0.1990302 0.3488359 -0.0088183
v -0.2089759 0.3905861 0.0008737
v -0.1809151 0.3530327 -0.0082904
v -0.1908815 0.3947781 0.0014011
v -0.1627855 0.3572511 -0.0077933
v -0.1727795 0.3989902 0.0018974
v -0.1446414 0.3614947 -0.0073284
v -0.1546696 0.4032257 0.0023614
v -0.1264827 0.3657669 -0.0068972
v -0.1365519 0.4074882 0.0027917
v -0.1083091 0.3700711 -0.0065008
v -0.1184260 0.4117811 0.0031870
v -0.0901208 0.3744109 -0.0061408
v -0.1002921 0.4161079 0.0035460
v -0.0719175 0.3787897 -0.0058184
v -0.0821498 0.4204721 0.0038672
v -0.0536991 0.3832111 -0.0055351
v -0.0639990 0.4248770 0.0041495
v -0.0354656 0.3876784 -0.0052922
v -0.0458396 0.4293262 0.0043915
v -0.0172168 0.3921952 -0.0050909
v -0.0276713 0.4338230 0.0045918
v 0.0010495 0.3967654 -0.0049328
v -0.0094914 0.4383716 0.0047492
v 0.0193435 0.4013942 -0.0048181
v 0.0087137 0.4429780 0.0048634
v 0.0376732 0.4060831 -0.0047430
v 0.0269552 0.4476443 0.0049381
v 0.0560368 0.4108300 -0.0047028
v 0.0452321 0.4523688 0.0049782
v 0.0744302 0.4156323 -0.0046926
v 0.0635401 0.4571488 0.0049883
v 0.0928496 0.4204875 -0.0047077
v 0.0818753 0.4619818 0.0049733
v 0.1112908 0.4253930 -0.0047432
v 0.1002335 0.4668652 0.0049379
v 0.1297500 0.4303462 -0.0047943
v 0.1186109 0.4717964 0.0048870
v 0.1482231 0.4353444 -0.0048562
v 0.1370032 0.4767728 0.0048254
v 0.1667065 0.4403852 -0.0049239
v 0.1554068 0.4817919 0.0047580
v 0.1851960 0.4454660 -0.0049925
v 0.1738176 0.4868511 0.0046897
v 0.2036879 0.4505842 -0.0050573
v 0.1922315 0.4919477 0.0046252
v 0.2221784 0.4557373 -0.0051131
v 0.2106450 0.4970792 0.0045696
v 0.2406638 0.4609226 -0.0051552
v 0.2290541 0.5022431 0.0045277
v 0.2591402 0.4661376 -0.0051785
v 0.2474550 0.5074368 0.0045045
v 0.2776040 0.4713798 -0.0051780
v 0.2658439 0.5126578 0.0045049
v 0.2960514 0.4766466 -0.0051488
v 0.2842172 0.5179035 0.0045340
v 0.3144789 0.4819355 -0.0050859
v 0.3025710 0.5231712 0.0045967
v 0.3328827 0.4872439 -0.0049842
v 0.3209018 0.5284585 0.0046979
v 0.3512592 0.4925693 -0.0048387
v 0.3392058 0.5337629 0.0048429
v 0.3696051 0.4979092 -0.0046443
v 0.3574795 0.5390818 0.0050365
v 0.3879166 0.5032610 -0.0043959
v 0.3757193 0.5444127 0.0052839
v 0.4061903 0.5086222 -0.0040884
v 0.3939216 0.5497530 0.0055902
v 0.4244227 0.5139904 -0.0037167
v 0.4120830 0.5551002 0.0059605
v 0.4426105 0.5193629 -0.0032755
v 0.4302000 0.5604518 0.0064000
v 0.4607501 0.5247374 -0.0027597
v 0.4482689 0.5658053 0.0069138
v 0.4788383 0.5301112 -0.0021641
v 0.4662867 0.5711583 0.0075071
v 0.4968716 0.5354820 -0.0014833
v 0.4842498 0.5765081 0.0081853
v 0.5148469 0.5408472 -0.0007120
v 0.5021549 0.5818523 0.0089535
v 0.5327608 0.5462043 0.0001549
v 0.5199986 0.5871885 0.0098171
v 0.5506102 0.5515509 0.0011231
v 0.5377779 0.5925141 0.0107814
v 0.5683918 0.5568845 0.0021978
v 0.5554893 0.5978267 0.0118519
v 0.5861025 0.5622027 0.0033846
v 0.5731297 0.6031238 0.0130340
v 0.6037392 0.5675029 0.0046890
v 0.5906960 0.6084028 0.0143332
v 0.6212988 0.5727828 0.0061167
v 0.6081850 0.6136614 0.0157551
v 0.6387783 0.5780398 0.0076731
v 0.6255936 0.6188971 0.0173052
v 0.6561745 0.5832716 0.0093641
v 0.6429188 0.6241075 0.0189893
v 0.6734846 0.5884755 0.0111955
v 0.6601576 0.6292900 0.0208132
v 0.6907056 0.5936492 0.0131732
v 0.6773069 0.6344422 0.0227826
v 0.7078329 0.5987898 0.0153028
v 0.6943625 0.6395612 0.0249033
v 0.7248517 0.6038910 0.0175880
v 0.7113114 0.6446415 0.0271791
v 0.7417531 0.6089483 0.0200278
v 0.7281479 0.6496793 0.0296096
v 0.7585439 0.6139611 0.0226207
v 0.7448795 0.6546745 0.0321934
v 0.7752356 0.6189307 0.0253657
v 0.7615181 0.6596282 0.0349296
v 0.7918397 0.6238581 0.0282616
v 0.7780755 0.6645418 0.0378174
v 0.8083681 0.6287446 0.0313074
v 0.7945635 0.6694163 0.0408558
v 0.8248322 0.6335913 0.0345018
v 0.8109938 0.6742531 0.0440436
v 0.8412439 0.6383994 0.0378436
v 0.8273784 0.6790533 0.0473799
v 0.8576151 0.6431703 0.0413314
v 0.8437291 0.6838182 0.0508634
v 0.8739575 0.6479052 0.0449639
v 0.8600578 0.6885491 0.0544929
v 0.8902833 0.6526054 0.0487397
v 0.8763766 0.6932474 0.0582671
v 0.9066045 0.6572726 0.0526575
v 0.8926977 0.6979145 0.0621848
v 0.9229335 0.6619079 0.0567157
v 0.9090332 0.7025517 0.0662447
v 0.9392827 0.6665131 0.0609131
v 0.9253954 0.7071604 0.0704454
v 0.9556647 0.6710896 0.0652483
v 0.9417969 0.7117424 0.0747857
v 0.9720922 0.6756392 0.0697199
v 0.9582500 0.7162992 0.0792643
v 0.9885782 0.6801637 0.0743266
v 0.9747677 0.7208323 0.0838799
v 1.0051356 0.6846646 0.0790671
v 0.9913626 0.7253434 0.0886312
v 1.0217776 0.6891440 0.0839404
v 1.0080477 0.7298344 0.0935171
v 1.0385173 0.6936035 0.0889452
v 1.0248360 0.7343069 0.0985364
v 1.0553685 0.6980453 0.0940804
v 1.0417408 0.7387627 0.1036880
v 1.0723446 0.7024711 0.0993451
v 1.0587754 0.7432038 0.1089708
v 1.0894593 0.7068831 0.1047382
v 1.0759532 0.7476321 0.1143839
v 1.1067265 0.7112833 0.1102591
v 1.0932877 0.7520494 0.1199262
v 1.1241600 0.7156738 0.1159067
v 1.1107925 0.7564579 0.1255970
v 1.1417740 0.7200566 0.1216805
v 1.1284816 0.7608594 0.1313954
v 1.1595823 0.7244339 0.1275797
v 1.1463684 0.7652560 0.1373205
v 1.1775994 0.7288079 0.1336037
v 1.1644671 0.7696497 0.1433719
v 1.1958394 0.7331805 0.1397520
v 1.1827915 0.7740427 0.1495486
v 1.2143166 0.7375542 0.1460241
v 1.2013556 0.7784369 0.1558502
v 1.2330454 0.7419309 0.1524195
v 1.2201737 0.7828345 0.1622762
v 1.2520401 0.7463129 0.1589378
v 1.2392598 0.7872375 0.1688258
v 1.2713154 0.7507023 0.1655788
v 1.2586283 0.7916481 0.1754989
v 1.2908854 0.7551013 0.1723420
v 1.2782929 0.7960684 0.1822948
v 1.3107647 0.7595120 0.1792271
v 1.2982682 0.8005005 0.1892131
v 1.3309679 0.7639367 0.1862339
v 1.3185684 0.8049463 0.1962536
v 1.3515094 0.7683774 0.1933621
v 1.3392078 0.8094083 0.2034158
v 1.3724038 0.7728364 0.2006115
v 1.3602008 0.8138882 0.2106994
v 1.3936653 0.7773155 0.2079819
v 1.3815615 0.8183883 0.2181041
v 1.4153089 0.7818172 0.2154730
v 1.4033042 0.8229105 0.2256296
v 1.4373521 0.7863441 0.2230860
v 1.4254448 0.8274575 0.2332762
v 1.4597856 0.7908954 0.2308153
v 1.4479698 0.8320273 0.2410370
v 1.4825620 0.7954642 0.2386454
v 1.4708304 0.8366131 0.2488961
v 1.5056270 0.8000425 0.2465586
v 1.4939732 0.8412068 0.2568360
v 1.5289266 0.8046223 0.2545373
v 1.5173449 0.8458008 0.2648393
v 1.5524067 0.8091953 0.2625638
v 1.5408917 0.8503868 0.2728886
v 1.5760131 0.8137538 0.2706203
v 1.5645602 0.8549573 0.2809664
v 1.5996919 0.8182895 0.2786893
v 1.5882970 0.8595040 0.2890552
v 1.6233889 0.8227944 0.2867532
v 1.6120483 0.8640193 0.2971375
v 1.6470501 0.8272606 0.2947942
v 1.6357605 0.8684951 0.3051958
v 1.6706219 0.8316799 0.3027948
v 1.6593800 0.8729234 0.3132127
v 1.6940498 0.8360444 0.3107374
v 1.6828529 0.8772962 0.3211705
v 1.7172804 0.8403461 0.3186044
v 1.7061256 0.8816058 0.3290518
v 1.7402592 0.8445770 0.3263781
v 1.7291447 0.8858440 0.3368390
v 1.7629326 0.8487290 0.3340409
v 1.7518559 0.8900030 0.3445146
v 1.7852468 0.8527943 0.3415753
v 1.7742058 0.8940747 0.3520611
v 1.8071478 0.8567645 0.3489637
v 1.7961409 0.8980512 0.3594609
v 1.8285816 0.8606320 0.3561884
v 1.8176069 0.9019245 0.3666965
v 1.8494947 0.8643888 0.3632319
v 1.8385506 0.9056868 0.3737504
v 1.8698328 0.8680266 0.3700767
v 1.8589180 0.9093299 0.3806050
v 1.8895422 0.8715377 0.3767051
v 1.8786552 0.9128458 0.3872428
v 1.9085690 0.8749140 0.3830995
v 1.8977085 0.9162268 0.3936461
v 1.9268593 0.8781474 0.3892423
v 1.9160244 0.9194648 0.3997975
v 1.9443596 0.8812300 0.3951162
v 1.9335489 0.9225516 0.4056795
v 1.9610155 0.8841537 0.4007033
v 1.9502281 0.9254795 0.4112744
v 1.9767736 0.8869109 0.4059862
v 1.9660086 0.9282405 0.4165647
v 1.9915796 0.8894932 0.4109471
v 1.9808357 0.9308265 0.4215328
v 2.0053801 0.8918928 0.4155686
v 1.9946568 0.9332297 0.4261612
v 2.0181210 0.8941015 0.4198333
v 2.0074175 0.9354419 0.4304325
v 2.0297485 0.8961117 0.4237233
v 2.0190641 0.9374553 0.4343288
v 2.0402092 0.8979150 0.4272213
v 2.0295431 0.9392618 0.4378329
v 2.0494488 0.8995036 0.4303095
v 2.0388000 0.9408534 0.4409270
v 2.0574131 0.9008697 0.4329704
v 2.0467810 0.9422222 0.4435935
v 2.0640491 0.9020050 0.4351865
v 2.0534334 0.9433604 0.4458150
v 2.0693029 0.9029016 0.4369403
v 2.0587027 0.9442597 0.4475740
v 2.0731197 0.9035517 0.4382139
v 2.0625345 0.9449123 0.4488527
v 2.0754477 0.9039472 0.4389904
v 2.0648762 0.9453102 0.4496338
v 2.0762350 0.9040808 0.4392530
v 2.0656694 0.9454448 0.4498983
v -3.9066307 -1.0428957 -1.0273986
v -3.9053757 -1.0424891 -1.0264648
v -3.9017147 -1.0413038 -1.0237402
v -3.8958199 -1.0393956 -1.0193506
v -3.8878616 -1.0368209 -1.0134223
v -3.8780045 -1.0336331 -1.0060756
v -3.8664173 -1.0298879 -0.9974351
v -3.8532665 -1.0256395 -0.9876231
v -3.8387203 -1.0209431 -0.9767631
v -3.8229454 -1.0158534 -0.9649778
v -3.8061081 -1.0104248 -0.9523901
v -3.7883762 -1.0047122 -0.9391223
v -3.7699173 -0.9987704 -0.9252985
v -3.7508976 -0.9926540 -0.9110407
v -3.7314838 -0.9864178 -0.8964714
v -3.7118446 -0.9801164 -0.8817143
v -3.6921444 -0.9738044 -0.8668915
v -3.6725506 -0.9675362 -0.8521247
v -3.6532307 -0.9613667 -0.8375374
v -3.6343487 -0.9553498 -0.8232512
v -3.6160702 -0.9495395 -0.8093868
v -3.5984543 -0.9439534 -0.7959918
v -3.5814636 -0.9385769 -0.7830460
v -3.5650551 -0.9333928 -0.7705239
v -3.5491859 -0.9283842 -0.7584009
v -3.5338123 -0.9235343 -0.7466515
v -3.5188908 -0.9188256 -0.7352506
v -3.5043797 -0.9142421 -0.7241738
v -3.4902332 -0.9097658 -0.7133947
v -3.4764088 -0.9053801 -0.7028880
v -3.4628632 -0.9010678 -0.6926285
v -3.4495518 -0.8968120 -0.6825900
v -3.4364300 -0.8925952 -0.6727465
v -3.4234528 -0.8884001 -0.6630710
v -3.4105755 -0.8842092 -0.6535369
v -3.3977528 -0.8800050 -0.6441177
v -3.3849380 -0.8757698 -0.6347855
v -3.3720860 -0.8714858 -0.6255127
v -3.3591503 -0.8671351 -0.6162722
v -3.3460812 -0.8626990 -0.6070340
v -3.3328308 -0.8581595 -0.5977667
v -3.3193905 -0.8535137 -0.5884578
v -3.3057682 -0.8487649 -0.5791058
v -3.2919712 -0.8439160 -0.5697085
v -3.2780106 -0.8389712 -0.5602656
v -3.2638947 -0.8339338 -0.5507760
v -3.2496319 -0.8288074 -0.5412378
v -3.2352318 -0.8235955 -0.5316501
v -3.2207031 -0.8183017 -0.5220111
v -3.2060543 -0.8129293 -0.5123193
v -3.1912947 -0.8074821 -0.5025734
v -3.1764334 -0.8019638 -0.4927719
v -3.1614773 -0.7963772 -0.4829124
v -3.1464373 -0.7907264 -0.4729937
v -3.1313213 -0.7850148 -0.4630143
v -3.1161375 -0.7792458 -0.4529718
v -3.1008945 -0.7734228 -0.4428646
v -3.0856016 -0.7675493 -0.4326907
v -3.0702669 -0.7616289 -0.4224484
v -3.0548988 -0.7556648 -0.4121355
v -3.0395061 -0.7496607 -0.4017500
v -3.0240969 -0.7436198 -0.3912899
v -3.0086802 -0.7375457 -0.3807530
v -2.9932640 -0.7314418 -0.3701374
v -2.9778564 -0.7253113 -0.3594404
v -2.9624666 -0.7191578 -0.3486601
v -2.9471085 -0.7129869 -0.3377985
v -2.9318199 -0.7068151 -0.3268790
v -2.9166306 -0.7006597 -0.3159408
v -2.9015408 -0.6945276 -0.3050088
v -2.8865437 -0.6884226 -0.2941024
v -2.8716314 -0.6823486 -0.2832404
v -2.8567966 -0.6763090 -0.2724412
v -2.8420332 -0.6703076 -0.2617237
v -2.8273344 -0.6643484 -0.2511067
v -2.8126942 -0.6584350 -0.2406084
v -2.7981064 -0.6525714 -0.2302472
v -2.7835655 -0.6467614 -0.2200415
v -2.7690660 -0.6410088 -0.2100090
v -2.7546028 -0.6353174 -0.2001678
v -2.7401711 -0.6296913 -0.1905354
v -2.7257658 -0.6241341 -0.1811292
v -2.7113827 -0.6186495 -0.1719663
v -2.6970181 -0.6132416 -0.1630635
v -2.6826675 -0.6079140 -0.1544376
v -2.6683266 -0.6026701 -0.1461041
v -2.6539917 -0.5975134 -0.1380787
v -2.6396595 -0.5924475 -0.1303768
v -2.6253254 -0.5874755 -0.1230128
v -2.6109856 -0.5826004 -0.1160007
v -2.5966356 -0.5778248 -0.1093539
v -2.5822712 -0.5731516 -0.1030852
v -2.5678864 -0.5685829 -0.0972067
v -2.5534760 -0.5641206 -0.0917301
v -2.5390327 -0.5597665 -0.0866663
v -2.5245499 -0.5555219 -0.0820258
v -2.5100178 -0.5513876 -0.0778188
v -2.4954269 -0.5473645 -0.0740549
v -2.4807608 -0.5434514 -0.0707428
v -2.4659330 -0.5396290 -0.0678777
v -2.4508244 -0.5358596 -0.0654305
v -2.4353924 -0.5321184 -0.0633752
v -2.4196466 -0.5283932 -0.0616952
v -2.4035984 -0.5246721 -0.0603731
v -2.3872618 -0.5209426 -0.0593905
v -2.3706512 -0.5171922 -0.0587278
v -2.3537817 -0.5134077 -0.0583641
v -2.3366693 -0.5095754 -0.0582776
v -2.3193300 -0.5056815 -0.0584454
v -2.3017799 -0.5017112 -0.0588434
v -2.2840349 -0.4976495 -0.0594468
v -2.2661110 -0.4934815 -0.0602292
v -2.2480232 -0.4891903 -0.0611646
v -2.2297874 -0.4847595 -0.0622254
v -2.2114178 -0.4801719 -0.0633834
v -2.1929289 -0.4754099 -0.0646097
v -2.1743347 -0.4704553 -0.0658747
v -2.1556488 -0.4652891 -0.0671481
v -2.1368845 -0.4598918 -0.0683990
v -2.1180550 -0.4542436 -0.0695956
v -2.0991747 -0.4483240 -0.0707054
v -2.0803009 -0.4421272 -0.0716934
v -2.0615297 -0.4356763 -0.0725396
v -2.0429087 -0.4289972 -0.0732455
v -2.0244358 -0.4221010 -0.0738162
v -2.0061075 -0.4149977 -0.0742572
v -1.9879198 -0.4076977 -0.0745738
v -1.9698685 -0.4002109 -0.0747713
v -1.9519491 -0.3925474 -0.0748552
v -1.9341572 -0.3847172 -0.0748307
v -1.9164883 -0.3767299 -0.0747032
v -1.8989380 -0.3685955 -0.0744778
v -1.8815014 -0.3603235 -0.0741600
v -1.8641739 -0.3519235 -0.0737549
v -1.8469507 -0.3434052 -0.0732678
v -1.8298271 -0.3347776 -0.0727037
v -1.8127985 -0.3260504 -0.0720679
v -1.7958599 -0.3172328 -0.0713655
v -1.7790064 -0.3083339 -0.0706015
v -1.7622332 -0.2993627 -0.0697809
v -1.7455355 -0.2903285 -0.0689089
v -1.7289087 -0.2812401 -0.0679903
v -1.7123480 -0.2721063 -0.0670301
v -1.6958488 -0.2629362 -0.0660332
v -1.6794060 -0.2537385 -0.0650045
v -1.6630154 -0.2445220 -0.0639489
v -1.6466717 -0.2352951 -0.0628711
v -1.6303709 -0.2260666 -0.0617759
v -1.6141083 -0.2168451 -0.0606682
v -1.5978793 -0.2076391 -0.0595525
v -1.5816792 -0.1984571 -0.0584337
v -1.5655040 -0.1893073 -0.0573163
v -1.5493489 -0.1801984 -0.0562051
v -1.5332098 -0.1711384 -0.0551045
v -1.5170823 -0.1621358 -0.0540193
v -1.5009620 -0.1531986 -0.0529539
v -1.4848445 -0.1443351 -0.0519127
v -1.4687180 -0.1355489 -0.0508999
v -1.4525611 -0.1268351 -0.0499164
v -1.4363626 -0.1181883 -0.0489607
v -1.4201218 -0.1096087 -0.0480316
v -1.4038395 -0.1010970 -0.0471280
v -1.3875162 -0.0926539 -0.0462487
v -1.3711524 -0.0842803 -0.0453926
v -1.3547487 -0.0759769 -0.0445588
v -1.3383058 -0.0677444 -0.0437459
v -1.3218239 -0.0595835 -0.0429529
v -1.3053038 -0.0514950 -0.0421788
v -1.2887461 -0.0434797 -0.0414223
v -1.2721511 -0.0355382 -0.0406824
v -1.2555196 -0.0276713 -0.0399579
v -1.2388519 -0.0198797 -0.0392477
v -1.2221490 -0.0121642 -0.0385507
v -1.2054109 -0.0045256 -0.0378658
v -1.1886385 0.0030356 -0.0371919
v -1.1718322 0.0105184 -0.0365278
v -1.1549927 0.0179222 -0.0358725
v -1.1381204 0.0252462 -0.0352247
v -1.1212158 0.0324897 -0.0345834
v -1.1042797 0.0396520 -0.0339475
v -1.0873125 0.0467323 -0.0333157
v -1.0703147 0.0537299 -0.0326871
v -1.0532868 0.0606441 -0.0320604
v -1.0362296 0.0674741 -0.0314346
v -1.0191434 0.0742191 -0.0308085
v -1.0020288 0.0808785 -0.0301810
v -0.9848865 0.0874515 -0.0295510
v -0.9677169 0.0939374 -0.0289172
v -0.9505204 0.1003354 -0.0282787
v -0.9332978 0.1066448 -0.0276343
v -0.9160497 0.1128649 -0.0269828
v -0.8987762 0.1189949 -0.0263231
v -0.8814784 0.1250341 -0.0256541
v -0.8641566 0.1309817 -0.0249746
v -0.8468112 0.1368371 -0.0242836
v -0.8294430 0.1425995 -0.0235798
v -0.8120522 0.1482681 -0.0228622
v -0.7946397 0.1538422 -0.0221295
v -0.7772060 0.1593211 -0.0213808
v -0.7597517 0.1647057 -0.0206159
v -0.7422768 0.1699991 -0.0198360
v -0.7247813 0.1752048 -0.0190425
v -0.7072651 0.1803263 -0.0182369
v -0.6897281 0.1853670 -0.0174203
v -0.6721702 0.1903305 -0.0165944
v -0.6545913 0.1952202 -0.0157603
v -0.6369914 0.2000395 -0.0149196
v -0.6193702 0.2047919 -0.0140735
v -0.6017279 0.2094809 -0.0132235
v -0.5840642 0.2141100 -0.0123709
v -0.5663792 0.2186826 -0.0115171
v -0.5486726 0.2232022 -0.0106635
v -0.5309445 0.2276722 -0.0098115
v -0.5131948 0.2320962 -0.0089624
v -0.4954235 0.2364776 -0.0081176
v -0.4776304 0.2408199 -0.0072786
v -0.4598155 0.2451265 -0.0064466
v -0.4419787 0.2494010 -0.0056232
v -0.4241199 0.2536467 -0.0048096
v -0.4062392 0.2578672 -0.0040072
v -0.3883364 0.2620661 -0.0032175
v -0.3704115 0.2662466 -0.0024418
v -0.3524645 0.2704124 -0.0016816
v -0.3344952 0.2745668 -0.0009381
v -0.3165036 0.2787135 -0.0002128
v -0.2984897 0.2828559 0.0004928
v -0.2804535 0.2869974 0.0011775
v -0.2623948 0.2911416 0.0018399
v -0.2443136 0.2952919 0.0024785
v -0.2262099 0.2994519 0.0030919
v -0.2080837 0.3036249 0.0036788
v -0.1899348 0.3078147 0.0042377
v -0.1717632 0.3120245 0.0047673
v -0.1535689 0.3162580 0.0052662
v -0.1353520 0.3205186 0.0057329
v -0.1171122 0.3248098 0.0061661
v -0.0988495 0.3291352 0.0065644
v -0.0805640 0.3334981 0.0069263
v -0.0622556 0.3379023 0.0072505
v -0.0439243 0.3423510 0.0075356
v -0.0255699 0.3468480 0.0077802
v -0.0071925 0.3513966 0.0079828
v 0.0112088 0.3560006 0.0081421
v 0.0296382 0.3606637 0.0082577
v 0.0480974 0.3653857 0.0083333
v 0.0665834 0.3701643 0.0083738
v 0.0850923 0.3749967 0.0083840
v 0.1036202 0.3798805 0.0083689
v 0.1221631 0.3848130 0.0083331
v 0.1407173 0.3897917 0.0082818
v 0.1592789 0.3948139 0.0082196
v 0.1778441 0.3998770 0.0081516
v 0.1964090 0.4049785 0.0080827
v 0.2149699 0.4101158 0.0080177
v 0.2335230 0.4152863 0.0079617
v 0.2520646 0.4204874 0.0079195
v 0.2705909 0.4257164 0.0078961
v 0.2890983 0.4309711 0.0078966
v 0.3075830 0.4362485 0.0079258
v 0.3260414 0.4415462 0.0079888
v 0.3444699 0.4468618 0.0080906
v 0.3628649 0.4521925 0.0082363
v 0.3812227 0.4575358 0.0084308
v 0.3995397 0.4628893 0.0086793
v 0.4178126 0.4682503 0.0089867
v 0.4360376 0.4736163 0.0093583
v 0.4542114 0.4789847 0.0097992
v 0.4723304 0.4843530 0.0103144
v 0.4903913 0.4897188 0.0109091
v 0.5083905 0.4950794 0.0115886
v 0.5263247 0.5004323 0.0123581
v 0.5441905 0.5057750 0.0132227
v 0.5619845 0.5111051 0.0141879
v 0.5797036 0.5164199 0.0152588
v 0.5973442 0.5217170 0.0164409
v 0.6149033 0.5269939 0.0177395
v 0.6323774 0.5322481 0.0191602
v 0.6497635 0.5374770 0.0207083
v 0.6670583 0.5426782 0.0223895
v 0.6842585 0.5478491 0.0242092
v 0.7013612 0.5529873 0.0261733
v 0.7183616 0.5580898 0.0282871
v 0.7352462 0.5631508 0.0305543
v 0.7520082 0.5681664 0.0329739
v 0.7686548 0.5731362 0.0355446
v 0.7851981 0.5780615 0.0382651
v 0.8016500 0.5829438 0.0411345
v 0.8180224 0.5877841 0.0441515
v 0.8343275 0.5925840 0.0473151
v 0.8505774 0.5973448 0.0506239
v 0.8667843 0.6020678 0.0540767
v 0.8829606 0.6067545 0.0576723
v 0.8991187 0.6114065 0.0614093
v 0.9152712 0.6160254 0.0652866
v 0.9314307 0.6206127 0.0693027
v 0.9476105 0.6251700 0.0734565
v 0.9638230 0.6296993 0.0777469
v 0.9800817 0.6342021 0.0821725
v 0.9963997 0.6386805 0.0867323
v 1.0127905 0.6431361 0.0914251
v 1.0292675 0.6475711 0.0962501
v 1.0458443 0.6519872 0.1012061
v 1.0625349 0.6563866 0.1062924
v 1.0793530 0.6607713 0.1115081
v 1.0963123 0.6651433 0.1168523
v 1.1134273 0.6695046 0.1223245
v 1.1307119 0.6738576 0.1279239
v 1.1481804 0.6782043 0.1336500
v 1.1658467 0.6825467 0.1395021
v 1.1837256 0.6868870 0.1454800
v 1.2018312 0.6912275 0.1515830
v 1.2201781 0.6955702 0.1578108
v 1.2387805 0.6999175 0.1641631
v 1.2576528 0.7042712 0.1706394
v 1.2768098 0.7086337 0.1772396
v 1.2962656 0.7130070 0.1839633
v 1.3160349 0.7173934 0.1908103
v 1.3361320 0.7217947 0.1977804
v 1.3565717 0.7262135 0.2048732
v 1.3773682 0.7306515 0.2120887
v 1.3985357 0.7351109 0.2194265
v 1.4200894 0.7395938 0.2268865
v 1.4420474 0.7441032 0.2344700
v 1.4644017 0.7486384 0.2421720
v 1.4871054 0.7531927 0.2499771
v 1.5101032 0.7577577 0.2578673
v 1.5333406 0.7623252 0.2658247
v 1.5567630 0.7668870 0.2738314
v 1.5803157 0.7714351 0.2818697
v 1.6039444 0.7759612 0.2899216
v 1.6275946 0.7804573 0.2979695
v 1.6512117 0.7849151 0.3059956
v 1.6747421 0.7893267 0.3139822
v 1.6981314 0.7936839 0.3219116
v 1.7213253 0.7979789 0.3297662
v 1.7442698 0.8022034 0.3375282
v 1.7669106 0.8063495 0.3451800
v 1.7891937 0.8104091 0.3527039
v 1.8110653 0.8143740 0.3600824
v 1.8324713 0.8182364 0.3672977
v 1.8533579 0.8219884 0.3743324
v 1.8736708 0.8256218 0.3811687
v 1.8933559 0.8291286 0.3877889
v 1.9123598 0.8325007 0.3941756
v 1.9306280 0.8357303 0.4003111
v 1.9481073 0.8388091 0.4061778
v 1.9647432 0.8417295 0.4117582
v 1.9804823 0.8444832 0.4170347
v 1.9952698 0.8470622 0.4219895
v 2.0090525 0.8494588 0.4266050
v 2.0217764 0.8516646 0.4308640
v 2.0333876 0.8536718 0.4347485
v 2.0438324 0.8554725 0.4382411
v 2.0530569 0.8570585 0.4413243
v 2.0610069 0.8584221 0.4439805
v 2.0676287 0.8595550 0.4461918
v 2.0728689 0.8604493 0.4479411
v 2.0766727 0.8610971 0.4492105
v 2.0789886 0.8614906 0.4499829
v 2.0797707 0.8616233 0.4502438
v -3.9160656 -1.0761906 -1.0002259
v -3.9148132 -1.0757849 -0.9992938
v -3.9111588 -1.0746016 -0.9965739
v -3.9052719 -1.0726960 -0.9921905
v -3.8973221 -1.0701241 -0.9862684
v -3.8874741 -1.0669393 -0.9789287
v -3.8758972 -1.0631973 -0.9702957
v -3.8627575 -1.0589525 -0.9604919
v -3.8482231 -1.0542599 -0.9496408
v -3.8324608 -1.0491744 -0.9378652
v -3.8156380 -1.0437504 -0.9252880
v -3.7979218 -1.0380427 -0.9120320
v -3.7794800 -1.0321065 -0.8982211
v -3.7604794 -1.0259964 -0.8839778
v -3.7410877 -1.0197670 -0.8694247
v -3.7214725 -1.0134734 -0.8546858
v -3.7017998 -1.0071703 -0.8398837
v -3.6822376 -1.0009122 -0.8251408
v -3.6629543 -0.9947543 -0.8105811
v -3.6441151 -0.9887510 -0.7963271
v -3.6258823 -0.9829553 -0.7824973
v -3.6083080 -0.9773825 -0.7691341
v -3.5913509 -0.9720165 -0.7562139
v -3.5749668 -0.9668401 -0.7437102
v -3.5591110 -0.9618358 -0.7315974
v -3.5437386 -0.9569863 -0.7198493
v -3.5288063 -0.9522741 -0.7084398
v -3.5142696 -0.9476826 -0.6973436
v -3.5000828 -0.9431935 -0.6865339
v -3.4862030 -0.9387901 -0.6759849
v -3.4725849 -0.9344550 -0.6656708
v -3.4591850 -0.9301707 -0.6555656
v -3.4459583 -0.9259203 -0.6456434
v -3.4328598 -0.9216860 -0.6358776
v -3.4198456 -0.9174505 -0.6262422
v -3.4068714 -0.9131967 -0.6167117
v -3.3938923 -0.9089070 -0.6072594
v -3.3808632 -0.9045640 -0.5978591
v -3.3677406 -0.9001506 -0.5884851
v -3.3544788 -0.8956490 -0.5791106
v -3.3410404 -0.8910451 -0.5697118
v -3.3274250 -0.8863388 -0.5602817
v -3.3136414 -0.8815337 -0.5508188
v -3.2996964 -0.8766329 -0.5413208
v -3.2856003 -0.8716401 -0.5317863
v -3.2713612 -0.8665588 -0.5222138
v -3.2569874 -0.8613924 -0.5126014
v -3.2424881 -0.8561446 -0.5029475
v -3.2278713 -0.8508187 -0.4932501
v -3.2131451 -0.8454181 -0.4835072
v -3.1983192 -0.8399464 -0.4737175
v -3.1834019 -0.8344072 -0.4638791
v -3.1684004 -0.8288036 -0.4539895
v -3.1533245 -0.8231394 -0.4440472
v -3.1381826 -0.8174180 -0.4340507
v -3.1229826 -0.8116428 -0.4239975
v -3.1077330 -0.8058172 -0.4138858
v -3.0924427 -0.7999448 -0.4037138
v -3.0771198 -0.7940289 -0.3934794
v -3.0617729 -0.7880731 -0.3831806
v -3.0464102 -0.7820807 -0.3728154
v -3.0310400 -0.7760551 -0.3623818
v -3.0156712 -0.7699999 -0.3518777
v -3.0003119 -0.7639185 -0.3413012
v -2.9849699 -0.7578141 -0.3306497
v -2.9696545 -0.7516903 -0.3199216
v -2.9543774 -0.7455521 -0.3091174
v -2.9391657 -0.7394113 -0.2982528
v -2.9240374 -0.7332806 -0.2873585
v -2.9089901 -0.7271657 -0.2764573
v -2.8940170 -0.7210706 -0.2655683
v -2.8791103 -0.7149988 -0.2547104
v -2.8642630 -0.7089540 -0.2439020
v -2.8494680 -0.7029399 -0.2331617
v -2.8347193 -0.6969603 -0.2225085
v -2.8200098 -0.6910191 -0.2119607
v -2.8053335 -0.6851199 -0.2015366
v -2.7906841 -0.6792665 -0.1912548
v -2.7760559 -0.6734628 -0.1811333
v -2.7614428 -0.6677126 -0.1711902
v -2.7468395 -0.6620196 -0.1614434
v -2.7322405 -0.6563876 -0.1519107
v -2.7176403 -0.6508204 -0.1426096
v -2.7030344 -0.6453217 -0.1335575
v -2.6884176 -0.6398952 -0.1247716
v -2.6737846 -0.6345445 -0.1162685
v -2.6591307 -0.6292731 -0.1080646
v -2.6444513 -0.6240846 -0.1001764
v -2.6297413 -0.6189822 -0.0926194
v -2.6149958 -0.6139692 -0.0854091
v -2.6002094 -0.6090485 -0.0785603
v -2.5853773 -0.6042232 -0.0720877
v -2.5704926 -0.5994957 -0.0660052
v -2.5555500 -0.5948688 -0.0603266
v -2.5405422 -0.5903444 -0.0550650
v -2.5254623 -0.5859249 -0.0502335
v -2.5103012 -0.5816118 -0.0458445
v -2.4950502 -0.5774066 -0.0419106
v -2.4796951 -0.5733099 -0.0384431
v -2.4641665 -0.5693068 -0.0354425
v -2.4483713 -0.5653660 -0.0328837
v -2.4322792 -0.5614646 -0.0307403
v -2.4159010 -0.5575899 -0.0289926
v -2.3992485 -0.5537286 -0.0276205
v -2.3823364 -0.5498677 -0.0266031
v -2.3651785 -0.5459938 -0.0259184
v -2.3477901 -0.5420928 -0.0255434
v -2.3301865 -0.5381505 -0.0254543
v -2.3123831 -0.5341524 -0.0256265
v -2.2943953 -0.5300831 -0.0260344
v -2.2762383 -0.5259273 -0.0266518
v -2.2579271 -0.5216691 -0.0274508
v -2.2394766 -0.5172918 -0.0284049
v -2.2209013 -0.5127785 -0.0294854
v -2.2022152 -0.5081119 -0.0306634
v -2.1834320 -0.5032742 -0.0319091
v -2.1645655 -0.4982470 -0.0331927
v -2.1456284 -0.4930114 -0.0344832
v -2.1266340 -0.4875481 -0.0357494
v -2.1075951 -0.4818370 -0.0369593
v -2.0885258 -0.4758582 -0.0380802
v -2.0694799 -0.4696050 -0.0390773
v -2.0505470 -0.4630985 -0.0399308
v -2.0317709 -0.4563639 -0.0406425
v -2.0131498 -0.4494123 -0.0412179
v -1.9946800 -0.4422542 -0.0416623
v -1.9763577 -0.4349001 -0.0419812
v -1.9581783 -0.4273603 -0.0421802
v -1.9401381 -0.4196452 -0.0422646
v -1.9222321 -0.4117647 -0.0422400
v -1.9044559 -0.4037290 -0.0421117
v -1.8868050 -0.3955479 -0.0418851
v -1.8692747 -0.3872315 -0.0415655
v -1.8518600 -0.3787894 -0.0411584
v -1.8345568 -0.3702313 -0.0406690
v -1.8173594 -0.3615666 -0.0401025
v -1.8002636 -0.3528050 -0.0394642
v -1.7832644 -0.3439559 -0.0387593
v -1.7663567 -0.3350284 -0.0379928
v -1.7495358 -0.3260317 -0.0371700
v -1.7327969 -0.3169751 -0.0362957
v -1.7161350 -0.3078675 -0.0353752
v -1.6995453 -0.2987178 -0.0344133
v -1.6830235 -0.2895351 -0.0334151
v -1.6665642 -0.2803282 -0.0323854
v -1.6501631 -0.2711059 -0.0313291
v -1.6338154 -0.2618766 -0.0302510
v -1.6175163 -0.2526491 -0.0291560
v -1.6012617 -0.2434322 -0.0280488
v -1.5850468 -0.2342342 -0.0269341
v -1.5688668 -0.2250635 -0.0258166
v -1.5527178 -0.2159286 -0.0247011
v -1.5365951 -0.2068379 -0.0235921
v -1.5204943 -0.1977994 -0.0224941
v -1.5044114 -0.1888217 -0.0214119
v -1.4883419 -0.1799127 -0.0203498
v -1.4722814 -0.1710804 -0.0193124
v -1.4562172 -0.1623283 -0.0183035
v -1.4401265 -0.1536502 -0.0173240
v -1.4239967 -0.1450401 -0.0163724
v -1.4078272 -0.1364981 -0.0154473
v -1.3916187 -0.1280249 -0.0145478
v -1.3753716 -0.1196213 -0.0136726
v -1.3590866 -0.1112880 -0.0128207
v -1.3427644 -0.1030258 -0.0119909
v -1.3264053 -0.0948354 -0.0111822
v -1.3100100 -0.0867173 -0.0103934
v -1.2935789 -0.0786724 -0.0096234
v -1.2771131 -0.0707015 -0.0088711
v -1.2606126 -0.0628052 -0.0081354
v -1.2440781 -0.0549842 -0.0074151
v -1.2275102 -0.0472393 -0.0067092
v -1.2109097 -0.0395711 -0.0060165
v -1.1942768 -0.0319805 -0.0053360
v -1.1776124 -0.0244680 -0.0046664
v -1.1609168 -0.0170345 -0.0040067
v -1.1441907 -0.0096805 -0.0033557
v -1.1274346 -0.0024070 -0.0027124
v -1.1106492 0.0047855 -0.0020756
v -1.0938350 0.0118963 -0.0014443
v -1.0769926 0.0189245 -0.0008172
v -1.0601224 0.0258695 -0.0001933
v -1.0432251 0.0327307 0.0004286
v -1.0263014 0.0395072 0.0010495
v -1.0093516 0.0461984 0.0016706
v -0.9923764 0.0528036 0.0022930
v -0.9753764 0.0593220 0.0029178
v -0.9583523 0.0657529 0.0035462
v -0.9413043 0.0720957 0.0041792
v -0.9242332 0.0783496 0.0048180
v -0.9071395 0.0845140 0.0054636
v -0.8900238 0.0905880 0.0061173
v -0.8728867 0.0965711 0.0067801
v -0.8557287 0.1024625 0.0074531
v -0.8385504 0.1082615 0.0081375
v -0.8213524 0.1139674 0.0088344
v -0.8041351 0.1195794 0.0095449
v -0.7868992 0.1250970 0.0102700
v -0.7696433 0.1305201 0.0110111
v -0.7523630 0.1358509 0.0117684
v -0.7350553 0.1410937 0.0125409
v -0.7177197 0.1462518 0.0133271
v -0.7003561 0.1513287 0.0141258
v -0.6829644 0.1563277 0.0149355
v -0.6655443 0.1612522 0.0157550
v -0.6480958 0.1661056 0.0165828
v -0.6306187 0.1708912 0.0174177
v -0.6131128 0.1756126 0.0182583
v -0.5955781 0.1802730 0.0191031
v -0.5780145 0.1848758 0.0199509
v -0.5604218 0.1894245 0.0208002
v -0.5427999 0.1939225 0.0216497
v -0.5251487 0.1983732 0.0224981
v -0.5074681 0.2027799 0.0233438
v -0.4897581 0.2071462 0.0241857
v -0.4720186 0.2114753 0.0250222
v -0.4542495 0.2157709 0.0258520
v -0.4364508 0.2200362 0.0266737
v -0.4186223 0.2242748 0.0274859
v -0.4007640 0.2284900 0.0282873
v -0.3828758 0.2326854 0.0290763
v -0.3649579 0.2368643 0.0298517
v -0.3470100 0.2410303 0.0306120
v -0.3290321 0.2451868 0.0313558
v -0.3110242 0.2493372 0.0320817
v -0.2929863 0.2534851 0.0327884
v -0.2749183 0.2576339 0.0334743
v -0.2568203 0.2617871 0.0341381
v -0.2386921 0.2659482 0.0347783
v -0.2205338 0.2701207 0.0353936
v -0.2023454 0.2743081 0.0359824
v -0.1841268 0.2785139 0.0365435
v -0.1658781 0.2827416 0.0370754
v -0.1475993 0.2869948 0.0375765
v -0.1292903 0.2912769 0.0380456
v -0.1109512 0.2955915 0.0384812
v -0.0925819 0.2999421 0.0388818
v -0.0741826 0.3043323 0.0392460
v -0.0557531 0.3087655 0.0395723
v -0.0372937 0.3132454 0.0398594
v -0.0188041 0.3177754 0.0401057
v -0.0002846 0.3223592 0.0403099
v 0.0182644 0.3270001 0.0404705
v 0.0368394 0.3317001 0.0405870
v 0.0554348 0.3364570 0.0406632
v 0.0740460 0.3412679 0.0407040
v 0.0926694 0.3461302 0.0407143
v 0.1113011 0.3510413 0.0406990
v 0.1299372 0.3559987 0.0406631
v 0.1485742 0.3609995 0.0406115
v 0.1672082 0.3660413 0.0405491
v 0.1858354 0.3711214 0.0404809
v 0.2044520 0.3762371 0.0404118
v 0.2230545 0.3813858 0.0403467
v 0.2416390 0.3865650 0.0402905
v 0.2602017 0.3917720 0.0402483
v 0.2787390 0.3970042 0.0402249
v 0.2972470 0.4022590 0.0402253
v 0.3157220 0.4075337 0.0402546
v 0.3341605 0.4128257 0.0403175
v 0.3525588 0.4181325 0.0404192
v 0.3709129 0.4234514 0.0405645
v 0.3892193 0.4287798 0.0407584
v 0.4074743 0.4341151 0.0410061
v 0.4256743 0.4394547 0.0413123
v 0.4438155 0.4447960 0.0416822
v 0.4618944 0.4501364 0.0421207
v 0.4799071 0.4554732 0.0426329
v 0.4978503 0.4608040 0.0432237
v 0.5157199 0.4661261 0.0438983
v 0.5335128 0.4714367 0.0446617
v 0.5512251 0.4767336 0.0455189
v 0.5688532 0.4820139 0.0464750
v 0.5863936 0.4872752 0.0475351
v 0.6038426 0.4925148 0.0487044
v 0.6211967 0.4977300 0.0499878
v 0.6384524 0.5029185 0.0513907
v 0.6556059 0.5080775 0.0529181
v 0.6726538 0.5132045 0.0545752
v 0.6895925 0.5182968 0.0563673
v 0.7064186 0.5233519 0.0582995
v 0.7231274 0.5283669 0.0603770
v 0.7397099 0.5333373 0.0626036
v 0.7561652 0.5382611 0.0649790
v 0.7725030 0.5431387 0.0675020
v 0.7887362 0.5479717 0.0701715
v 0.8048775 0.5527618 0.0729867
v 0.8209395 0.5575104 0.0759465
v 0.8369353 0.5622192 0.0790501
v 0.8528777 0.5668899 0.0822963
v 0.8687799 0.5715240 0.0856842
v 0.8846547 0.5761235 0.0892127
v 0.9005157 0.5806899 0.0928811
v 0.9163756 0.5852252 0.0966881
v 0.9322482 0.5897309 0.1006329
v 0.9481471 0.5942092 0.1047147
v 0.9640856 0.5986619 0.1089325
v 0.9800775 0.6030909 0.1132855
v 0.9961363 0.6074981 0.1177729
v 1.0122761 0.6118855 0.1223939
v 1.0285106 0.6162551 0.1271478
v 1.0448536 0.6206090 0.1320340
v 1.0613196 0.6249492 0.1370519
v 1.0779224 0.6292777 0.1422008
v 1.0946759 0.6335966 0.1474802
v 1.1115947 0.6379080 0.1528896
v 1.1286926 0.6422140 0.1584286
v 1.1459841 0.6465165 0.1640966
v 1.1634831 0.6508178 0.1698934
v 1.1812042 0.6551198 0.1758184
v 1.1991616 0.6594248 0.1818715
v 1.2173697 0.6637347 0.1880522
v 1.2358423 0.6680516 0.1943602
v 1.2545940 0.6723775 0.2007951
v 1.2736393 0.6767145 0.2073568
v 1.2929920 0.6810647 0.2140450
v 1.3126665 0.6854300 0.2208591
v 1.3326773 0.6898125 0.2277992
v 1.3530382 0.6942142 0.2348647
v 1.3737638 0.6986370 0.2420556
v 1.3948677 0.7030830 0.2493713
v 1.4163649 0.7075541 0.2568118
v 1.4382727 0.7120533 0.2643780
v 1.4605815 0.7165792 0.2720643
v 1.4832433 0.7211251 0.2798550
v 1.5062026 0.7256824 0.2877320
v 1.5294042 0.7302430 0.2956771
v 1.5527934 0.7347983 0.3036725
v 1.5763153 0.7393404 0.3117002
v 1.5999151 0.7438610 0.3197423
v 1.6235384 0.7483520 0.3277811
v 1.6471304 0.7528050 0.3357986
v 1.6706369 0.7572122 0.3437771
v 1.6940041 0.7615652 0.3516990
v 1.7171770 0.7658564 0.3595465
v 1.7401014 0.7700772 0.3673018
v 1.7627235 0.7742198 0.3749472
v 1.7849888 0.7782761 0.3824651
v 1.8068436 0.7822380 0.3898379
v 1.8282335 0.7860976 0.3970478
v 1.8491049 0.7898468 0.4040773
v 1.8694033 0.7934776 0.4109087
v 1.8890747 0.7969819 0.4175244
v 1.9080654 0.8003517 0.4239067
v 1.9263210 0.8035790 0.4300378
v 1.9437881 0.8066558 0.4359005
v 1.9604126 0.8095740 0.4414771
v 1.9761404 0.8123259 0.4467498
v 1.9909174 0.8149031 0.4517011
v 2.0046900 0.8172978 0.4563132
v 2.0174040 0.8195020 0.4605689
v 2.0290058 0.8215076 0.4644502
v 2.0394415 0.8233067 0.4679398
v 2.0486574 0.8248912 0.4710202
v 2.0565992 0.8262533 0.4736735
v 2.0632126 0.8273849 0.4758821
v 2.0684452 0.8282779 0.4776289
v 2.0722418 0.8289245 0.4788957
v 2.0745504 0.8293167 0.4796659
v 2.0753296 0.8294489 0.4799256
v -3.9372730 -1.0917499 -0.9649541
v -3.9360222 -1.0913446 -0.9640233
v -3.9323738 -1.0901634 -0.9613082
v -3.9264957 -1.0882607 -0.9569310
v -3.9185543 -1.0856915 -0.9510154
v -3.9087158 -1.0825097 -0.9436827
v -3.8971493 -1.0787710 -0.9350574
v -3.8840206 -1.0745298 -0.9252619
v -3.8694984 -1.0698412 -0.9144197
v -3.8537495 -1.0647598 -0.9026539
v -3.8369408 -1.0593405 -0.8900875
v -3.8192406 -1.0536381 -0.8768435
v -3.8008163 -1.0477075 -0.8630457
v -3.7818356 -1.0416037 -0.8488172
v -3.7624657 -1.0353813 -0.8342807
v -3.7428749 -1.0290956 -0.8195601
v -3.7232304 -1.0228015 -0.8047791
v -3.7037006 -1.0165537 -0.7900606
v -3.6844543 -1.0104076 -0.7755289
v -3.6656582 -1.0044182 -0.7613075
v -3.6474720 -0.9986372 -0.7475131
v -3.6299400 -0.9930779 -0.7341823
v -3.6130177 -0.9877228 -0.7212881
v -3.5966576 -0.9825541 -0.7088030
v -3.5808155 -0.9775540 -0.6967006
v -3.5654449 -0.9727051 -0.6849537
v -3.5505009 -0.9679893 -0.6735356
v -3.5359383 -0.9633895 -0.6624196
v -3.5217110 -0.9588876 -0.6515788
v -3.5077744 -0.9544662 -0.6409868
v -3.4940834 -0.9501078 -0.6306173
v -3.4805931 -0.9457948 -0.6204443
v -3.4672600 -0.9415099 -0.6104419
v -3.4540382 -0.9372357 -0.6005842
v -3.4408848 -0.9329550 -0.5908458
v -3.4277565 -0.9286506 -0.5812021
v -3.4146095 -0.9243055 -0.5716278
v -3.4014008 -0.9199027 -0.5620978
v -3.3880878 -0.9154252 -0.5525880
v -3.3746304 -0.9108572 -0.5430751
v -3.3610023 -0.9061884 -0.5335436
v -3.3472126 -0.9014218 -0.5239928
v -3.3332703 -0.8965615 -0.5144211
v -3.3191830 -0.8916105 -0.5048258
v -3.3049591 -0.8865726 -0.4952050
v -3.2906067 -0.8814509 -0.4855564
v -3.2761341 -0.8762489 -0.4758778
v -3.2615494 -0.8709702 -0.4661671
v -3.2468609 -0.8656182 -0.4564220
v -3.2320759 -0.8601960 -0.4466403
v -3.2172043 -0.8547073 -0.4368202
v -3.2022530 -0.8491558 -0.4269597
v -3.1872305 -0.8435443 -0.4170561
v -3.1721457 -0.8378767 -0.4071079
v -3.1570063 -0.8321563 -0.3971131
v -3.1418207 -0.8263865 -0.3870694
v -3.1265970 -0.8205709 -0.3769749
v -3.1113440 -0.8147127 -0.3668276
v -3.0960695 -0.8088156 -0.3566256
v -3.0807819 -0.8028829 -0.3463668
v -3.0654900 -0.7969180 -0.3360493
v -3.0502014 -0.7909245 -0.3256711
v -3.0349253 -0.7849057 -0.3152303
v -3.0196692 -0.7788652 -0.3047249
v -3.0044416 -0.7728064 -0.2941529
v -2.9892513 -0.7667326 -0.2835125
v -2.9741074 -0.7606479 -0.2728024
v -2.9590202 -0.7545573 -0.2620266
v -2.9439898 -0.7484663 -0.2512029
v -2.9290104 -0.7423790 -0.2403508
v -2.9140749 -0.7362991 -0.2294892
v -2.8991758 -0.7302305 -0.2186368
v -2.8843060 -0.7241765 -0.2078120
v -2.8694584 -0.7181410 -0.1970335
v -2.8546261 -0.7121275 -0.1863200
v -2.8398020 -0.7061400 -0.1756901
v -2.8249792 -0.7001821 -0.1651621
v -2.8101513 -0.6942573 -0.1547549
v -2.7953108 -0.6883695 -0.1444867
v -2.7804514 -0.6825223 -0.1343761
v -2.7655663 -0.6767195 -0.1244413
v -2.7506489 -0.6709647 -0.1147009
v -2.7356924 -0.6652616 -0.1051729
v -2.7206909 -0.6596140 -0.0958757
v -2.7056374 -0.6540255 -0.0868275
v -2.6905252 -0.6484997 -0.0780463
v -2.6753481 -0.6430402 -0.0695498
v -2.6601000 -0.6376507 -0.0613561
v -2.6447741 -0.6323347 -0.0534829
v -2.6293636 -0.6270957 -0.0459478
v -2.6138626 -0.6219372 -0.0387682
v -2.5982641 -0.6168627 -0.0319616
v -2.5825609 -0.6118754 -0.0255449
v -2.5667471 -0.6069787 -0.0195355
v -2.5508146 -0.6021758 -0.0139502
v -2.5347572 -0.5974699 -0.0088058
v -2.5185663 -0.5928639 -0.0041191
v -2.5022346 -0.5883609 0.0000933
v -2.4857523 -0.5839634 0.0038149
v -2.4690836 -0.5796664 0.0070361
v -2.4521881 -0.5754509 0.0097737
v -2.4350590 -0.5712980 0.0120559
v -2.4177092 -0.5671933 0.0139077
v -2.4001520 -0.5631221 0.0153548
v -2.3824015 -0.5590699 0.0164230
v -2.3644716 -0.5550216 0.0171389
v -2.3463770 -0.5509622 0.0175294
v -2.3281317 -0.5468763 0.0176220
v -2.3097504 -0.5427484 0.0174445
v -2.2912468 -0.5385626 0.0170251
v -2.2726355 -0.5343029 0.0163924
v -2.2539301 -0.5299528 0.0155763
v -2.2351442 -0.5254959 0.0146050
v -2.2162916 -0.5209153 0.0135085
v -2.1973856 -0.5161939 0.0123167
v -2.1784391 -0.5113142 0.0110602
v -2.1594654 -0.5062585 0.0097694
v -2.1404770 -0.5010089 0.0084753
v -2.1214870 -0.4955470 0.0072094
v -2.1025078 -0.4898540 0.0060032
v -2.0835531 -0.4839114 0.0048890
v -2.0646629 -0.4777093 0.0039000
v -2.0458971 -0.4712603 0.0030540
v -2.0272833 -0.4645839 0.0023485
v -2.0088188 -0.4576908 0.0017780
v -1.9904997 -0.4505910 0.0013372
v -1.9723223 -0.4432951 0.0010208
v -1.9542820 -0.4358130 0.0008234
v -1.9363749 -0.4281547 0.0007396
v -1.9185959 -0.4203301 0.0007640
v -1.9009409 -0.4123491 0.0008915
v -1.8834055 -0.4042216 0.0011166
v -1.8659845 -0.3959570 0.0014341
v -1.8486734 -0.3875651 0.0018388
v -1.8314678 -0.3790553 0.0023255
v -1.8143623 -0.3704370 0.0028889
v -1.7973528 -0.3617195 0.0035240
v -1.7804342 -0.3529124 0.0042256
v -1.7636015 -0.3440244 0.0049887
v -1.7468498 -0.3350648 0.0058082
v -1.7301748 -0.3260427 0.0066791
v -1.7135714 -0.3169671 0.0075964
v -1.6970348 -0.3078467 0.0085552
v -1.6805605 -0.2986905 0.0095506
v -1.6641438 -0.2895072 0.0105776
v -1.6477797 -0.2803057 0.0116316
v -1.6314636 -0.2710944 0.0127075
v -1.6151911 -0.2618819 0.0138008
v -1.5989579 -0.2526771 0.0149065
v -1.5827592 -0.2434883 0.0160201
v -1.5665902 -0.2343238 0.0171368
v -1.5504470 -0.2251922 0.0182519
v -1.5343249 -0.2161018 0.0193609
v -1.5182196 -0.2070609 0.0204591
v -1.5021269 -0.1980777 0.0215420
v -1.4860424 -0.1891604 0.0226051
v -1.4699617 -0.1803170 0.0236439
v -1.4538737 -0.1715519 0.0246543
v -1.4377591 -0.1628609 0.0256352
v -1.4216078 -0.1542392 0.0265881
v -1.4054193 -0.1456872 0.0275142
v -1.3891942 -0.1372054 0.0284147
v -1.3729331 -0.1287946 0.0292906
v -1.3566366 -0.1204554 0.0301431
v -1.3403055 -0.1121887 0.0309734
v -1.3239402 -0.1039951 0.0317824
v -1.3075411 -0.0958752 0.0325714
v -1.2911089 -0.0878297 0.0333414
v -1.2746445 -0.0798595 0.0340936
v -1.2581481 -0.0719652 0.0348292
v -1.2416203 -0.0641474 0.0355491
v -1.2250618 -0.0564068 0.0362547
v -1.2084733 -0.0487442 0.0369468
v -1.1918551 -0.0411602 0.0376268
v -1.1752080 -0.0336556 0.0382957
v -1.1585325 -0.0262310 0.0389546
v -1.1418292 -0.0188871 0.0396047
v -1.1250987 -0.0116246 0.0402470
v -1.1083416 -0.0044442 0.0408827
v -1.0915584 0.0026534 0.0415129
v -1.0747498 0.0096676 0.0421388
v -1.0579162 0.0165975 0.0427613
v -1.0410583 0.0234427 0.0433817
v -1.0241768 0.0302023 0.0440011
v -1.0072721 0.0368757 0.0446205
v -0.9903448 0.0434623 0.0452412
v -0.9733956 0.0499612 0.0458641
v -0.9564251 0.0563718 0.0464905
v -0.9394337 0.0626936 0.0471214
v -0.9224221 0.0689257 0.0477579
v -0.9053908 0.0750675 0.0484013
v -0.8883406 0.0811184 0.0490524
v -0.8712718 0.0870776 0.0497126
v -0.8541854 0.0929445 0.0503828
v -0.8370814 0.0987183 0.0510642
v -0.8199609 0.1043985 0.0517580
v -0.8028241 0.1099844 0.0524651
v -0.7856717 0.1154752 0.0531868
v -0.7685008 0.1208716 0.0539242
v -0.7513034 0.1261768 0.0546779
v -0.7340741 0.1313958 0.0554468
v -0.7168123 0.1365320 0.0562297
v -0.6995176 0.1415887 0.0570252
v -0.6821902 0.1465692 0.0578320
v -0.6648296 0.1514769 0.0586486
v -0.6474357 0.1563151 0.0594739
v -0.6300084 0.1610871 0.0603064
v -0.6125474 0.1657964 0.0611448
v -0.5950527 0.1704461 0.0619877
v -0.5775241 0.1750398 0.0628338
v -0.5599616 0.1795807 0.0636817
v -0.5423649 0.1840722 0.0645300
v -0.5247340 0.1885177 0.0653773
v -0.5070687 0.1929207 0.0662224
v -0.4893692 0.1972844 0.0670637
v -0.4716351 0.2016122 0.0679000
v -0.4538664 0.2059077 0.0687298
v -0.4360632 0.2101741 0.0695517
v -0.4182253 0.2144149 0.0703643
v -0.4003527 0.2186335 0.0711663
v -0.3824452 0.2228334 0.0719562
v -0.3645030 0.2270180 0.0727326
v -0.3465260 0.2311907 0.0734942
v -0.3285140 0.2353550 0.0742394
v -0.3104672 0.2395144 0.0749669
v -0.2923855 0.2436723 0.0756752
v -0.2742689 0.2478323 0.0763630
v -0.2561175 0.2519978 0.0770287
v -0.2379310 0.2561723 0.0776710
v -0.2197097 0.2603592 0.0782884
v -0.2014536 0.2645622 0.0788795
v -0.1831626 0.2687848 0.0794428
v -0.1648367 0.2730304 0.0799769
v -0.1464761 0.2773026 0.0804803
v -0.1280806 0.2816049 0.0809516
v -0.1096505 0.2859409 0.0813893
v -0.0911857 0.2903141 0.0817920
v -0.0726863 0.2947282 0.0821581
v -0.0541524 0.2991866 0.0824863
v -0.0355840 0.3036929 0.0827751
v -0.0169811 0.3082507 0.0830230
v 0.0016560 0.3128636 0.0832285
v 0.0203256 0.3175347 0.0833901
v 0.0390175 0.3222642 0.0835073
v 0.0577193 0.3270483 0.0835839
v 0.0764251 0.3318836 0.0836249
v 0.0951312 0.3367676 0.0836353
v 0.1138342 0.3416975 0.0836200
v 0.1325301 0.3466707 0.0835840
v 0.1512154 0.3516845 0.0835322
v 0.1698863 0.3567363 0.0834697
v 0.1885391 0.3618233 0.0834014
v 0.2071700 0.3669429 0.0833322
v 0.2257755 0.3720925 0.0832671
v 0.2443517 0.3772694 0.0832110
v 0.2628947 0.3824709 0.0831688
v 0.2814010 0.3876944 0.0831454
v 0.2998666 0.3929371 0.0831459
v 0.3182877 0.3981963 0.0831750
v 0.3366607 0.4034696 0.0832377
v 0.3549818 0.4087541 0.0833389
v 0.3732469 0.4140472 0.0834835
v 0.3914524 0.4193462 0.0836764
v 0.4095943 0.4246485 0.0839225
v 0.4276689 0.4299513 0.0842266
v 0.4456723 0.4352520 0.0845937
v 0.4636006 0.4405479 0.0850285
v 0.4814499 0.4458364 0.0855361
v 0.4992165 0.4511147 0.0861211
v 0.5168962 0.4563801 0.0867885
v 0.5344852 0.4616300 0.0875431
v 0.5519798 0.4668617 0.0883897
v 0.5693757 0.4720725 0.0893332
v 0.5866694 0.4772597 0.0903784
v 0.6038564 0.4824207 0.0915301
v 0.6209332 0.4875526 0.0927930
v 0.6378958 0.4926529 0.0941720
v 0.6547400 0.4977189 0.0956718
v 0.6714618 0.5027478 0.0972972
v 0.6880573 0.5077369 0.0990529
v 0.7045226 0.5126836 0.1009437
v 0.7208534 0.5175851 0.1029742
v 0.7370467 0.5224390 0.1051485
v 0.7531104 0.5272455 0.1074674
v 0.7690575 0.5320065 0.1099300
v 0.7849019 0.5367238 0.1125356
v 0.8006575 0.5413994 0.1152835
v 0.8163378 0.5460351 0.1181730
v 0.8319570 0.5506331 0.1212035
v 0.8475286 0.5551951 0.1243742
v 0.8630670 0.5597233 0.1276846
v 0.8785859 0.5642196 0.1311341
v 0.8940996 0.5686861 0.1347221
v 0.9096219 0.5731247 0.1384481
v 0.9251669 0.5775375 0.1423115
v 0.9407491 0.5819266 0.1463120
v 0.9563822 0.5862939 0.1504491
v 0.9720807 0.5906416 0.1547222
v 0.9878587 0.5949718 0.1591311
v 1.0037302 0.5992862 0.1636754
v 1.0197096 0.6035872 0.1683546
v 1.0358109 0.6078766 0.1731685
v 1.0520486 0.6121566 0.1781168
v 1.0684364 0.6164291 0.1831991
v 1.0849887 0.6206961 0.1884151
v 1.1017197 0.6249597 0.1937645
v 1.1186433 0.6292217 0.1992470
v 1.1357738 0.6334842 0.2048623
v 1.1531249 0.6377491 0.2106101
v 1.1707108 0.6420184 0.2164900
v 1.1885458 0.6462939 0.2225018
v 1.2066438 0.6505778 0.2286451
v 1.2250183 0.6548717 0.2349196
v 1.2436834 0.6591776 0.2413248
v 1.2626534 0.6634975 0.2478606
v 1.2819417 0.6678332 0.2545264
v 1.3015623 0.6721865 0.2613219
v 1.3215291 0.6765594 0.2682468
v 1.3418559 0.6809537 0.2753005
v 1.3625563 0.6853712 0.2824826
v 1.3836441 0.6898138 0.2897927
v 1.4051333 0.6942832 0.2972305
v 1.4270392 0.6987820 0.3047960
v 1.4493484 0.7033081 0.3124824
v 1.4720105 0.7078539 0.3202732
v 1.4949701 0.7124114 0.3281503
v 1.5181721 0.7169719 0.3360955
v 1.5415616 0.7215273 0.3440910
v 1.5650837 0.7260695 0.3521188
v 1.5886838 0.7305901 0.3601611
v 1.6123074 0.7350811 0.3681999
v 1.6358995 0.7395342 0.3762175
v 1.6594063 0.7439414 0.3841961
v 1.6827736 0.7482945 0.3921180
v 1.7059467 0.7525856 0.3999655
v 1.7288712 0.7568065 0.4077209
v 1.7514935 0.7609491 0.4153664
v 1.7737589 0.7650055 0.4228843
v 1.7956139 0.7689674 0.4302572
v 1.8170040 0.7728271 0.4374671
v 1.8378754 0.7765763 0.4444967
v 1.8581739 0.7802071 0.4513281
v 1.8778456 0.7837114 0.4579438
v 1.8968363 0.7870813 0.4643261
v 1.9150921 0.7903086 0.4704574
v 1.9325592 0.7933854 0.4763201
v 1.9491837 0.7963037 0.4818966
v 1.9649117 0.7990554 0.4871694
v 1.9796888 0.8016327 0.4921207
v 1.9934614 0.8040275 0.4967330
v 2.0061756 0.8062316 0.5009886
v 2.0177774 0.8082373 0.5048699
v 2.0282131 0.8100363 0.5083595
v 2.0374290 0.8116209 0.5114399
v 2.0453711 0.8129830 0.5140934
v 2.0519846 0.8141146 0.5163020
v 2.0572172 0.8150076 0.5180487
v 2.0610138 0.8156542 0.5193156
v 2.0633224 0.8160464 0.5200857
v 2.0641012 0.8161785 0.5203454
v -3.9645699 -1.0854043 -0.9310344
v -3.9633194 -1.0849993 -0.9301040
v -3.9596760 -1.0838196 -0.9273924
v -3.9538044 -1.0819189 -0.9230202
v -3.9458694 -1.0793517 -0.9171089
v -3.9360382 -1.0761724 -0.9097817
v -3.9244789 -1.0724361 -0.9011621
v -3.9113586 -1.0681976 -0.8913729
v -3.8968456 -1.0635119 -0.8805376
v -3.8811062 -1.0584336 -0.8687789
v -3.8643085 -1.0530178 -0.8562206
v -3.8466202 -1.0473192 -0.8429857
v -3.8282093 -1.0413928 -0.8291976
v -3.8092430 -1.0352938 -0.8149800
v -3.7898899 -1.0290769 -0.8004560
v -3.7703175 -1.0227970 -0.7857493
v -3.7506939 -1.0165095 -0.7709840
v -3.7311882 -1.0102695 -0.7562838
v -3.7119694 -1.0041324 -0.7417730
v -3.6932060 -0.9981531 -0.7275761
v -3.6750546 -0.9923832 -0.7138082
v -3.6575546 -0.9868340 -0.7005016
v -3.6406574 -0.9814870 -0.6876268
v -3.6243156 -0.9763241 -0.6751557
v -3.6084839 -0.9713272 -0.6630611
v -3.5931145 -0.9664786 -0.6513152
v -3.5781620 -0.9617602 -0.6398905
v -3.5635799 -0.9571543 -0.6287597
v -3.5493221 -0.9526427 -0.6178956
v -3.5353432 -0.9482080 -0.6072715
v -3.5215973 -0.9438320 -0.5968605
v -3.5080399 -0.9394975 -0.5866366
v -3.4946266 -0.9351870 -0.5765742
v -3.4813126 -0.9308829 -0.5666477
v -3.4680550 -0.9265682 -0.5568323
v -3.4548111 -0.9222260 -0.5471037
v -3.4415386 -0.9178394 -0.5374381
v -3.4281956 -0.9133918 -0.5278111
v -3.4147404 -0.9088665 -0.5181997
v -3.4011364 -0.9042487 -0.5085833
v -3.3873680 -0.8995318 -0.4989535
v -3.3734512 -0.8947214 -0.4893147
v -3.3593960 -0.8898217 -0.4796654
v -3.3452095 -0.8848359 -0.4700027
v -3.3308998 -0.8797675 -0.4603238
v -3.3164745 -0.8746198 -0.4506260
v -3.3019413 -0.8693961 -0.4409070
v -3.2873081 -0.8640999 -0.4311641
v -3.2725834 -0.8587346 -0.4213950
v -3.2577740 -0.8533035 -0.4115970
v -3.2428890 -0.8478100 -0.4017682
v -3.2279358 -0.8422576 -0.3919062
v -3.2129223 -0.8366495 -0.3820087
v -3.1978575 -0.8309895 -0.3720737
v -3.1827484 -0.8252805 -0.3620989
v -3.1676039 -0.8195264 -0.3520824
v -3.1524317 -0.8137304 -0.3420220
v -3.1372404 -0.8078960 -0.3319159
v -3.1220381 -0.8020267 -0.3217619
v -3.1068329 -0.7961258 -0.3115583
v -3.0916330 -0.7901970 -0.3013031
v -3.0764469 -0.7842436 -0.2909943
v -3.0612829 -0.7782691 -0.2806304
v -3.0461493 -0.7722771 -0.2702093
v -3.0310543 -0.7662710 -0.2597293
v -3.0160067 -0.7602542 -0.2491888
v -3.0010120 -0.7542294 -0.2385843
v -2.9860632 -0.7481947 -0.2279073
v -2.9711416 -0.7421478 -0.2171619
v -2.9562372 -0.7360909 -0.2063641
v -2.9413427 -0.7300279 -0.1955324
v -2.9264511 -0.7239622 -0.1846854
v -2.9115553 -0.7178977 -0.1738416
v -2.8966475 -0.7118377 -0.1630195
v -2.8817207 -0.7057860 -0.1522378
v -2.8667673 -0.6997463 -0.1415152
v -2.8517799 -0.6937220 -0.1308703
v -2.8367506 -0.6877169 -0.1203219
v -2.8216717 -0.6817345 -0.1098888
v -2.8065351 -0.6757783 -0.0995898
v -2.7913336 -0.6698521 -0.0894439
v -2.7760584 -0.6639594 -0.0794700
v -2.7607019 -0.6581038 -0.0696874
v -2.7452560 -0.6522891 -0.0601151
v -2.7297123 -0.6465186 -0.0507724
v -2.7140627 -0.6407962 -0.0416790
v -2.6982986 -0.6351257 -0.0328542
v -2.6824125 -0.6295107 -0.0243179
v -2.6663954 -0.6239551 -0.0160900
v -2.6502394 -0.6184627 -0.0081905
v -2.6339365 -0.6130375 -0.0006399
v -2.6174786 -0.6076836 0.0065414
v -2.6008575 -0.6024048 0.0133327
v -2.5840666 -0.5972056 0.0197131
v -2.5670975 -0.5920903 0.0256615
v -2.5499439 -0.5870632 0.0311567
v -2.5325985 -0.5821289 0.0361772
v -2.5150555 -0.5772920 0.0407017
v -2.4973095 -0.5725575 0.0447083
v -2.4793669 -0.5679319 0.0481761
v -2.4612518 -0.5634121 0.0511119
v -2.4429869 -0.5589837 0.0535461
v -2.4245869 -0.5546304 0.0555106
v -2.4060663 -0.5503358 0.0570376
v -2.3874395 -0.5460834 0.0581591
v -2.3687199 -0.5418567 0.0589070
v -2.3499208 -0.5376393 0.0593131
v -2.3310556 -0.5334146 0.0594092
v -2.3121372 -0.5291661 0.0592268
v -2.2931784 -0.5248774 0.0587973
v -2.2741920 -0.5205320 0.0581522
v -2.2551907 -0.5161130 0.0573232
v -2.2361870 -0.5116045 0.0563407
v -2.2171936 -0.5069897 0.0552361
v -2.1982231 -0.5022523 0.0540404
v -2.1792881 -0.4973757 0.0527846
v -2.1604012 -0.4923434 0.0514998
v -2.1415751 -0.4871387 0.0502168
v -2.1228224 -0.4817453 0.0489666
v -2.1041563 -0.4761465 0.0477802
v -2.0855896 -0.4703258 0.0466887
v -2.0671408 -0.4642687 0.0457228
v -2.0488260 -0.4579748 0.0448972
v -2.0306484 -0.4514546 0.0442081
v -2.0126034 -0.4447180 0.0436507
v -1.9946869 -0.4377743 0.0432196
v -1.9768950 -0.4306331 0.0429099
v -1.9592234 -0.4233038 0.0427165
v -1.9416676 -0.4157958 0.0426344
v -1.9242231 -0.4081183 0.0426584
v -1.9068853 -0.4002808 0.0427836
v -1.8896500 -0.3922923 0.0430049
v -1.8725122 -0.3841621 0.0433173
v -1.8554676 -0.3758992 0.0437158
v -1.8385117 -0.3675128 0.0441954
v -1.8216391 -0.3590118 0.0447512
v -1.8048460 -0.3504053 0.0453782
v -1.7881277 -0.3417023 0.0460715
v -1.7714788 -0.3329115 0.0468263
v -1.7548952 -0.3240417 0.0476376
v -1.7383722 -0.3151019 0.0485005
v -1.7219051 -0.3061007 0.0494103
v -1.7054892 -0.2970468 0.0503621
v -1.6891201 -0.2879491 0.0513512
v -1.6727930 -0.2788161 0.0523726
v -1.6565035 -0.2696564 0.0534217
v -1.6402468 -0.2604785 0.0544938
v -1.6240185 -0.2512911 0.0555841
v -1.6078142 -0.2421027 0.0566879
v -1.5916294 -0.2329218 0.0578005
v -1.5754594 -0.2237567 0.0589172
v -1.5593000 -0.2146160 0.0600335
v -1.5431467 -0.2055080 0.0611446
v -1.5269951 -0.1964410 0.0622460
v -1.5108410 -0.1874236 0.0633331
v -1.4946797 -0.1784638 0.0644012
v -1.4785071 -0.1695699 0.0654459
v -1.4623154 -0.1607482 0.0664628
v -1.4460933 -0.1519992 0.0674502
v -1.4298358 -0.1433209 0.0684094
v -1.4135430 -0.1347138 0.0693415
v -1.3972156 -0.1261785 0.0702477
v -1.3808540 -0.1177157 0.0711290
v -1.3644589 -0.1093261 0.0719867
v -1.3480310 -0.1010104 0.0728218
v -1.3315708 -0.0927692 0.0736355
v -1.3150787 -0.0846033 0.0744290
v -1.2985555 -0.0765132 0.0752033
v -1.2820018 -0.0684998 0.0759596
v -1.2654181 -0.0605637 0.0766990
v -1.2488048 -0.0527054 0.0774227
v -1.2321628 -0.0449258 0.0781318
v -1.2154926 -0.0372255 0.0788274
v -1.1987947 -0.0296051 0.0795106
v -1.1820698 -0.0220654 0.0801827
v -1.1653183 -0.0146070 0.0808446
v -1.1485411 -0.0072305 0.0814975
v -1.1317385 0.0000632 0.0821426
v -1.1149112 0.0072737 0.0827810
v -1.0980597 0.0144001 0.0834138
v -1.0811850 0.0214419 0.0840420
v -1.0642871 0.0283984 0.0846670
v -1.0473668 0.0352688 0.0852897
v -1.0304250 0.0420526 0.0859113
v -1.0134619 0.0487491 0.0865329
v -0.9964783 0.0553576 0.0871556
v -0.9794746 0.0618774 0.0877805
v -0.9624517 0.0683078 0.0884088
v -0.9454099 0.0746483 0.0890416
v -0.9283499 0.0808982 0.0896799
v -0.9112723 0.0870567 0.0903250
v -0.8941777 0.0931233 0.0909779
v -0.8770667 0.0990973 0.0916396
v -0.8599400 0.1049780 0.0923115
v -0.8427979 0.1107647 0.0929944
v -0.8256412 0.1164569 0.0936896
v -0.8084703 0.1220539 0.0943982
v -0.7912859 0.1275550 0.0951212
v -0.7740846 0.1329609 0.0958599
v -0.7568568 0.1382755 0.0966149
v -0.7395962 0.1435040 0.0973853
v -0.7223022 0.1486497 0.0981696
v -0.7049745 0.1537161 0.0989666
v -0.6876130 0.1587064 0.0997749
v -0.6702175 0.1636239 0.1005933
v -0.6527879 0.1684721 0.1014202
v -0.6353239 0.1732541 0.1022545
v -0.6178254 0.1779735 0.1030947
v -0.6002923 0.1826334 0.1039394
v -0.5827246 0.1872374 0.1047874
v -0.5651219 0.1917886 0.1056372
v -0.5474843 0.1962906 0.1064875
v -0.5298116 0.2007467 0.1073369
v -0.5121038 0.2051602 0.1081839
v -0.4943608 0.2095346 0.1090274
v -0.4765825 0.2138733 0.1098657
v -0.4587689 0.2181796 0.1106976
v -0.4409198 0.2224570 0.1115216
v -0.4230353 0.2267088 0.1123364
v -0.4051154 0.2309386 0.1131405
v -0.3871598 0.2351498 0.1139325
v -0.3691687 0.2393458 0.1147111
v -0.3511421 0.2435300 0.1154747
v -0.3330798 0.2477060 0.1162220
v -0.3149819 0.2518772 0.1169515
v -0.2968484 0.2560470 0.1176619
v -0.2786794 0.2602190 0.1183517
v -0.2604747 0.2643967 0.1190194
v -0.2422344 0.2685835 0.1196635
v -0.2239586 0.2727831 0.1202828
v -0.2056473 0.2769988 0.1208757
v -0.1873004 0.2812342 0.1214407
v -0.1689180 0.2854929 0.1219764
v -0.1505003 0.2897784 0.1224814
v -0.1320472 0.2940942 0.1229542
v -0.1135587 0.2984439 0.1233933
v -0.0950351 0.3028311 0.1237972
v -0.0764762 0.3072593 0.1241646
v -0.0578822 0.3117321 0.1244938
v -0.0392533 0.3162531 0.1247836
v -0.0205894 0.3208259 0.1250322
v -0.0018906 0.3254540 0.1252384
v 0.0168402 0.3301405 0.1254005
v 0.0355889 0.3348844 0.1255181
v 0.0543387 0.3396807 0.1255950
v 0.0730830 0.3445261 0.1256361
v 0.0918182 0.3494175 0.1256464
v 0.1105408 0.3543527 0.1256311
v 0.1292470 0.3593286 0.1255951
v 0.1479331 0.3643426 0.1255433
v 0.1665957 0.3693921 0.1254809
v 0.1852308 0.3744743 0.1254126
v 0.2038347 0.3795865 0.1253435
v 0.2224038 0.3847260 0.1252785
v 0.2409343 0.3898902 0.1252225
v 0.2594222 0.3950762 0.1251805
v 0.2778638 0.4002814 0.1251572
v 0.2962552 0.4055031 0.1251576
v 0.3145926 0.4107384 0.1251866
v 0.3328720 0.4159848 0.1252490
v 0.3510897 0.4212395 0.1253497
v 0.3692415 0.4264997 0.1254933
v 0.3873234 0.4317628 0.1256849
v 0.4053316 0.4370260 0.1259292
v 0.4232619 0.4422864 0.1262309
v 0.4411105 0.4475416 0.1265947
v 0.4588730 0.4527885 0.1270256
v 0.4765455 0.4580245 0.1275280
v 0.4941239 0.4632469 0.1281069
v 0.5116038 0.4684529 0.1287667
v 0.5289814 0.4736396 0.1295122
v 0.5462523 0.4788044 0.1303480
v 0.5634121 0.4839445 0.1312787
v 0.5804569 0.4890571 0.1323088
v 0.5973821 0.4941394 0.1334429
v 0.6141835 0.4991886 0.1346855
v 0.6308569 0.5042020 0.1360409
v 0.6473978 0.5091767 0.1375137
v 0.6638017 0.5141100 0.1391082
v 0.6800643 0.5189991 0.1408286
v 0.6961813 0.5238411 0.1426793
v 0.7121488 0.5286336 0.1446646
v 0.7279702 0.5333759 0.1467890
v 0.7436621 0.5380713 0.1490542
v 0.7592413 0.5427224 0.1514600
v 0.7747226 0.5473316 0.1540059
v 0.7901206 0.5519011 0.1566915
v 0.8054502 0.5564332 0.1595164
v 0.8207263 0.5609301 0.1624803
v 0.8359634 0.5653941 0.1655829
v 0.8511765 0.5698275 0.1688241
v 0.8663804 0.5742325 0.1722036
v 0.8815899 0.5786114 0.1757212
v 0.8968195 0.5829664 0.1793770
v 0.9120841 0.5872995 0.1831708
v 0.9273984 0.5916131 0.1871025
v 0.9427769 0.5959094 0.1911722
v 0.9582341 0.6001902 0.1953797
v 0.9737846 0.6044579 0.1997251
v 0.9894427 0.6087144 0.2042082
v 1.0052228 0.6129617 0.2088291
v 1.0211389 0.6172018 0.2135877
v 1.0372057 0.6214366 0.2184839
v 1.0534367 0.6256683 0.2235176
v 1.0698462 0.6298985 0.2286886
v 1.0864483 0.6341291 0.2339968
v 1.1032566 0.6383622 0.2394420
v 1.1202851 0.6425993 0.2450239
v 1.1375474 0.6468423 0.2507422
v 1.1550572 0.6510931 0.2565966
v 1.1728284 0.6553534 0.2625869
v 1.1908744 0.6596249 0.2687127
v 1.2092085 0.6639094 0.2749733
v 1.2278444 0.6682086 0.2813686
v 1.2467957 0.6725242 0.2878979
v 1.2660756 0.6768579 0.2945608
v 1.2856975 0.6812116 0.3013568
v 1.3056748 0.6855867 0.3082853
v 1.3260209 0.6899852 0.3153457
v 1.3467489 0.6944086 0.3225374
v 1.3678721 0.6988586 0.3298598
v 1.3894042 0.7033370 0.3373123
v 1.4113572 0.7078454 0.3448941
v 1.4337124 0.7123808 0.3525964
v 1.4564169 0.7169352 0.3604018
v 1.4794157 0.7215004 0.3682924
v 1.5026539 0.7260681 0.3762500
v 1.5260770 0.7306301 0.3842570
v 1.5496305 0.7351783 0.3922955
v 1.5732597 0.7397045 0.4003477
v 1.5969106 0.7442007 0.4083958
v 1.6205284 0.7486586 0.4164220
v 1.6440594 0.7530703 0.4244088
v 1.6674492 0.7574276 0.4323384
v 1.6906435 0.7617227 0.4401932
v 1.7135881 0.7659473 0.4479553
v 1.7362295 0.7700934 0.4556073
v 1.7585131 0.7741531 0.4631313
v 1.7803850 0.7781181 0.4705099
v 1.8017916 0.7819807 0.4777254
v 1.8226784 0.7857327 0.4847601
v 1.8429916 0.7893661 0.4915965
v 1.8626772 0.7928729 0.4982169
v 1.8816814 0.7962451 0.5046038
v 1.8999500 0.7994747 0.5107393
v 1.9174294 0.8025537 0.5166061
v 1.9340656 0.8054740 0.5221866
v 1.9498047 0.8082277 0.5274631
v 1.9645927 0.8108069 0.5324180
v 1.9783756 0.8132035 0.5370337
v 1.9910997 0.8154094 0.5412927
v 2.0027111 0.8174167 0.5451773
v 2.0131559 0.8192172 0.5486699
v 2.0223806 0.8208034 0.5517532
v 2.0303312 0.8221669 0.5544095
v 2.0369530 0.8232999 0.5566208
v 2.0421934 0.8241942 0.5583702
v 2.0459976 0.8248422 0.5596396
v 2.0483130 0.8252356 0.5604119
v 2.0490946 0.8253681 0.5606726
v -3.9906422 -1.0588542 -0.9075555
v -3.9893913 -1.0584490 -0.9066245
v -3.9857494 -1.0572699 -0.9039143
v -3.9798809 -1.0553701 -0.8995441
v -3.9719475 -1.0528035 -0.8936345
v -3.9621197 -1.0496252 -0.8863096
v -3.9505634 -1.0458899 -0.8776922
v -3.9374466 -1.0416526 -0.8679055
v -3.9229370 -1.0369680 -0.8570728
v -3.9072014 -1.0318910 -0.8453170
v -3.8904079 -1.0264765 -0.8327619
v -3.8727245 -1.0207795 -0.8195306
v -3.8543186 -1.0148547 -0.8057464
v -3.8353580 -1.0087576 -0.7915331
v -3.8160118 -1.0025428 -0.7770142
v -3.7964466 -0.9962652 -0.7623128
v -3.7768311 -0.9899804 -0.7475537
v -3.7573353 -0.9837436 -0.7328609
v -3.7381275 -0.9776098 -0.7183583
v -3.7193768 -0.9716347 -0.7041710
v -3.7012394 -0.9658692 -0.6904137
v -3.6837521 -0.9603240 -0.6771167
v -3.6668648 -0.9549802 -0.6642496
v -3.6505306 -0.9498196 -0.6517841
v -3.6347023 -0.9448239 -0.6396925
v -3.6193336 -0.9399755 -0.6279469
v -3.6043781 -0.9352561 -0.6165198
v -3.5897881 -0.9306477 -0.6053830
v -3.5755180 -0.9261322 -0.5945097
v -3.5615227 -0.9216922 -0.5838729
v -3.5477551 -0.9173094 -0.5734455
v -3.5341709 -0.9129663 -0.5632015
v -3.5207256 -0.9086454 -0.5531151
v -3.5073750 -0.9043297 -0.5431614
v -3.4940762 -0.9000016 -0.5333155
v -3.4807865 -0.8956442 -0.5235532
v -3.4674644 -0.8912413 -0.5138513
v -3.4540680 -0.8867759 -0.5041860
v -3.4405563 -0.8822316 -0.4945343
v -3.4268948 -0.8775943 -0.4848772
v -3.4130726 -0.8728590 -0.4752098
v -3.3991104 -0.8680328 -0.4655395
v -3.3850178 -0.8631201 -0.4558644
v -3.3708019 -0.8581242 -0.4461820
v -3.3564716 -0.8530484 -0.4364890
v -3.3420330 -0.8478958 -0.4267822
v -3.3274940 -0.8426702 -0.4170593
v -3.3128628 -0.8373746 -0.4073175
v -3.2981468 -0.8320126 -0.3975543
v -3.2833538 -0.8265874 -0.3877671
v -3.2684917 -0.8211023 -0.3779535
v -3.2535683 -0.8155610 -0.3681112
v -3.2385918 -0.8099668 -0.3582381
v -3.2235706 -0.8043231 -0.3483318
v -3.2085117 -0.7986331 -0.3383901
v -3.1934238 -0.7929005 -0.3284111
v -3.1783150 -0.7871287 -0.3183928
v -3.1631937 -0.7813212 -0.3083331
v -3.1480675 -0.7754813 -0.2982301
v -3.1329451 -0.7696126 -0.2880820
v -3.1178343 -0.7637185 -0.2778869
v -3.1027439 -0.7578026 -0.2676432
v -3.0876822 -0.7518684 -0.2573490
v -3.0726568 -0.7459193 -0.2470026
v -3.0576771 -0.7399590 -0.2366026
v -3.0427509 -0.7339909 -0.2261473
v -3.0278820 -0.7280166 -0.2156316
v -3.0130486 -0.7220284 -0.2050370
v -2.9982174 -0.7160182 -0.1943566
v -2.9833750 -0.7099865 -0.1836038
v -2.9685143 -0.7039371 -0.1727966
v -2.9536280 -0.6978737 -0.1619535
v -2.9387093 -0.6917998 -0.1510931
v -2.9237503 -0.6857190 -0.1402338
v -2.9087433 -0.6796349 -0.1293942
v -2.8936806 -0.6735509 -0.1185933
v -2.8785540 -0.6674708 -0.1078496
v -2.8633549 -0.6613978 -0.0971821
v -2.8480749 -0.6553357 -0.0866099
v -2.8327051 -0.6492878 -0.0761523
v -2.8172369 -0.6432577 -0.0658285
v -2.8016607 -0.6372488 -0.0556582
v -2.7859676 -0.6312649 -0.0456613
v -2.7701481 -0.6253095 -0.0358575
v -2.7541920 -0.6193860 -0.0262672
v -2.7380901 -0.6134984 -0.0169112
v -2.7218328 -0.6076504 -0.0078104
v -2.7054100 -0.6018458 0.0010140
v -2.6888119 -0.5960888 0.0095401
v -2.6720291 -0.5903834 0.0177457
v -2.6550524 -0.5847340 0.0256082
v -2.6378723 -0.5791452 0.0331043
v -2.6204800 -0.5736216 0.0402106
v -2.6028679 -0.5681682 0.0469027
v -2.5850277 -0.5627904 0.0531561
v -2.5669533 -0.5574935 0.0589460
v -2.5486378 -0.5522833 0.0642471
v -2.5300770 -0.5471659 0.0690337
v -2.5112698 -0.5421483 0.0732797
v -2.4922607 -0.5372478 0.0769538
v -2.4731340 -0.5324753 0.0800543
v -2.4539385 -0.5278211 0.0826131
v -2.4346912 -0.5232673 0.0846687
v -2.4154072 -0.5187955 0.0862591
v -2.3961008 -0.5143880 0.0874220
v -2.3767851 -0.5100266 0.0881941
v -2.3574722 -0.5056940 0.0886117
v -2.3381746 -0.5013724 0.0887103
v -2.3189041 -0.4970450 0.0885248
v -2.2996723 -0.4926946 0.0880894
v -2.2804907 -0.4883046 0.0874379
v -2.2613712 -0.4838581 0.0866038
v -2.2423256 -0.4793396 0.0856192
v -2.2233656 -0.4747331 0.0845166
v -2.2045033 -0.4700228 0.0833278
v -2.1857512 -0.4651935 0.0820842
v -2.1671219 -0.4602299 0.0808169
v -2.1486280 -0.4551174 0.0795565
v -2.1302826 -0.4498413 0.0783334
v -2.1120987 -0.4443874 0.0771776
v -2.0940891 -0.4387415 0.0761187
v -2.0762495 -0.4328846 0.0751846
v -2.0585491 -0.4268017 0.0743867
v -2.0409643 -0.4204941 0.0737202
v -2.0234892 -0.4139702 0.0731804
v -2.0061193 -0.4072383 0.0727625
v -1.9888506 -0.4003070 0.0724620
v -1.9716785 -0.3931848 0.0722741
v -1.9545984 -0.3858801 0.0721942
v -1.9376059 -0.3784016 0.0722177
v -1.9206964 -0.3707575 0.0723398
v -1.9038656 -0.3629565 0.0725559
v -1.8871092 -0.3550071 0.0728614
v -1.8704222 -0.3469176 0.0732515
v -1.8538008 -0.3386966 0.0737217
v -1.8372398 -0.3303526 0.0742672
v -1.8207355 -0.3218940 0.0748835
v -1.8042831 -0.3133295 0.0755658
v -1.7878780 -0.3046673 0.0763095
v -1.7715160 -0.2959160 0.0771100
v -1.7551926 -0.2870840 0.0779626
v -1.7389030 -0.2781799 0.0788625
v -1.7226431 -0.2692121 0.0798053
v -1.7064087 -0.2601891 0.0807862
v -1.6901947 -0.2511194 0.0818006
v -1.6739971 -0.2420114 0.0828438
v -1.6578114 -0.2328736 0.0839112
v -1.6416330 -0.2237144 0.0849982
v -1.6254576 -0.2145424 0.0861000
v -1.6092808 -0.2053660 0.0872121
v -1.5930979 -0.1961936 0.0883297
v -1.5769048 -0.1870338 0.0894483
v -1.5606967 -0.1778950 0.0905632
v -1.5444695 -0.1687856 0.0916697
v -1.5282186 -0.1597141 0.0927633
v -1.5119395 -0.1506890 0.0938392
v -1.4956280 -0.1417187 0.0948928
v -1.4792802 -0.1328121 0.0959195
v -1.4628957 -0.1239755 0.0969169
v -1.4464761 -0.1152107 0.0978856
v -1.4300218 -0.1065182 0.0988270
v -1.4135336 -0.0978989 0.0997420
v -1.3970119 -0.0893533 0.1006320
v -1.3804575 -0.0808821 0.1014980
v -1.3638710 -0.0724861 0.1023412
v -1.3472527 -0.0641658 0.1031627
v -1.3306032 -0.0559219 0.1039638
v -1.3139233 -0.0477552 0.1047454
v -1.2972136 -0.0396662 0.1055089
v -1.2804745 -0.0316557 0.1062552
v -1.2637065 -0.0237243 0.1069857
v -1.2469104 -0.0158726 0.1077013
v -1.2300868 -0.0081014 0.1084033
v -1.2132360 -0.0004113 0.1090928
v -1.1963589 0.0071970 0.1097709
v -1.1794559 0.0147229 0.1104388
v -1.1625277 0.0221657 0.1110976
v -1.1455748 0.0295247 0.1117485
v -1.1285977 0.0367994 0.1123926
v -1.1115973 0.0439889 0.1130309
v -1.0945739 0.0510926 0.1136647
v -1.0775280 0.0581100 0.1142951
v -1.0604605 0.0650403 0.1149233
v -1.0433719 0.0718828 0.1155502
v -1.0262626 0.0786370 0.1161772
v -1.0091333 0.0853021 0.1168052
v -0.9919847 0.0918776 0.1174355
v -0.9748173 0.0983626 0.1180691
v -0.9576316 0.1047566 0.1187073
v -0.9404283 0.1110590 0.1193510
v -0.9232080 0.1172690 0.1200014
v -0.9059711 0.1233861 0.1206597
v -0.8887185 0.1294095 0.1213270
v -0.8714506 0.1353387 0.1220043
v -0.8541679 0.1411729 0.1226929
v -0.8368712 0.1469115 0.1233938
v -0.8195610 0.1525539 0.1241081
v -0.8022377 0.1580995 0.1248369
v -0.7848985 0.1635487 0.1255816
v -0.7675351 0.1689052 0.1263425
v -0.7501419 0.1741738 0.1271188
v -0.7327184 0.1793581 0.1279090
v -0.7152644 0.1844614 0.1287118
v -0.6977798 0.1894871 0.1295259
v -0.6802645 0.1944385 0.1303499
v -0.6627182 0.1993191 0.1311823
v -0.6451410 0.2041322 0.1320220
v -0.6275327 0.2088811 0.1328675
v -0.6098931 0.2135694 0.1337174
v -0.5922223 0.2182003 0.1345703
v -0.5745200 0.2227774 0.1354249
v -0.5567863 0.2273039 0.1362798
v -0.5390210 0.2317833 0.1371337
v -0.5212241 0.2362190 0.1379850
v -0.5033956 0.2406145 0.1388325
v -0.4855353 0.2449732 0.1396747
v -0.4676433 0.2492985 0.1405102
v -0.4497194 0.2535938 0.1413377
v -0.4317636 0.2578626 0.1421557
v -0.4137760 0.2621083 0.1429629
v -0.3957564 0.2663345 0.1437577
v -0.3777049 0.2705446 0.1445389
v -0.3596215 0.2747420 0.1453049
v -0.3415060 0.2789303 0.1460544
v -0.3233586 0.2831129 0.1467860
v -0.3051792 0.2872933 0.1474982
v -0.2869678 0.2914750 0.1481895
v -0.2687245 0.2956616 0.1488586
v -0.2504491 0.2998565 0.1495040
v -0.2321418 0.3040632 0.1501244
v -0.2138026 0.3082853 0.1507181
v -0.1954315 0.3125264 0.1512839
v -0.1770285 0.3167898 0.1518202
v -0.1585936 0.3210793 0.1523257
v -0.1401270 0.3253983 0.1527988
v -0.1216286 0.3297504 0.1532382
v -0.1030985 0.3341391 0.1536423
v -0.0845367 0.3385680 0.1540097
v -0.0659433 0.3430407 0.1543389
v -0.0473184 0.3475607 0.1546286
v -0.0286620 0.3521316 0.1548771
v -0.0099743 0.3567570 0.1550832
v 0.0087421 0.3614398 0.1552452
v 0.0274723 0.3661791 0.1553627
v 0.0461990 0.3709695 0.1554394
v 0.0649154 0.3758076 0.1554805
v 0.0836181 0.3806906 0.1554908
v 0.1023033 0.3856158 0.1554755
v 0.1209675 0.3905806 0.1554396
v 0.1396070 0.3955821 0.1553880
v 0.1582180 0.4006176 0.1553257
v 0.1767968 0.4056845 0.1552576
v 0.1953396 0.4107799 0.1551888
v 0.2138428 0.4159012 0.1551240
v 0.2323023 0.4210455 0.1550682
v 0.2507144 0.4262103 0.1550263
v 0.2690751 0.4313927 0.1550032
v 0.2873805 0.4365899 0.1550036
v 0.3056267 0.4417992 0.1550324
v 0.3238096 0.4470179 0.1550945
v 0.3419254 0.4522432 0.1551946
v 0.3599698 0.4574723 0.1553374
v 0.3779389 0.4627025 0.1555278
v 0.3958284 0.4679310 0.1557704
v 0.4136343 0.4731550 0.1560700
v 0.4313523 0.4783717 0.1564312
v 0.4489783 0.4835783 0.1568587
v 0.4665080 0.4887720 0.1573571
v 0.4839370 0.4939500 0.1579310
v 0.5012611 0.4991096 0.1585850
v 0.5184761 0.5042478 0.1593235
v 0.5355772 0.5093618 0.1601511
v 0.5525602 0.5144489 0.1610722
v 0.5694208 0.5195063 0.1620911
v 0.5861542 0.5245310 0.1632124
v 0.6027560 0.5295202 0.1644401
v 0.6192217 0.5344711 0.1657787
v 0.6355465 0.5393809 0.1672322
v 0.6517259 0.5442466 0.1688048
v 0.6677552 0.5490655 0.1705006
v 0.6836297 0.5538348 0.1723234
v 0.6993460 0.5585518 0.1742775
v 0.7149124 0.5632178 0.1763676
v 0.7303522 0.5678377 0.1785964
v 0.7456848 0.5724152 0.1809642
v 0.7609258 0.5769528 0.1834706
v 0.7760905 0.5814530 0.1861155
v 0.7911942 0.5859183 0.1888988
v 0.8062527 0.5903512 0.1918205
v 0.8212810 0.5947540 0.1948806
v 0.8362945 0.5991292 0.1980792
v 0.8513086 0.6034793 0.2014166
v 0.8663384 0.6078064 0.2048927
v 0.8813990 0.6121130 0.2085079
v 0.8965054 0.6164013 0.2122624
v 0.9116726 0.6206735 0.2161564
v 0.9269152 0.6249318 0.2201901
v 0.9422480 0.6291781 0.2243638
v 0.9576855 0.6334148 0.2286776
v 0.9732420 0.6376436 0.2331317
v 0.9889318 0.6418666 0.2377262
v 1.0047691 0.6460857 0.2424612
v 1.0207682 0.6503027 0.2473368
v 1.0369424 0.6545196 0.2523529
v 1.0533059 0.6587379 0.2575094
v 1.0698725 0.6629595 0.2628063
v 1.0866554 0.6671861 0.2682432
v 1.1036683 0.6714193 0.2738200
v 1.1209246 0.6756609 0.2795364
v 1.1384376 0.6799124 0.2853919
v 1.1562206 0.6841755 0.2913862
v 1.1742869 0.6884519 0.2975188
v 1.1926494 0.6927430 0.3037892
v 1.2113212 0.6970504 0.3101967
v 1.2303154 0.7013758 0.3167408
v 1.2496449 0.7057208 0.3234210
v 1.2693231 0.7100868 0.3302364
v 1.2893625 0.7144756 0.3371864
v 1.3097763 0.7188887 0.3442703
v 1.3305772 0.7233276 0.3514872
v 1.3517780 0.7277940 0.3588366
v 1.3733922 0.7322895 0.3663175
v 1.3954285 0.7368150 0.3739281
v 1.4178631 0.7413665 0.3816578
v 1.4406407 0.7459356 0.3894883
v 1.4637070 0.7505142 0.3974020
v 1.4870077 0.7550942 0.4053811
v 1.5104888 0.7596674 0.4134079
v 1.5340962 0.7642261 0.4214648
v 1.5577760 0.7687619 0.4295341
v 1.5814738 0.7732670 0.4375982
v 1.6051357 0.7777333 0.4456396
v 1.6287083 0.7821528 0.4536404
v 1.6521370 0.7865174 0.4615832
v 1.6753681 0.7908193 0.4694504
v 1.6983475 0.7950502 0.4772243
v 1.7210217 0.7992024 0.4848874
v 1.7433365 0.8032678 0.4924219
v 1.7652380 0.8072381 0.4998105
v 1.7866724 0.8111057 0.5070354
v 1.8075859 0.8148624 0.5140791
v 1.8279243 0.8185004 0.5209240
v 1.8476341 0.8220116 0.5275525
v 1.8666615 0.8253880 0.5339471
v 1.8849522 0.8286214 0.5400901
v 1.9024527 0.8317040 0.5459640
v 1.9191090 0.8346279 0.5515512
v 1.9348673 0.8373851 0.5568342
v 1.9496738 0.8399674 0.5617953
v 1.9634747 0.8423671 0.5664170
v 1.9762159 0.8445760 0.5706817
v 1.9878439 0.8465861 0.5745718
v 1.9983046 0.8483894 0.5780698
v 2.0075443 0.8499782 0.5811581
v 2.0155096 0.8513443 0.5838192
v 2.0221457 0.8524796 0.5860354
v 2.0273993 0.8533763 0.5877892
v 2.0312166 0.8540264 0.5890630
v 2.0335438 0.8544218 0.5898393
v 2.0343306 0.8545552 0.5901016
v -4.0085041 -1.0192137 -0.9008085
v -4.0072510 -1.0188079 -0.8998762
v -4.0036079 -1.0176283 -0.8971647
v -3.9977375 -1.0157280 -0.8927935
v -3.9898018 -1.0131606 -0.8868819
v -3.9799717 -1.0099816 -0.8795556
v -3.9684132 -1.0062456 -0.8709364
v -3.9552940 -1.0020074 -0.8611478
v -3.9407814 -0.9973219 -0.8503130
v -3.9250427 -0.9922439 -0.8385548
v -3.9082458 -0.9868282 -0.8259971
v -3.8905586 -0.9811301 -0.8127631
v -3.8721485 -0.9752040 -0.7989757
v -3.8531834 -0.9691053 -0.7847589
v -3.8338322 -0.9628889 -0.7702363
v -3.8142609 -0.9566094 -0.7555305
v -3.7946388 -0.9503225 -0.7407664
v -3.7751358 -0.9440833 -0.7260680
v -3.7559193 -0.9379467 -0.7115588
v -3.7371582 -0.9319684 -0.6973638
v -3.7190098 -0.9261994 -0.6835982
v -3.7015125 -0.9206511 -0.6702937
v -3.6846176 -0.9153048 -0.6574204
v -3.6682774 -0.9101423 -0.6449505
v -3.6524460 -0.9051456 -0.6328565
v -3.6370770 -0.9002972 -0.6211106
v -3.6221241 -0.8955786 -0.6096856
v -3.6075401 -0.8909720 -0.5985533
v -3.5932796 -0.8864596 -0.5876873
v -3.5792976 -0.8820238 -0.5770607
v -3.5655472 -0.8776464 -0.5666463
v -3.5519840 -0.8733102 -0.5564183
v -3.5385635 -0.8689974 -0.5463505
v -3.5252419 -0.8646909 -0.5364184
v -3.5119762 -0.8603735 -0.5265967
v -3.4987225 -0.8560280 -0.5168609
v -3.4854393 -0.8516380 -0.5071877
v -3.4720856 -0.8471867 -0.4975529
v -3.4586189 -0.8426575 -0.4879332
v -3.4450035 -0.8380359 -0.4783087
v -3.4312286 -0.8333169 -0.4686746
v -3.4173145 -0.8285073 -0.4590375
v -3.4032700 -0.8236115 -0.4493956
v -3.3891037 -0.8186327 -0.4397466
v -3.3748226 -0.8135745 -0.4300870
v -3.3604340 -0.8084397 -0.4204138
v -3.3459457 -0.8032322 -0.4107248
v -3.3313656 -0.7979552 -0.4010170
v -3.3167011 -0.7926120 -0.3912882
v -3.3019608 -0.7872061 -0.3815358
v -3.2871521 -0.7817408 -0.3717574
v -3.2722824 -0.7762194 -0.3619505
v -3.2573608 -0.7706457 -0.3521136
v -3.2423950 -0.7650229 -0.3422440
v -3.2273926 -0.7593542 -0.3323394
v -3.2123619 -0.7536433 -0.3223984
v -3.1973114 -0.7478938 -0.3124187
v -3.1822491 -0.7421090 -0.3023983
v -3.1671831 -0.7362923 -0.2923355
v -3.1521217 -0.7304473 -0.2822284
v -3.1370733 -0.7245775 -0.2720753
v -3.1220463 -0.7186864 -0.2618746
v -3.1070488 -0.7127776 -0.2516244
v -3.0920893 -0.7068545 -0.2413232
v -3.0771765 -0.7009208 -0.2309697
v -3.0623184 -0.6949800 -0.2205621
v -3.0475176 -0.6890330 -0.2100946
v -3.0327457 -0.6830697 -0.1995439
v -3.0179623 -0.6770788 -0.1888979
v -3.0031523 -0.6710604 -0.1781686
v -2.9883089 -0.6650179 -0.1673739
v -2.9734243 -0.6589552 -0.1565321
v -2.9584923 -0.6528759 -0.1456620
v -2.9435045 -0.6467834 -0.1347818
v -2.9284533 -0.6406813 -0.1239102
v -2.9133303 -0.6345731 -0.1130661
v -2.8981274 -0.6284623 -0.1022683
v -2.8828356 -0.6223523 -0.0915357
v -2.8674458 -0.6162466 -0.0808877
v -2.8519489 -0.6101487 -0.0703436
v -2.8363356 -0.6040620 -0.0599231
v -2.8205956 -0.5979900 -0.0496459
v -2.8047195 -0.5919363 -0.0395324
v -2.7886969 -0.5859045 -0.0296029
v -2.7725168 -0.5798979 -0.0198781
v -2.7561695 -0.5739205 -0.0103795
v -2.7396444 -0.5679763 -0.0011290
v -2.7229303 -0.5620688 0.0078518
v -2.7060171 -0.5562025 0.0165397
v -2.6888947 -0.5503816 0.0249113
v -2.6715523 -0.5446106 0.0329429
v -2.6539808 -0.5388945 0.0406098
v -2.6361704 -0.5332381 0.0478867
v -2.6181131 -0.5276470 0.0547478
v -2.5998011 -0.5221269 0.0611665
v -2.5812275 -0.5166839 0.0671161
v -2.5623865 -0.5113242 0.0725691
v -2.5432743 -0.5060548 0.0774978
v -2.5238926 -0.5008840 0.0818734
v -2.5043106 -0.4958356 0.0856585
v -2.4846508 -0.4909301 0.0888458
v -2.4649794 -0.4861604 0.0914685
v -2.4453146 -0.4815077 0.0935690
v -2.4256716 -0.4769526 0.0951894
v -2.4060646 -0.4724764 0.0963707
v -2.3865059 -0.4680603 0.0971528
v -2.3670076 -0.4636859 0.0975746
v -2.3475813 -0.4593356 0.0976741
v -2.3282379 -0.4549918 0.0974882
v -2.3089884 -0.4506374 0.0970526
v -2.2898439 -0.4462560 0.0964026
v -2.2708157 -0.4418306 0.0955724
v -2.2519150 -0.4373466 0.0945953
v -2.2331535 -0.4327885 0.0935043
v -2.2145433 -0.4281413 0.0923314
v -2.1960968 -0.4233907 0.0911081
v -2.1778269 -0.4185231 0.0898652
v -2.1597462 -0.4135249 0.0886329
v -2.1418684 -0.4083834 0.0874410
v -2.1242071 -0.4030864 0.0863183
v -2.1067743 -0.3976216 0.0852933
v -2.0895483 -0.3919663 0.0843913
v -2.0724609 -0.3860939 0.0836211
v -2.0554670 -0.3799983 0.0829770
v -2.0385593 -0.3736862 0.0824547
v -2.0217339 -0.3671651 0.0820500
v -2.0049856 -0.3604426 0.0817585
v -1.9883099 -0.3535262 0.0815761
v -1.9717024 -0.3464236 0.0814985
v -1.9551582 -0.3391423 0.0815213
v -1.9386734 -0.3316901 0.0816404
v -1.9222433 -0.3240748 0.0818514
v -1.9058638 -0.3163041 0.0821500
v -1.8895302 -0.3083858 0.0825320
v -1.8732386 -0.3003280 0.0829928
v -1.8569843 -0.2921385 0.0835283
v -1.8407639 -0.2838252 0.0841340
v -1.8245720 -0.2753963 0.0848055
v -1.8084051 -0.2668598 0.0855385
v -1.7922586 -0.2582238 0.0863284
v -1.7761286 -0.2494966 0.0871709
v -1.7600105 -0.2406861 0.0880614
v -1.7439003 -0.2318008 0.0889955
v -1.7277935 -0.2228488 0.0899687
v -1.7116859 -0.2138385 0.0909765
v -1.6955732 -0.2047782 0.0920142
v -1.6794508 -0.1956762 0.0930775
v -1.6633148 -0.1865410 0.0941616
v -1.6471605 -0.1773809 0.0952619
v -1.6309835 -0.1682044 0.0963740
v -1.6147795 -0.1590201 0.0974931
v -1.5985440 -0.1498363 0.0986146
v -1.5822724 -0.1406617 0.0997339
v -1.5659605 -0.1315047 0.1008462
v -1.5496036 -0.1223741 0.1019469
v -1.5331970 -0.1132783 0.1030312
v -1.5167365 -0.1042262 0.1040945
v -1.5002226 -0.0952290 0.1051316
v -1.4836643 -0.0862988 0.1061395
v -1.4670699 -0.0774406 0.1071186
v -1.4504401 -0.0686554 0.1080700
v -1.4337759 -0.0599440 0.1089948
v -1.4170774 -0.0513070 0.1098943
v -1.4003456 -0.0427451 0.1107696
v -1.3835809 -0.0342588 0.1116218
v -1.3667837 -0.0258490 0.1124522
v -1.3499548 -0.0175163 0.1132619
v -1.3330946 -0.0092613 0.1140520
v -1.3162039 -0.0010847 0.1148237
v -1.2992829 0.0070128 0.1155782
v -1.2823324 0.0150306 0.1163165
v -1.2653530 0.0229679 0.1170400
v -1.2483453 0.0308242 0.1177497
v -1.2313096 0.0385987 0.1184467
v -1.2142467 0.0462908 0.1191323
v -1.1971572 0.0538998 0.1198076
v -1.1800415 0.0614250 0.1204737
v -1.1629003 0.0688658 0.1211318
v -1.1457340 0.0762214 0.1217830
v -1.1285434 0.0834914 0.1224285
v -1.1113290 0.0906748 0.1230695
v -1.0940911 0.0977712 0.1237070
v -1.0768308 0.1047798 0.1243422
v -1.0595483 0.1117000 0.1249763
v -1.0422441 0.1185311 0.1256104
v -1.0249191 0.1252724 0.1262456
v -1.0075738 0.1319232 0.1268831
v -0.9902085 0.1384830 0.1275240
v -0.9728240 0.1449510 0.1281695
v -0.9554208 0.1513266 0.1288207
v -0.9379995 0.1576091 0.1294788
v -0.9205607 0.1637978 0.1301448
v -0.9031051 0.1698921 0.1308199
v -0.8856331 0.1758914 0.1315053
v -0.8681451 0.1817949 0.1322020
v -0.8506420 0.1876020 0.1329112
v -0.8331243 0.1933120 0.1336341
v -0.8155925 0.1989244 0.1343717
v -0.7980450 0.2044390 0.1351253
v -0.7804771 0.2098586 0.1358952
v -0.7628855 0.2151873 0.1366803
v -0.7452699 0.2204288 0.1374793
v -0.7276302 0.2255864 0.1382906
v -0.7099664 0.2306636 0.1391130
v -0.6922783 0.2356639 0.1399451
v -0.6745659 0.2405907 0.1407855
v -0.6568292 0.2454474 0.1416328
v -0.6390681 0.2502376 0.1424856
v -0.6212825 0.2549647 0.1433425
v -0.6034724 0.2596322 0.1442022
v -0.5856378 0.2642434 0.1450632
v -0.5677785 0.2688020 0.1459242
v -0.5498945 0.2733113 0.1467837
v -0.5319860 0.2777749 0.1476404
v -0.5140526 0.2821963 0.1484928
v -0.4960946 0.2865788 0.1493396
v -0.4781116 0.2909260 0.1501794
v -0.4601039 0.2952414 0.1510108
v -0.4420713 0.2995285 0.1518323
v -0.4240139 0.3037907 0.1526426
v -0.4059316 0.3080317 0.1534402
v -0.3878243 0.3122547 0.1542238
v -0.3696921 0.3164635 0.1549919
v -0.3515349 0.3206614 0.1557431
v -0.3333527 0.3248520 0.1564761
v -0.3151456 0.3290388 0.1571893
v -0.2969134 0.3332253 0.1578815
v -0.2786562 0.3374150 0.1585511
v -0.2603740 0.3416115 0.1591968
v -0.2420668 0.3458182 0.1598171
v -0.2237345 0.3500387 0.1604106
v -0.2053772 0.3542766 0.1609760
v -0.1869949 0.3585352 0.1615117
v -0.1685876 0.3628183 0.1620164
v -0.1501552 0.3671293 0.1624887
v -0.1316978 0.3714717 0.1629270
v -0.1132154 0.3758491 0.1633301
v -0.0947080 0.3802650 0.1636964
v -0.0761756 0.3847230 0.1640246
v -0.0576183 0.3892267 0.1643132
v -0.0390360 0.3937794 0.1645608
v -0.0204288 0.3983849 0.1647660
v -0.0017988 0.4030461 0.1649272
v 0.0168425 0.4077629 0.1650442
v 0.0354810 0.4125307 0.1651205
v 0.0541107 0.4173464 0.1651614
v 0.0727279 0.4222071 0.1651717
v 0.0913290 0.4271101 0.1651565
v 0.1099102 0.4320528 0.1651207
v 0.1284679 0.4370324 0.1650693
v 0.1469981 0.4420461 0.1650073
v 0.1654971 0.4470912 0.1649395
v 0.1839612 0.4521649 0.1648709
v 0.2023864 0.4572646 0.1648064
v 0.2207689 0.4623875 0.1647509
v 0.2391047 0.4675309 0.1647092
v 0.2573899 0.4726919 0.1646861
v 0.2756205 0.4778679 0.1646865
v 0.2937925 0.4830561 0.1647153
v 0.3119018 0.4882536 0.1647771
v 0.3299445 0.4934578 0.1648767
v 0.3479164 0.4986660 0.1650190
v 0.3658133 0.5038752 0.1652086
v 0.3836311 0.5090827 0.1654503
v 0.4013656 0.5142857 0.1657487
v 0.4190125 0.5194815 0.1661085
v 0.4365678 0.5246672 0.1665342
v 0.4540268 0.5298399 0.1670306
v 0.4713855 0.5349971 0.1676022
v 0.4886394 0.5401357 0.1682535
v 0.5057840 0.5452529 0.1689890
v 0.5228150 0.5503460 0.1698132
v 0.5397280 0.5554121 0.1707305
v 0.5565183 0.5604484 0.1717452
v 0.5731814 0.5654520 0.1728617
v 0.5897129 0.5704200 0.1740843
v 0.6061079 0.5753497 0.1754171
v 0.6223619 0.5802382 0.1768643
v 0.6384702 0.5850826 0.1784300
v 0.6544282 0.5898800 0.1801182
v 0.6702311 0.5946278 0.1819329
v 0.6858756 0.5993233 0.1838780
v 0.7013722 0.6039683 0.1859588
v 0.7167470 0.6085687 0.1881782
v 0.7320204 0.6131286 0.1905368
v 0.7472083 0.6176504 0.1930345
v 0.7623262 0.6221367 0.1956712
v 0.7773896 0.6265901 0.1984471
v 0.7924142 0.6310130 0.2013623
v 0.8074154 0.6354079 0.2044169
v 0.8224085 0.6397772 0.2076112
v 0.8374089 0.6441233 0.2109455
v 0.8524318 0.6484484 0.2144201
v 0.8674922 0.6527549 0.2180353
v 0.8826051 0.6570450 0.2217914
v 0.8977853 0.6613209 0.2256887
v 0.9130473 0.6655846 0.2297276
v 0.9284058 0.6698380 0.2339082
v 0.9438749 0.6740834 0.2382309
v 0.9594689 0.6783224 0.2426958
v 0.9752019 0.6825571 0.2473029
v 0.9910878 0.6867890 0.2520525
v 1.0071404 0.6910202 0.2569444
v 1.0233732 0.6952523 0.2619787
v 1.0397998 0.6994869 0.2671551
v 1.0564337 0.7037256 0.2724735
v 1.0732880 0.7079702 0.2779335
v 1.0903759 0.7122221 0.2835349
v 1.1077106 0.7164830 0.2892772
v 1.1253053 0.7207543 0.2951601
v 1.1431727 0.7250377 0.3011829
v 1.1613260 0.7293345 0.3073450
v 1.1797777 0.7336465 0.3136458
v 1.1985409 0.7379751 0.3200847
v 1.2176283 0.7423217 0.3266609
v 1.2370525 0.7466879 0.3333738
v 1.2568266 0.7510753 0.3402224
v 1.2769630 0.7554852 0.3472061
v 1.2974748 0.7599195 0.3543240
v 1.3183742 0.7643795 0.3615751
v 1.3396742 0.7688667 0.3689588
v 1.3613875 0.7733829 0.3764741
v 1.3835212 0.7779284 0.3841183
v 1.4060473 0.7824985 0.3918795
v 1.4289092 0.7870844 0.3997390
v 1.4520532 0.7916784 0.4076794
v 1.4754260 0.7962726 0.4156831
v 1.4989738 0.8008589 0.4237327
v 1.5226434 0.8054296 0.4318109
v 1.5463811 0.8099765 0.4399000
v 1.5701332 0.8144919 0.4479825
v 1.5938461 0.8189678 0.4560411
v 1.6174664 0.8233963 0.4640583
v 1.6409401 0.8277692 0.4720163
v 1.6642134 0.8320789 0.4798978
v 1.6872330 0.8363173 0.4876852
v 1.7099449 0.8404763 0.4953610
v 1.7322954 0.8445482 0.5029077
v 1.7542311 0.8485248 0.5103077
v 1.7756977 0.8523982 0.5175435
v 1.7966417 0.8561604 0.5245975
v 1.8170095 0.8598037 0.5314523
v 1.8367472 0.8633197 0.5380902
v 1.8558010 0.8667007 0.5444937
v 1.8741173 0.8699388 0.5506453
v 1.8916420 0.8730257 0.5565273
v 1.9083216 0.8759537 0.5621223
v 1.9241022 0.8787147 0.5674127
v 1.9389299 0.8813007 0.5723810
v 1.9527514 0.8837040 0.5770096
v 1.9655125 0.8859163 0.5812809
v 1.9771595 0.8879297 0.5851774
v 1.9876385 0.8897363 0.5886815
v 1.9968956 0.8913280 0.5917756
v 2.0048775 0.8926969 0.5944423
v 2.0115299 0.8938351 0.5966640
v 2.0167990 0.8947344 0.5984229
v 2.0206314 0.8953871 0.5997018
v 2.0229723 0.8957849 0.6004826
v 2.0237650 0.8959192 0.6007470
v -4.0133690 -0.9771044 -0.9126014
v -4.0121140 -0.9766978 -0.9116673
v -4.0084660 -0.9755167 -0.9089523
v -4.0025902 -0.9736146 -0.9045769
v -3.9946480 -0.9710452 -0.8986606
v -3.9848114 -0.9678641 -0.8913295
v -3.9732456 -0.9641257 -0.8827048
v -3.9601185 -0.9598850 -0.8729104
v -3.9455975 -0.9551968 -0.8620692
v -3.9298492 -0.9501157 -0.8503040
v -3.9130424 -0.9446968 -0.8377388
v -3.8953442 -0.9389951 -0.8244966
v -3.8769218 -0.9330649 -0.8106998
v -3.8579426 -0.9269619 -0.7964727
v -3.8385761 -0.9207405 -0.7819386
v -3.8189873 -0.9144555 -0.7672196
v -3.7993458 -0.9081622 -0.7524406
v -3.7798199 -0.9019157 -0.7377252
v -3.7605770 -0.8957708 -0.7231963
v -3.7417858 -0.8897828 -0.7089783
v -3.7236050 -0.8840035 -0.6951880
v -3.7060776 -0.8784457 -0.6818607
v -3.6891586 -0.8730917 -0.6689691
v -3.6728012 -0.8679238 -0.6564861
v -3.6569603 -0.8629242 -0.6443846
v -3.6415897 -0.8580752 -0.6326379
v -3.6266453 -0.8533593 -0.6212191
v -3.6120792 -0.8487584 -0.6101006
v -3.5978474 -0.8442551 -0.5992565
v -3.5839054 -0.8398319 -0.5886602
v -3.5702065 -0.8354711 -0.5782848
v -3.5567066 -0.8311549 -0.5681045
v -3.5433613 -0.8268662 -0.5580930
v -3.5301262 -0.8225878 -0.5482255
v -3.5169582 -0.8183022 -0.5384763
v -3.5038128 -0.8139922 -0.5288200
v -3.4906479 -0.8096413 -0.5192326
v -3.4774204 -0.8052321 -0.5096891
v -3.4640873 -0.8007480 -0.5001649
v -3.4506100 -0.7961732 -0.4906380
v -3.4369713 -0.7915008 -0.4810989
v -3.4231861 -0.7867357 -0.4715511
v -3.4092625 -0.7818820 -0.4619923
v -3.3952099 -0.7769433 -0.4524208
v -3.3810356 -0.7719228 -0.4428335
v -3.3667465 -0.7668238 -0.4332274
v -3.3523518 -0.7616498 -0.4236008
v -3.3378586 -0.7564042 -0.4139509
v -3.3232750 -0.7510904 -0.4042757
v -3.3086094 -0.7457120 -0.3945728
v -3.2938698 -0.7402721 -0.3848400
v -3.2790638 -0.7347743 -0.3750750
v -3.2642002 -0.7292222 -0.3652763
v -3.2492870 -0.7236192 -0.3554415
v -3.2343319 -0.7179685 -0.3455682
v -3.2193439 -0.7122737 -0.3356552
v -3.2043308 -0.7065385 -0.3257003
v -3.1893011 -0.7007662 -0.3157017
v -3.1742628 -0.6949603 -0.3056574
v -3.1592247 -0.6891243 -0.2955659
v -3.1441948 -0.6832617 -0.2854254
v -3.1291819 -0.6773762 -0.2752341
v -3.1141939 -0.6714711 -0.2649904
v -3.0992393 -0.6655500 -0.2546927
v -3.0843273 -0.6596166 -0.2443398
v -3.0694658 -0.6536743 -0.2339296
v -3.0546574 -0.6477243 -0.2234569
v -3.0398766 -0.6417574 -0.2128998
v -3.0250854 -0.6357634 -0.2022483
v -3.0102699 -0.6297427 -0.1915148
v -2.9954224 -0.6236987 -0.1807172
v -2.9805357 -0.6176350 -0.1698738
v -2.9656033 -0.6115555 -0.1590034
v -2.9506170 -0.6054637 -0.1481244
v -2.9355692 -0.5993629 -0.1372552
v -2.9204514 -0.5932568 -0.1264148
v -2.9052555 -0.5871489 -0.1156220
v -2.8899727 -0.5810424 -0.1048958
v -2.8745939 -0.5749412 -0.0942554
v -2.8591103 -0.5688484 -0.0837202
v -2.8435120 -0.5627676 -0.0733098
v -2.8277895 -0.5567023 -0.0630440
v -2.8119331 -0.5506562 -0.0529430
v -2.7959324 -0.5446326 -0.0430271
v -2.7797768 -0.5386351 -0.0333170
v -2.7634563 -0.5326675 -0.0238341
v -2.7469608 -0.5267339 -0.0146000
v -2.7302792 -0.5208379 -0.0056367
v -2.7134010 -0.5149837 0.0030332
v -2.6963165 -0.5091757 0.0113863
v -2.6790152 -0.5034184 0.0193989
v -2.6614876 -0.4977166 0.0270466
v -2.6437244 -0.4920752 0.0343043
v -2.6257175 -0.4864996 0.0411463
v -2.6074589 -0.4809957 0.0475463
v -2.5889420 -0.4755692 0.0534778
v -2.5701607 -0.4702265 0.0589135
v -2.5511112 -0.4649745 0.0638260
v -2.5317957 -0.4598212 0.0681867
v -2.5122873 -0.4547919 0.0719577
v -2.4927162 -0.4499084 0.0751308
v -2.4731514 -0.4451645 0.0777393
v -2.4536104 -0.4405411 0.0798268
v -2.4341091 -0.4360189 0.0814356
v -2.4146608 -0.4315789 0.0826074
v -2.3952778 -0.4272024 0.0833826
v -2.3759722 -0.4228713 0.0838004
v -2.3567549 -0.4185677 0.0838989
v -2.3376375 -0.4142746 0.0837152
v -2.3186306 -0.4099751 0.0832853
v -2.2997454 -0.4056531 0.0826442
v -2.2809933 -0.4012920 0.0818258
v -2.2623859 -0.3968776 0.0808639
v -2.2439350 -0.3923950 0.0797909
v -2.2256531 -0.3878298 0.0786387
v -2.2075529 -0.3831685 0.0774383
v -2.1896477 -0.3783980 0.0762202
v -2.1719505 -0.3735059 0.0750141
v -2.1544756 -0.3684804 0.0738490
v -2.1372368 -0.3633102 0.0727532
v -2.1202463 -0.3579842 0.0717541
v -2.1034740 -0.3524778 0.0708758
v -2.0868338 -0.3467590 0.0701258
v -2.0702703 -0.3408178 0.0694981
v -2.0537762 -0.3346599 0.0689886
v -2.0373465 -0.3282923 0.0685934
v -2.0209764 -0.3217215 0.0683086
v -2.0046612 -0.3149546 0.0681301
v -1.9883963 -0.3079984 0.0680541
v -1.9721771 -0.3008601 0.0680765
v -1.9559994 -0.2935467 0.0681934
v -1.9398586 -0.2860654 0.0684007
v -1.9237507 -0.2784236 0.0686944
v -1.9076714 -0.2706285 0.0690704
v -1.8916166 -0.2626878 0.0695246
v -1.8755821 -0.2546089 0.0700529
v -1.8595640 -0.2463994 0.0706510
v -1.8435577 -0.2380670 0.0713149
v -1.8275595 -0.2296196 0.0720402
v -1.8115652 -0.2210650 0.0728227
v -1.7955709 -0.2124110 0.0736581
v -1.7795721 -0.2036657 0.0745420
v -1.7635649 -0.1948372 0.0754702
v -1.7475449 -0.1859335 0.0764381
v -1.7315083 -0.1769628 0.0774415
v -1.7154503 -0.1679334 0.0784757
v -1.6993671 -0.1588535 0.0795364
v -1.6832544 -0.1497315 0.0806189
v -1.6671078 -0.1405757 0.0817188
v -1.6509226 -0.1313945 0.0828314
v -1.6346947 -0.1221967 0.0839522
v -1.6184195 -0.1129905 0.0850764
v -1.6020926 -0.1037847 0.0861995
v -1.5857096 -0.0945879 0.0873166
v -1.5692657 -0.0854086 0.0884231
v -1.5527562 -0.0762559 0.0895143
v -1.5361770 -0.0671384 0.0905852
v -1.5195309 -0.0580693 0.0916306
v -1.5028342 -0.0490644 0.0926470
v -1.4860991 -0.0401311 0.0936343
v -1.4693270 -0.0312707 0.0945939
v -1.4525185 -0.0224839 0.0955267
v -1.4356739 -0.0137713 0.0964341
v -1.4187942 -0.0051337 0.0973171
v -1.4018797 0.0034283 0.0981770
v -1.3849307 0.0119141 0.0990148
v -1.3679482 0.0203229 0.0998319
v -1.3509325 0.0286541 0.1006293
v -1.3338842 0.0369069 0.1014082
v -1.3168038 0.0450808 0.1021698
v -1.2996919 0.0531749 0.1029152
v -1.2825491 0.0611886 0.1036456
v -1.2653758 0.0691213 0.1043622
v -1.2481727 0.0769722 0.1050661
v -1.2309402 0.0847407 0.1057585
v -1.2136790 0.0924262 0.1064406
v -1.1963896 0.1000278 0.1071134
v -1.1790725 0.1075449 0.1077783
v -1.1617283 0.1149768 0.1084363
v -1.1443575 0.1223229 0.1090885
v -1.1269608 0.1295825 0.1097363
v -1.1095384 0.1367548 0.1103806
v -1.0920913 0.1438393 0.1110227
v -1.0746198 0.1508351 0.1116637
v -1.0571244 0.1577417 0.1123048
v -1.0396059 0.1645583 0.1129471
v -1.0220647 0.1712842 0.1135918
v -1.0045012 0.1779189 0.1142401
v -0.9869163 0.1844615 0.1148930
v -0.9693103 0.1909113 0.1155518
v -0.9516837 0.1972678 0.1162176
v -0.9340374 0.2035302 0.1168915
v -0.9163716 0.2096979 0.1175748
v -0.8986871 0.2157701 0.1182685
v -0.8809842 0.2217462 0.1189737
v -0.8632637 0.2276254 0.1196918
v -0.8455260 0.2334071 0.1204237
v -0.8277719 0.2390906 0.1211707
v -0.8100015 0.2446754 0.1219339
v -0.7922151 0.2501624 0.1227134
v -0.7744124 0.2555550 0.1235079
v -0.7565936 0.2608570 0.1243160
v -0.7387586 0.2660717 0.1251364
v -0.7209074 0.2712028 0.1259675
v -0.7030400 0.2762537 0.1268080
v -0.6851564 0.2812282 0.1276565
v -0.6672566 0.2861296 0.1285116
v -0.6493408 0.2909615 0.1293718
v -0.6314087 0.2957275 0.1302358
v -0.6134605 0.3004312 0.1311022
v -0.5954961 0.3050760 0.1319694
v -0.5775155 0.3096656 0.1328362
v -0.5595186 0.3142034 0.1337012
v -0.5415056 0.3186930 0.1345629
v -0.5234764 0.3231380 0.1354199
v -0.5054308 0.3275418 0.1362708
v -0.4873691 0.3319081 0.1371143
v -0.4692910 0.3362404 0.1379489
v -0.4511966 0.3405422 0.1387733
v -0.4330859 0.3448170 0.1395859
v -0.4149588 0.3490684 0.1403855
v -0.3968154 0.3533000 0.1411707
v -0.3786555 0.3575151 0.1419399
v -0.3604791 0.3617175 0.1426920
v -0.3422864 0.3659105 0.1434254
v -0.3240771 0.3700978 0.1441387
v -0.3058512 0.3742829 0.1448306
v -0.2876088 0.3784692 0.1454997
v -0.2693498 0.3826603 0.1461446
v -0.2510741 0.3868598 0.1467638
v -0.2327817 0.3910712 0.1473561
v -0.2144726 0.3952978 0.1479199
v -0.1961468 0.3995435 0.1484540
v -0.1778041 0.4038115 0.1489570
v -0.1594447 0.4081054 0.1494273
v -0.1410683 0.4124287 0.1498638
v -0.1226750 0.4167850 0.1502649
v -0.1042647 0.4211778 0.1506293
v -0.0858375 0.4256105 0.1509557
v -0.0673931 0.4300867 0.1512425
v -0.0489317 0.4346098 0.1514885
v -0.0304531 0.4391835 0.1516922
v -0.0119582 0.4438109 0.1518523
v 0.0065478 0.4484934 0.1519684
v 0.0250568 0.4532281 0.1520443
v 0.0435641 0.4580122 0.1520848
v 0.0620659 0.4628427 0.1520951
v 0.0805584 0.4677172 0.1520799
v 0.0990379 0.4726328 0.1520443
v 0.1175005 0.4775868 0.1519932
v 0.1359423 0.4825766 0.1519315
v 0.1543595 0.4875994 0.1518640
v 0.1727482 0.4926525 0.1517957
v 0.1911045 0.4977331 0.1517315
v 0.2094243 0.5028385 0.1516761
v 0.2277039 0.5079661 0.1516345
v 0.2459391 0.5131131 0.1516115
v 0.2641261 0.5182767 0.1516120
v 0.2822609 0.5234542 0.1516406
v 0.3003393 0.5286428 0.1517023
v 0.3183572 0.5338399 0.1518019
v 0.3363107 0.5390428 0.1519440
v 0.3541957 0.5442485 0.1521335
v 0.3720079 0.5494544 0.1523751
v 0.3897433 0.5546576 0.1526735
v 0.4073977 0.5598556 0.1530334
v 0.4249668 0.5650454 0.1534595
v 0.4424465 0.5702243 0.1539565
v 0.4598324 0.5753895 0.1545290
v 0.4771204 0.5805383 0.1551816
v 0.4943062 0.5856678 0.1559189
v 0.5113853 0.5907753 0.1567454
v 0.5283536 0.5958580 0.1576657
v 0.5452065 0.6009130 0.1586843
v 0.5619397 0.6059377 0.1598055
v 0.5785488 0.6109291 0.1610338
v 0.5950293 0.6158844 0.1623736
v 0.6113766 0.6208010 0.1638291
v 0.6275865 0.6256759 0.1654047
v 0.6436543 0.6305064 0.1671046
v 0.6595755 0.6352896 0.1689328
v 0.6753469 0.6400233 0.1708937
v 0.6909777 0.6447085 0.1729925
v 0.7064919 0.6493506 0.1752321
v 0.7219095 0.6539535 0.1776130
v 0.7372458 0.6585195 0.1801351
v 0.7525160 0.6630511 0.1827984
v 0.7677353 0.6675505 0.1856030
v 0.7829189 0.6720202 0.1885490
v 0.7980819 0.6764626 0.1916366
v 0.8132393 0.6808797 0.1948659
v 0.8284059 0.6852739 0.1982372
v 0.8435964 0.6896473 0.2017505
v 0.8588255 0.6940021 0.2054062
v 0.8741078 0.6983403 0.2092044
v 0.8894575 0.7026639 0.2131453
v 0.9048890 0.7069749 0.2172290
v 0.9204164 0.7112751 0.2214556
v 0.9360535 0.7155666 0.2258252
v 0.9518141 0.7198509 0.2303378
v 0.9677120 0.7241300 0.2349932
v 0.9837608 0.7284053 0.2397915
v 0.9999741 0.7326788 0.2447324
v 1.0163649 0.7369521 0.2498157
v 1.0329468 0.7412267 0.2550410
v 1.0497329 0.7455043 0.2604080
v 1.0667360 0.7497864 0.2659163
v 1.0839695 0.7540745 0.2715654
v 1.1014462 0.7583703 0.2773548
v 1.1191791 0.7626751 0.2832838
v 1.1371809 0.7669907 0.2893519
v 1.1554645 0.7713185 0.2955582
v 1.1740426 0.7756600 0.3019022
v 1.1929282 0.7800168 0.3083832
v 1.2121339 0.7843903 0.3150001
v 1.2316723 0.7887822 0.3217524
v 1.2515564 0.7931940 0.3286392
v 1.2717989 0.7976272 0.3356596
v 1.2924125 0.8020835 0.3428128
v 1.3134098 0.8065643 0.3500980
v 1.3348038 0.8110714 0.3575142
v 1.3566070 0.8156062 0.3650606
v 1.3788259 0.8201693 0.3727343
v 1.4014312 0.8247554 0.3805228
v 1.4243658 0.8293559 0.3884073
v 1.4475769 0.8339633 0.3963706
v 1.4710119 0.8385697 0.4043957
v 1.4946176 0.8431672 0.4124650
v 1.5183408 0.8477482 0.4205615
v 1.5421287 0.8523047 0.4286677
v 1.5659275 0.8568292 0.4367662
v 1.5896844 0.8613133 0.4448398
v 1.6133461 0.8657495 0.4528709
v 1.6368586 0.8701297 0.4608421
v 1.6601685 0.8744462 0.4687359
v 1.6832224 0.8786909 0.4765350
v 1.7059669 0.8828559 0.4842219
v 1.7283485 0.8869334 0.4917791
v 1.7503136 0.8909153 0.4991890
v 1.7718081 0.8947938 0.5064342
v 1.7927786 0.8985608 0.5134971
v 1.8131716 0.9022085 0.5203604
v 1.8329334 0.9057288 0.5270064
v 1.8520102 0.9091140 0.5334176
v 1.8703485 0.9123559 0.5395765
v 1.8878942 0.9154466 0.5454657
v 1.9045938 0.9183780 0.5510674
v 1.9203936 0.9211424 0.5563642
v 1.9352398 0.9237317 0.5613387
v 1.9490789 0.9261380 0.5659732
v 1.9618570 0.9283532 0.5702502
v 1.9735205 0.9303696 0.5741522
v 1.9840153 0.9321788 0.5776616
v 1.9932875 0.9337730 0.5807608
v 2.0012836 0.9351444 0.5834322
v 2.0079504 0.9362851 0.5856586
v 2.0132330 0.9371867 0.5874221
v 2.0170784 0.9378416 0.5887053
v 2.0194313 0.9382414 0.5894901
v 2.0202293 0.9383767 0.5897562
v -4.0039341 -0.9438095 -0.9397740
v -4.0026764 -0.9434021 -0.9388383
v -3.9990219 -0.9422190 -0.9361186
v -3.9931381 -0.9403142 -0.9317370
v -3.9851875 -0.9377419 -0.9258144
v -3.9753418 -0.9345580 -0.9184764
v -3.9637657 -0.9308163 -0.9098442
v -3.9506275 -0.9265720 -0.9000416
v -3.9360947 -0.9218800 -0.8891915
v -3.9203339 -0.9167947 -0.8774167
v -3.9035126 -0.9113712 -0.8648409
v -3.8857986 -0.9056645 -0.8515868
v -3.8673592 -0.8997289 -0.8377772
v -3.8483608 -0.8936195 -0.8235356
v -3.8289722 -0.8873913 -0.8089852
v -3.8093594 -0.8810985 -0.7942482
v -3.7896904 -0.8747963 -0.7794484
v -3.7701328 -0.8685397 -0.7647090
v -3.7508533 -0.8623832 -0.7501526
v -3.7320194 -0.8563816 -0.7359025
v -3.7137928 -0.8505877 -0.7220775
v -3.6962238 -0.8450167 -0.7087184
v -3.6792713 -0.8396521 -0.6958012
v -3.6628895 -0.8344766 -0.6832998
v -3.6470352 -0.8294726 -0.6711881
v -3.6316635 -0.8246232 -0.6594401
v -3.6167297 -0.8199108 -0.6480299
v -3.6021893 -0.8153179 -0.6369308
v -3.5879978 -0.8108274 -0.6261173
v -3.5741112 -0.8064219 -0.6155633
v -3.5604847 -0.8020839 -0.6052425
v -3.5470734 -0.7977961 -0.5951289
v -3.5338329 -0.7935411 -0.5851961
v -3.5207191 -0.7893019 -0.5754189
v -3.5076881 -0.7850609 -0.5657711
v -3.4946941 -0.7808006 -0.5562261
v -3.4816936 -0.7765041 -0.5467586
v -3.4686432 -0.7721539 -0.5373427
v -3.4554970 -0.7677326 -0.5279521
v -3.4422123 -0.7632232 -0.5185614
v -3.4287617 -0.7586152 -0.5091538
v -3.4151516 -0.7539106 -0.4997272
v -3.4013893 -0.7491132 -0.4902792
v -3.3874847 -0.7442265 -0.4808086
v -3.3734459 -0.7392540 -0.4713128
v -3.3592800 -0.7341988 -0.4617895
v -3.3449963 -0.7290647 -0.4522372
v -3.3306023 -0.7238551 -0.4426535
v -3.3161068 -0.7185734 -0.4330367
v -3.3015186 -0.7132233 -0.4233849
v -3.2868454 -0.7078079 -0.4136959
v -3.2720951 -0.7023309 -0.4039678
v -3.2572773 -0.6967959 -0.3941992
v -3.2424000 -0.6912063 -0.3843879
v -3.2274708 -0.6855653 -0.3745318
v -3.2124985 -0.6798767 -0.3646295
v -3.1974924 -0.6741441 -0.3546791
v -3.1824600 -0.6683707 -0.3446787
v -3.1674099 -0.6625602 -0.3346264
v -3.1523506 -0.6567160 -0.3245208
v -3.1372908 -0.6508418 -0.3143600
v -3.1222387 -0.6449409 -0.3041422
v -3.1072029 -0.6390169 -0.2938658
v -3.0921915 -0.6330733 -0.2835289
v -3.0772139 -0.6271138 -0.2731304
v -3.0622780 -0.6211418 -0.2626682
v -3.0473885 -0.6151592 -0.2521380
v -3.0325308 -0.6091613 -0.2415260
v -3.0176786 -0.6031425 -0.2308306
v -3.0028206 -0.5971045 -0.2200664
v -2.9879490 -0.5910507 -0.2092513
v -2.9730568 -0.5849848 -0.1984038
v -2.9581369 -0.5789105 -0.1875427
v -2.9431822 -0.5728314 -0.1766864
v -2.9281843 -0.5667510 -0.1658534
v -2.9131357 -0.5606727 -0.1550625
v -2.8980284 -0.5546004 -0.1443326
v -2.8828541 -0.5485373 -0.1336825
v -2.8676041 -0.5424871 -0.1231311
v -2.8522703 -0.5364532 -0.1126979
v -2.8368435 -0.5304393 -0.1024018
v -2.8213148 -0.5244488 -0.0922625
v -2.8056755 -0.5184854 -0.0822997
v -2.7899160 -0.5125525 -0.0725332
v -2.7740267 -0.5066538 -0.0629830
v -2.7579983 -0.5007931 -0.0536697
v -2.7418219 -0.4949742 -0.0446141
v -2.7254873 -0.4892008 -0.0358371
v -2.7089851 -0.4834770 -0.0273602
v -2.6923063 -0.4778069 -0.0192053
v -2.6754414 -0.4721948 -0.0113946
v -2.6583815 -0.4666450 -0.0039509
v -2.6411182 -0.4611623 0.0031027
v -2.6236435 -0.4557515 0.0097427
v -2.6059494 -0.4504177 0.0159450
v -2.5880295 -0.4451661 0.0216854
v -2.5698772 -0.4400023 0.0269393
v -2.5514879 -0.4349323 0.0316817
v -2.5328613 -0.4299628 0.0358870
v -2.5140539 -0.4251142 0.0395224
v -2.4951693 -0.4204020 0.0425841
v -2.4762646 -0.4158183 0.0451045
v -2.4573561 -0.4113445 0.0471242
v -2.4384590 -0.4069624 0.0486830
v -2.4195862 -0.4026538 0.0498200
v -2.4007505 -0.3984008 0.0505732
v -2.3819637 -0.3941861 0.0509797
v -2.3632378 -0.3899926 0.0510756
v -2.3445845 -0.3858037 0.0508963
v -2.3260153 -0.3816032 0.0504762
v -2.3075420 -0.3773753 0.0498492
v -2.2891771 -0.3731045 0.0490474
v -2.2709326 -0.3687762 0.0481042
v -2.2528212 -0.3643760 0.0470509
v -2.2348557 -0.3598898 0.0459186
v -2.2170498 -0.3553042 0.0447378
v -2.1994169 -0.3506063 0.0435382
v -2.1819710 -0.3457836 0.0423492
v -2.1647261 -0.3408242 0.0411994
v -2.1476967 -0.3357168 0.0401169
v -2.1308952 -0.3304500 0.0391290
v -2.1142950 -0.3250000 0.0382597
v -2.0978165 -0.3193368 0.0375170
v -2.0814081 -0.3134511 0.0368951
v -2.0650621 -0.3073486 0.0363902
v -2.0487740 -0.3010358 0.0359985
v -2.0325386 -0.2945191 0.0357160
v -2.0163513 -0.2878052 0.0355389
v -2.0002073 -0.2809007 0.0354635
v -1.9841022 -0.2738126 0.0354858
v -1.9680317 -0.2665477 0.0356019
v -1.9519917 -0.2591130 0.0358079
v -1.9359774 -0.2515156 0.0360999
v -1.9199852 -0.2437627 0.0364739
v -1.9040106 -0.2358617 0.0369258
v -1.8880499 -0.2278199 0.0374517
v -1.8720989 -0.2196448 0.0380473
v -1.8561533 -0.2113439 0.0387087
v -1.8402092 -0.2029251 0.0394315
v -1.8242626 -0.1943960 0.0402117
v -1.8083096 -0.1857644 0.0410449
v -1.7923458 -0.1770383 0.0419270
v -1.7763676 -0.1682257 0.0428534
v -1.7603703 -0.1593346 0.0438200
v -1.7443501 -0.1503731 0.0448223
v -1.7283026 -0.1413495 0.0458559
v -1.7122234 -0.1322719 0.0469163
v -1.6961090 -0.1231489 0.0479989
v -1.6799543 -0.1139886 0.0490994
v -1.6637550 -0.1047995 0.0502130
v -1.6475071 -0.0955902 0.0513351
v -1.6312057 -0.0863693 0.0524612
v -1.6148464 -0.0771452 0.0535864
v -1.5984251 -0.0679268 0.0547062
v -1.5819366 -0.0587227 0.0558158
v -1.5653763 -0.0495418 0.0569102
v -1.5487401 -0.0403930 0.0579848
v -1.5320316 -0.0312899 0.0590342
v -1.5152688 -0.0222493 0.0600545
v -1.4984650 -0.0132793 0.0610460
v -1.4816216 -0.0043813 0.0620096
v -1.4647392 0.0044440 0.0629465
v -1.4478185 0.0131961 0.0638580
v -1.4308599 0.0218740 0.0647451
v -1.4138640 0.0304772 0.0656091
v -1.3968311 0.0390051 0.0664511
v -1.3797621 0.0474567 0.0672724
v -1.3626574 0.0558315 0.0680739
v -1.3455173 0.0641288 0.0688570
v -1.3283423 0.0723478 0.0696228
v -1.3111334 0.0804878 0.0703725
v -1.2938909 0.0885482 0.0711071
v -1.2766151 0.0965282 0.0718280
v -1.2593067 0.1044272 0.0725362
v -1.2419663 0.1122443 0.0732329
v -1.2245944 0.1199790 0.0739194
v -1.2071916 0.1276305 0.0745967
v -1.1897582 0.1351981 0.0752660
v -1.1722949 0.1426810 0.0759285
v -1.1548022 0.1500787 0.0765853
v -1.1372807 0.1573903 0.0772377
v -1.1197307 0.1646152 0.0778867
v -1.1021530 0.1717527 0.0785336
v -1.0845480 0.1788020 0.0791795
v -1.0669162 0.1857624 0.0798256
v -1.0492583 0.1926332 0.0804731
v -1.0315747 0.1994138 0.0811230
v -1.0138659 0.2061033 0.0817766
v -0.9961324 0.2127011 0.0824351
v -0.9783750 0.2192065 0.0830996
v -0.9605939 0.2256187 0.0837712
v -0.9427898 0.2319371 0.0844511
v -0.9249634 0.2381608 0.0851406
v -0.9071150 0.2442893 0.0858407
v -0.8892450 0.2503218 0.0865527
v -0.8713543 0.2562575 0.0872776
v -0.8534431 0.2620957 0.0880167
v -0.8355123 0.2678358 0.0887711
v -0.8175642 0.2734764 0.0895419
v -0.7996037 0.2790171 0.0903291
v -0.7816339 0.2844604 0.0911310
v -0.7636552 0.2898099 0.0919464
v -0.7456676 0.2950693 0.0927738
v -0.7276711 0.3002421 0.0936117
v -0.7096659 0.3053321 0.0944587
v -0.6916519 0.3103428 0.0953134
v -0.6736293 0.3152778 0.0961743
v -0.6555982 0.3201409 0.0970401
v -0.6375585 0.3249355 0.0979092
v -0.6195102 0.3296654 0.0987804
v -0.6014535 0.3343341 0.0996521
v -0.5833882 0.3389452 0.1005230
v -0.5653145 0.3435024 0.1013917
v -0.5472324 0.3480093 0.1022567
v -0.5291417 0.3524694 0.1031166
v -0.5110426 0.3568864 0.1039701
v -0.4929351 0.3612638 0.1048157
v -0.4748189 0.3656051 0.1056521
v -0.4566943 0.3699141 0.1064778
v -0.4385611 0.3741942 0.1072914
v -0.4204194 0.3784491 0.1080917
v -0.4022690 0.3826822 0.1088771
v -0.3841100 0.3868972 0.1096464
v -0.3659422 0.3910975 0.1103981
v -0.3477658 0.3952868 0.1111308
v -0.3295805 0.3994686 0.1118432
v -0.3113863 0.4036464 0.1125339
v -0.2931833 0.4078237 0.1132015
v -0.2749713 0.4120040 0.1138447
v -0.2567502 0.4161910 0.1144621
v -0.2385200 0.4203880 0.1150524
v -0.2202806 0.4245986 0.1156141
v -0.2020319 0.4288263 0.1161460
v -0.1837738 0.4330747 0.1166466
v -0.1655063 0.4373471 0.1171146
v -0.1472293 0.4416471 0.1175487
v -0.1289426 0.4459781 0.1179475
v -0.1106462 0.4503437 0.1183097
v -0.0923399 0.4547472 0.1186339
v -0.0740237 0.4591924 0.1189187
v -0.0556974 0.4636824 0.1191629
v -0.0373610 0.4682209 0.1193651
v -0.0190137 0.4728113 0.1195239
v -0.0006534 0.4774570 0.1196391
v 0.0177194 0.4821568 0.1197144
v 0.0361014 0.4869085 0.1197546
v 0.0544888 0.4917092 0.1197648
v 0.0728775 0.4965563 0.1197498
v 0.0912638 0.5014472 0.1197143
v 0.1096436 0.5063790 0.1196635
v 0.1280130 0.5113492 0.1196020
v 0.1463682 0.5163551 0.1195347
v 0.1647052 0.5213939 0.1194666
v 0.1830198 0.5264630 0.1194025
v 0.2013083 0.5315598 0.1193473
v 0.2195668 0.5366814 0.1193057
v 0.2377911 0.5418253 0.1192827
v 0.2559775 0.5469887 0.1192832
v 0.2741219 0.5521690 0.1193119
v 0.2922201 0.5573634 0.1193736
v 0.3102684 0.5625692 0.1194733
v 0.3282627 0.5677838 0.1196158
v 0.3461990 0.5730045 0.1198058
v 0.3640733 0.5782286 0.1200483
v 0.3818816 0.5834532 0.1203479
v 0.3996197 0.5886758 0.1207096
v 0.4172839 0.5938937 0.1211380
v 0.4348698 0.5991041 0.1216380
v 0.4523735 0.6043043 0.1222144
v 0.4697910 0.6094916 0.1228719
v 0.4871181 0.6146634 0.1236153
v 0.5043507 0.6198167 0.1244493
v 0.5214849 0.6249491 0.1253786
v 0.5385164 0.6300578 0.1264079
v 0.5554413 0.6351400 0.1275420
v 0.5722554 0.6401929 0.1287855
v 0.5889543 0.6452140 0.1301431
v 0.6055342 0.6502005 0.1316193
v 0.6219910 0.6551497 0.1332190
v 0.6383203 0.6600587 0.1349465
v 0.6545181 0.6649251 0.1368065
v 0.6705811 0.6697462 0.1388037
v 0.6865139 0.6745220 0.1409431
v 0.7023349 0.6792559 0.1432270
v 0.7180613 0.6839510 0.1456556
v 0.7337077 0.6886093 0.1482287
v 0.7492885 0.6932331 0.1509462
v 0.7648182 0.6978243 0.1538080
v 0.7803111 0.7023850 0.1568140
v 0.7957816 0.7069174 0.1599642
v 0.8112437 0.7114234 0.1632585
v 0.8267118 0.7159050 0.1666967
v 0.8421994 0.7203639 0.1702788
v 0.8577210 0.7248024 0.1740046
v 0.8732903 0.7292220 0.1778742
v 0.8889209 0.7336247 0.1818871
v 0.9046265 0.7380123 0.1860434
v 0.9204206 0.7423864 0.1903426
v 0.9363169 0.7467490 0.1947846
v 0.9523285 0.7511015 0.1993690
v 0.9684690 0.7554459 0.2040955
v 0.9847515 0.7597836 0.2089636
v 1.0011893 0.7641163 0.2139729
v 1.0177954 0.7684457 0.2191229
v 1.0345832 0.7727734 0.2244131
v 1.0515655 0.7771009 0.2298429
v 1.0687553 0.7814300 0.2354117
v 1.0861658 0.7857622 0.2411188
v 1.1038098 0.7900991 0.2469635
v 1.1217005 0.7944423 0.2529453
v 1.1398505 0.7987934 0.2590633
v 1.1582729 0.8031540 0.2653168
v 1.1769808 0.8075258 0.2717051
v 1.1959869 0.8119104 0.2782274
v 1.2153044 0.8163095 0.2848829
v 1.2349459 0.8207245 0.2916708
v 1.2549248 0.8251574 0.2985904
v 1.2752537 0.8296095 0.3056408
v 1.2959459 0.8340828 0.3128213
v 1.3170142 0.8385788 0.3201311
v 1.3384718 0.8430992 0.3275694
v 1.3603315 0.8476459 0.3351353
v 1.3826006 0.8522192 0.3428263
v 1.4052514 0.8568146 0.3506305
v 1.4282279 0.8614235 0.3585294
v 1.4514775 0.8660385 0.3665060
v 1.4749484 0.8706520 0.3745433
v 1.4985871 0.8752559 0.3826240
v 1.5223412 0.8798429 0.3907310
v 1.5461578 0.8844049 0.3988470
v 1.5699837 0.8889344 0.4069546
v 1.5937658 0.8934234 0.4150368
v 1.6174513 0.8978641 0.4230760
v 1.6409859 0.9022484 0.4310547
v 1.6643167 0.9065687 0.4389557
v 1.6873907 0.9108171 0.4467615
v 1.7101540 0.9149856 0.4544548
v 1.7325535 0.9190663 0.4620179
v 1.7545353 0.9230513 0.4694335
v 1.7760458 0.9269326 0.4766840
v 1.7970316 0.9307024 0.4837522
v 1.8174391 0.9343527 0.4906203
v 1.8372147 0.9378755 0.4972709
v 1.8563046 0.9412630 0.5036866
v 1.8746555 0.9445071 0.5098498
v 1.8922134 0.9475999 0.5157430
v 1.9089245 0.9505334 0.5213485
v 1.9247355 0.9532997 0.5266491
v 1.9395922 0.9558908 0.5316271
v 1.9534414 0.9582990 0.5362650
v 1.9662294 0.9605159 0.5405453
v 1.9779022 0.9625338 0.5444505
v 1.9884062 0.9643446 0.5479629
v 1.9976870 0.9659404 0.5510649
v 2.0056913 0.9673132 0.5537392
v 2.0123665 0.9684552 0.5559683
v 2.0176567 0.9693582 0.5577343
v 2.0215094 0.9700143 0.5590200
v 2.0238695 0.9704153 0.5598072
v 2.0246704 0.9705511 0.5600743
v -3.9827267 -0.9282502 -0.9750459
v -3.9814674 -0.9278423 -0.9741088
v -3.9778069 -0.9266571 -0.9713843
v -3.9719143 -0.9247496 -0.9669965
v -3.9639553 -0.9221746 -0.9610675
v -3.9541000 -0.9189876 -0.9537224
v -3.9425137 -0.9152426 -0.9450826
v -3.9293644 -0.9109947 -0.9352716
v -3.9148193 -0.9062986 -0.9244125
v -3.8990452 -0.9012093 -0.9126280
v -3.8822098 -0.8957811 -0.9000414
v -3.8644798 -0.8900692 -0.8867753
v -3.8460228 -0.8841279 -0.8729527
v -3.8270046 -0.8780123 -0.8586963
v -3.8075943 -0.8717770 -0.8441293
v -3.7879570 -0.8654762 -0.8293738
v -3.7682598 -0.8591651 -0.8145530
v -3.7486698 -0.8528982 -0.7997892
v -3.7293533 -0.8467299 -0.7852048
v -3.7104763 -0.8407145 -0.7709220
v -3.6922031 -0.8349058 -0.7570617
v -3.6745918 -0.8293213 -0.7436703
v -3.6576046 -0.8239458 -0.7307270
v -3.6411987 -0.8187626 -0.7182069
v -3.6253307 -0.8137544 -0.7060849
v -3.6099571 -0.8089045 -0.6943357
v -3.5950352 -0.8041956 -0.6829341
v -3.5805206 -0.7996110 -0.6718548
v -3.5663696 -0.7951333 -0.6610724
v -3.5525398 -0.7907458 -0.6505614
v -3.5389862 -0.7864311 -0.6402960
v -3.5256653 -0.7821721 -0.6302502
v -3.5125313 -0.7779515 -0.6203977
v -3.4995407 -0.7737521 -0.6107123
v -3.4866489 -0.7695564 -0.6011675
v -3.4738091 -0.7653466 -0.5917357
v -3.4609764 -0.7611055 -0.5823903
v -3.4481056 -0.7568153 -0.5731040
v -3.4351498 -0.7524579 -0.5638491
v -3.4220608 -0.7480150 -0.5545969
v -3.4087997 -0.7434719 -0.5453220
v -3.3953640 -0.7388276 -0.5360161
v -3.3817604 -0.7340853 -0.5266769
v -3.3679981 -0.7292488 -0.5173035
v -3.3540871 -0.7243215 -0.5078940
v -3.3400345 -0.7193067 -0.4984469
v -3.3258495 -0.7142082 -0.4889608
v -3.3115410 -0.7090294 -0.4794339
v -3.2971172 -0.7037739 -0.4698647
v -3.2825878 -0.6984453 -0.4602518
v -3.2679604 -0.6930469 -0.4505932
v -3.2532440 -0.6875823 -0.4408872
v -3.2384468 -0.6820552 -0.4311326
v -3.2235786 -0.6764689 -0.4213272
v -3.2086468 -0.6708270 -0.4114694
v -3.1936605 -0.6651330 -0.4015575
v -3.1786283 -0.6593904 -0.3915900
v -3.1635588 -0.6536028 -0.3815648
v -3.1484602 -0.6477736 -0.3714802
v -3.1333416 -0.6419063 -0.3613346
v -3.1182110 -0.6360044 -0.3511261
v -3.1030773 -0.6300715 -0.3408529
v -3.0879488 -0.6241111 -0.3305132
v -3.0728342 -0.6181266 -0.3201052
v -3.0577421 -0.6121216 -0.3096272
v -3.0426811 -0.6060995 -0.2990772
v -3.0276585 -0.6000634 -0.2884529
v -3.0126762 -0.5940153 -0.2777521
v -2.9977262 -0.5879568 -0.2669862
v -2.9828003 -0.5818913 -0.2561729
v -2.9678911 -0.5758222 -0.2453304
v -2.9529913 -0.5697531 -0.2344774
v -2.9380939 -0.5636880 -0.2236326
v -2.9231918 -0.5576303 -0.2128147
v -2.9082775 -0.5515837 -0.2020420
v -2.8933435 -0.5455518 -0.1913332
v -2.8783827 -0.5395382 -0.1807071
v -2.8633869 -0.5335465 -0.1701824
v -2.8483492 -0.5275805 -0.1597777
v -2.8332617 -0.5216435 -0.1495119
v -2.8181168 -0.5157394 -0.1394039
v -2.8029064 -0.5098717 -0.1294724
v -2.7876234 -0.5040441 -0.1197364
v -2.7722595 -0.4982602 -0.1102149
v -2.7568069 -0.4925236 -0.1009270
v -2.7412577 -0.4868380 -0.0918919
v -2.7256044 -0.4812072 -0.0831290
v -2.7098387 -0.4756348 -0.0746574
v -2.6939524 -0.4701245 -0.0664967
v -2.6779385 -0.4646804 -0.0586666
v -2.6617882 -0.4593060 -0.0511867
v -2.6454947 -0.4540055 -0.0440770
v -2.6290499 -0.4487826 -0.0373575
v -2.6124464 -0.4436416 -0.0310484
v -2.5956770 -0.4385863 -0.0251698
v -2.5787346 -0.4336212 -0.0197423
v -2.5616121 -0.4287503 -0.0147862
v -2.5443035 -0.4239780 -0.0103221
v -2.5268042 -0.4193092 -0.0063711
v -2.5091368 -0.4147545 -0.0029562
v -2.4913525 -0.4103171 -0.0000734
v -2.4734848 -0.4059849 0.0023083
v -2.4555479 -0.4017410 0.0042238
v -2.4375555 -0.3975688 0.0057077
v -2.4195211 -0.3934516 0.0067939
v -2.4014574 -0.3893730 0.0075159
v -2.3833769 -0.3853168 0.0079068
v -2.3652925 -0.3812669 0.0079993
v -2.3472172 -0.3772077 0.0078253
v -2.3291637 -0.3731238 0.0074167
v -2.3111448 -0.3689997 0.0068050
v -2.2931742 -0.3648208 0.0060203
v -2.2752649 -0.3605721 0.0050943
v -2.2574308 -0.3562391 0.0040570
v -2.2396852 -0.3518078 0.0029385
v -2.2220427 -0.3472642 0.0017684
v -2.2045170 -0.3425947 0.0005761
v -2.1871223 -0.3377861 -0.0006094
v -2.1698730 -0.3328253 -0.0017594
v -2.1527840 -0.3276998 -0.0028456
v -2.1358679 -0.3223968 -0.0038402
v -2.1191120 -0.3168957 -0.0047176
v -2.1024664 -0.3111750 -0.0054679
v -2.0858957 -0.3052311 -0.0060959
v -2.0693932 -0.2990702 -0.0066056
v -2.0529543 -0.2926990 -0.0070010
v -2.0365740 -0.2861241 -0.0072860
v -2.0202477 -0.2793525 -0.0074646
v -2.0039705 -0.2723912 -0.0075407
v -1.9877384 -0.2652471 -0.0075182
v -1.9715467 -0.2579274 -0.0074012
v -1.9553911 -0.2504393 -0.0071937
v -1.9392675 -0.2427900 -0.0068997
v -1.9231718 -0.2349870 -0.0065234
v -1.9070995 -0.2270376 -0.0060687
v -1.8910469 -0.2189496 -0.0055398
v -1.8750097 -0.2107303 -0.0049409
v -1.8589834 -0.2023875 -0.0042763
v -1.8429644 -0.1939290 -0.0035500
v -1.8269485 -0.1853629 -0.0027665
v -1.8109316 -0.1766967 -0.0019299
v -1.7949095 -0.1679387 -0.0010446
v -1.7788780 -0.1590969 -0.0001151
v -1.7628332 -0.1501793 0.0008544
v -1.7467705 -0.1411941 0.0018593
v -1.7306860 -0.1321496 0.0028953
v -1.7145752 -0.1230542 0.0039578
v -1.6984343 -0.1139161 0.0050422
v -1.6822580 -0.1047437 0.0061441
v -1.6660425 -0.0955454 0.0072588
v -1.6497837 -0.0863299 0.0083817
v -1.6334766 -0.0771056 0.0095081
v -1.6171167 -0.0678812 0.0106335
v -1.6006998 -0.0586654 0.0117529
v -1.5842211 -0.0494667 0.0128618
v -1.5676758 -0.0402941 0.0139553
v -1.5510597 -0.0311565 0.0150286
v -1.5343751 -0.0220663 0.0160765
v -1.5176362 -0.0130386 0.0170954
v -1.5008539 -0.0040801 0.0180855
v -1.4840295 0.0048078 0.0190480
v -1.4671638 0.0136245 0.0199840
v -1.4502570 0.0223693 0.0208948
v -1.4333099 0.0310414 0.0217813
v -1.4163229 0.0396401 0.0226448
v -1.3992963 0.0481648 0.0234866
v -1.3822309 0.0566146 0.0243076
v -1.3651274 0.0649888 0.0251091
v -1.3479858 0.0732868 0.0258923
v -1.3308068 0.0815077 0.0266582
v -1.3135912 0.0896509 0.0274082
v -1.2963392 0.0977157 0.0281432
v -1.2790515 0.1057013 0.0288646
v -1.2617284 0.1136069 0.0295734
v -1.2443707 0.1214319 0.0302709
v -1.2269787 0.1291755 0.0309581
v -1.2095531 0.1368370 0.0316363
v -1.1920941 0.1444157 0.0323065
v -1.1746025 0.1519108 0.0329701
v -1.1570788 0.1593215 0.0336281
v -1.1395235 0.1666473 0.0342818
v -1.1219369 0.1738872 0.0349322
v -1.1043199 0.1810407 0.0355805
v -1.0866726 0.1881069 0.0362280
v -1.0689958 0.1950851 0.0368757
v -1.0512899 0.2019745 0.0375249
v -1.0335555 0.2087746 0.0381767
v -1.0157930 0.2154844 0.0388323
v -0.9980030 0.2221032 0.0394929
v -0.9801860 0.2286304 0.0401596
v -0.9623425 0.2350652 0.0408335
v -0.9444731 0.2414067 0.0415160
v -0.9265782 0.2476543 0.0422081
v -0.9086583 0.2538073 0.0429110
v -0.8907140 0.2598649 0.0436259
v -0.8727458 0.2658263 0.0443540
v -0.8547542 0.2716908 0.0450964
v -0.8367398 0.2774576 0.0458544
v -0.8187067 0.2831249 0.0466288
v -0.8006634 0.2886912 0.0474196
v -0.7826151 0.2941583 0.0482251
v -0.7645627 0.2995297 0.0490438
v -0.7465060 0.3048093 0.0498743
v -0.7284453 0.3100006 0.0507152
v -0.7103806 0.3151074 0.0515650
v -0.6923120 0.3201333 0.0524223
v -0.6742397 0.3250819 0.0532856
v -0.6561636 0.3299571 0.0541535
v -0.6380839 0.3347623 0.0550246
v -0.6200006 0.3395014 0.0558975
v -0.6019137 0.3441779 0.0567707
v -0.5838232 0.3487956 0.0576428
v -0.5657291 0.3533579 0.0585124
v -0.5476317 0.3578686 0.0593781
v -0.5295307 0.3623312 0.0602386
v -0.5114262 0.3667495 0.0610923
v -0.4933181 0.3711270 0.0619379
v -0.4752065 0.3754673 0.0627741
v -0.4570912 0.3797741 0.0635994
v -0.4389725 0.3840508 0.0644124
v -0.4208500 0.3883011 0.0652118
v -0.4027239 0.3925286 0.0659962
v -0.3845940 0.3967368 0.0667642
v -0.3664603 0.4009293 0.0675145
v -0.3483228 0.4051096 0.0682456
v -0.3301813 0.4092813 0.0689563
v -0.3120357 0.4134480 0.0696452
v -0.2938861 0.4176130 0.0703109
v -0.2757324 0.4217800 0.0709520
v -0.2575743 0.4259524 0.0715673
v -0.2394118 0.4301339 0.0721554
v -0.2212449 0.4343277 0.0727149
v -0.2030733 0.4385376 0.0732445
v -0.1848970 0.4427669 0.0737428
v -0.1667160 0.4470191 0.0742086
v -0.1485299 0.4512976 0.0746406
v -0.1303388 0.4556060 0.0750373
v -0.1121424 0.4599477 0.0753975
v -0.0939407 0.4643262 0.0757198
v -0.0757334 0.4687449 0.0760030
v -0.0575204 0.4732071 0.0762457
v -0.0393016 0.4777164 0.0764466
v -0.0210749 0.4822768 0.0766043
v -0.0028315 0.4868928 0.0767188
v 0.0154349 0.4915655 0.0767936
v 0.0337224 0.4962928 0.0768337
v 0.0520269 0.5010718 0.0768438
v 0.0703444 0.5059002 0.0768288
v 0.0886710 0.5107751 0.0767935
v 0.1070024 0.5156940 0.0767427
v 0.1253349 0.5206542 0.0766814
v 0.1436645 0.5256531 0.0766142
v 0.1619872 0.5306880 0.0765462
v 0.1802988 0.5357563 0.0764821
v 0.1985956 0.5408554 0.0764268
v 0.2168737 0.5459825 0.0763852
v 0.2351290 0.5511352 0.0763622
v 0.2533578 0.5563107 0.0763626
v 0.2715562 0.5615063 0.0763914
v 0.2897200 0.5667195 0.0764534
v 0.3078454 0.5719476 0.0765536
v 0.3259287 0.5771881 0.0766967
v 0.3439660 0.5824381 0.0768879
v 0.3619534 0.5876952 0.0771318
v 0.3798870 0.5929566 0.0774336
v 0.3977630 0.5982199 0.0777981
v 0.4155776 0.6034822 0.0782302
v 0.4333270 0.6087410 0.0787349
v 0.4510073 0.6139936 0.0793171
v 0.4686148 0.6192376 0.0799818
v 0.4861457 0.6244701 0.0807339
v 0.5035961 0.6296886 0.0815784
v 0.5209624 0.6348906 0.0825203
v 0.5382407 0.6400732 0.0835646
v 0.5554275 0.6452341 0.0847163
v 0.5725188 0.6503704 0.0859803
v 0.5895109 0.6554796 0.0873618
v 0.6064002 0.6605591 0.0888656
v 0.6231830 0.6656064 0.0904970
v 0.6398555 0.6706186 0.0922609
v 0.6564140 0.6755933 0.0941624
v 0.6728551 0.6805280 0.0962066
v 0.6891772 0.6854204 0.0983983
v 0.7053897 0.6902715 0.1007387
v 0.7215069 0.6950832 0.1032276
v 0.7375420 0.6998572 0.1058646
v 0.7535085 0.7045955 0.1086494
v 0.7694199 0.7092995 0.1115815
v 0.7852895 0.7139712 0.1146606
v 0.8011307 0.7186122 0.1178863
v 0.8169566 0.7232242 0.1212580
v 0.8327806 0.7278088 0.1247753
v 0.8486155 0.7323678 0.1284377
v 0.8644748 0.7369028 0.1322446
v 0.8803717 0.7414155 0.1361956
v 0.8963189 0.7459074 0.1402898
v 0.9123299 0.7503803 0.1445268
v 0.9284173 0.7548357 0.1489059
v 0.9445945 0.7592753 0.1534264
v 0.9608744 0.7637008 0.1580875
v 0.9772699 0.7681138 0.1628887
v 0.9937943 0.7725159 0.1678291
v 1.0104604 0.7769088 0.1729080
v 1.0272814 0.7812943 0.1781246
v 1.0442704 0.7856739 0.1834782
v 1.0614405 0.7900493 0.1889680
v 1.0788047 0.7944222 0.1945932
v 1.0963761 0.7987945 0.2003531
v 1.1141681 0.8031678 0.2062469
v 1.1321939 0.8075438 0.2122738
v 1.1504663 0.8119243 0.2184331
v 1.1689988 0.8163110 0.2247239
v 1.1878048 0.8207057 0.2311457
v 1.2068975 0.8251103 0.2376977
v 1.2262903 0.8295264 0.2443791
v 1.2459962 0.8339560 0.2511893
v 1.2660290 0.8384007 0.2581276
v 1.2864018 0.8428626 0.2651932
v 1.3071282 0.8473433 0.2723856
v 1.3282217 0.8518446 0.2797040
v 1.3496954 0.8563685 0.2871480
v 1.3715631 0.8609167 0.2947167
v 1.3938340 0.8654904 0.3024083
v 1.4164845 0.8700858 0.3102124
v 1.4394607 0.8746947 0.3181112
v 1.4627100 0.8793097 0.3260876
v 1.4861805 0.8839230 0.3341248
v 1.5098189 0.8885269 0.3422054
v 1.5335728 0.8931138 0.3503123
v 1.5573892 0.8976758 0.3584282
v 1.5812148 0.9022053 0.3665358
v 1.6049967 0.9066942 0.3746179
v 1.6286819 0.9111348 0.3826570
v 1.6522163 0.9155190 0.3906357
v 1.6755470 0.9198394 0.3985366
v 1.6986210 0.9240878 0.4063424
v 1.7213840 0.9282562 0.4140356
v 1.7437834 0.9323370 0.4215987
v 1.7657650 0.9363218 0.4290143
v 1.7872753 0.9402032 0.4362648
v 1.8082611 0.9439729 0.4433328
v 1.8286684 0.9476233 0.4502009
v 1.8484438 0.9511460 0.4568515
v 1.8675337 0.9545335 0.4632671
v 1.8858845 0.9577776 0.4694303
v 1.9034424 0.9608704 0.4753234
v 1.9201534 0.9638038 0.4809289
v 1.9359642 0.9665701 0.4862295
v 1.9508207 0.9691612 0.4912074
v 1.9646700 0.9715693 0.4958453
v 1.9774578 0.9737863 0.5001256
v 1.9891306 0.9758041 0.5040307
v 1.9996346 0.9776150 0.5075432
v 2.0089153 0.9792107 0.5106452
v 2.0169195 0.9805835 0.5133193
v 2.0235945 0.9817255 0.5155485
v 2.0288847 0.9826284 0.5173145
v 2.0327374 0.9832846 0.5186001
v 2.0350975 0.9836856 0.5193874
v 2.0358988 0.9838215 0.5196546
v -3.9554298 -0.9345958 -1.0089656
v -3.9541702 -0.9341877 -1.0080281
v -3.9505047 -0.9330009 -1.0053001
v -3.9446056 -0.9310913 -1.0009073
v -3.9366402 -0.9285144 -0.9949739
v -3.9267776 -0.9253249 -0.9876233
v -3.9151840 -0.9215775 -0.9789778
v -3.9020264 -0.9173269 -0.9691607
v -3.8874722 -0.9126279 -0.9582947
v -3.8716885 -0.9075355 -0.9465030
v -3.8548420 -0.9021038 -0.9339083
v -3.8371002 -0.8963881 -0.9206331
v -3.8186298 -0.8904426 -0.9068007
v -3.7995972 -0.8843222 -0.8925334
v -3.7801701 -0.8780814 -0.8779539
v -3.7605145 -0.8717749 -0.8631846
v -3.7407963 -0.8654571 -0.8483481
v -3.7211823 -0.8591824 -0.8335660
v -3.7018383 -0.8530051 -0.8189607
v -3.6829285 -0.8469795 -0.8046535
v -3.6646206 -0.8411598 -0.7907666
v -3.6469772 -0.8355651 -0.7773510
v -3.6299648 -0.8301816 -0.7643882
v -3.6135406 -0.8249926 -0.7518542
v -3.5976624 -0.8199812 -0.7397244
v -3.5822876 -0.8151309 -0.7279743
v -3.5673740 -0.8104247 -0.7165792
v -3.5528790 -0.8058462 -0.7055147
v -3.5387585 -0.8013782 -0.6947556
v -3.5249710 -0.7970040 -0.6842767
v -3.5114723 -0.7927069 -0.6740529
v -3.4982185 -0.7884694 -0.6640578
v -3.4851646 -0.7842745 -0.6542654
v -3.4722664 -0.7801049 -0.6446488
v -3.4594788 -0.7759431 -0.6351810
v -3.4467545 -0.7717712 -0.6258340
v -3.4340473 -0.7675716 -0.6165800
v -3.4213108 -0.7633262 -0.6073908
v -3.4084972 -0.7590167 -0.5982375
v -3.3955547 -0.7546235 -0.5890887
v -3.3824341 -0.7501285 -0.5799121
v -3.3691254 -0.7455280 -0.5706942
v -3.3556347 -0.7408252 -0.5614326
v -3.3419716 -0.7360234 -0.5521267
v -3.3281464 -0.7311265 -0.5427752
v -3.3141666 -0.7261378 -0.5333774
v -3.3000423 -0.7210610 -0.5239316
v -3.2857822 -0.7158997 -0.5144369
v -3.2713947 -0.7106575 -0.5048918
v -3.2568897 -0.7053378 -0.4952951
v -3.2422756 -0.6999443 -0.4856452
v -3.2275612 -0.6944805 -0.4759407
v -3.2127552 -0.6889499 -0.4661800
v -3.1978670 -0.6833562 -0.4563615
v -3.1829048 -0.6777028 -0.4464836
v -3.1678774 -0.6719932 -0.4365446
v -3.1527937 -0.6662309 -0.4265429
v -3.1376623 -0.6604195 -0.4164765
v -3.1224916 -0.6545625 -0.4063439
v -3.1072906 -0.6486633 -0.3961431
v -3.0920679 -0.6427255 -0.3858723
v -3.0768318 -0.6367524 -0.3755296
v -3.0615911 -0.6307477 -0.3651131
v -3.0463541 -0.6247147 -0.3546208
v -3.0311295 -0.6186570 -0.3440508
v -3.0159258 -0.6125779 -0.3334010
v -3.0007538 -0.6064819 -0.3226711
v -2.9856333 -0.6003778 -0.3118714
v -2.9705744 -0.5942753 -0.3010272
v -2.9555735 -0.5881793 -0.2901596
v -2.9406233 -0.5820934 -0.2792872
v -2.9257160 -0.5760214 -0.2684288
v -2.9108446 -0.5699668 -0.2576030
v -2.8960028 -0.5639337 -0.2468286
v -2.8811829 -0.5579253 -0.2361241
v -2.8663782 -0.5519455 -0.2255080
v -2.8515820 -0.5459982 -0.2149990
v -2.8367876 -0.5400869 -0.2046154
v -2.8219883 -0.5342155 -0.1943756
v -2.8071779 -0.5283875 -0.1842982
v -2.7923494 -0.5226068 -0.1744013
v -2.7774969 -0.5168770 -0.1647032
v -2.7626139 -0.5112019 -0.1552219
v -2.7476944 -0.5055851 -0.1459756
v -2.7327320 -0.5000305 -0.1369822
v -2.7177202 -0.4945414 -0.1282592
v -2.7026539 -0.4891216 -0.1198246
v -2.6875261 -0.4837747 -0.1116956
v -2.6723310 -0.4785041 -0.1038896
v -2.6570627 -0.4733134 -0.0964238
v -2.6417143 -0.4682057 -0.0893150
v -2.6262802 -0.4631846 -0.0825799
v -2.6107533 -0.4582532 -0.0762352
v -2.5951269 -0.4534146 -0.0702970
v -2.5793941 -0.4486718 -0.0647815
v -2.5635479 -0.4440278 -0.0597047
v -2.5475800 -0.4394853 -0.0550825
v -2.5314827 -0.4350469 -0.0509306
v -2.5152470 -0.4307151 -0.0472645
v -2.4988535 -0.4264890 -0.0440961
v -2.4822887 -0.4223559 -0.0414116
v -2.4655569 -0.4182992 -0.0391819
v -2.4486702 -0.4143040 -0.0373791
v -2.4316412 -0.4103552 -0.0359752
v -2.4144831 -0.4064381 -0.0349422
v -2.3972092 -0.4025379 -0.0342522
v -2.3798330 -0.3986396 -0.0338768
v -2.3623686 -0.3947286 -0.0337879
v -2.3448303 -0.3907900 -0.0339570
v -2.3272322 -0.3868089 -0.0343555
v -2.3095882 -0.3827706 -0.0349547
v -2.2919136 -0.3786606 -0.0357266
v -2.2742222 -0.3744635 -0.0366415
v -2.2565289 -0.3701647 -0.0376706
v -2.2388477 -0.3657494 -0.0387851
v -2.2211937 -0.3612027 -0.0399560
v -2.2035812 -0.3565099 -0.0411542
v -2.1860243 -0.3516562 -0.0423508
v -2.1685377 -0.3466269 -0.0435166
v -2.1511354 -0.3414073 -0.0446226
v -2.1338314 -0.3359824 -0.0456400
v -2.1166342 -0.3303362 -0.0465404
v -2.0995375 -0.3244606 -0.0473110
v -2.0825306 -0.3183604 -0.0479556
v -2.0656086 -0.3120429 -0.0484783
v -2.0487671 -0.3055157 -0.0488834
v -2.0320013 -0.2987861 -0.0491751
v -2.0153063 -0.2918617 -0.0493578
v -1.9986778 -0.2847501 -0.0494355
v -1.9821112 -0.2774589 -0.0494126
v -1.9656023 -0.2699958 -0.0492934
v -1.9491467 -0.2623686 -0.0490820
v -1.9327398 -0.2545850 -0.0487829
v -1.9163776 -0.2466529 -0.0484003
v -1.9000557 -0.2385801 -0.0479386
v -1.8837702 -0.2303747 -0.0474021
v -1.8675165 -0.2220445 -0.0467951
v -1.8512899 -0.2135975 -0.0461222
v -1.8350870 -0.2050420 -0.0453876
v -1.8189032 -0.1963860 -0.0445958
v -1.8027342 -0.1876376 -0.0437513
v -1.7865757 -0.1788051 -0.0428586
v -1.7704237 -0.1698967 -0.0419220
v -1.7542736 -0.1609207 -0.0409462
v -1.7381212 -0.1518853 -0.0399356
v -1.7219622 -0.1427989 -0.0388949
v -1.7057920 -0.1336700 -0.0378285
v -1.6896069 -0.1245070 -0.0367411
v -1.6734018 -0.1153181 -0.0356373
v -1.6571724 -0.1061119 -0.0345216
v -1.6409145 -0.0968970 -0.0333988
v -1.6246235 -0.0876819 -0.0322734
v -1.6082949 -0.0784750 -0.0311502
v -1.5919243 -0.0692852 -0.0300339
v -1.5755070 -0.0601209 -0.0289292
v -1.5590384 -0.0509907 -0.0278408
v -1.5425143 -0.0419036 -0.0267734
v -1.5259335 -0.0328700 -0.0257321
v -1.5093020 -0.0239003 -0.0247197
v -1.4926259 -0.0149984 -0.0237358
v -1.4759057 -0.0061656 -0.0227793
v -1.4591424 0.0025976 -0.0218489
v -1.4423361 0.0112904 -0.0209436
v -1.4254876 0.0199120 -0.0200622
v -1.4085974 0.0284618 -0.0192036
v -1.3916656 0.0369390 -0.0183666
v -1.3746933 0.0453427 -0.0175500
v -1.3576808 0.0536723 -0.0167528
v -1.3406285 0.0619271 -0.0159737
v -1.3235369 0.0701062 -0.0152116
v -1.3064067 0.0782090 -0.0144654
v -1.2892383 0.0862347 -0.0137339
v -1.2720322 0.0941825 -0.0130160
v -1.2547889 0.1020518 -0.0123104
v -1.2375090 0.1098417 -0.0116161
v -1.2201929 0.1175515 -0.0109319
v -1.2028412 0.1251805 -0.0102566
v -1.1854544 0.1327278 -0.0095891
v -1.1680329 0.1401929 -0.0089281
v -1.1505774 0.1475748 -0.0082727
v -1.1330883 0.1548729 -0.0076215
v -1.1155660 0.1620864 -0.0069735
v -1.0980113 0.1692145 -0.0063274
v -1.0804244 0.1762566 -0.0056822
v -1.0628059 0.1832117 -0.0050366
v -1.0451565 0.1900792 -0.0043895
v -1.0274765 0.1968584 -0.0037397
v -1.0097664 0.2035484 -0.0030860
v -0.9920268 0.2101485 -0.0024273
v -0.9742582 0.2166580 -0.0017624
v -0.9564610 0.2230760 -0.0010902
v -0.9386359 0.2294018 -0.0004094
v -0.9207833 0.2356347 0.0002810
v -0.9029037 0.2417738 0.0009824
v -0.8849976 0.2478185 0.0016958
v -0.8670655 0.2537679 0.0024224
v -0.8491079 0.2596213 0.0031634
v -0.8311255 0.2653779 0.0039200
v -0.8131229 0.2710356 0.0046931
v -0.7951100 0.2765925 0.0054826
v -0.7770930 0.2820501 0.0062866
v -0.7590728 0.2874120 0.0071039
v -0.7410492 0.2926819 0.0079329
v -0.7230225 0.2978634 0.0087722
v -0.7049927 0.3029603 0.0096204
v -0.6869598 0.3079763 0.0104760
v -0.6689241 0.3129149 0.0113375
v -0.6508856 0.3177799 0.0122036
v -0.6328443 0.3225750 0.0130729
v -0.6148002 0.3273038 0.0139439
v -0.5967534 0.3319700 0.0148151
v -0.5787038 0.3365771 0.0156853
v -0.5606515 0.3411289 0.0165529
v -0.5425967 0.3456290 0.0174166
v -0.5245390 0.3500810 0.0182749
v -0.5064787 0.3544884 0.0191266
v -0.4884157 0.3588551 0.0199701
v -0.4703498 0.3631844 0.0208042
v -0.4522812 0.3674801 0.0216273
v -0.4342098 0.3717456 0.0224382
v -0.4161355 0.3759847 0.0232355
v -0.3980582 0.3802008 0.0240178
v -0.3799779 0.3843975 0.0247837
v -0.3618945 0.3885783 0.0255319
v -0.3438081 0.3927469 0.0262610
v -0.3257184 0.3969067 0.0269696
v -0.3076253 0.4010612 0.0276565
v -0.2895289 0.4052140 0.0283202
v -0.2714290 0.4093687 0.0289595
v -0.2533254 0.4135286 0.0295729
v -0.2352181 0.4176973 0.0301592
v -0.2171071 0.4218783 0.0307170
v -0.1989920 0.4260751 0.0312449
v -0.1808728 0.4302911 0.0317417
v -0.1627495 0.4345298 0.0322061
v -0.1446217 0.4387946 0.0326366
v -0.1264895 0.4430891 0.0330320
v -0.1083526 0.4474166 0.0333910
v -0.0902108 0.4517806 0.0337123
v -0.0720641 0.4561846 0.0339945
v -0.0539122 0.4606319 0.0342364
v -0.0357550 0.4651260 0.0344366
v -0.0175895 0.4696710 0.0345939
v 0.0005971 0.4742727 0.0347080
v 0.0188154 0.4789330 0.0347826
v 0.0370645 0.4836504 0.0348226
v 0.0553400 0.4884219 0.0348327
v 0.0736378 0.4932450 0.0348177
v 0.0919541 0.4981173 0.0347824
v 0.1102847 0.5030359 0.0347316
v 0.1286256 0.5079984 0.0346702
v 0.1469728 0.5130021 0.0346030
v 0.1653225 0.5180445 0.0345349
v 0.1836706 0.5231228 0.0344707
v 0.2020131 0.5282346 0.0344153
v 0.2203463 0.5333773 0.0343735
v 0.2386663 0.5385481 0.0343504
v 0.2569692 0.5437447 0.0343509
v 0.2752513 0.5489643 0.0343798
v 0.2935086 0.5542043 0.0344421
v 0.3117375 0.5594623 0.0345428
v 0.3299341 0.5647355 0.0346869
v 0.3480949 0.5700215 0.0348794
v 0.3662161 0.5753177 0.0351252
v 0.3842939 0.5806215 0.0354294
v 0.4023248 0.5859303 0.0357970
v 0.4203052 0.5912416 0.0362332
v 0.4382314 0.5965528 0.0367429
v 0.4560998 0.6018614 0.0373313
v 0.4739071 0.6071648 0.0380035
v 0.4916495 0.6124605 0.0387648
v 0.5093236 0.6177459 0.0396201
v 0.5269260 0.6230186 0.0405749
v 0.5444532 0.6282758 0.0416342
v 0.5619019 0.6335153 0.0428035
v 0.5792686 0.6387344 0.0440879
v 0.5965498 0.6439305 0.0454928
v 0.6137424 0.6491013 0.0470237
v 0.6308431 0.6542441 0.0486860
v 0.6478485 0.6593565 0.0504852
v 0.6647553 0.6644358 0.0524267
v 0.6815598 0.6694795 0.0545161
v 0.6982537 0.6744834 0.0567578
v 0.7148380 0.6794457 0.0591518
v 0.7313231 0.6843673 0.0616975
v 0.7477213 0.6892495 0.0643943
v 0.7640453 0.6940938 0.0672414
v 0.7803074 0.6989015 0.0702381
v 0.7965201 0.7036742 0.0733838
v 0.8126959 0.7084132 0.0766776
v 0.8288470 0.7131199 0.0801185
v 0.8449861 0.7177959 0.0837059
v 0.8611252 0.7224424 0.0874386
v 0.8772772 0.7270611 0.0913157
v 0.8934545 0.7316534 0.0953363
v 0.9096696 0.7362208 0.0994993
v 0.9259352 0.7407649 0.1038037
v 0.9422639 0.7452871 0.1082484
v 0.9586685 0.7497892 0.1128324
v 0.9751618 0.7542727 0.1175547
v 0.9917567 0.7587394 0.1224142
v 1.0084662 0.7631908 0.1274100
v 1.0253033 0.7676288 0.1325409
v 1.0422812 0.7720551 0.1378061
v 1.0594130 0.7764715 0.1432047
v 1.0767118 0.7808798 0.1487357
v 1.0941914 0.7852818 0.1543983
v 1.1118648 0.7896794 0.1601915
v 1.1297456 0.7940746 0.1661147
v 1.1478475 0.7984691 0.1721671
v 1.1661838 0.8028648 0.1783479
v 1.1847682 0.8072639 0.1846564
v 1.2036146 0.8116680 0.1910920
v 1.2227365 0.8160793 0.1976540
v 1.2421479 0.8204998 0.2043418
v 1.2618623 0.8249312 0.2111549
v 1.2818938 0.8293757 0.2180927
v 1.3022561 0.8338352 0.2251547
v 1.3229632 0.8383118 0.2323404
v 1.3440290 0.8428072 0.2396493
v 1.3654674 0.8473237 0.2470809
v 1.3872922 0.8518630 0.2546348
v 1.4095160 0.8564271 0.2623101
v 1.4321205 0.8610130 0.2700984
v 1.4550543 0.8656135 0.2779826
v 1.4782644 0.8702206 0.2859456
v 1.5016987 0.8748268 0.2939704
v 1.5253036 0.8794242 0.3020395
v 1.5490260 0.8840051 0.3101357
v 1.5728132 0.8885614 0.3182417
v 1.5966115 0.8930857 0.3263400
v 1.6203678 0.8975698 0.3344133
v 1.6440289 0.9020059 0.3424443
v 1.6675407 0.9063860 0.3504153
v 1.6908503 0.9107023 0.3583090
v 1.7139040 0.9149470 0.3661080
v 1.7366480 0.9191119 0.3737947
v 1.7590292 0.9231894 0.3813517
v 1.7809938 0.9271712 0.3887615
v 1.8024878 0.9310495 0.3960065
v 1.8234581 0.9348166 0.4030694
v 1.8438507 0.9384643 0.4099325
v 1.8636122 0.9419845 0.4165784
v 1.8826885 0.9453695 0.4229895
v 1.9010265 0.9486115 0.4291483
v 1.9185722 0.9517020 0.4350374
v 1.9352715 0.9546334 0.4406390
v 1.9510712 0.9573978 0.4459358
v 1.9659168 0.9599870 0.4509101
v 1.9797558 0.9623933 0.4555445
v 1.9925337 0.9646085 0.4598215
v 2.0041969 0.9666247 0.4637234
v 2.0146917 0.9684340 0.4672328
v 2.0239637 0.9700282 0.4703319
v 2.0319593 0.9713996 0.4730032
v 2.0386261 0.9725402 0.4752296
v 2.0439085 0.9734418 0.4769930
v 2.0477535 0.9740966 0.4782761
v 2.0501070 0.9744965 0.4790611
v 2.0509054 0.9746319 0.4793273
vn -0.7412867 -0.2498214 -0.6229634
vn -0.6743376 -0.1404675 -0.7249398
vn 0.5817642 0.0664229 -0.8106408
vn 0.3827451 0.5402883 -0.7493962
vn 0.5762527 0.0884209 -0.8124744
vn 0.3714313 0.5584572 -0.7417307
vn 0.5744696 0.0957547 -0.8129058
vn 0.3677520 0.5644747 -0.7390039
vn 0.5736567 0.0994443 -0.8130368
vn 0.3660055 0.5675147 -0.7375412
vn 0.5732431 0.1017233 -0.8130465
vn 0.3650425 0.5693875 -0.7365744
vn 0.5730396 0.1032882 -0.8129927
vn 0.3644771 0.5706875 -0.7358480
vn 0.5729682 0.1044630 -0.8128930
vn 0.3641473 0.5716650 -0.7352522
vn 0.5729836 0.1053900 -0.8127624
vn 0.3639746 0.5724432 -0.7347321
vn 0.5730585 0.1061572 -0.8126097
vn 0.3639131 0.5730961 -0.7342534
vn 0.5732004 0.1068289 -0.8124216
vn 0.3639436 0.5736681 -0.7337915
vn 0.5733908 0.1074327 -0.8122076
vn 0.3640508 0.5741905 -0.7333296
vn 0.5736248 0.1079892 -0.8119686
vn 0.3642207 0.5746763 -0.7328645
vn 0.5739128 0.1085243 -0.8116936
vn 0.3644631 0.5751504 -0.7323719
vn 0.5742622 0.1090573 -0.8113750
vn 0.3647726 0.5756220 -0.7318471
vn 0.5746606 0.1095853 -0.8110217
vn 0.3651500 0.5761003 -0.7312824
vn 0.5751332 0.1101386 -0.8106117
vn 0.3656106 0.5766000 -0.7306581
vn 0.5756905 0.1107277 -0.8101357
vn 0.3661653 0.5771375 -0.7299557
vn 0.5763390 0.1113587 -0.8095879
vn 0.3668243 0.5777171 -0.7291659
vn 0.5771094 0.1120619 -0.8089418
vn 0.3676117 0.5783652 -0.7282550
vn 0.5780148 0.1125671 -0.8082249
vn 0.3685900 0.5788717 -0.7273575
vn 0.5789014 0.1128112 -0.8075561
vn 0.3695935 0.5791733 -0.7266079
vn 0.5796288 0.1129721 -0.8070116
vn 0.3704146 0.5793894 -0.7260172
vn 0.5801613 0.1130584 -0.8066168
vn 0.3710158 0.5795301 -0.7255977
vn 0.5804743 0.1130576 -0.8063917
vn 0.3713665 0.5795822 -0.7253767
vn 0.5805402 0.1129669 -0.8063570
vn 0.3714422 0.5795416 -0.7253704
vn 0.5803492 0.1127859 -0.8065198
vn 0.3712174 0.5794015 -0.7255974
vn 0.5798605 0.1124859 -0.8069131
vn 0.3706604 0.5791428 -0.7260885
vn 0.5790654 0.1120814 -0.8075401
vn 0.3697554 0.5787674 -0.7268488
vn 0.5779573 0.1115634 -0.8084052
vn 0.3684930 0.5782697 -0.7278854
vn 0.5765078 0.1109189 -0.8095281
vn 0.3668446 0.5776381 -0.7292183
vn 0.5747094 0.1101509 -0.8109106
vn 0.3648054 0.5768708 -0.7308468
vn 0.5725673 0.1092596 -0.8125447
vn 0.3623801 0.5759664 -0.7327641
vn 0.5700918 0.1082504 -0.8144183
vn 0.3595763 0.5749276 -0.7349579
vn 0.5672891 0.1071257 -0.8165213
vn 0.3564030 0.5737567 -0.7374145
vn 0.5641788 0.1058940 -0.8188338
vn 0.3528816 0.5724578 -0.7401126
vn 0.5607873 0.1045635 -0.8213307
vn 0.3490472 0.5710409 -0.7430198
vn 0.5571461 0.1031443 -0.8239839
vn 0.3449329 0.5695182 -0.7461034
vn 0.5532925 0.1016447 -0.8267622
vn 0.3405813 0.5678883 -0.7493379
vn 0.5493122 0.1001139 -0.8295983
vn 0.3360968 0.5661910 -0.7526398
vn 0.5454357 0.0987632 -0.8323135
vn 0.3316944 0.5646157 -0.7557698
vn 0.5418764 0.0975890 -0.8347732
vn 0.3275946 0.5631894 -0.7586168
vn 0.5386624 0.0965232 -0.8369743
vn 0.3238401 0.5618773 -0.7611974
vn 0.5358076 0.0955810 -0.8389127
vn 0.3204281 0.5606786 -0.7635216
vn 0.5332804 0.0947401 -0.8406166
vn 0.3173384 0.5595806 -0.7656147
vn 0.5310707 0.0940001 -0.8420973
vn 0.3145647 0.5585909 -0.7674799
vn 0.5291842 0.0933723 -0.8433538
vn 0.3121011 0.5577044 -0.7691285
vn 0.5276019 0.0928472 -0.8444026
vn 0.3099344 0.5569197 -0.7705720
vn 0.5263176 0.0924219 -0.8452502
vn 0.3080591 0.5562345 -0.7718178
vn 0.5253243 0.0921001 -0.8459031
vn 0.3064688 0.5556506 -0.7728708
vn 0.5246180 0.0918822 -0.8463649
vn 0.3051525 0.5551647 -0.7737403
vn 0.5241844 0.0917569 -0.8466471
vn 0.3041042 0.5547710 -0.7744351
vn 0.5240321 0.0917412 -0.8467431
vn 0.3033252 0.5544804 -0.7749486
vn 0.5241500 0.0918202 -0.8466616
vn 0.3028055 0.5542837 -0.7752925
vn 0.5245276 0.0919966 -0.8464085
vn 0.3025379 0.5541805 -0.7754707
vn 0.5251685 0.0922741 -0.8459808
vn 0.3025226 0.5541716 -0.7754830
vn 0.5260691 0.0926510 -0.8453799
vn 0.3027543 0.5542575 -0.7753312
vn 0.5272229 0.0931245 -0.8446087
vn 0.3032307 0.5544371 -0.7750166
vn 0.5286316 0.0936976 -0.8436643
vn 0.3039487 0.5547108 -0.7745393
vn 0.5302897 0.0943709 -0.8425479
vn 0.3049050 0.5550767 -0.7739010
vn 0.5321964 0.0951414 -0.8412581
vn 0.3060984 0.5555367 -0.7730994
vn 0.5343524 0.0960162 -0.8397907
vn 0.3075264 0.5560913 -0.7721334
vn 0.5367543 0.0969882 -0.8381457
vn 0.3091895 0.5567401 -0.7710008
vn 0.5394013 0.0980603 -0.8363196
vn 0.3110830 0.5574823 -0.7697018
vn 0.5422975 0.0992397 -0.8343050
vn 0.3132107 0.5583213 -0.7682294
vn 0.5454333 0.1005354 -0.8321028
vn 0.3155588 0.5592682 -0.7665779
vn 0.5487118 0.1019776 -0.8297686
vn 0.3180240 0.5603591 -0.7647604
vn 0.5517527 0.1033497 -0.8275795
vn 0.3202811 0.5614356 -0.7630269
vn 0.5541558 0.1044018 -0.8258399
vn 0.3220463 0.5622994 -0.7616466
vn 0.5558129 0.1051334 -0.8246326
vn 0.3232431 0.5629257 -0.7606764
vn 0.5567166 0.1055593 -0.8239684
vn 0.3238672 0.5633225 -0.7601170
vn 0.5568700 0.1056812 -0.8238490
vn 0.3239193 0.5634867 -0.7599730
vn 0.5562753 0.1055012 -0.8242738
vn 0.3234026 0.5634230 -0.7602403
vn 0.5549247 0.1050142 -0.8252458
vn 0.3223102 0.5631266 -0.7609235
vn 0.5528087 0.1042207 -0.8267652
vn 0.3206335 0.5625980 -0.7620221
vn 0.5499160 0.1031176 -0.8288300
vn 0.3183670 0.5618361 -0.7635330
vn 0.5462310 0.1017021 -0.8314376
vn 0.3154974 0.5608401 -0.7654539
vn 0.5417382 0.0999746 -0.8345806
vn 0.3120126 0.5596084 -0.7677803
vn 0.5364143 0.0979317 -0.8382536
vn 0.3078957 0.5581395 -0.7705067
vn 0.5302342 0.0955701 -0.8424477
vn 0.3031272 0.5564308 -0.7736270
vn 0.5231693 0.0928874 -0.8471516
vn 0.2976864 0.5544823 -0.7771307
vn 0.5151938 0.0898830 -0.8523476
vn 0.2915531 0.5522915 -0.7810063
vn 0.5062742 0.0865570 -0.8580176
vn 0.2847023 0.5498610 -0.7852372
vn 0.4963712 0.0829026 -0.8641428
vn 0.2771039 0.5471849 -0.7898114
vn 0.4854438 0.0789182 -0.8706987
vn 0.2687300 0.5442632 -0.7947086
vn 0.4734622 0.0746122 -0.8776483
vn 0.2595564 0.5411015 -0.7998998
vn 0.4603878 0.0699840 -0.8849550
vn 0.2495531 0.5376981 -0.8053596
vn 0.4461692 0.0650295 -0.8925829
vn 0.2386839 0.5340525 -0.8110598
vn 0.4307719 0.0597599 -0.9004801
vn 0.2269260 0.5301726 -0.8169587
vn 0.4141646 0.0541823 -0.9085879
vn 0.2142504 0.5260617 -0.8230163
vn 0.3963064 0.0483057 -0.9168467
vn 0.2006318 0.5217283 -0.8291842
vn 0.3771693 0.0421376 -0.9251852
vn 0.1860506 0.5171785 -0.8354110
vn 0.3567314 0.0357025 -0.9335245
vn 0.1704862 0.5124261 -0.8416377
vn 0.3349724 0.0290111 -0.9417812
vn 0.1539309 0.5074817 -0.8478016
vn 0.3118913 0.0220937 -0.9498609
vn 0.1363815 0.5023663 -0.8538314
vn 0.2874885 0.0149693 -0.9576671
vn 0.1178406 0.4970925 -0.8596585
vn 0.2617849 0.0076755 -0.9650957
vn 0.0983240 0.4916874 -0.8652028
vn 0.2348162 0.0002285 -0.9720398
vn 0.0778621 0.4861600 -0.8703941
vn 0.2066738 -0.0075285 -0.9783809
vn 0.0565554 0.4803764 -0.8752371
vn 0.1782921 -0.0153146 -0.9838584
vn 0.0350748 0.4744539 -0.8795813
vn 0.1510795 -0.0224792 -0.9882660
vn 0.0143007 0.4688089 -0.8831838
vn 0.1256099 -0.0289141 -0.9916583
vn -0.0054290 0.4635960 -0.8860301
vn 0.1019199 -0.0347586 -0.9941852
vn -0.0240821 0.4587732 -0.8882270
vn 0.0800313 -0.0400539 -0.9959873
vn -0.0416401 0.4543118 -0.8898690
vn 0.0599469 -0.0448422 -0.9971938
vn -0.0580938 0.4501853 -0.8910434
vn 0.0416576 -0.0491611 -0.9979218
vn -0.0734467 0.4463663 -0.8918311
vn 0.0251454 -0.0530417 -0.9982757
vn -0.0877084 0.4428318 -0.8923045
vn 0.0103852 -0.0565124 -0.9983479
vn -0.1008926 0.4395609 -0.8925284
vn -0.0026501 -0.0595968 -0.9982190
vn -0.1130176 0.4365320 -0.8925619
vn -0.0139914 -0.0623115 -0.9979587
vn -0.1241040 0.4337305 -0.8924551
vn -0.0236645 -0.0646692 -0.9976261
vn -0.1341709 0.4311439 -0.8922517
vn -0.0317028 -0.0666857 -0.9972702
vn -0.1432428 0.4287523 -0.8919938
vn -0.0381237 -0.0683492 -0.9969328
vn -0.1513324 0.4265611 -0.8917086
vn -0.0429522 -0.0696634 -0.9966454
vn -0.1584620 0.4245600 -0.8914251
vn -0.0462052 -0.0706155 -0.9964329
vn -0.1646449 0.4227510 -0.8911642
vn -0.0478947 -0.0711925 -0.9963121
vn -0.1698930 0.4211334 -0.8909450
vn -0.0480295 -0.0713729 -0.9962927
vn -0.1742170 0.4197138 -0.8907798
vn -0.0466149 -0.0711293 -0.9963773
vn -0.1776233 0.4185026 -0.8906770
vn -0.0436523 -0.0704299 -0.9965611
vn -0.1801183 0.4175096 -0.8906419
vn -0.0391417 -0.0692309 -0.9968325
vn -0.1817037 0.4167572 -0.8906723
vn -0.0331350 -0.0673976 -0.9971758
vn -0.1824120 0.4163342 -0.8907254
vn -0.0261053 -0.0649796 -0.9975451
vn -0.1825220 0.4162580 -0.8907385
vn -0.0188651 -0.0623636 -0.9978752
vn -0.1824539 0.4163483 -0.8907102
vn -0.0118450 -0.0597627 -0.9981423
vn -0.1823746 0.4164662 -0.8906713
vn -0.0050903 -0.0571557 -0.9983523
vn -0.1822891 0.4165914 -0.8906303
vn 0.0013942 -0.0545543 -0.9985098
vn -0.1821998 0.4167227 -0.8905871
vn 0.0076059 -0.0519691 -0.9986197
vn -0.1821042 0.4168616 -0.8905417
vn 0.0135436 -0.0494109 -0.9986867
vn -0.1820012 0.4170083 -0.8904940
vn 0.0192064 -0.0468920 -0.9987153
vn -0.1818938 0.4171606 -0.8904447
vn 0.0245943 -0.0444200 -0.9987102
vn -0.1817784 0.4173207 -0.8903932
vn 0.0297079 -0.0420051 -0.9986756
vn -0.1816580 0.4174861 -0.8903402
vn 0.0345481 -0.0396577 -0.9986159
vn -0.1815299 0.4176580 -0.8902858
vn 0.0391166 -0.0373831 -0.9985351
vn -0.1813957 0.4178365 -0.8902293
vn 0.0434152 -0.0351919 -0.9984371
vn -0.1812548 0.4180206 -0.8901716
vn 0.0474461 -0.0330884 -0.9983256
vn -0.1811068 0.4182113 -0.8901122
vn 0.0512114 -0.0310807 -0.9982041
vn -0.1809521 0.4184061 -0.8900521
vn 0.0547134 -0.0291740 -0.9980758
vn -0.1807898 0.4186081 -0.8899900
vn 0.0579547 -0.0273736 -0.9979439
vn -0.1806185 0.4188173 -0.8899264
vn 0.0609385 -0.0256850 -0.9978110
vn -0.1804398 0.4190309 -0.8898621
vn 0.0636666 -0.0241114 -0.9976799
vn -0.1802537 0.4192507 -0.8897963
vn 0.0661419 -0.0226571 -0.9975530
vn -0.1800598 0.4194756 -0.8897296
vn 0.0683668 -0.0213258 -0.9974323
vn -0.1798568 0.4197068 -0.8896616
vn 0.0703434 -0.0201191 -0.9973199
vn -0.1796454 0.4199441 -0.8895923
vn 0.0720732 -0.0190418 -0.9972176
vn -0.1794249 0.4201871 -0.8895221
vn 0.0735594 -0.0180934 -0.9971267
vn -0.1791955 0.4204356 -0.8894509
vn 0.0748026 -0.0172780 -0.9970487
vn -0.1789558 0.4206910 -0.8893784
vn 0.0758048 -0.0165940 -0.9969846
vn -0.1787070 0.4209522 -0.8893048
vn 0.0765671 -0.0160453 -0.9969353
vn -0.1784498 0.4212174 -0.8892309
vn 0.0770900 -0.0156309 -0.9969016
vn -0.1781812 0.4214897 -0.8891557
vn 0.0773743 -0.0153516 -0.9968839
vn -0.1779011 0.4217688 -0.8890795
vn 0.0774216 -0.0152066 -0.9968825
vn -0.1776117 0.4220519 -0.8890030
vn 0.0772308 -0.0151966 -0.9968974
vn -0.1773110 0.4223418 -0.8889253
vn 0.0768021 -0.0153193 -0.9969287
vn -0.1769988 0.4226372 -0.8888471
vn 0.0761354 -0.0155752 -0.9969758
vn -0.1766755 0.4229373 -0.8887687
vn 0.0752296 -0.0159624 -0.9970385
vn -0.1763398 0.4232436 -0.8886895
vn 0.0740848 -0.0164785 -0.9971158
vn -0.1759915 0.4235552 -0.8886101
vn 0.0727105 -0.0171408 -0.9972058
vn -0.1756246 0.4238602 -0.8885373
vn 0.0711836 -0.0179360 -0.9973020
vn -0.1752079 0.4241487 -0.8884819
vn 0.0696358 -0.0187648 -0.9973960
vn -0.1747150 0.4244313 -0.8884440
vn 0.0681334 -0.0195606 -0.9974845
vn -0.1741564 0.4247294 -0.8884112
vn 0.0666826 -0.0203198 -0.9975673
vn -0.1735378 0.4250559 -0.8883761
vn 0.0652833 -0.0210445 -0.9976448
vn -0.1728608 0.4254085 -0.8883393
vn 0.0639359 -0.0217344 -0.9977173
vn -0.1721239 0.4257895 -0.8882999
vn 0.0626405 -0.0223902 -0.9977850
vn -0.1713275 0.4261964 -0.8882587
vn 0.0613969 -0.0230122 -0.9978481
vn -0.1704707 0.4266294 -0.8882157
vn 0.0602058 -0.0236016 -0.9979069
vn -0.1695533 0.4270887 -0.8881706
vn 0.0590673 -0.0241580 -0.9979616
vn -0.1685756 0.4275725 -0.8881239
vn 0.0579814 -0.0246821 -0.9980125
vn -0.1675366 0.4280808 -0.8880756
vn 0.0569480 -0.0251750 -0.9980597
vn -0.1664356 0.4286137 -0.8880256
vn 0.0559680 -0.0256357 -0.9981034
vn -0.1652726 0.4291707 -0.8879738
vn 0.0550413 -0.0260669 -0.9981438
vn -0.1640482 0.4297495 -0.8879209
vn 0.0541681 -0.0264669 -0.9981810
vn -0.1627606 0.4303518 -0.8878662
vn 0.0533483 -0.0268382 -0.9982152
vn -0.1614100 0.4309757 -0.8878101
vn 0.0525826 -0.0271791 -0.9982466
vn -0.1599963 0.4316213 -0.8877524
vn 0.0518710 -0.0274925 -0.9982753
vn -0.1585184 0.4322876 -0.8876933
vn 0.0512138 -0.0277761 -0.9983014
vn -0.1569766 0.4329747 -0.8876324
vn 0.0506113 -0.0280334 -0.9983249
vn -0.1553702 0.4336815 -0.8875700
vn 0.0500634 -0.0282627 -0.9983461
vn -0.1536985 0.4344078 -0.8875059
vn 0.0495708 -0.0284652 -0.9983649
vn -0.1519616 0.4351528 -0.8874400
vn 0.0491334 -0.0286416 -0.9983815
vn -0.1501591 0.4359157 -0.8873724
vn 0.0487516 -0.0287926 -0.9983958
vn -0.1482902 0.4366964 -0.8873028
vn 0.0484258 -0.0289180 -0.9984081
vn -0.1463542 0.4374944 -0.8872311
vn 0.0481561 -0.0290188 -0.9984182
vn -0.1443516 0.4383080 -0.8871577
vn 0.0479428 -0.0290954 -0.9984262
vn -0.1422810 0.4391384 -0.8870815
vn 0.0477863 -0.0291482 -0.9984322
vn -0.1401427 0.4399837 -0.8870030
vn 0.0476866 -0.0291783 -0.9984361
vn -0.1379358 0.4408431 -0.8869223
vn 0.0476444 -0.0291849 -0.9984379
vn -0.1356603 0.4417169 -0.8868385
vn 0.0476596 -0.0291706 -0.9984376
vn -0.1333146 0.4426042 -0.8867518
vn 0.0477328 -0.0291337 -0.9984352
vn -0.1308998 0.4435040 -0.8866620
vn 0.0478640 -0.0290764 -0.9984306
vn -0.1284145 0.4444154 -0.8865691
vn 0.0480537 -0.0289989 -0.9984237
vn -0.1258582 0.4453388 -0.8864723
vn 0.0483024 -0.0289009 -0.9984146
vn -0.1232311 0.4462723 -0.8863719
vn 0.0486101 -0.0287839 -0.9984030
vn -0.1205322 0.4472160 -0.8862673
vn 0.0489774 -0.0286488 -0.9983889
vn -0.1177612 0.4481689 -0.8861585
vn 0.0494041 -0.0284944 -0.9983723
vn -0.1149174 0.4491307 -0.8860449
vn 0.0498911 -0.0283237 -0.9983530
vn -0.1120002 0.4500997 -0.8859267
vn 0.0504383 -0.0281351 -0.9983308
vn -0.1090100 0.4510762 -0.8858031
vn 0.0510460 -0.0279311 -0.9983056
vn -0.1059483 0.4520627 -0.8856717
vn 0.0516956 -0.0277267 -0.9982779
vn -0.1028535 0.4530429 -0.8855356
vn 0.0523325 -0.0275550 -0.9982495
vn -0.0998196 0.4539699 -0.8854080
vn 0.0529112 -0.0274186 -0.9982227
vn -0.0969145 0.4548276 -0.8852906
vn 0.0534239 -0.0273068 -0.9981985
vn -0.0941499 0.4556255 -0.8851786
vn 0.0538695 -0.0272170 -0.9981770
vn -0.0915270 0.4563684 -0.8850710
vn 0.0542485 -0.0271491 -0.9981583
vn -0.0890464 0.4570569 -0.8849688
vn 0.0545601 -0.0271021 -0.9981426
vn -0.0867098 0.4576927 -0.8848722
vn 0.0548041 -0.0270756 -0.9981300
vn -0.0845180 0.4582778 -0.8847814
vn 0.0549803 -0.0270692 -0.9981204
vn -0.0824723 0.4588129 -0.8846972
vn 0.0550886 -0.0270812 -0.9981141
vn -0.0805732 0.4593002 -0.8846193
vn 0.0551290 -0.0271129 -0.9981111
vn -0.0788213 0.4597404 -0.8845485
vn 0.0551005 -0.0271621 -0.9981113
vn -0.0772179 0.4601355 -0.8844845
vn 0.0550045 -0.0272289 -0.9981148
vn -0.0757621 0.4604863 -0.8844278
vn 0.0548397 -0.0273130 -0.9981215
vn -0.0744557 0.4607945 -0.8843782
vn 0.0546069 -0.0274139 -0.9981315
vn -0.0732984 0.4610606 -0.8843362
vn 0.0543059 -0.0275313 -0.9981447
vn -0.0722912 0.4612859 -0.8843016
vn 0.0539364 -0.0276641 -0.9981611
vn -0.0714333 0.4614721 -0.8842742
vn 0.0534994 -0.0278133 -0.9981805
vn -0.0707257 0.4616191 -0.8842543
vn 0.0529937 -0.0279776 -0.9982028
vn -0.0701683 0.4617278 -0.8842420
vn 0.0524204 -0.0281571 -0.9982281
vn -0.0697606 0.4617999 -0.8842366
vn 0.0517795 -0.0283515 -0.9982560
vn -0.0695029 0.4618354 -0.8842383
vn 0.0510715 -0.0285608 -0.9982865
vn -0.0693951 0.4618349 -0.8842470
vn 0.0502960 -0.0287844 -0.9983195
vn -0.0694373 0.4617993 -0.8842623
vn 0.0494536 -0.0290227 -0.9983547
vn -0.0696289 0.4617289 -0.8842840
vn 0.0485444 -0.0292754 -0.9983919
vn -0.0699692 0.4616243 -0.8843118
vn 0.0475691 -0.0295427 -0.9984310
vn -0.0704589 0.4614851 -0.8843455
vn 0.0465275 -0.0298241 -0.9984717
vn -0.0710968 0.4613123 -0.8843846
vn 0.0454202 -0.0301201 -0.9985138
vn -0.0718828 0.4611059 -0.8844288
vn 0.0442476 -0.0304305 -0.9985570
vn -0.0728160 0.4608661 -0.8844774
vn 0.0430103 -0.0307556 -0.9986011
vn -0.0738958 0.4605927 -0.8845303
vn 0.0417084 -0.0310954 -0.9986458
vn -0.0751228 0.4602853 -0.8845869
vn 0.0403421 -0.0314497 -0.9986909
vn -0.0764948 0.4599447 -0.8846465
vn 0.0389124 -0.0318195 -0.9987359
vn -0.0780114 0.4595701 -0.8847087
vn 0.0374198 -0.0322044 -0.9987806
vn -0.0796722 0.4591610 -0.8847731
vn 0.0358645 -0.0326047 -0.9988246
vn -0.0814767 0.4587178 -0.8848387
vn 0.0342470 -0.0330209 -0.9988677
vn -0.0834226 0.4582397 -0.8849051
vn 0.0325682 -0.0334533 -0.9989095
vn -0.0855106 0.4577260 -0.8849717
vn 0.0308284 -0.0339020 -0.9989496
vn -0.0877383 0.4571769 -0.8850375
vn 0.0290285 -0.0343674 -0.9989876
vn -0.0901057 0.4565911 -0.8851020
vn 0.0271688 -0.0348501 -0.9990232
vn -0.0926109 0.4559684 -0.8851644
vn 0.0252504 -0.0353501 -0.9990559
vn -0.0952531 0.4553081 -0.8852239
vn 0.0232737 -0.0358680 -0.9990855
vn -0.0980313 0.4546091 -0.8852799
vn 0.0212396 -0.0364044 -0.9991114
vn -0.1009434 0.4538710 -0.8853313
vn 0.0191493 -0.0369617 -0.9991332
vn -0.1039874 0.4530884 -0.8853799
vn 0.0170260 -0.0375352 -0.9991503
vn -0.1071285 0.4522571 -0.8854304
vn 0.0149843 -0.0380617 -0.9991630
vn -0.1102075 0.4514464 -0.8854662
vn 0.0131590 -0.0385025 -0.9991719
vn -0.1130578 0.4507138 -0.8854801
vn 0.0115833 -0.0388764 -0.9991769
vn -0.1156417 0.4500491 -0.8854845
vn 0.0102572 -0.0391902 -0.9991791
vn -0.1179604 0.4494466 -0.8854847
vn 0.0091777 -0.0394428 -0.9991797
vn -0.1200177 0.4489068 -0.8854821
vn 0.0083440 -0.0396332 -0.9991795
vn -0.1218152 0.4484310 -0.8854776
vn 0.0077546 -0.0397606 -0.9991791
vn -0.1233549 0.4480197 -0.8854727
vn 0.0074086 -0.0398240 -0.9991792
vn -0.1246381 0.4476741 -0.8854678
vn 0.0073055 -0.0398221 -0.9991801
vn -0.1256668 0.4473952 -0.8854634
vn 0.0074449 -0.0397545 -0.9991817
vn -0.1264408 0.4471837 -0.8854600
vn 0.0078273 -0.0396202 -0.9991842
vn -0.1269621 0.4470399 -0.8854581
vn 0.0084525 -0.0394171 -0.9991871
vn -0.1272303 0.4469653 -0.8854572
vn 0.0093217 -0.0391453 -0.9991900
vn -0.1272444 0.4469614 -0.8854572
vn 0.0104364 -0.0388026 -0.9991924
vn -0.1270049 0.4470284 -0.8854577
vn 0.0117974 -0.0383884 -0.9991932
vn -0.1265099 0.4471681 -0.8854581
vn 0.0134072 -0.0379015 -0.9991915
vn -0.1257582 0.4473815 -0.8854573
vn 0.0152679 -0.0373406 -0.9991860
vn -0.1247494 0.4476688 -0.8854548
vn 0.0173815 -0.0367039 -0.9991750
vn -0.1234807 0.4480321 -0.8854489
vn 0.0197517 -0.0359902 -0.9991569
vn -0.1219488 0.4484730 -0.8854380
vn 0.0223819 -0.0351980 -0.9991297
vn -0.1201519 0.4489924 -0.8854204
vn 0.0252751 -0.0343258 -0.9990910
vn -0.1180862 0.4495919 -0.8853941
vn 0.0284361 -0.0333720 -0.9990384
vn -0.1157490 0.4502726 -0.8853569
vn 0.0318690 -0.0323349 -0.9989689
vn -0.1131355 0.4510365 -0.8853059
vn 0.0355789 -0.0312123 -0.9988793
vn -0.1102411 0.4518852 -0.8852382
vn 0.0395712 -0.0300037 -0.9987662
vn -0.1070617 0.4528198 -0.8851508
vn 0.0438512 -0.0287053 -0.9986256
vn -0.1035926 0.4538425 -0.8850399
vn 0.0484249 -0.0273169 -0.9984532
vn -0.0998264 0.4549552 -0.8849014
vn 0.0532998 -0.0258353 -0.9982443
vn -0.0957582 0.4561596 -0.8847309
vn 0.0584819 -0.0242590 -0.9979937
vn -0.0913819 0.4574572 -0.8845237
vn 0.0639790 -0.0225859 -0.9976956
vn -0.0866891 0.4588511 -0.8842741
vn 0.0697986 -0.0208134 -0.9973440
vn -0.0816747 0.4603421 -0.8839765
vn 0.0759487 -0.0189396 -0.9969318
vn -0.0763287 0.4619336 -0.8836240
vn 0.0824389 -0.0169621 -0.9964518
vn -0.0706440 0.4636265 -0.8832100
vn 0.0892771 -0.0148790 -0.9958957
vn -0.0646130 0.4654228 -0.8827269
vn 0.0964732 -0.0126870 -0.9952547
vn -0.0582256 0.4673259 -0.8821657
vn 0.1040367 -0.0103844 -0.9945192
vn -0.0514721 0.4693377 -0.8815173
vn 0.1119782 -0.0079693 -0.9936787
vn -0.0443425 0.4714600 -0.8807719
vn 0.1203058 -0.0054351 -0.9927220
vn -0.0368305 0.4736979 -0.8799169
vn 0.1290042 -0.0027665 -0.9916402
vn -0.0289503 0.4760706 -0.8789304
vn 0.1379376 -0.0000450 -0.9904409
vn -0.0208233 0.4785168 -0.8778315
vn 0.1469102 0.0026489 -0.9891463
vn -0.0126101 0.4809714 -0.8766456
vn 0.1558321 0.0053100 -0.9877693
vn -0.0043823 0.4834228 -0.8753760
vn 0.1646752 0.0079392 -0.9863159
vn 0.0038362 0.4858668 -0.8740245
vn 0.1734153 0.0105292 -0.9847925
vn 0.0120242 0.4882967 -0.8725948
vn 0.1820307 0.0130718 -0.9832060
vn 0.0201606 0.4907049 -0.8710926
vn 0.1904971 0.0155582 -0.9815645
vn 0.0282234 0.4930835 -0.8695241
vn 0.1987926 0.0179818 -0.9798766
vn 0.0361925 0.4954255 -0.8678961
vn 0.2068974 0.0203355 -0.9781513
vn 0.0440486 0.4977242 -0.8662161
vn 0.2147920 0.0226133 -0.9763980
vn 0.0517710 0.4999729 -0.8644922
vn 0.2224570 0.0248090 -0.9746268
vn 0.0593413 0.5021645 -0.8627337
vn 0.2298741 0.0269175 -0.9728481
vn 0.0667421 0.5042947 -0.8609485
vn 0.2370297 0.0289337 -0.9710714
vn 0.0739596 0.5063582 -0.8591457
vn 0.2439101 0.0308559 -0.9693069
vn 0.0809750 0.5083491 -0.8573355
vn 0.2505010 0.0326795 -0.9675646
vn 0.0877769 0.5102646 -0.8555263
vn 0.2567940 0.0344019 -0.9658537
vn 0.0943532 0.5121010 -0.8537271
vn 0.2627793 0.0360231 -0.9641833
vn 0.1006929 0.5138564 -0.8519463
vn 0.2684511 0.0375417 -0.9625615
vn 0.1067870 0.5155278 -0.8501927
vn 0.2738038 0.0389583 -0.9609962
vn 0.1126270 0.5171146 -0.8484737
vn 0.2788330 0.0402712 -0.9594949
vn 0.1182085 0.5186146 -0.8467973
vn 0.2835367 0.0414838 -0.9580637
vn 0.1235232 0.5200279 -0.8451704
vn 0.2879161 0.0425966 -0.9567078
vn 0.1285714 0.5213553 -0.8435983
vn 0.2919712 0.0436114 -0.9554323
vn 0.1333493 0.5225970 -0.8420869
vn 0.2957038 0.0445310 -0.9542412
vn 0.1378559 0.5237539 -0.8406412
vn 0.2991184 0.0453592 -0.9531373
vn 0.1420914 0.5248281 -0.8392649
vn 0.3022200 0.0460988 -0.9521229
vn 0.1460583 0.5258215 -0.8379611
vn 0.3050142 0.0467515 -0.9511996
vn 0.1497588 0.5267355 -0.8367330
vn 0.3075069 0.0473236 -0.9503683
vn 0.1531963 0.5275735 -0.8355819
vn 0.3097061 0.0478166 -0.9496292
vn 0.1563737 0.5283368 -0.8345104
vn 0.3116198 0.0482360 -0.9489818
vn 0.1592962 0.5290287 -0.8335187
vn 0.3132565 0.0485855 -0.9484249
vn 0.1619709 0.5296535 -0.8326059
vn 0.3146261 0.0488672 -0.9479570
vn 0.1644024 0.5302120 -0.8317734
vn 0.3157394 0.0490885 -0.9475753
vn 0.1665988 0.5307092 -0.8310190
vn 0.3166040 0.0492498 -0.9472784
vn 0.1685668 0.5311471 -0.8303421
vn 0.3172295 0.0493567 -0.9470635
vn 0.1703122 0.5315298 -0.8297408
vn 0.3176295 0.0494130 -0.9469265
vn 0.1718438 0.5318592 -0.8292138
vn 0.3178109 0.0494219 -0.9468652
vn 0.1731689 0.5321387 -0.8287587
vn 0.3177882 0.0493881 -0.9468746
vn 0.1742983 0.5323728 -0.8283715
vn 0.3175677 0.0493119 -0.9469525
vn 0.1752359 0.5325612 -0.8280525
vn 0.3171650 0.0491917 -0.9470937
vn 0.1759959 0.5327043 -0.8277993
vn 0.3166343 0.0490938 -0.9472764
vn 0.1766016 0.5328512 -0.8275757
vn 0.3160828 0.0490573 -0.9474624
vn 0.1771154 0.5330256 -0.8273535
vn 0.3155702 0.0490392 -0.9476342
vn 0.1775824 0.5331916 -0.8271464
vn 0.3150958 0.0490297 -0.9477925
vn 0.1780118 0.5333493 -0.8269524
vn 0.3146551 0.0490285 -0.9479390
vn 0.1784069 0.5335003 -0.8267698
vn 0.3142461 0.0490343 -0.9480744
vn 0.1787727 0.5336451 -0.8265974
vn 0.3138626 0.0490470 -0.9482008
vn 0.1791097 0.5337848 -0.8264342
vn 0.3135045 0.0490671 -0.9483182
vn 0.1794224 0.5339215 -0.8262781
vn 0.3131683 0.0490932 -0.9484279
vn 0.1797115 0.5340536 -0.8261299
vn 0.3128511 0.0491242 -0.9485310
vn 0.1799818 0.5341840 -0.8259867
vn 0.3125523 0.0491628 -0.9486275
vn 0.1802331 0.5343136 -0.8258480
vn 0.3122704 0.0492074 -0.9487180
vn 0.1804660 0.5344406 -0.8257150
vn 0.3120025 0.0492597 -0.9488034
vn 0.1806831 0.5345690 -0.8255844
vn 0.3117490 0.0493196 -0.9488836
vn 0.1808853 0.5346979 -0.8254566
vn 0.3115051 0.0493857 -0.9489603
vn 0.1810739 0.5348286 -0.8253306
vn 0.3112736 0.0494619 -0.9490323
vn 0.1812480 0.5349629 -0.8252053
vn 0.3110513 0.0495470 -0.9491007
vn 0.1814095 0.5351005 -0.8250806
vn 0.3108366 0.0496414 -0.9491661
vn 0.1815572 0.5352427 -0.8249559
vn 0.3106320 0.0497503 -0.9492274
vn 0.1816935 0.5353939 -0.8248278
vn 0.3104334 0.0498726 -0.9492859
vn 0.1818184 0.5355525 -0.8246973
vn 0.3102392 0.0500092 -0.9493423
vn 0.1819305 0.5357226 -0.8245621
vn 0.3100498 0.0501663 -0.9493958
vn 0.1820268 0.5359044 -0.8244227
vn 0.3098625 0.0503446 -0.9494476
vn 0.1821138 0.5361037 -0.8242738
vn 0.3096828 0.0505528 -0.9494951
vn 0.1821879 0.5363240 -0.8241142
vn 0.3094995 0.0507911 -0.9495422
vn 0.1822421 0.5365674 -0.8239437
vn 0.3093160 0.0510741 -0.9495868
vn 0.1822798 0.5368473 -0.8237530
vn 0.3091284 0.0514061 -0.9496300
vn 0.1822958 0.5371664 -0.8235414
vn 0.3089348 0.0518100 -0.9496710
vn 0.1822860 0.5375435 -0.8232975
vn 0.3087323 0.0523038 -0.9497098
vn 0.1822462 0.5379934 -0.8230124
vn 0.3085087 0.0529203 -0.9497483
vn 0.1821626 0.5385457 -0.8226696
vn 0.3082647 0.0537183 -0.9497827
vn 0.1820255 0.5392476 -0.8222400
vn 0.3079790 0.0547822 -0.9498146
vn 0.1818017 0.5401704 -0.8216837
vn 0.3076201 0.0562729 -0.9498438
vn 0.1814368 0.5414438 -0.8209259
vn 0.3071336 0.0585157 -0.9498657
vn 0.1808446 0.5433464 -0.8197987
vn 0.3063993 0.0622646 -0.9498645
vn 0.1797971 0.5464884 -0.8179385
vn 0.3050110 0.0697380 -0.9497920
vn 0.1776070 0.5527065 -0.8142305
vn 0.3009693 0.0919810 -0.9491875
vn 0.1708131 0.5710779 -0.8029277
vn 0.9403689 0.1606268 0.2998422
vn 0.9482646 0.2255378 0.2234434
vn -0.7668491 -0.2586125 -0.5874198
vn 0.6249309 -0.4252597 -0.6546874
vn 0.6266955 -0.4053208 -0.6655583
vn 0.6272882 -0.3986397 -0.6690261
vn 0.6276164 -0.3952798 -0.6707097
vn 0.6278706 -0.3932036 -0.6716915
vn 0.6280810 -0.3917891 -0.6723210
vn 0.6282828 -0.3907351 -0.6727457
vn 0.6284815 -0.3899072 -0.6730404
vn 0.6286760 -0.3892262 -0.6732528
vn 0.6288875 -0.3886403 -0.6733938
vn 0.6291144 -0.3881143 -0.6734852
vn 0.6293506 -0.3876355 -0.6735403
vn 0.6296141 -0.3871798 -0.6735562
vn 0.6299082 -0.3867358 -0.6735362
vn 0.6302258 -0.3862955 -0.6734918
vn 0.6305881 -0.3858377 -0.6734151
vn 0.6310096 -0.3853518 -0.6732985
vn 0.6314793 -0.3848411 -0.6731502
vn 0.6320287 -0.3842813 -0.6729544
vn 0.6326228 -0.3839157 -0.6726047
vn 0.6331490 -0.3837917 -0.6721802
vn 0.6335715 -0.3837340 -0.6718149
vn 0.6338793 -0.3837267 -0.6715288
vn 0.6340499 -0.3837766 -0.6713391
vn 0.6340734 -0.3838872 -0.6712537
vn 0.6339369 -0.3840650 -0.6712809
vn 0.6336206 -0.3843180 -0.6714348
vn 0.6331193 -0.3846389 -0.6717238
vn 0.6324276 -0.3850369 -0.6721472
vn 0.6315343 -0.3855102 -0.6727156
vn 0.6304235 -0.3860648 -0.6734391
vn 0.6291047 -0.3866961 -0.6743095
vn 0.6275937 -0.3873925 -0.6753171
vn 0.6258833 -0.3881589 -0.6764635
vn 0.6239851 -0.3889894 -0.6777388
vn 0.6219264 -0.3898673 -0.6791252
vn 0.6197226 -0.3907859 -0.6806103
vn 0.6173883 -0.3917463 -0.6821778
vn 0.6149830 -0.3926879 -0.6838070
vn 0.6126982 -0.3934414 -0.6854231
vn 0.6106709 -0.3940489 -0.6868818
vn 0.6088958 -0.3945803 -0.6881513
vn 0.6073865 -0.3950214 -0.6892313
vn 0.6061309 -0.3953848 -0.6901276
vn 0.6051046 -0.3956745 -0.6908619
vn 0.6043212 -0.3958818 -0.6914286
vn 0.6037699 -0.3960109 -0.6918361
vn 0.6034436 -0.3960628 -0.6920911
vn 0.6033374 -0.3960339 -0.6922002
vn 0.6034481 -0.3959309 -0.6921626
vn 0.6037666 -0.3957556 -0.6919851
vn 0.6043013 -0.3954950 -0.6916673
vn 0.6050457 -0.3951589 -0.6912085
vn 0.6059825 -0.3947523 -0.6906199
vn 0.6071253 -0.3942650 -0.6898942
vn 0.6084704 -0.3936979 -0.6890325
vn 0.6100131 -0.3930553 -0.6880346
vn 0.6117490 -0.3923361 -0.6869029
vn 0.6136822 -0.3915381 -0.6856326
vn 0.6158084 -0.3906611 -0.6842251
vn 0.6181318 -0.3897021 -0.6826751
vn 0.6206492 -0.3886641 -0.6809808
vn 0.6233557 -0.3875481 -0.6791422
vn 0.6262623 -0.3863452 -0.6771506
vn 0.6293630 -0.3850507 -0.6750098
vn 0.6325895 -0.3836612 -0.6727812
vn 0.6355817 -0.3823919 -0.6706805
vn 0.6379362 -0.3814563 -0.6689757
vn 0.6395628 -0.3808330 -0.6677767
vn 0.6404537 -0.3805100 -0.6671066
vn 0.6406167 -0.3804834 -0.6669652
vn 0.6400525 -0.3807518 -0.6673537
vn 0.6387561 -0.3813186 -0.6682715
vn 0.6367130 -0.3821877 -0.6697232
vn 0.6339198 -0.3833570 -0.6717017
vn 0.6303544 -0.3848336 -0.6742080
vn 0.6260037 -0.3866171 -0.6772345
vn 0.6208457 -0.3887109 -0.6807749
vn 0.6148583 -0.3911151 -0.6848199
vn 0.6080098 -0.3938382 -0.6893588
vn 0.6002757 -0.3968776 -0.6943755
vn 0.5916278 -0.4002317 -0.6998507
vn 0.5820247 -0.4039099 -0.7057649
vn 0.5714238 -0.4079141 -0.7120962
vn 0.5597984 -0.4122366 -0.7188092
vn 0.5471124 -0.4168756 -0.7258669
vn 0.5333152 -0.4218350 -0.7332326
vn 0.5183719 -0.4271049 -0.7408590
vn 0.5022520 -0.4326788 -0.7486868
vn 0.4849193 -0.4385449 -0.7566582
vn 0.4663378 -0.4446974 -0.7647047
vn 0.4464950 -0.4511087 -0.7727504
vn 0.4253695 -0.4577669 -0.7807114
vn 0.4029547 -0.4646437 -0.7885009
vn 0.3792570 -0.4717163 -0.7960200
vn 0.3542939 -0.4789456 -0.8031731
vn 0.3280973 -0.4863100 -0.8098486
vn 0.3007326 -0.4938873 -0.8158647
vn 0.2731577 -0.5013024 -0.8210242
vn 0.2469164 -0.5079385 -0.8252459
vn 0.2226411 -0.5137766 -0.8285316
vn 0.2003523 -0.5189934 -0.8309662
vn 0.1800708 -0.5236321 -0.8326968
vn 0.1617958 -0.5277376 -0.8338556
vn 0.1455148 -0.5313446 -0.8345648
vn 0.1312073 -0.5344850 -0.8349314
vn 0.1188468 -0.5371837 -0.8350504
vn 0.1084059 -0.5394617 -0.8350025
vn 0.0998528 -0.5413308 -0.8348595
vn 0.0931623 -0.5427990 -0.8346796
vn 0.0883025 -0.5438751 -0.8345074
vn 0.0852586 -0.5445430 -0.8343884
vn 0.0840078 -0.5447967 -0.8343496
vn 0.0845357 -0.5446174 -0.8344133
vn 0.0868351 -0.5439817 -0.8345919
vn 0.0909014 -0.5428587 -0.8348900
vn 0.0967329 -0.5412103 -0.8353048
vn 0.1043326 -0.5389927 -0.8358239
vn 0.1137055 -0.5361501 -0.8364294
vn 0.1247994 -0.5325633 -0.8371388
vn 0.1370809 -0.5283401 -0.8378935
vn 0.1495574 -0.5239318 -0.8385273
vn 0.1616450 -0.5195572 -0.8390061
vn 0.1732668 -0.5151815 -0.8393846
vn 0.1844152 -0.5108212 -0.8396742
vn 0.1950868 -0.5064973 -0.8398819
vn 0.2052773 -0.5022278 -0.8400169
vn 0.2149849 -0.4980322 -0.8400865
vn 0.2242109 -0.4939263 -0.8400990
vn 0.2329557 -0.4899259 -0.8400621
vn 0.2412210 -0.4860464 -0.8399829
vn 0.2490079 -0.4823031 -0.8398683
vn 0.2563215 -0.4787069 -0.8397256
vn 0.2631638 -0.4752723 -0.8395600
vn 0.2695406 -0.4720063 -0.8393795
vn 0.2754519 -0.4689236 -0.8391883
vn 0.2809049 -0.4660314 -0.8389918
vn 0.2859035 -0.4633371 -0.8387955
vn 0.2904520 -0.4608497 -0.8386031
vn 0.2945539 -0.4585747 -0.8384195
vn 0.2982143 -0.4565178 -0.8382480
vn 0.3014371 -0.4546824 -0.8380928
vn 0.3042217 -0.4530785 -0.8379552
vn 0.3065746 -0.4517040 -0.8378398
vn 0.3084995 -0.4505639 -0.8377471
vn 0.3099961 -0.4496612 -0.8376797
vn 0.3110679 -0.4489948 -0.8376398
vn 0.3117142 -0.4485693 -0.8376275
vn 0.3119375 -0.4483836 -0.8376438
vn 0.3117388 -0.4484364 -0.8376895
vn 0.3111171 -0.4487284 -0.8377643
vn 0.3100723 -0.4492574 -0.8378681
vn 0.3086037 -0.4500211 -0.8380005
vn 0.3067084 -0.4510191 -0.8381597
vn 0.3043865 -0.4522464 -0.8383449
vn 0.3016456 -0.4537158 -0.8385415
vn 0.2985836 -0.4553878 -0.8387310
vn 0.2954090 -0.4571075 -0.8389197
vn 0.2922479 -0.4587853 -0.8391110
vn 0.2891176 -0.4604273 -0.8392960
vn 0.2860171 -0.4620372 -0.8394736
vn 0.2829470 -0.4636139 -0.8396446
vn 0.2799067 -0.4651579 -0.8398097
vn 0.2768966 -0.4666703 -0.8399685
vn 0.2739162 -0.4681509 -0.8401218
vn 0.2709663 -0.4696001 -0.8402696
vn 0.2680472 -0.4710172 -0.8404127
vn 0.2651562 -0.4724053 -0.8405506
vn 0.2622961 -0.4737624 -0.8406842
vn 0.2594665 -0.4750890 -0.8408136
vn 0.2566668 -0.4763855 -0.8409394
vn 0.2538963 -0.4776537 -0.8410610
vn 0.2511561 -0.4788921 -0.8411795
vn 0.2484461 -0.4801023 -0.8412945
vn 0.2457656 -0.4812834 -0.8414069
vn 0.2431158 -0.4824364 -0.8415164
vn 0.2404951 -0.4835618 -0.8416235
vn 0.2379051 -0.4846593 -0.8417283
vn 0.2353450 -0.4857295 -0.8418311
vn 0.2328141 -0.4867736 -0.8419318
vn 0.2303142 -0.4877900 -0.8420310
vn 0.2278443 -0.4887802 -0.8421288
vn 0.2254041 -0.4897451 -0.8422249
vn 0.2229943 -0.4906838 -0.8423200
vn 0.2206148 -0.4915969 -0.8424142
vn 0.2182657 -0.4924844 -0.8425077
vn 0.2159465 -0.4933483 -0.8425999
vn 0.2136576 -0.4941869 -0.8426920
vn 0.2114001 -0.4950009 -0.8427836
vn 0.2091720 -0.4957913 -0.8428749
vn 0.2069753 -0.4965579 -0.8429659
vn 0.2048095 -0.4973006 -0.8430571
vn 0.2026736 -0.4980210 -0.8431479
vn 0.2005689 -0.4987180 -0.8432393
vn 0.1984952 -0.4993928 -0.8433306
vn 0.1964523 -0.5000451 -0.8434224
vn 0.1944423 -0.5006798 -0.8435117
vn 0.1924709 -0.5013073 -0.8435911
vn 0.1905363 -0.5019322 -0.8436587
vn 0.1886296 -0.5025463 -0.8437216
vn 0.1867490 -0.5031431 -0.8437843
vn 0.1848943 -0.5037225 -0.8438470
vn 0.1830663 -0.5042854 -0.8439093
vn 0.1812659 -0.5048319 -0.8439712
vn 0.1794933 -0.5053625 -0.8440325
vn 0.1777490 -0.5058782 -0.8440927
vn 0.1760340 -0.5063783 -0.8441522
vn 0.1743489 -0.5068642 -0.8442104
vn 0.1726926 -0.5073362 -0.8442672
vn 0.1710677 -0.5077942 -0.8443227
vn 0.1694729 -0.5082392 -0.8443766
vn 0.1679094 -0.5086715 -0.8444286
vn 0.1663779 -0.5090908 -0.8444791
vn 0.1648774 -0.5094986 -0.8445275
vn 0.1634099 -0.5098944 -0.8445738
vn 0.1619743 -0.5102792 -0.8446180
vn 0.1605707 -0.5106531 -0.8446600
vn 0.1592005 -0.5110163 -0.8446997
vn 0.1578638 -0.5113694 -0.8447368
vn 0.1565606 -0.5117120 -0.8447719
vn 0.1552907 -0.5120450 -0.8448045
vn 0.1540544 -0.5123691 -0.8448344
vn 0.1528521 -0.5126838 -0.8448619
vn 0.1516839 -0.5129895 -0.8448868
vn 0.1505498 -0.5132866 -0.8449092
vn 0.1494501 -0.5135752 -0.8449291
vn 0.1483850 -0.5138558 -0.8449462
vn 0.1473545 -0.5141279 -0.8449610
vn 0.1463585 -0.5143922 -0.8449733
vn 0.1453968 -0.5146491 -0.8449829
vn 0.1444705 -0.5148979 -0.8449902
vn 0.1435790 -0.5151390 -0.8449952
vn 0.1427220 -0.5153731 -0.8449976
vn 0.1418999 -0.5155996 -0.8449979
vn 0.1411129 -0.5158186 -0.8449961
vn 0.1403607 -0.5160305 -0.8449919
vn 0.1396434 -0.5162351 -0.8449859
vn 0.1389611 -0.5164322 -0.8449779
vn 0.1383134 -0.5166220 -0.8449681
vn 0.1377008 -0.5168045 -0.8449566
vn 0.1371226 -0.5169784 -0.8449442
vn 0.1365837 -0.5171320 -0.8449375
vn 0.1361258 -0.5172308 -0.8449509
vn 0.1358157 -0.5172664 -0.8449790
vn 0.1356717 -0.5172559 -0.8450086
vn 0.1356949 -0.5172028 -0.8450374
vn 0.1358839 -0.5171065 -0.8450659
vn 0.1362380 -0.5169666 -0.8450945
vn 0.1367578 -0.5167820 -0.8451235
vn 0.1374434 -0.5165516 -0.8451531
vn 0.1382942 -0.5162749 -0.8451834
vn 0.1393109 -0.5159516 -0.8452138
vn 0.1404952 -0.5155799 -0.8452446
vn 0.1418476 -0.5151590 -0.8452754
vn 0.1433685 -0.5146889 -0.8453051
vn 0.1450605 -0.5141675 -0.8453338
vn 0.1469249 -0.5135945 -0.8453601
vn 0.1489627 -0.5129690 -0.8453833
vn 0.1511778 -0.5122892 -0.8454023
vn 0.1535721 -0.5115543 -0.8454158
vn 0.1561475 -0.5107636 -0.8454221
vn 0.1589084 -0.5099148 -0.8454200
vn 0.1618567 -0.5090077 -0.8454073
vn 0.1649969 -0.5080406 -0.8453820
vn 0.1683324 -0.5070119 -0.8453420
vn 0.1718674 -0.5059203 -0.8452847
vn 0.1756066 -0.5047644 -0.8452072
vn 0.1795548 -0.5035423 -0.8451067
vn 0.1837152 -0.5022539 -0.8449791
vn 0.1880958 -0.5008955 -0.8448217
vn 0.1927013 -0.4994663 -0.8446299
vn 0.1975360 -0.4979654 -0.8443992
vn 0.2026086 -0.4963890 -0.8441254
vn 0.2079236 -0.4947373 -0.8438025
vn 0.2134891 -0.4930079 -0.8434249
vn 0.2193119 -0.4911984 -0.8429866
vn 0.2253991 -0.4893074 -0.8424806
vn 0.2317580 -0.4873331 -0.8418994
vn 0.2383972 -0.4852736 -0.8412350
vn 0.2453237 -0.4831249 -0.8404800
vn 0.2525267 -0.4808831 -0.8396319
vn 0.2598907 -0.4786256 -0.8386741
vn 0.2672323 -0.4764208 -0.8376217
vn 0.2744688 -0.4742674 -0.8365031
vn 0.2815773 -0.4721618 -0.8353307
vn 0.2885376 -0.4701101 -0.8341118
vn 0.2953329 -0.4681192 -0.8328523
vn 0.3019420 -0.4661954 -0.8315605
vn 0.3083470 -0.4643447 -0.8302446
vn 0.3145349 -0.4625706 -0.8289127
vn 0.3204895 -0.4608789 -0.8275730
vn 0.3261980 -0.4592718 -0.8262350
vn 0.3316454 -0.4577545 -0.8249074
vn 0.3368210 -0.4563297 -0.8235987
vn 0.3417194 -0.4549965 -0.8223175
vn 0.3463315 -0.4537575 -0.8210716
vn 0.3506505 -0.4526136 -0.8198690
vn 0.3546719 -0.4515648 -0.8187167
vn 0.3583945 -0.4506093 -0.8176214
vn 0.3618177 -0.4497455 -0.8165886
vn 0.3649382 -0.4489747 -0.8156236
vn 0.3677607 -0.4482903 -0.8147318
vn 0.3702891 -0.4476918 -0.8139152
vn 0.3725230 -0.4471779 -0.8131781
vn 0.3744711 -0.4467426 -0.8125222
vn 0.3761379 -0.4463838 -0.8119493
vn 0.3775328 -0.4460966 -0.8114597
vn 0.3786596 -0.4458794 -0.8110539
vn 0.3795287 -0.4457266 -0.8107316
vn 0.3801488 -0.4456353 -0.8104913
vn 0.3805307 -0.4455999 -0.8103315
vn 0.3806814 -0.4456182 -0.8102506
vn 0.3806112 -0.4456871 -0.8102457
vn 0.3803327 -0.4458000 -0.8103144
vn 0.3798542 -0.4459555 -0.8104532
vn 0.3791838 -0.4461506 -0.8106598
vn 0.3783363 -0.4463797 -0.8109296
vn 0.3773184 -0.4466417 -0.8112595
vn 0.3761421 -0.4469317 -0.8116460
vn 0.3748159 -0.4472496 -0.8120843
vn 0.3733519 -0.4475954 -0.8125680
vn 0.3718224 -0.4479033 -0.8130995
vn 0.3703517 -0.4481312 -0.8136449
vn 0.3689975 -0.4483217 -0.8141551
vn 0.3677476 -0.4484896 -0.8146280
vn 0.3665888 -0.4486384 -0.8150683
vn 0.3655152 -0.4487681 -0.8154789
vn 0.3645143 -0.4488822 -0.8158640
vn 0.3635816 -0.4489811 -0.8162257
vn 0.3627099 -0.4490657 -0.8165669
vn 0.3618914 -0.4491382 -0.8168901
vn 0.3611213 -0.4491989 -0.8171975
vn 0.3604012 -0.4492463 -0.8174893
vn 0.3597189 -0.4492832 -0.8177695
vn 0.3590770 -0.4493083 -0.8180377
vn 0.3584697 -0.4493210 -0.8182971
vn 0.3578922 -0.4493237 -0.8185484
vn 0.3573467 -0.4493134 -0.8187923
vn 0.3568275 -0.4492908 -0.8190311
vn 0.3563360 -0.4492525 -0.8192660
vn 0.3558684 -0.4491995 -0.8194983
vn 0.3554206 -0.4491302 -0.8197306
vn 0.3549942 -0.4490405 -0.8199645
vn 0.3545841 -0.4489302 -0.8202023
vn 0.3541963 -0.4487916 -0.8204456
vn 0.3538271 -0.4486220 -0.8206977
vn 0.3534713 -0.4484125 -0.8209655
vn 0.3531315 -0.4481558 -0.8212518
vn 0.3528049 -0.4478353 -0.8215669
vn 0.3524922 -0.4474333 -0.8219201
vn 0.3521905 -0.4469180 -0.8223298
vn 0.3519053 -0.4462418 -0.8228189
vn 0.3516393 -0.4453236 -0.8234299
vn 0.3513828 -0.4440200 -0.8242429
vn 0.3511317 -0.4420500 -0.8254080
vn 0.3509172 -0.4387142 -0.8272769
vn 0.3507181 -0.4320073 -0.8308830
vn 0.3505010 -0.4118894 -0.8411279
vn 0.9386559 0.1566457 0.3072249
vn -0.7716056 -0.2597497 -0.5806504
vn 0.5006466 -0.8030086 -0.3233113
vn 0.5092411 -0.7904876 -0.3402983
vn 0.5120272 -0.7862508 -0.3458869
vn 0.5134154 -0.7841137 -0.3486694
vn 0.5142714 -0.7827968 -0.3503630
vn 0.5148392 -0.7819103 -0.3515066
vn 0.5152631 -0.7812548 -0.3523419
vn 0.5155875 -0.7807504 -0.3529848
vn 0.5158503 -0.7803414 -0.3535050
vn 0.5160808 -0.7799927 -0.3539378
vn 0.5162817 -0.7796903 -0.3543110
vn 0.5164561 -0.7794222 -0.3546464
vn 0.5166273 -0.7791704 -0.3549504
vn 0.5167920 -0.7789307 -0.3552364
vn 0.5169446 -0.7787019 -0.3555160
vn 0.5171030 -0.7784690 -0.3557955
vn 0.5172793 -0.7782250 -0.3560730
vn 0.5174545 -0.7779731 -0.3563688
vn 0.5176393 -0.7777100 -0.3566745
vn 0.5177487 -0.7775891 -0.3567793
vn 0.5177674 -0.7776122 -0.3567019
vn 0.5177636 -0.7776592 -0.3566048
vn 0.5177536 -0.7777147 -0.3564984
vn 0.5177197 -0.7777884 -0.3563868
vn 0.5176812 -0.7778699 -0.3562648
vn 0.5176278 -0.7779645 -0.3561357
vn 0.5175450 -0.7780814 -0.3560007
vn 0.5174559 -0.7782040 -0.3558622
vn 0.5173505 -0.7783405 -0.3557168
vn 0.5172280 -0.7784892 -0.3555698
vn 0.5170925 -0.7786446 -0.3554264
vn 0.5169290 -0.7788154 -0.3552900
vn 0.5167675 -0.7789834 -0.3551565
vn 0.5165989 -0.7791521 -0.3550319
vn 0.5164147 -0.7793239 -0.3549228
vn 0.5162269 -0.7794908 -0.3548293
vn 0.5160427 -0.7796491 -0.3547495
vn 0.5158589 -0.7797953 -0.3546953
vn 0.5156953 -0.7798978 -0.3547082
vn 0.5156399 -0.7798824 -0.3548223
vn 0.5157066 -0.7797995 -0.3549077
vn 0.5158691 -0.7796861 -0.3549207
vn 0.5161312 -0.7795379 -0.3548650
vn 0.5164956 -0.7793571 -0.3547320
vn 0.5169520 -0.7791445 -0.3545343
vn 0.5175008 -0.7788997 -0.3542715
vn 0.5181430 -0.7786223 -0.3539422
vn 0.5188748 -0.7783133 -0.3535496
vn 0.5197044 -0.7779657 -0.3530959
vn 0.5206163 -0.7775897 -0.3525805
vn 0.5216188 -0.7771790 -0.3520037
vn 0.5227104 -0.7767325 -0.3513694
vn 0.5238939 -0.7762521 -0.3506678
vn 0.5251574 -0.7757394 -0.3499115
vn 0.5265095 -0.7751911 -0.3490940
vn 0.5279533 -0.7746052 -0.3482126
vn 0.5294836 -0.7739845 -0.3472681
vn 0.5310989 -0.7733280 -0.3462625
vn 0.5328051 -0.7726330 -0.3451913
vn 0.5345958 -0.7719033 -0.3440533
vn 0.5364794 -0.7711326 -0.3428476
vn 0.5384514 -0.7703247 -0.3415699
vn 0.5405114 -0.7694777 -0.3402226
vn 0.5426653 -0.7685889 -0.3388001
vn 0.5449122 -0.7676582 -0.3373003
vn 0.5472084 -0.7667052 -0.3357470
vn 0.5493060 -0.7658629 -0.3342407
vn 0.5509271 -0.7652513 -0.3329713
vn 0.5520264 -0.7648601 -0.3320480
vn 0.5526075 -0.7646800 -0.3314957
vn 0.5526761 -0.7647083 -0.3313161
vn 0.5522342 -0.7649447 -0.3315071
vn 0.5512781 -0.7653910 -0.3320679
vn 0.5497939 -0.7660518 -0.3330036
vn 0.5477833 -0.7669237 -0.3343075
vn 0.5452336 -0.7680099 -0.3359779
vn 0.5421260 -0.7693162 -0.3380118
vn 0.5384538 -0.7708391 -0.3404036
vn 0.5341976 -0.7725828 -0.3431453
vn 0.5293411 -0.7745479 -0.3462275
vn 0.5238564 -0.7767396 -0.3496429
vn 0.5177326 -0.7791531 -0.3533743
vn 0.5109399 -0.7817936 -0.3574063
vn 0.5034477 -0.7846620 -0.3617263
vn 0.4952358 -0.7877557 -0.3663092
vn 0.4862818 -0.7910717 -0.3711273
vn 0.4765508 -0.7946119 -0.3761532
vn 0.4660187 -0.7983700 -0.3813554
vn 0.4546654 -0.8023389 -0.3866933
vn 0.4424635 -0.8065130 -0.3921260
vn 0.4293914 -0.8108838 -0.3976059
vn 0.4154416 -0.8154340 -0.4030827
vn 0.4005996 -0.8201537 -0.4084946
vn 0.3848627 -0.8250215 -0.4137877
vn 0.3682318 -0.8300221 -0.4188898
vn 0.3507258 -0.8351258 -0.4237408
vn 0.3323665 -0.8403118 -0.4282624
vn 0.3131969 -0.8455721 -0.4323373
vn 0.2939570 -0.8506160 -0.4359377
vn 0.2758616 -0.8550632 -0.4390528
vn 0.2594065 -0.8589118 -0.4415640
vn 0.2445958 -0.8622725 -0.4434625
vn 0.2314410 -0.8651789 -0.4448601
vn 0.2199427 -0.8676623 -0.4458558
vn 0.2100891 -0.8697478 -0.4465438
vn 0.2018663 -0.8714562 -0.4470058
vn 0.1952546 -0.8728041 -0.4473127
vn 0.1902342 -0.8738030 -0.4475256
vn 0.1867842 -0.8744583 -0.4476990
vn 0.1848871 -0.8747713 -0.4478749
vn 0.1845218 -0.8747416 -0.4480836
vn 0.1856819 -0.8743532 -0.4483623
vn 0.1883558 -0.8735936 -0.4487275
vn 0.1925330 -0.8724428 -0.4491933
vn 0.1982162 -0.8708742 -0.4497650
vn 0.2054064 -0.8688557 -0.4504419
vn 0.2141074 -0.8663490 -0.4512177
vn 0.2243269 -0.8633106 -0.4520754
vn 0.2360740 -0.8596882 -0.4529958
vn 0.2493175 -0.8554106 -0.4539973
vn 0.2636017 -0.8505923 -0.4549801
vn 0.2779984 -0.8455918 -0.4557316
vn 0.2919260 -0.8405993 -0.4562588
vn 0.3053122 -0.8356069 -0.4566679
vn 0.3181473 -0.8306373 -0.4569726
vn 0.3304248 -0.8257144 -0.4571818
vn 0.3421441 -0.8208578 -0.4573072
vn 0.3533005 -0.8160909 -0.4573559
vn 0.3638950 -0.8114316 -0.4573393
vn 0.3739295 -0.8068985 -0.4572653
vn 0.3834051 -0.8025100 -0.4571414
vn 0.3923240 -0.7982810 -0.4569784
vn 0.4006914 -0.7942263 -0.4567833
vn 0.4085091 -0.7903619 -0.4565615
vn 0.4157840 -0.7866974 -0.4563232
vn 0.4225173 -0.7832476 -0.4560728
vn 0.4287139 -0.7800228 -0.4558167
vn 0.4343836 -0.7770292 -0.4555617
vn 0.4395282 -0.7742771 -0.4553129
vn 0.4441492 -0.7717771 -0.4550731
vn 0.4482565 -0.7695319 -0.4548481
vn 0.4518518 -0.7675480 -0.4546427
vn 0.4549387 -0.7658311 -0.4544595
vn 0.4575169 -0.7643878 -0.4543011
vn 0.4595999 -0.7632150 -0.4541704
vn 0.4611797 -0.7623211 -0.4540704
vn 0.4622643 -0.7617049 -0.4540016
vn 0.4628505 -0.7613707 -0.4539649
vn 0.4629428 -0.7613166 -0.4539615
vn 0.4625423 -0.7615408 -0.4539937
vn 0.4616457 -0.7620458 -0.4540588
vn 0.4602539 -0.7628283 -0.4541577
vn 0.4583678 -0.7638842 -0.4542905
vn 0.4559815 -0.7652138 -0.4544542
vn 0.4530950 -0.7668120 -0.4546475
vn 0.4497099 -0.7686813 -0.4548517
vn 0.4459234 -0.7707653 -0.4550529
vn 0.4419694 -0.7729070 -0.4552777
vn 0.4379995 -0.7750202 -0.4555218
vn 0.4340310 -0.7771090 -0.4557617
vn 0.4300631 -0.7791758 -0.4559943
vn 0.4260951 -0.7812205 -0.4562209
vn 0.4221283 -0.7832424 -0.4564418
vn 0.4181603 -0.7852435 -0.4566558
vn 0.4141920 -0.7872230 -0.4568643
vn 0.4102235 -0.7891801 -0.4570682
vn 0.4062559 -0.7911147 -0.4572677
vn 0.4022857 -0.7930291 -0.4574616
vn 0.3983129 -0.7949228 -0.4576513
vn 0.3943414 -0.7967934 -0.4578374
vn 0.3903673 -0.7986433 -0.4580200
vn 0.3863914 -0.8004723 -0.4581984
vn 0.3824130 -0.8022799 -0.4583746
vn 0.3784331 -0.8040663 -0.4585474
vn 0.3744490 -0.8058325 -0.4587178
vn 0.3704637 -0.8075768 -0.4588860
vn 0.3664750 -0.8093003 -0.4590524
vn 0.3624832 -0.8110030 -0.4592168
vn 0.3584883 -0.8126844 -0.4593803
vn 0.3544881 -0.8143458 -0.4595423
vn 0.3504855 -0.8159855 -0.4597038
vn 0.3464796 -0.8176038 -0.4598651
vn 0.3424678 -0.8192024 -0.4600253
vn 0.3384518 -0.8207796 -0.4601861
vn 0.3344316 -0.8223358 -0.4603470
vn 0.3304065 -0.8238709 -0.4605087
vn 0.3263761 -0.8253853 -0.4606710
vn 0.3223397 -0.8268787 -0.4608348
vn 0.3182984 -0.8283511 -0.4609995
vn 0.3142522 -0.8298019 -0.4611664
vn 0.3101992 -0.8312318 -0.4613352
vn 0.3061412 -0.8326402 -0.4615062
vn 0.3020757 -0.8340281 -0.4616790
vn 0.2980045 -0.8353936 -0.4618560
vn 0.2939267 -0.8367382 -0.4620349
vn 0.2898418 -0.8380611 -0.4622177
vn 0.2857526 -0.8393661 -0.4623960
vn 0.2816845 -0.8406518 -0.4625563
vn 0.2776936 -0.8418989 -0.4627014
vn 0.2738104 -0.8430916 -0.4628439
vn 0.2700383 -0.8442307 -0.4629836
vn 0.2663782 -0.8453174 -0.4631210
vn 0.2628311 -0.8463539 -0.4632547
vn 0.2593993 -0.8473408 -0.4633850
vn 0.2560837 -0.8482797 -0.4635112
vn 0.2528848 -0.8491726 -0.4636326
vn 0.2498043 -0.8500200 -0.4637497
vn 0.2468442 -0.8508237 -0.4638610
vn 0.2440027 -0.8515850 -0.4639673
vn 0.2412827 -0.8523050 -0.4640678
vn 0.2386843 -0.8529850 -0.4641620
vn 0.2362079 -0.8536262 -0.4642501
vn 0.2338553 -0.8542290 -0.4643323
vn 0.2316247 -0.8547956 -0.4644077
vn 0.2295188 -0.8553260 -0.4644766
vn 0.2275375 -0.8558213 -0.4645391
vn 0.2256791 -0.8562831 -0.4645947
vn 0.2239457 -0.8567114 -0.4646439
vn 0.2223379 -0.8571072 -0.4646859
vn 0.2208550 -0.8574711 -0.4647219
vn 0.2194971 -0.8578038 -0.4647513
vn 0.2182644 -0.8581058 -0.4647743
vn 0.2171565 -0.8583778 -0.4647910
vn 0.2161740 -0.8586198 -0.4648020
vn 0.2153159 -0.8588328 -0.4648067
vn 0.2145833 -0.8590163 -0.4648064
vn 0.2139752 -0.8591714 -0.4648002
vn 0.2134912 -0.8592976 -0.4647893
vn 0.2131314 -0.8593953 -0.4647740
vn 0.2128945 -0.8594648 -0.4647538
vn 0.2127820 -0.8595054 -0.4647303
vn 0.2127924 -0.8595177 -0.4647029
vn 0.2129244 -0.8595015 -0.4646722
vn 0.2131782 -0.8594565 -0.4646391
vn 0.2135534 -0.8593824 -0.4646040
vn 0.2140498 -0.8592788 -0.4645671
vn 0.2146660 -0.8591457 -0.4645290
vn 0.2154010 -0.8589826 -0.4644904
vn 0.2162547 -0.8587889 -0.4644520
vn 0.2172259 -0.8585642 -0.4644140
vn 0.2183142 -0.8583057 -0.4643815
vn 0.2195053 -0.8580059 -0.4643740
vn 0.2207567 -0.8576675 -0.4644060
vn 0.2220491 -0.8573063 -0.4644567
vn 0.2233788 -0.8569315 -0.4645108
vn 0.2247489 -0.8565429 -0.4645666
vn 0.2261602 -0.8561402 -0.4646241
vn 0.2276115 -0.8557238 -0.4646824
vn 0.2291050 -0.8552931 -0.4647414
vn 0.2306426 -0.8548470 -0.4648016
vn 0.2322239 -0.8543859 -0.4648622
vn 0.2338497 -0.8539095 -0.4649224
vn 0.2355234 -0.8534165 -0.4649827
vn 0.2372454 -0.8529067 -0.4650427
vn 0.2390154 -0.8523805 -0.4651012
vn 0.2408367 -0.8518363 -0.4651587
vn 0.2427091 -0.8512745 -0.4652139
vn 0.2446344 -0.8506944 -0.4652666
vn 0.2466162 -0.8500949 -0.4653161
vn 0.2486554 -0.8494755 -0.4653621
vn 0.2507531 -0.8488361 -0.4654032
vn 0.2529099 -0.8481765 -0.4654387
vn 0.2551302 -0.8474950 -0.4654684
vn 0.2574153 -0.8467915 -0.4654907
vn 0.2597670 -0.8460654 -0.4655046
vn 0.2621873 -0.8453160 -0.4655090
vn 0.2646798 -0.8445426 -0.4655024
vn 0.2672469 -0.8437436 -0.4654845
vn 0.2698886 -0.8429200 -0.4654525
vn 0.2726104 -0.8420698 -0.4654052
vn 0.2754149 -0.8411920 -0.4653414
vn 0.2783028 -0.8402872 -0.4652580
vn 0.2812803 -0.8393525 -0.4651546
vn 0.2843479 -0.8383890 -0.4650270
vn 0.2875108 -0.8373944 -0.4648743
vn 0.2907721 -0.8363683 -0.4646932
vn 0.2941334 -0.8353102 -0.4644808
vn 0.2975996 -0.8342194 -0.4642332
vn 0.3011739 -0.8330947 -0.4639477
vn 0.3048612 -0.8319343 -0.4636216
vn 0.3086545 -0.8307447 -0.4632447
vn 0.3124849 -0.8295718 -0.4627783
vn 0.3162343 -0.8284505 -0.4622398
vn 0.3198503 -0.8273811 -0.4616668
vn 0.3233211 -0.8263614 -0.4610751
vn 0.3266376 -0.8253937 -0.4604705
vn 0.3297900 -0.8244819 -0.4598566
vn 0.3327694 -0.8236279 -0.4592403
vn 0.3355634 -0.8228360 -0.4586264
vn 0.3381704 -0.8221061 -0.4580201
vn 0.3405827 -0.8214399 -0.4574275
vn 0.3427962 -0.8208379 -0.4568544
vn 0.3448047 -0.8203014 -0.4563062
vn 0.3466037 -0.8198316 -0.4557873
vn 0.3481954 -0.8194255 -0.4553041
vn 0.3495785 -0.8190839 -0.4548588
vn 0.3507529 -0.8188045 -0.4544574
vn 0.3517197 -0.8185862 -0.4541035
vn 0.3524805 -0.8184279 -0.4537987
vn 0.3530409 -0.8183258 -0.4535472
vn 0.3534025 -0.8182791 -0.4533498
vn 0.3535719 -0.8182834 -0.4532100
vn 0.3535557 -0.8183368 -0.4531261
vn 0.3533564 -0.8184372 -0.4531001
vn 0.3529833 -0.8185804 -0.4531323
vn 0.3524419 -0.8187641 -0.4532218
vn 0.3517416 -0.8189844 -0.4533678
vn 0.3508874 -0.8192394 -0.4535690
vn 0.3498876 -0.8195257 -0.4538241
vn 0.3487523 -0.8198402 -0.4541299
vn 0.3474883 -0.8201794 -0.4544861
vn 0.3461034 -0.8205416 -0.4548890
vn 0.3446030 -0.8209251 -0.4553358
vn 0.3429986 -0.8213253 -0.4558253
vn 0.3412980 -0.8217407 -0.4563528
vn 0.3395055 -0.8221699 -0.4569166
vn 0.3376311 -0.8226102 -0.4575126
vn 0.3356810 -0.8230591 -0.4581396
vn 0.3336625 -0.8235157 -0.4587932
vn 0.3315814 -0.8239786 -0.4594703
vn 0.3294466 -0.8244465 -0.4601662
vn 0.3273287 -0.8248740 -0.4609109
vn 0.3253369 -0.8252307 -0.4616818
vn 0.3235091 -0.8255437 -0.4624062
vn 0.3218226 -0.8258266 -0.4630773
vn 0.3202594 -0.8260834 -0.4637027
vn 0.3188120 -0.8263154 -0.4642862
vn 0.3174650 -0.8265264 -0.4648334
vn 0.3162094 -0.8267179 -0.4653484
vn 0.3150374 -0.8268912 -0.4658351
vn 0.3139384 -0.8270493 -0.4662961
vn 0.3129053 -0.8271930 -0.4667355
vn 0.3119397 -0.8273210 -0.4671548
vn 0.3110315 -0.8274356 -0.4675572
vn 0.3101708 -0.8275401 -0.4679438
vn 0.3093636 -0.8276304 -0.4683184
vn 0.3085964 -0.8277102 -0.4686833
vn 0.3078737 -0.8277774 -0.4690398
vn 0.3071905 -0.8278330 -0.4693895
vn 0.3065433 -0.8278764 -0.4697359
vn 0.3059313 -0.8279068 -0.4700813
vn 0.3053521 -0.8279237 -0.4704279
vn 0.3048020 -0.8279262 -0.4707802
vn 0.3042814 -0.8279129 -0.4711402
vn 0.3037889 -0.8278811 -0.4715137
vn 0.3033309 -0.8278268 -0.4719038
vn 0.3028997 -0.8277459 -0.4723224
vn 0.3024975 -0.8276352 -0.4727739
vn 0.3021252 -0.8274836 -0.4732772
vn 0.3017883 -0.8272795 -0.4738485
vn 0.3014858 -0.8270067 -0.4745169
vn 0.3012357 -0.8266336 -0.4753251
vn 0.3010556 -0.8261104 -0.4763477
vn 0.3009733 -0.8253473 -0.4777205
vn 0.3010210 -0.8241781 -0.4797049
vn 0.3013740 -0.8221623 -0.4829315
vn 0.3024200 -0.8180462 -0.4892266
vn 0.3060741 -0.8054313 -0.5075423
vn 0.9381985 0.1548385 0.3095295
vn -0.7739453 -0.2625512 -0.5762599
vn 0.2421929 -0.9655944 0.0947102
vn 0.2553130 -0.9638536 0.0761672
vn 0.2595644 -0.9631882 0.0699633
vn 0.2616358 -0.9628513 0.0668132
vn 0.2628630 -0.9626506 0.0648602
vn 0.2636388 -0.9625287 0.0635063
vn 0.2641704 -0.9624499 0.0624828
vn 0.2645409 -0.9624008 0.0616669
vn 0.2647986 -0.9623740 0.0609749
vn 0.2649823 -0.9623617 0.0603689
vn 0.2651066 -0.9623621 0.0598138
vn 0.2651754 -0.9623756 0.0592890
vn 0.2652027 -0.9623996 0.0587759
vn 0.2651939 -0.9624331 0.0582652
vn 0.2651433 -0.9624788 0.0577374
vn 0.2650571 -0.9625358 0.0571800
vn 0.2649376 -0.9626040 0.0565826
vn 0.2647692 -0.9626888 0.0559250
vn 0.2645365 -0.9627941 0.0552080
vn 0.2641280 -0.9629362 0.0546833
vn 0.2636268 -0.9630900 0.0543918
vn 0.2631986 -0.9632186 0.0541882
vn 0.2628737 -0.9633134 0.0540801
vn 0.2626545 -0.9633733 0.0540782
vn 0.2625595 -0.9633929 0.0541903
vn 0.2626058 -0.9633666 0.0544330
vn 0.2627921 -0.9632947 0.0548063
vn 0.2631412 -0.9631701 0.0553175
vn 0.2636599 -0.9629900 0.0559791
vn 0.2643526 -0.9627530 0.0567827
vn 0.2652302 -0.9624551 0.0577328
vn 0.2662844 -0.9620982 0.0588199
vn 0.2675238 -0.9616791 0.0600366
vn 0.2689470 -0.9611974 0.0613772
vn 0.2705356 -0.9606581 0.0628214
vn 0.2722807 -0.9600635 0.0643531
vn 0.2741763 -0.9594148 0.0659590
vn 0.2761994 -0.9587195 0.0676076
vn 0.2783392 -0.9579868 0.0691994
vn 0.2805416 -0.9572406 0.0706182
vn 0.2826790 -0.9565129 0.0719427
vn 0.2847278 -0.9558093 0.0732027
vn 0.2866921 -0.9551298 0.0743960
vn 0.2885742 -0.9544732 0.0755372
vn 0.2903833 -0.9538376 0.0766247
vn 0.2921198 -0.9532234 0.0776609
vn 0.2937818 -0.9526314 0.0786495
vn 0.2953777 -0.9520591 0.0795952
vn 0.2969173 -0.9515041 0.0804990
vn 0.2983875 -0.9509703 0.0813659
vn 0.2997995 -0.9504548 0.0821942
vn 0.3011625 -0.9499550 0.0829860
vn 0.3024679 -0.9494731 0.0837498
vn 0.3037198 -0.9490087 0.0844790
vn 0.3049214 -0.9485609 0.0851771
vn 0.3060786 -0.9481276 0.0858482
vn 0.3071886 -0.9477099 0.0864939
vn 0.3082507 -0.9473083 0.0871113
vn 0.3092735 -0.9469201 0.0877051
vn 0.3102548 -0.9465462 0.0882740
vn 0.3111960 -0.9461861 0.0888198
vn 0.3120966 -0.9458401 0.0893432
vn 0.3129600 -0.9455073 0.0898440
vn 0.3137890 -0.9451868 0.0903239
vn 0.3145785 -0.9448795 0.0907913
vn 0.3153012 -0.9445918 0.0912767
vn 0.3159003 -0.9443402 0.0918073
vn 0.3163194 -0.9441514 0.0923049
vn 0.3165732 -0.9440273 0.0927029
vn 0.3166633 -0.9439693 0.0929851
vn 0.3165934 -0.9439764 0.0931514
vn 0.3163669 -0.9440469 0.0932059
vn 0.3159819 -0.9441818 0.0931465
vn 0.3154323 -0.9443824 0.0929746
vn 0.3147170 -0.9446490 0.0926899
vn 0.3138395 -0.9449792 0.0922987
vn 0.3127878 -0.9453767 0.0917969
vn 0.3115599 -0.9458408 0.0911898
vn 0.3101544 -0.9463708 0.0904798
vn 0.3085630 -0.9469677 0.0896723
vn 0.3067809 -0.9476318 0.0887667
vn 0.3048002 -0.9483634 0.0877706
vn 0.3026174 -0.9491614 0.0866916
vn 0.3002193 -0.9500279 0.0855304
vn 0.2976029 -0.9509610 0.0842954
vn 0.2947654 -0.9519585 0.0829964
vn 0.2916917 -0.9530216 0.0816438
vn 0.2883784 -0.9541483 0.0802426
vn 0.2848207 -0.9553358 0.0788075
vn 0.2810100 -0.9565828 0.0773487
vn 0.2769414 -0.9578859 0.0758816
vn 0.2726185 -0.9592399 0.0744171
vn 0.2680320 -0.9606421 0.0729771
vn 0.2631868 -0.9620865 0.0715702
vn 0.2580828 -0.9635675 0.0702206
vn 0.2527251 -0.9650790 0.0689384
vn 0.2471275 -0.9666119 0.0677449
vn 0.2413159 -0.9681573 0.0666182
vn 0.2356037 -0.9696431 0.0654459
vn 0.2305416 -0.9709391 0.0642487
vn 0.2263482 -0.9719938 0.0632023
vn 0.2230132 -0.9728185 0.0623640
vn 0.2205403 -0.9734253 0.0616860
vn 0.2189262 -0.9738246 0.0611309
vn 0.2181670 -0.9740247 0.0606544
vn 0.2182576 -0.9740310 0.0602261
vn 0.2191905 -0.9738469 0.0598142
vn 0.2209614 -0.9734723 0.0593948
vn 0.2235650 -0.9729050 0.0589454
vn 0.2269961 -0.9721400 0.0584521
vn 0.2312508 -0.9711694 0.0579048
vn 0.2363336 -0.9699817 0.0572888
vn 0.2422459 -0.9685626 0.0565990
vn 0.2489888 -0.9668956 0.0558344
vn 0.2565699 -0.9649596 0.0549977
vn 0.2650003 -0.9627298 0.0540948
vn 0.2742848 -0.9601794 0.0531358
vn 0.2844379 -0.9572758 0.0521347
vn 0.2954676 -0.9539846 0.0511108
vn 0.3073724 -0.9502707 0.0500774
vn 0.3198770 -0.9461825 0.0491658
vn 0.3323594 -0.9419032 0.0485345
vn 0.3444019 -0.9375881 0.0481234
vn 0.3559695 -0.9332734 0.0478160
vn 0.3670552 -0.9289805 0.0475991
vn 0.3776504 -0.9247309 0.0474660
vn 0.3877553 -0.9205424 0.0474078
vn 0.3973670 -0.9164339 0.0474167
vn 0.4064838 -0.9124233 0.0474835
vn 0.4151120 -0.9085243 0.0475991
vn 0.4232481 -0.9047542 0.0477580
vn 0.4308966 -0.9011263 0.0479528
vn 0.4380610 -0.8976535 0.0481744
vn 0.4447440 -0.8943480 0.0484201
vn 0.4509509 -0.8912204 0.0486772
vn 0.4566850 -0.8882810 0.0489461
vn 0.4619446 -0.8855419 0.0492207
vn 0.4667438 -0.8830066 0.0494925
vn 0.4710839 -0.8806838 0.0497585
vn 0.4749650 -0.8785822 0.0500156
vn 0.4783947 -0.8767055 0.0502592
vn 0.4813763 -0.8750589 0.0504852
vn 0.4839112 -0.8736476 0.0506932
vn 0.4860024 -0.8724753 0.0508775
vn 0.4876542 -0.8715437 0.0510390
vn 0.4888703 -0.8708543 0.0511726
vn 0.4896501 -0.8704099 0.0512779
vn 0.4899946 -0.8702114 0.0513558
vn 0.4899026 -0.8702603 0.0514048
vn 0.4893806 -0.8705529 0.0514224
vn 0.4884233 -0.8710910 0.0514115
vn 0.4870306 -0.8718728 0.0513709
vn 0.4852046 -0.8728944 0.0513013
vn 0.4829402 -0.8741549 0.0512052
vn 0.4802375 -0.8756498 0.0510823
vn 0.4770935 -0.8773747 0.0509453
vn 0.4735822 -0.8792838 0.0507921
vn 0.4699057 -0.8812656 0.0505923
vn 0.4661941 -0.8832478 0.0503622
vn 0.4624529 -0.8852253 0.0501341
vn 0.4586837 -0.8871968 0.0499111
vn 0.4548838 -0.8891633 0.0496925
vn 0.4510563 -0.8911230 0.0494778
vn 0.4471971 -0.8930775 0.0492681
vn 0.4433063 -0.8950265 0.0490624
vn 0.4393856 -0.8969688 0.0488599
vn 0.4354346 -0.8989042 0.0486607
vn 0.4314511 -0.9008335 0.0484656
vn 0.4274335 -0.9027571 0.0482729
vn 0.4233866 -0.9046722 0.0480823
vn 0.4193065 -0.9065805 0.0478948
vn 0.4151911 -0.9084823 0.0477105
vn 0.4110435 -0.9103760 0.0475265
vn 0.4068618 -0.9122620 0.0473452
vn 0.4026457 -0.9141400 0.0471644
vn 0.3983945 -0.9160099 0.0469858
vn 0.3941088 -0.9178711 0.0468077
vn 0.3897873 -0.9197236 0.0466302
vn 0.3854294 -0.9215673 0.0464528
vn 0.3810345 -0.9234020 0.0462763
vn 0.3766036 -0.9252268 0.0460986
vn 0.3721372 -0.9270411 0.0459200
vn 0.3676306 -0.9288463 0.0457417
vn 0.3630871 -0.9306406 0.0455614
vn 0.3585054 -0.9324240 0.0453799
vn 0.3538843 -0.9341965 0.0451964
vn 0.3492236 -0.9359577 0.0450114
vn 0.3445248 -0.9377066 0.0448223
vn 0.3397849 -0.9394436 0.0446313
vn 0.3350048 -0.9411680 0.0444376
vn 0.3301847 -0.9428791 0.0442395
vn 0.3253237 -0.9445767 0.0440375
vn 0.3204198 -0.9462610 0.0438321
vn 0.3154741 -0.9479311 0.0436211
vn 0.3104864 -0.9495863 0.0434055
vn 0.3054555 -0.9512266 0.0431842
vn 0.3003830 -0.9528504 0.0429674
vn 0.2953089 -0.9544441 0.0427682
vn 0.2903322 -0.9559783 0.0425757
vn 0.2855164 -0.9574363 0.0423802
vn 0.2808681 -0.9588187 0.0421875
vn 0.2763874 -0.9601281 0.0419996
vn 0.2720759 -0.9613667 0.0418172
vn 0.2679360 -0.9625364 0.0416405
vn 0.2639694 -0.9636391 0.0414703
vn 0.2601771 -0.9646769 0.0413071
vn 0.2565605 -0.9656518 0.0411509
vn 0.2531217 -0.9665651 0.0410029
vn 0.2498600 -0.9674194 0.0408629
vn 0.2467778 -0.9682157 0.0407310
vn 0.2438752 -0.9689561 0.0406083
vn 0.2411530 -0.9696419 0.0404944
vn 0.2386131 -0.9702744 0.0403894
vn 0.2362534 -0.9708557 0.0402941
vn 0.2340767 -0.9713863 0.0402079
vn 0.2320830 -0.9718678 0.0401311
vn 0.2302712 -0.9723015 0.0400635
vn 0.2286418 -0.9726883 0.0400051
vn 0.2271968 -0.9730288 0.0399564
vn 0.2259347 -0.9733243 0.0399160
vn 0.2248549 -0.9735756 0.0398850
vn 0.2239583 -0.9737832 0.0398626
vn 0.2232451 -0.9739475 0.0398478
vn 0.2227139 -0.9740694 0.0398414
vn 0.2223647 -0.9741491 0.0398427
vn 0.2221971 -0.9741870 0.0398512
vn 0.2222114 -0.9741831 0.0398663
vn 0.2224062 -0.9741378 0.0398874
vn 0.2227808 -0.9740511 0.0399143
vn 0.2233348 -0.9739229 0.0399467
vn 0.2240680 -0.9737530 0.0399832
vn 0.2249795 -0.9735411 0.0400234
vn 0.2260673 -0.9732873 0.0400671
vn 0.2273312 -0.9729910 0.0401130
vn 0.2287696 -0.9726518 0.0401606
vn 0.2303831 -0.9722689 0.0402091
vn 0.2321700 -0.9718418 0.0402573
vn 0.2341271 -0.9713702 0.0403050
vn 0.2362550 -0.9708529 0.0403507
vn 0.2385515 -0.9702894 0.0403941
vn 0.2410163 -0.9696787 0.0404273
vn 0.2436232 -0.9690272 0.0404232
vn 0.2462530 -0.9683641 0.0403797
vn 0.2488045 -0.9677138 0.0403274
vn 0.2512541 -0.9670830 0.0402726
vn 0.2536062 -0.9664713 0.0402143
vn 0.2558632 -0.9658788 0.0401527
vn 0.2580257 -0.9653060 0.0400892
vn 0.2600959 -0.9647529 0.0400244
vn 0.2620761 -0.9642196 0.0399585
vn 0.2639668 -0.9637064 0.0398924
vn 0.2657694 -0.9632136 0.0398268
vn 0.2674869 -0.9627408 0.0397610
vn 0.2691205 -0.9622881 0.0396956
vn 0.2706682 -0.9618566 0.0396320
vn 0.2721348 -0.9614453 0.0395686
vn 0.2735170 -0.9610555 0.0395072
vn 0.2748171 -0.9606870 0.0394468
vn 0.2760392 -0.9603390 0.0393869
vn 0.2771805 -0.9600126 0.0393288
vn 0.2782413 -0.9597081 0.0392713
vn 0.2792226 -0.9594253 0.0392143
vn 0.2801226 -0.9591652 0.0391585
vn 0.2809449 -0.9589270 0.0391023
vn 0.2816873 -0.9587115 0.0390452
vn 0.2823498 -0.9585189 0.0389874
vn 0.2829329 -0.9583494 0.0389285
vn 0.2834346 -0.9582036 0.0388668
vn 0.2838550 -0.9580818 0.0388028
vn 0.2841942 -0.9579840 0.0387339
vn 0.2844523 -0.9579104 0.0386605
vn 0.2846251 -0.9578622 0.0385820
vn 0.2847169 -0.9578384 0.0384954
vn 0.2847199 -0.9578413 0.0384012
vn 0.2846379 -0.9578698 0.0382968
vn 0.2844710 -0.9579241 0.0381803
vn 0.2842123 -0.9580060 0.0380509
vn 0.2838643 -0.9581149 0.0379065
vn 0.2834237 -0.9582517 0.0377451
vn 0.2828886 -0.9584168 0.0375658
vn 0.2822565 -0.9586101 0.0373881
vn 0.2815213 -0.9588313 0.0372597
vn 0.2806648 -0.9590864 0.0371559
vn 0.2796839 -0.9593774 0.0370404
vn 0.2785805 -0.9597036 0.0369032
vn 0.2773542 -0.9600649 0.0367419
vn 0.2760093 -0.9604595 0.0365557
vn 0.2745483 -0.9608863 0.0363409
vn 0.2729730 -0.9613442 0.0360969
vn 0.2712889 -0.9618311 0.0358225
vn 0.2694998 -0.9623453 0.0355166
vn 0.2676123 -0.9628843 0.0351773
vn 0.2656305 -0.9634464 0.0348054
vn 0.2635583 -0.9640300 0.0343990
vn 0.2614059 -0.9646314 0.0339583
vn 0.2591768 -0.9652493 0.0334850
vn 0.2568802 -0.9658804 0.0329788
vn 0.2545209 -0.9665230 0.0324409
vn 0.2521070 -0.9671744 0.0318715
vn 0.2496450 -0.9678323 0.0312727
vn 0.2471399 -0.9684950 0.0306475
vn 0.2446046 -0.9691589 0.0299942
vn 0.2420393 -0.9698234 0.0293189
vn 0.2394532 -0.9704859 0.0286222
vn 0.2368535 -0.9711445 0.0279047
vn 0.2342441 -0.9717980 0.0271711
vn 0.2316314 -0.9724447 0.0264219
vn 0.2290220 -0.9730830 0.0256611
vn 0.2264181 -0.9737121 0.0248901
vn 0.2238293 -0.9743301 0.0241118
vn 0.2212575 -0.9749364 0.0233281
vn 0.2187051 -0.9755306 0.0225421
vn 0.2161782 -0.9761115 0.0217551
vn 0.2136778 -0.9766791 0.0209685
vn 0.2112099 -0.9772323 0.0201863
vn 0.2087763 -0.9777708 0.0194093
vn 0.2063792 -0.9782946 0.0186380
vn 0.2040203 -0.9788034 0.0178754
vn 0.2017022 -0.9792972 0.0171222
vn 0.1994257 -0.9797760 0.0163813
vn 0.1971961 -0.9802391 0.0156500
vn 0.1950646 -0.9806776 0.0148775
vn 0.1930925 -0.9810796 0.0140766
vn 0.1912845 -0.9814442 0.0133247
vn 0.1896185 -0.9817766 0.0126282
vn 0.1880744 -0.9820817 0.0119800
vn 0.1866443 -0.9823617 0.0113747
vn 0.1853150 -0.9826197 0.0108073
vn 0.1840749 -0.9828585 0.0102735
vn 0.1829193 -0.9830794 0.0097686
vn 0.1818361 -0.9832850 0.0092901
vn 0.1808202 -0.9834765 0.0088336
vn 0.1798680 -0.9836549 0.0083973
vn 0.1789769 -0.9838209 0.0079790
vn 0.1781322 -0.9839774 0.0075757
vn 0.1773407 -0.9841233 0.0071837
vn 0.1765910 -0.9842608 0.0068020
vn 0.1758841 -0.9843899 0.0064278
vn 0.1752213 -0.9845104 0.0060593
vn 0.1745940 -0.9846241 0.0056934
vn 0.1740011 -0.9847310 0.0053274
vn 0.1734445 -0.9848312 0.0049593
vn 0.1729202 -0.9849252 0.0045831
vn 0.1724258 -0.9850136 0.0041967
vn 0.1719648 -0.9850958 0.0037939
vn 0.1715374 -0.9851718 0.0033694
vn 0.1711457 -0.9852414 0.0029149
vn 0.1707901 -0.9853045 0.0024188
vn 0.1704701 -0.9853611 0.0018640
vn 0.1701971 -0.9854093 0.0012306
vn 0.1699764 -0.9854480 0.0004836
vn 0.1698273 -0.9854738 -0.0004237
vn 0.1697797 -0.9854808 -0.0015785
vn 0.1698840 -0.9854591 -0.0031364
vn 0.1702142 -0.9853923 -0.0053945
vn 0.1710358 -0.9852229 -0.0090931
vn 0.1730266 -0.9847814 -0.0163532
vn 0.1795503 -0.9830228 -0.0377880
vn 0.9380900 0.1511223 0.3116878
vn -0.7789629 -0.2728042 -0.5646191
vn -0.0811613 -0.8694155 0.4873701
vn -0.0670497 -0.8789177 0.4722372
vn -0.0624766 -0.8820032 0.4670836
vn -0.0602628 -0.8835713 0.4644030
vn -0.0589932 -0.8845419 0.4627152
vn -0.0582177 -0.8852210 0.4615133
vn -0.0577195 -0.8857410 0.4605772
vn -0.0574063 -0.8861623 0.4598053
vn -0.0572184 -0.8865249 0.4591293
vn -0.0571280 -0.8868509 0.4585105
vn -0.0571179 -0.8871540 0.4579251
vn -0.0571766 -0.8874464 0.4573509
vn -0.0572983 -0.8877380 0.4567692
vn -0.0574809 -0.8880339 0.4561707
vn -0.0577234 -0.8883417 0.4555404
vn -0.0580347 -0.8886720 0.4548561
vn -0.0584220 -0.8890310 0.4541043
vn -0.0588934 -0.8894277 0.4532659
vn -0.0594845 -0.8898639 0.4523316
vn -0.0603057 -0.8902166 0.4515281
vn -0.0611909 -0.8904553 0.4509379
vn -0.0619215 -0.8906358 0.4504816
vn -0.0624645 -0.8907503 0.4501800
vn -0.0628028 -0.8907909 0.4500527
vn -0.0629093 -0.8907516 0.4501155
vn -0.0627652 -0.8906231 0.4503898
vn -0.0623465 -0.8904007 0.4508875
vn -0.0616318 -0.8900794 0.4516194
vn -0.0606101 -0.8896512 0.4526005
vn -0.0592630 -0.8891142 0.4538324
vn -0.0575905 -0.8884673 0.4553123
vn -0.0555852 -0.8877074 0.4570402
vn -0.0532477 -0.8868389 0.4590005
vn -0.0505938 -0.8858614 0.4611832
vn -0.0476437 -0.8847829 0.4635615
vn -0.0444190 -0.8836107 0.4661107
vn -0.0409416 -0.8823512 0.4688071
vn -0.0372422 -0.8810239 0.4716036
vn -0.0333740 -0.8796864 0.4743818
vn -0.0295138 -0.8784229 0.4769718
vn -0.0258923 -0.8772300 0.4793716
vn -0.0225253 -0.8761110 0.4815829
vn -0.0194006 -0.8750680 0.4836110
vn -0.0165153 -0.8740961 0.4854723
vn -0.0138553 -0.8731962 0.4871719
vn -0.0114109 -0.8723666 0.4887190
vn -0.0091843 -0.8716078 0.4901179
vn -0.0071657 -0.8709171 0.4913778
vn -0.0053417 -0.8702941 0.4925034
vn -0.0037157 -0.8697364 0.4935026
vn -0.0022793 -0.8692466 0.4943735
vn -0.0010275 -0.8688224 0.4951228
vn 0.0000427 -0.8684608 0.4957578
vn 0.0009382 -0.8681642 0.4962763
vn 0.0016563 -0.8679320 0.4966803
vn 0.0022076 -0.8677630 0.4969733
vn 0.0025919 -0.8676553 0.4971594
vn 0.0028103 -0.8676118 0.4972342
vn 0.0028664 -0.8676304 0.4972015
vn 0.0027631 -0.8677112 0.4970609
vn 0.0025022 -0.8678549 0.4968114
vn 0.0020823 -0.8680604 0.4964542
vn 0.0015077 -0.8683303 0.4959842
vn 0.0007812 -0.8686618 0.4954050
vn -0.0001087 -0.8690508 0.4947228
vn -0.0011751 -0.8694575 0.4940063
vn -0.0022461 -0.8698031 0.4933939
vn -0.0031261 -0.8700523 0.4929495
vn -0.0037699 -0.8702035 0.4926780
vn -0.0041772 -0.8702588 0.4925771
vn -0.0043475 -0.8702182 0.4926473
vn -0.0042787 -0.8700795 0.4928928
vn -0.0039699 -0.8698421 0.4933143
vn -0.0034181 -0.8695057 0.4939111
vn -0.0026217 -0.8690698 0.4946826
vn -0.0015729 -0.8685317 0.4956310
vn -0.0002670 -0.8678912 0.4967543
vn 0.0013024 -0.8671479 0.4980491
vn 0.0031452 -0.8662993 0.4995154
vn 0.0052692 -0.8653445 0.5011498
vn 0.0076854 -0.8642832 0.5029469
vn 0.0104035 -0.8631144 0.5049012
vn 0.0134373 -0.8618355 0.5070098
vn 0.0168002 -0.8604486 0.5092602
vn 0.0205017 -0.8589533 0.5116434
vn 0.0245595 -0.8573486 0.5141500
vn 0.0289869 -0.8556356 0.5167664
vn 0.0337971 -0.8538177 0.5194739
vn 0.0390047 -0.8518968 0.5222552
vn 0.0446191 -0.8498761 0.5250902
vn 0.0506547 -0.8477605 0.5279548
vn 0.0571224 -0.8455570 0.5308206
vn 0.0640245 -0.8432705 0.5336626
vn 0.0713661 -0.8409138 0.5364427
vn 0.0791474 -0.8384927 0.5391342
vn 0.0873625 -0.8360244 0.5416928
vn 0.0960033 -0.8335221 0.5440812
vn 0.1050652 -0.8310625 0.5461652
vn 0.1143530 -0.8287799 0.5477657
vn 0.1236250 -0.8266914 0.5489064
vn 0.1327766 -0.8247269 0.5497235
vn 0.1417780 -0.8228496 0.5502885
vn 0.1506257 -0.8210485 0.5506281
vn 0.1593143 -0.8193108 0.5507710
vn 0.1678438 -0.8176256 0.5507421
vn 0.1762214 -0.8159822 0.5505625
vn 0.1844520 -0.8143705 0.5502529
vn 0.1925474 -0.8127790 0.5498326
vn 0.2005186 -0.8111989 0.5493166
vn 0.2083761 -0.8096196 0.5487217
vn 0.2161293 -0.8080307 0.5480643
vn 0.2237994 -0.8064242 0.5473516
vn 0.2313932 -0.8047915 0.5465966
vn 0.2389263 -0.8031231 0.5458091
vn 0.2464094 -0.8014092 0.5450006
vn 0.2538587 -0.7996392 0.5441809
vn 0.2612831 -0.7978043 0.5433594
vn 0.2686958 -0.7958930 0.5425467
vn 0.2761064 -0.7938945 0.5417534
vn 0.2835164 -0.7917739 0.5410291
vn 0.2908961 -0.7894652 0.5404851
vn 0.2981119 -0.7869921 0.5401599
vn 0.3050427 -0.7844657 0.5399653
vn 0.3116860 -0.7819414 0.5398329
vn 0.3180437 -0.7794319 0.5397537
vn 0.3241100 -0.7769493 0.5397245
vn 0.3298830 -0.7745053 0.5397395
vn 0.3353635 -0.7721106 0.5397931
vn 0.3405485 -0.7697767 0.5398801
vn 0.3454409 -0.7675113 0.5399972
vn 0.3500443 -0.7653234 0.5401381
vn 0.3543558 -0.7632224 0.5402995
vn 0.3583817 -0.7612152 0.5404757
vn 0.3621189 -0.7593087 0.5406664
vn 0.3655753 -0.7575105 0.5408628
vn 0.3687525 -0.7558239 0.5410655
vn 0.3716466 -0.7542581 0.5412702
vn 0.3742676 -0.7528154 0.5414727
vn 0.3766176 -0.7514993 0.5416715
vn 0.3786952 -0.7503150 0.5418647
vn 0.3805048 -0.7492661 0.5420484
vn 0.3820521 -0.7483533 0.5422209
vn 0.3833308 -0.7475816 0.5423830
vn 0.3843502 -0.7469512 0.5425300
vn 0.3851086 -0.7464642 0.5426624
vn 0.3856086 -0.7461212 0.5427791
vn 0.3858500 -0.7459235 0.5428793
vn 0.3858349 -0.7458710 0.5429621
vn 0.3855613 -0.7459649 0.5430275
vn 0.3850333 -0.7462035 0.5430743
vn 0.3842472 -0.7465863 0.5431049
vn 0.3832042 -0.7471131 0.5431174
vn 0.3819049 -0.7477812 0.5431132
vn 0.3803457 -0.7485896 0.5430938
vn 0.3785271 -0.7495360 0.5430590
vn 0.3764501 -0.7506181 0.5430081
vn 0.3741519 -0.7518257 0.5429259
vn 0.3717389 -0.7531140 0.5427979
vn 0.3692783 -0.7544321 0.5426469
vn 0.3667685 -0.7557649 0.5424944
vn 0.3642077 -0.7571101 0.5423440
vn 0.3615953 -0.7584679 0.5421949
vn 0.3589318 -0.7598373 0.5420473
vn 0.3562147 -0.7612184 0.5419019
vn 0.3534451 -0.7626114 0.5417567
vn 0.3506230 -0.7640151 0.5416127
vn 0.3477483 -0.7654291 0.5414697
vn 0.3448182 -0.7668531 0.5413287
vn 0.3418329 -0.7682875 0.5411881
vn 0.3387948 -0.7697308 0.5410477
vn 0.3357025 -0.7711824 0.5409081
vn 0.3325512 -0.7726433 0.5407698
vn 0.3293457 -0.7741123 0.5406307
vn 0.3260840 -0.7755886 0.5404919
vn 0.3227645 -0.7770720 0.5403538
vn 0.3193883 -0.7785623 0.5402146
vn 0.3159533 -0.7800588 0.5400757
vn 0.3124610 -0.7815609 0.5399358
vn 0.3089094 -0.7830685 0.5397950
vn 0.3052975 -0.7845808 0.5396540
vn 0.3016263 -0.7860978 0.5395108
vn 0.2978962 -0.7876179 0.5393662
vn 0.2941038 -0.7891414 0.5392206
vn 0.2902506 -0.7906680 0.5390720
vn 0.2863360 -0.7921964 0.5389216
vn 0.2823582 -0.7937267 0.5387687
vn 0.2783176 -0.7952582 0.5386128
vn 0.2742141 -0.7967900 0.5384536
vn 0.2700482 -0.7983214 0.5382908
vn 0.2658163 -0.7998524 0.5381243
vn 0.2615208 -0.8013818 0.5379537
vn 0.2571597 -0.8029093 0.5377783
vn 0.2527328 -0.8044339 0.5375985
vn 0.2482395 -0.8059562 0.5374122
vn 0.2436795 -0.8074737 0.5372212
vn 0.2390520 -0.8089867 0.5370239
vn 0.2343567 -0.8104896 0.5368274
vn 0.2296389 -0.8119635 0.5366389
vn 0.2250171 -0.8133836 0.5364461
vn 0.2205674 -0.8147331 0.5362462
vn 0.2162961 -0.8160062 0.5360503
vn 0.2122034 -0.8172055 0.5358590
vn 0.2082902 -0.8183326 0.5356743
vn 0.2045591 -0.8193899 0.5354958
vn 0.2010120 -0.8203794 0.5353241
vn 0.1976489 -0.8213029 0.5351602
vn 0.1944723 -0.8221626 0.5350040
vn 0.1914831 -0.8229599 0.5348563
vn 0.1886816 -0.8236972 0.5347170
vn 0.1860688 -0.8243758 0.5345868
vn 0.1836459 -0.8249972 0.5344659
vn 0.1814134 -0.8255634 0.5343540
vn 0.1793727 -0.8260754 0.5342517
vn 0.1775216 -0.8265348 0.5341595
vn 0.1758624 -0.8269429 0.5340766
vn 0.1743960 -0.8273007 0.5340033
vn 0.1731210 -0.8276096 0.5339397
vn 0.1720380 -0.8278705 0.5338852
vn 0.1711469 -0.8280839 0.5338405
vn 0.1704490 -0.8282512 0.5338043
vn 0.1699417 -0.8283728 0.5337774
vn 0.1696259 -0.8284492 0.5337593
vn 0.1695021 -0.8284813 0.5337489
vn 0.1695692 -0.8284692 0.5337463
vn 0.1698267 -0.8284132 0.5337513
vn 0.1702737 -0.8283140 0.5337629
vn 0.1709104 -0.8281710 0.5337813
vn 0.1717360 -0.8279849 0.5338050
vn 0.1727493 -0.8277553 0.5338341
vn 0.1739494 -0.8274820 0.5338680
vn 0.1753361 -0.8271652 0.5339054
vn 0.1769082 -0.8268041 0.5339461
vn 0.1786644 -0.8263985 0.5339893
vn 0.1806039 -0.8259480 0.5340339
vn 0.1827246 -0.8254520 0.5340793
vn 0.1850267 -0.8249097 0.5341247
vn 0.1875090 -0.8243203 0.5341688
vn 0.1901685 -0.8236835 0.5342111
vn 0.1930045 -0.8229980 0.5342505
vn 0.1960157 -0.8222629 0.5342861
vn 0.1992010 -0.8214807 0.5343111
vn 0.2025296 -0.8206712 0.5343038
vn 0.2058365 -0.8198685 0.5342723
vn 0.2089610 -0.8190960 0.5342443
vn 0.2118726 -0.8183673 0.5342143
vn 0.2145749 -0.8176857 0.5341794
vn 0.2170714 -0.8170517 0.5341408
vn 0.2193632 -0.8164661 0.5341001
vn 0.2214535 -0.8159294 0.5340576
vn 0.2233441 -0.8154423 0.5340143
vn 0.2250357 -0.8150055 0.5339709
vn 0.2265305 -0.8146194 0.5339281
vn 0.2278296 -0.8142849 0.5338856
vn 0.2289351 -0.8140024 0.5338434
vn 0.2298444 -0.8137728 0.5338028
vn 0.2305605 -0.8135970 0.5337619
vn 0.2310815 -0.8134755 0.5337218
vn 0.2314059 -0.8134096 0.5336817
vn 0.2315372 -0.8133995 0.5336401
vn 0.2314742 -0.8134460 0.5335965
vn 0.2312114 -0.8135507 0.5335509
vn 0.2307511 -0.8137141 0.5335010
vn 0.2300890 -0.8139375 0.5334462
vn 0.2292248 -0.8142218 0.5333844
vn 0.2281561 -0.8145682 0.5333136
vn 0.2268801 -0.8149774 0.5332328
vn 0.2253939 -0.8154512 0.5331388
vn 0.2236941 -0.8159909 0.5330289
vn 0.2217767 -0.8165973 0.5329014
vn 0.2196386 -0.8172723 0.5327522
vn 0.2172771 -0.8180166 0.5325781
vn 0.2146844 -0.8188321 0.5323764
vn 0.2118603 -0.8197202 0.5321409
vn 0.2087943 -0.8206826 0.5318694
vn 0.2054843 -0.8217209 0.5315553
vn 0.2019272 -0.8228359 0.5311935
vn 0.1981118 -0.8240303 0.5307784
vn 0.1940348 -0.8253050 0.5303038
vn 0.1896907 -0.8266619 0.5297617
vn 0.1850690 -0.8281011 0.5291484
vn 0.1801634 -0.8296051 0.5284851
vn 0.1750415 -0.8311317 0.5278073
vn 0.1697977 -0.8326730 0.5270905
vn 0.1644704 -0.8342300 0.5263172
vn 0.1590779 -0.8357986 0.5254854
vn 0.1536288 -0.8373749 0.5245964
vn 0.1481380 -0.8389531 0.5236534
vn 0.1426203 -0.8405293 0.5226565
vn 0.1370886 -0.8420982 0.5216104
vn 0.1315581 -0.8436550 0.5205177
vn 0.1260421 -0.8451961 0.5193812
vn 0.1205554 -0.8467167 0.5182058
vn 0.1151107 -0.8482122 0.5169967
vn 0.1097189 -0.8496798 0.5157578
vn 0.1043968 -0.8511159 0.5144929
vn 0.0991536 -0.8525164 0.5132099
vn 0.0940023 -0.8538793 0.5119119
vn 0.0889524 -0.8552017 0.5106051
vn 0.0840109 -0.8564817 0.5092949
vn 0.0791908 -0.8577174 0.5079859
vn 0.0744959 -0.8589070 0.5066844
vn 0.0699386 -0.8600501 0.5053933
vn 0.0655198 -0.8611446 0.5041202
vn 0.0612446 -0.8621913 0.5028670
vn 0.0571222 -0.8631895 0.5016383
vn 0.0531502 -0.8641395 0.5004378
vn 0.0493341 -0.8650414 0.4992690
vn 0.0456747 -0.8658955 0.4981353
vn 0.0421730 -0.8667029 0.4970387
vn 0.0388305 -0.8674643 0.4959817
vn 0.0356478 -0.8681811 0.4949655
vn 0.0326202 -0.8688538 0.4939930
vn 0.0297485 -0.8694842 0.4930642
vn 0.0270312 -0.8700741 0.4921793
vn 0.0244637 -0.8706239 0.4913406
vn 0.0220468 -0.8711355 0.4905475
vn 0.0197748 -0.8716108 0.4897995
vn 0.0176455 -0.8720512 0.4890964
vn 0.0156538 -0.8724581 0.4884382
vn 0.0137974 -0.8728329 0.4878242
vn 0.0120758 -0.8731809 0.4872467
vn 0.0105069 -0.8735334 0.4866508
vn 0.0090874 -0.8738920 0.4860351
vn 0.0077866 -0.8742245 0.4854595
vn 0.0065886 -0.8745295 0.4849276
vn 0.0054784 -0.8748118 0.4844319
vn 0.0044502 -0.8750738 0.4839690
vn 0.0034958 -0.8753178 0.4835355
vn 0.0026057 -0.8755465 0.4831268
vn 0.0017766 -0.8757618 0.4827402
vn 0.0009996 -0.8759648 0.4823741
vn 0.0002727 -0.8761583 0.4820235
vn -0.0004081 -0.8763427 0.4816879
vn -0.0010447 -0.8765192 0.4813658
vn -0.0016465 -0.8766890 0.4810548
vn -0.0022095 -0.8768539 0.4807518
vn -0.0027407 -0.8770148 0.4804556
vn -0.0032406 -0.8771729 0.4801637
vn -0.0037073 -0.8773283 0.4798764
vn -0.0041461 -0.8774834 0.4795892
vn -0.0045591 -0.8776387 0.4793011
vn -0.0049456 -0.8777956 0.4790098
vn -0.0053030 -0.8779565 0.4787111
vn -0.0056385 -0.8781230 0.4784018
vn -0.0059468 -0.8782975 0.4780775
vn -0.0062253 -0.8784825 0.4777339
vn -0.0064739 -0.8786823 0.4773630
vn -0.0066882 -0.8789015 0.4769565
vn -0.0068698 -0.8791481 0.4764992
vn -0.0070084 -0.8794322 0.4759726
vn -0.0070903 -0.8797689 0.4753488
vn -0.0071003 -0.8801811 0.4745848
vn -0.0070001 -0.8807073 0.4736092
vn -0.0067400 -0.8814204 0.4722845
vn -0.0062183 -0.8824562 0.4703535
vn -0.0051579 -0.8841443 0.4671854
vn -0.0027636 -0.8874367 0.4609214
vn 0.0048751 -0.8969521 0.4421008
vn 0.9367945 0.1317819 0.3241135
vn -0.8438527 -0.3508942 -0.4059382
vn -0.3827790 -0.5402508 0.7494059
vn -0.3714478 -0.5584145 0.7417545
vn -0.3677755 -0.5644326 0.7390244
vn -0.3660163 -0.5674995 0.7375476
vn -0.3650479 -0.5693832 0.7365750
vn -0.3644780 -0.5706871 0.7358479
vn -0.3641467 -0.5716659 0.7352519
vn -0.3639758 -0.5724453 0.7347299
vn -0.3639092 -0.5731019 0.7342508
vn -0.3639368 -0.5736760 0.7337887
vn -0.3640423 -0.5741992 0.7333270
vn -0.3642124 -0.5746900 0.7328579
vn -0.3644524 -0.5751681 0.7323634
vn -0.3647622 -0.5756409 0.7318375
vn -0.3651325 -0.5761248 0.7312718
vn -0.3655860 -0.5766341 0.7306436
vn -0.3661383 -0.5771782 0.7299370
vn -0.3667904 -0.5777705 0.7291406
vn -0.3675842 -0.5784067 0.7282360
vn -0.3685904 -0.5788685 0.7273599
vn -0.3696174 -0.5791352 0.7266261
vn -0.3704515 -0.5793358 0.7260411
vn -0.3710622 -0.5794595 0.7256305
vn -0.3714260 -0.5794946 0.7254162
vn -0.3715135 -0.5794376 0.7254170
vn -0.3712996 -0.5792738 0.7256573
vn -0.3707535 -0.5789999 0.7261549
vn -0.3698630 -0.5786095 0.7269198
vn -0.3686050 -0.5780920 0.7279698
vn -0.3669600 -0.5774485 0.7293104
vn -0.3649307 -0.5766730 0.7309403
vn -0.3625080 -0.5757649 0.7328593
vn -0.3596999 -0.5747293 0.7350525
vn -0.3565196 -0.5735630 0.7375088
vn -0.3529920 -0.5722763 0.7402003
vn -0.3491505 -0.5708780 0.7430963
vn -0.3450172 -0.5693741 0.7461744
vn -0.3406372 -0.5677927 0.7493849
vn -0.3360841 -0.5662191 0.7526244
vn -0.3316107 -0.5647566 0.7557012
vn -0.3274832 -0.5633760 0.7585264
vn -0.3237030 -0.5621012 0.7610904
vn -0.3202651 -0.5609330 0.7634032
vn -0.3171588 -0.5598706 0.7654771
vn -0.3143617 -0.5589120 0.7673292
vn -0.3118740 -0.5580562 0.7689655
vn -0.3096845 -0.5573021 0.7703959
vn -0.3077895 -0.5566481 0.7716272
vn -0.3061745 -0.5560944 0.7726682
vn -0.3048374 -0.5556350 0.7735269
vn -0.3037683 -0.5552760 0.7742050
vn -0.3029681 -0.5550142 0.7747061
vn -0.3024300 -0.5548457 0.7750370
vn -0.3021350 -0.5547727 0.7752043
vn -0.3020981 -0.5547947 0.7752029
vn -0.3023088 -0.5549116 0.7750371
vn -0.3027624 -0.5551217 0.7747095
vn -0.3034543 -0.5554259 0.7742206
vn -0.3043859 -0.5558245 0.7735686
vn -0.3055520 -0.5563175 0.7727541
vn -0.3069550 -0.5569049 0.7717743
vn -0.3085887 -0.5575870 0.7706294
vn -0.3104550 -0.5583660 0.7693147
vn -0.3125536 -0.5592401 0.7678286
vn -0.3148922 -0.5601967 0.7661740
vn -0.3174541 -0.5611525 0.7644153
vn -0.3198871 -0.5619894 0.7627845
vn -0.3218043 -0.5626399 0.7614974
vn -0.3231437 -0.5630675 0.7606137
vn -0.3239096 -0.5632631 0.7601429
vn -0.3241067 -0.5632286 0.7600844
vn -0.3237342 -0.5629600 0.7604421
vn -0.3227839 -0.5624576 0.7612174
vn -0.3212522 -0.5617182 0.7624104
vn -0.3191321 -0.5607425 0.7640173
vn -0.3164090 -0.5595261 0.7660391
vn -0.3130680 -0.5580673 0.7684721
vn -0.3090956 -0.5563649 0.7713093
vn -0.3044723 -0.5544169 0.7745441
vn -0.2991764 -0.5522185 0.7781698
vn -0.2931827 -0.5497719 0.7821731
vn -0.2864709 -0.5470726 0.7865405
vn -0.2790092 -0.5441192 0.7912573
vn -0.2707661 -0.5409133 0.7963030
vn -0.2617172 -0.5374548 0.8016523
vn -0.2518292 -0.5337440 0.8072790
vn -0.2410706 -0.5297840 0.8131506
vn -0.2294095 -0.5255818 0.8192284
vn -0.2168183 -0.5211403 0.8254712
vn -0.2032715 -0.5164707 0.8318286
vn -0.1887405 -0.5115816 0.8382489
vn -0.1732098 -0.5064897 0.8446695
vn -0.1566676 -0.5012082 0.8510262
vn -0.1391065 -0.4957609 0.8572459
vn -0.1205304 -0.4901667 0.8632549
vn -0.1009523 -0.4844563 0.8689711
vn -0.0803989 -0.4786656 0.8743085
vn -0.0589345 -0.4729714 0.8791046
vn -0.0371960 -0.4676133 0.8831502
vn -0.0161145 -0.4626643 0.8863871
vn 0.0039030 -0.4581114 0.8888862
vn 0.0228092 -0.4539404 0.8907401
vn 0.0405880 -0.4501210 0.8920447
vn 0.0572366 -0.4466213 0.8928904
vn 0.0727598 -0.4434175 0.8933571
vn 0.0871714 -0.4404836 0.8935185
vn 0.1004905 -0.4377989 0.8934393
vn 0.1127390 -0.4353452 0.8931766
vn 0.1239419 -0.4331084 0.8927797
vn 0.1341226 -0.4310743 0.8922926
vn 0.1432995 -0.4292344 0.8917528
vn 0.1515049 -0.4275850 0.8911887
vn 0.1587521 -0.4261258 0.8906259
vn 0.1650620 -0.4248565 0.8900851
vn 0.1704511 -0.4237813 0.8895818
vn 0.1749307 -0.4229061 0.8891286
vn 0.1785136 -0.4222427 0.8887317
vn 0.1812070 -0.4218043 0.8883947
vn 0.1830188 -0.4216029 0.8881188
vn 0.1839376 -0.4215834 0.8879383
vn 0.1841709 -0.4215784 0.8878923
vn 0.1841525 -0.4215149 0.8879263
vn 0.1841018 -0.4214371 0.8879737
vn 0.1840335 -0.4213654 0.8880219
vn 0.1839509 -0.4212957 0.8880721
vn 0.1838519 -0.4212301 0.8881237
vn 0.1837371 -0.4211701 0.8881759
vn 0.1836055 -0.4211159 0.8882288
vn 0.1834604 -0.4210687 0.8882812
vn 0.1832993 -0.4210286 0.8883334
vn 0.1831249 -0.4209947 0.8883855
vn 0.1829358 -0.4209683 0.8884369
vn 0.1827337 -0.4209502 0.8884871
vn 0.1825178 -0.4209391 0.8885368
vn 0.1822901 -0.4209380 0.8885840
vn 0.1820489 -0.4209415 0.8886318
vn 0.1817949 -0.4209553 0.8886773
vn 0.1815289 -0.4209777 0.8887210
vn 0.1812529 -0.4210071 0.8887634
vn 0.1809633 -0.4210448 0.8888046
vn 0.1806626 -0.4210905 0.8888441
vn 0.1803525 -0.4211435 0.8888819
vn 0.1800299 -0.4212040 0.8889187
vn 0.1796955 -0.4212727 0.8889538
vn 0.1793520 -0.4213473 0.8889878
vn 0.1789981 -0.4214305 0.8890197
vn 0.1786325 -0.4215195 0.8890510
vn 0.1782564 -0.4216147 0.8890814
vn 0.1778698 -0.4217165 0.8891105
vn 0.1774737 -0.4218246 0.8891384
vn 0.1770659 -0.4219374 0.8891662
vn 0.1766480 -0.4220566 0.8891927
vn 0.1762203 -0.4221798 0.8892191
vn 0.1757814 -0.4223076 0.8892453
vn 0.1753322 -0.4224407 0.8892708
vn 0.1748788 -0.4225879 0.8892901
vn 0.1744145 -0.4227811 0.8892894
vn 0.1739159 -0.4230369 0.8892655
vn 0.1733648 -0.4233333 0.8892320
vn 0.1727556 -0.4236594 0.8891953
vn 0.1720870 -0.4240124 0.8891566
vn 0.1713594 -0.4243928 0.8891157
vn 0.1705721 -0.4247995 0.8890728
vn 0.1697234 -0.4252321 0.8890284
vn 0.1688142 -0.4256908 0.8889821
vn 0.1678446 -0.4261743 0.8889340
vn 0.1668146 -0.4266824 0.8888842
vn 0.1657216 -0.4272138 0.8888333
vn 0.1645665 -0.4277697 0.8887806
vn 0.1633500 -0.4283486 0.8887262
vn 0.1620709 -0.4289493 0.8886706
vn 0.1607277 -0.4295720 0.8886138
vn 0.1593211 -0.4302171 0.8885550
vn 0.1578515 -0.4308818 0.8884952
vn 0.1563171 -0.4315677 0.8884336
vn 0.1547182 -0.4322727 0.8883707
vn 0.1530539 -0.4329976 0.8883060
vn 0.1513246 -0.4337409 0.8882397
vn 0.1495296 -0.4345024 0.8881715
vn 0.1476671 -0.4352808 0.8881019
vn 0.1457388 -0.4360774 0.8880297
vn 0.1437436 -0.4368894 0.8879557
vn 0.1416799 -0.4377169 0.8878799
vn 0.1395485 -0.4385604 0.8878012
vn 0.1373493 -0.4394179 0.8877202
vn 0.1350797 -0.4402893 0.8876366
vn 0.1327412 -0.4411738 0.8875502
vn 0.1303330 -0.4420715 0.8874605
vn 0.1278549 -0.4429806 0.8873676
vn 0.1253056 -0.4439009 0.8872714
vn 0.1226851 -0.4448322 0.8871712
vn 0.1199930 -0.4457732 0.8870670
vn 0.1172282 -0.4467227 0.8869591
vn 0.1143913 -0.4476818 0.8868459
vn 0.1114809 -0.4486479 0.8867283
vn 0.1084969 -0.4496214 0.8866053
vn 0.1054384 -0.4505961 0.8864795
vn 0.1023451 -0.4515601 0.8863515
vn 0.0993220 -0.4524983 0.8862169
vn 0.0964372 -0.4533924 0.8860786
vn 0.0936930 -0.4542305 0.8859437
vn 0.0910902 -0.4550133 0.8858134
vn 0.0886292 -0.4557425 0.8856882
vn 0.0863118 -0.4564199 0.8855682
vn 0.0841392 -0.4570465 0.8854542
vn 0.0821118 -0.4576243 0.8853461
vn 0.0802305 -0.4581546 0.8852443
vn 0.0784962 -0.4586380 0.8851494
vn 0.0769095 -0.4590767 0.8850613
vn 0.0754705 -0.4594718 0.8849802
vn 0.0741806 -0.4598239 0.8849063
vn 0.0730392 -0.4601351 0.8848395
vn 0.0720479 -0.4604052 0.8847803
vn 0.0712050 -0.4606361 0.8847283
vn 0.0705119 -0.4608283 0.8846837
vn 0.0699689 -0.4609827 0.8846464
vn 0.0695755 -0.4611001 0.8846163
vn 0.0693317 -0.4611812 0.8845931
vn 0.0692371 -0.4612263 0.8845771
vn 0.0692925 -0.4612364 0.8845674
vn 0.0694969 -0.4612116 0.8845643
vn 0.0698501 -0.4611522 0.8845675
vn 0.0703519 -0.4610590 0.8845763
vn 0.0710019 -0.4609317 0.8845907
vn 0.0717998 -0.4607707 0.8846102
vn 0.0727448 -0.4605760 0.8846344
vn 0.0738363 -0.4603477 0.8846628
vn 0.0750743 -0.4600856 0.8846949
vn 0.0764574 -0.4597895 0.8847304
vn 0.0779856 -0.4594595 0.8847685
vn 0.0796572 -0.4590952 0.8848087
vn 0.0814721 -0.4586960 0.8848504
vn 0.0834293 -0.4582618 0.8848930
vn 0.0855279 -0.4577920 0.8849358
vn 0.0877661 -0.4572861 0.8849783
vn 0.0901437 -0.4567435 0.8850195
vn 0.0926601 -0.4561635 0.8850587
vn 0.0953131 -0.4555454 0.8850953
vn 0.0981012 -0.4548885 0.8851286
vn 0.1010240 -0.4541920 0.8851575
vn 0.1040805 -0.4534595 0.8851789
vn 0.1072408 -0.4527119 0.8851843
vn 0.1103370 -0.4519738 0.8851810
vn 0.1131943 -0.4512654 0.8851817
vn 0.1157828 -0.4506125 0.8851795
vn 0.1181063 -0.4500224 0.8851727
vn 0.1201691 -0.4494958 0.8851626
vn 0.1219713 -0.4490336 0.8851507
vn 0.1235167 -0.4486366 0.8851377
vn 0.1248060 -0.4483060 0.8851244
vn 0.1258398 -0.4480422 0.8851116
vn 0.1266209 -0.4478466 0.8850992
vn 0.1271487 -0.4477200 0.8850876
vn 0.1274240 -0.4476632 0.8850767
vn 0.1274459 -0.4476772 0.8850665
vn 0.1272137 -0.4477635 0.8850562
vn 0.1267270 -0.4479228 0.8850454
vn 0.1259838 -0.4481571 0.8850329
vn 0.1249837 -0.4484666 0.8850179
vn 0.1237244 -0.4488529 0.8849991
vn 0.1222038 -0.4493175 0.8849746
vn 0.1204173 -0.4498616 0.8849430
vn 0.1183634 -0.4504871 0.8849020
vn 0.1160375 -0.4511955 0.8848491
vn 0.1134370 -0.4519878 0.8847819
vn 0.1105565 -0.4528663 0.8846973
vn 0.1073920 -0.4538323 0.8845921
vn 0.1039367 -0.4548880 0.8844626
vn 0.1001871 -0.4560348 0.8843047
vn 0.0961363 -0.4572754 0.8841137
vn 0.0917782 -0.4586109 0.8838851
vn 0.0871051 -0.4600439 0.8836132
vn 0.0821116 -0.4615767 0.8832919
vn 0.0767881 -0.4632110 0.8829151
vn 0.0711266 -0.4649496 0.8824754
vn 0.0651212 -0.4667941 0.8819651
vn 0.0587595 -0.4687472 0.8813759
vn 0.0520345 -0.4708107 0.8806984
vn 0.0449364 -0.4729874 0.8799225
vn 0.0374529 -0.4752764 0.8790391
vn 0.0295761 -0.4776439 0.8780555
vn 0.0214273 -0.4800297 0.8769905
vn 0.0131955 -0.4824246 0.8758381
vn 0.0049499 -0.4848184 0.8746008
vn -0.0032888 -0.4871999 0.8732843
vn -0.0114998 -0.4895615 0.8718930
vn -0.0196632 -0.4918961 0.8704318
vn -0.0277553 -0.4941969 0.8689068
vn -0.0357571 -0.4964575 0.8673243
vn -0.0436460 -0.4986710 0.8656918
vn -0.0514038 -0.5008321 0.8640167
vn -0.0590121 -0.5029352 0.8623072
vn -0.0664514 -0.5049746 0.8605724
vn -0.0737068 -0.5069469 0.8588202
vn -0.0807621 -0.5088480 0.8570596
vn -0.0876039 -0.5106740 0.8552997
vn -0.0942187 -0.5124229 0.8535488
vn -0.1005954 -0.5140927 0.8518153
vn -0.1067263 -0.5156812 0.8501073
vn -0.1126026 -0.5171875 0.8484325
vn -0.1182169 -0.5186107 0.8467985
vn -0.1235637 -0.5199527 0.8452108
vn -0.1286418 -0.5212107 0.8436769
vn -0.1334477 -0.5223880 0.8422009
vn -0.1379793 -0.5234860 0.8407878
vn -0.1422399 -0.5245051 0.8394416
vn -0.1462275 -0.5254477 0.8381660
vn -0.1499471 -0.5263154 0.8369635
vn -0.1534013 -0.5271116 0.8358358
vn -0.1565920 -0.5278380 0.8347850
vn -0.1595276 -0.5284978 0.8338112
vn -0.1622131 -0.5290927 0.8329153
vn -0.1646539 -0.5296269 0.8320964
vn -0.1668567 -0.5301036 0.8313537
vn -0.1688300 -0.5305240 0.8306869
vn -0.1705789 -0.5308923 0.8300941
vn -0.1721126 -0.5312111 0.8295734
vn -0.1734395 -0.5314834 0.8291225
vn -0.1745680 -0.5317114 0.8287394
vn -0.1755056 -0.5318981 0.8284215
vn -0.1762562 -0.5320564 0.8281604
vn -0.1768420 -0.5322479 0.8279125
vn -0.1773311 -0.5324789 0.8276593
vn -0.1777781 -0.5326957 0.8274239
vn -0.1781884 -0.5328963 0.8272064
vn -0.1785689 -0.5330842 0.8270032
vn -0.1789213 -0.5332614 0.8268128
vn -0.1792459 -0.5334293 0.8266342
vn -0.1795487 -0.5335894 0.8264652
vn -0.1798311 -0.5337434 0.8263043
vn -0.1800931 -0.5338921 0.8261511
vn -0.1803369 -0.5340377 0.8260039
vn -0.1805651 -0.5341806 0.8258616
vn -0.1807763 -0.5343206 0.8257248
vn -0.1809748 -0.5344604 0.8255908
vn -0.1811579 -0.5346012 0.8254595
vn -0.1813290 -0.5347426 0.8253303
vn -0.1814895 -0.5348879 0.8252009
vn -0.1816347 -0.5350376 0.8250719
vn -0.1817684 -0.5351924 0.8249421
vn -0.1818908 -0.5353555 0.8248092
vn -0.1820018 -0.5355276 0.8246730
vn -0.1820986 -0.5357120 0.8245318
vn -0.1821845 -0.5359119 0.8243829
vn -0.1822570 -0.5361316 0.8242241
vn -0.1823136 -0.5363756 0.8240527
vn -0.1823526 -0.5366514 0.8238645
vn -0.1823682 -0.5369670 0.8236554
vn -0.1823613 -0.5373355 0.8234166
vn -0.1823256 -0.5377767 0.8231364
vn -0.1822470 -0.5383178 0.8228001
vn -0.1821149 -0.5390026 0.8223809
vn -0.1818939 -0.5399021 0.8218396
vn -0.1815450 -0.5411481 0.8210969
vn -0.1809775 -0.5429969 0.8200009
vn -0.1799596 -0.5460605 0.8181885
vn -0.1778031 -0.5521492 0.8145657
vn -0.1710858 -0.5703618 0.8033785
vn 0.9135768 0.0911185 0.3963268
vn -0.8090134 -0.2523857 -0.5308472
vn -0.5818084 -0.0662970 0.8106193
vn -0.5762947 -0.0882585 0.8124622
vn -0.5745068 -0.0955929 0.8128984
vn -0.5736741 -0.0993481 0.8130363
vn -0.5732689 -0.1016357 0.8130393
vn -0.5730655 -0.1032154 0.8129837
vn -0.5729882 -0.1043919 0.8128879
vn -0.5730022 -0.1053196 0.8127585
vn -0.5730808 -0.1060942 0.8126022
vn -0.5732129 -0.1067623 0.8124215
vn -0.5734081 -0.1073628 0.8122047
vn -0.5736429 -0.1079186 0.8119652
vn -0.5739356 -0.1084536 0.8116870
vn -0.5742848 -0.1089732 0.8113703
vn -0.5746853 -0.1094997 0.8110158
vn -0.5751571 -0.1100451 0.8106075
vn -0.5757229 -0.1106193 0.8101275
vn -0.5763766 -0.1112397 0.8095775
vn -0.5771513 -0.1119006 0.8089343
vn -0.5780692 -0.1123479 0.8082166
vn -0.5789694 -0.1125819 0.8075393
vn -0.5796868 -0.1127642 0.8069990
vn -0.5802096 -0.1128793 0.8066071
vn -0.5805094 -0.1129202 0.8063857
vn -0.5805701 -0.1128832 0.8063472
vn -0.5803570 -0.1127523 0.8065188
vn -0.5798471 -0.1125297 0.8069166
vn -0.5790336 -0.1122070 0.8075454
vn -0.5778947 -0.1117714 0.8084212
vn -0.5764122 -0.1112272 0.8095539
vn -0.5745919 -0.1105666 0.8109372
vn -0.5724196 -0.1097877 0.8125776
vn -0.5699130 -0.1088930 0.8144578
vn -0.5670814 -0.1078794 0.8165665
vn -0.5639327 -0.1067557 0.8188914
vn -0.5605170 -0.1055246 0.8213923
vn -0.5568519 -0.1041953 0.8240506
vn -0.5529683 -0.1027909 0.8268374
vn -0.5489550 -0.1013885 0.8296799
vn -0.5450592 -0.1000878 0.8324019
vn -0.5415139 -0.0988529 0.8348598
vn -0.5383233 -0.0977295 0.8370525
vn -0.5354737 -0.0967198 0.8389954
vn -0.5329654 -0.0958180 0.8406942
vn -0.5307730 -0.0950304 0.8421694
vn -0.5288920 -0.0943495 0.8434284
vn -0.5273171 -0.0937753 0.8444779
vn -0.5260426 -0.0933075 0.8453241
vn -0.5250643 -0.0929462 0.8459719
vn -0.5243653 -0.0926878 0.8464337
vn -0.5239402 -0.0925340 0.8467137
vn -0.5237958 -0.0924808 0.8468089
vn -0.5239255 -0.0925270 0.8467236
vn -0.5243100 -0.0926778 0.8464691
vn -0.5249548 -0.0929269 0.8460420
vn -0.5258628 -0.0932779 0.8454393
vn -0.5270267 -0.0937270 0.8446645
vn -0.5284391 -0.0942785 0.8437201
vn -0.5301025 -0.0949289 0.8426030
vn -0.5320148 -0.0956821 0.8413116
vn -0.5341753 -0.0965351 0.8398439
vn -0.5365825 -0.0974889 0.8381975
vn -0.5392348 -0.0985484 0.8363696
vn -0.5421356 -0.0997094 0.8343543
vn -0.5452860 -0.1009576 0.8321483
vn -0.5486404 -0.1022047 0.8297879
vn -0.5517638 -0.1033442 0.8275728
vn -0.5542025 -0.1042828 0.8258237
vn -0.5558838 -0.1049358 0.8246100
vn -0.5568112 -0.1052845 0.8239396
vn -0.5569875 -0.1053297 0.8238147
vn -0.5564166 -0.1050676 0.8242338
vn -0.5550893 -0.1044985 0.8252006
vn -0.5529941 -0.1036194 0.8267168
vn -0.5501258 -0.1024293 0.8287761
vn -0.5464682 -0.1009250 0.8313764
vn -0.5419961 -0.0991045 0.8345169
vn -0.5366946 -0.0969657 0.8381865
vn -0.5305391 -0.0945062 0.8423757
vn -0.5235002 -0.0917224 0.8470741
vn -0.5155451 -0.0886136 0.8522681
vn -0.5066467 -0.0851760 0.8579360
vn -0.4967651 -0.0814085 0.8640585
vn -0.4858601 -0.0773130 0.8706105
vn -0.4738979 -0.0728887 0.8775580
vn -0.4608371 -0.0681363 0.8848653
vn -0.4466352 -0.0630617 0.8924910
vn -0.4312563 -0.0576706 0.9003844
vn -0.4146581 -0.0519686 0.9084921
vn -0.3968113 -0.0459681 0.9167484
vn -0.3776811 -0.0396824 0.9250850
vn -0.3572445 -0.0331303 0.9334231
vn -0.3354901 -0.0263291 0.9416757
vn -0.3124067 -0.0193081 0.9497522
vn -0.2880010 -0.0120912 0.9575538
vn -0.2622896 -0.0047168 0.9649777
vn -0.2353123 0.0027695 0.9719159
vn -0.2071861 0.0101541 0.9782488
vn -0.1788101 0.0171873 0.9837335
vn -0.1515341 0.0237661 0.9881663
vn -0.1259736 0.0298041 0.9915858
vn -0.1021959 0.0352665 0.9941390
vn -0.0802208 0.0401950 0.9959664
vn -0.0600526 0.0446308 0.9971970
vn -0.0416805 0.0486058 0.9979480
vn -0.0250856 0.0521523 0.9983240
vn -0.0102418 0.0552956 0.9984175
vn 0.0028793 0.0580585 0.9983090
vn 0.0143091 0.0604551 0.9980683
vn 0.0240796 0.0624979 0.9977546
vn 0.0322115 0.0641950 0.9974174
vn 0.0387405 0.0655432 0.9970974
vn 0.0436841 0.0665349 0.9968274
vn 0.0470619 0.0671611 0.9966316
vn 0.0488887 0.0674066 0.9965271
vn 0.0491741 0.0672499 0.9965236
vn 0.0479257 0.0666612 0.9966240
vn 0.0451472 0.0656087 0.9968236
vn 0.0408366 0.0640572 0.9971103
vn 0.0349660 0.0620690 0.9974592
vn 0.0279327 0.0598369 0.9978173
vn 0.0206564 0.0574856 0.9981326
vn 0.0136309 0.0550753 0.9983892
vn 0.0068652 0.0526581 0.9985890
vn 0.0003616 0.0502489 0.9987367
vn -0.0058774 0.0478596 0.9988368
vn -0.0118497 0.0454992 0.9988941
vn -0.0175544 0.0431773 0.9989132
vn -0.0229903 0.0409039 0.9988985
vn -0.0281584 0.0386881 0.9988545
vn -0.0330589 0.0365376 0.9987853
vn -0.0376930 0.0344611 0.9986950
vn -0.0420614 0.0324638 0.9985875
vn -0.0461666 0.0305562 0.9984663
vn -0.0500103 0.0287399 0.9983351
vn -0.0535950 0.0270258 0.9981970
vn -0.0569214 0.0254153 0.9980551
vn -0.0599928 0.0239137 0.9979123
vn -0.0628118 0.0225261 0.9977711
vn -0.0653796 0.0212572 0.9976340
vn -0.0676987 0.0201084 0.9975032
vn -0.0697709 0.0190842 0.9973805
vn -0.0715989 0.0181869 0.9972677
vn -0.0731827 0.0174184 0.9971664
vn -0.0745245 0.0167807 0.9970780
vn -0.0756259 0.0162752 0.9970034
vn -0.0764882 0.0159032 0.9969436
vn -0.0771104 0.0156659 0.9968995
vn -0.0774943 0.0155633 0.9968713
vn -0.0776397 0.0155951 0.9968595
vn -0.0775470 0.0157621 0.9968641
vn -0.0772151 0.0160620 0.9968851
vn -0.0766444 0.0164962 0.9969220
vn -0.0758328 0.0170623 0.9969746
vn -0.0747800 0.0177576 0.9970419
vn -0.0734763 0.0185626 0.9971242
vn -0.0719732 0.0194139 0.9972176
vn -0.0704234 0.0202520 0.9973116
vn -0.0689189 0.0210588 0.9974000
vn -0.0674658 0.0218292 0.9974828
vn -0.0660649 0.0225660 0.9975601
vn -0.0647152 0.0232673 0.9976325
vn -0.0634177 0.0239349 0.9977000
vn -0.0621724 0.0245703 0.9977629
vn -0.0609789 0.0251711 0.9978216
vn -0.0598381 0.0257399 0.9978762
vn -0.0587499 0.0262768 0.9979268
vn -0.0577147 0.0267828 0.9979738
vn -0.0567322 0.0272574 0.9980173
vn -0.0558025 0.0277008 0.9980575
vn -0.0549269 0.0281150 0.9980945
vn -0.0541051 0.0284996 0.9981285
vn -0.0533362 0.0288546 0.9981596
vn -0.0526221 0.0291815 0.9981880
vn -0.0519619 0.0294806 0.9982138
vn -0.0513563 0.0297516 0.9982371
vn -0.0508056 0.0299958 0.9982580
vn -0.0503100 0.0302135 0.9982765
vn -0.0498695 0.0304050 0.9982928
vn -0.0494841 0.0305718 0.9983069
vn -0.0491548 0.0307119 0.9983189
vn -0.0488816 0.0308288 0.9983287
vn -0.0486648 0.0309217 0.9983364
vn -0.0485044 0.0309904 0.9983421
vn -0.0484010 0.0310367 0.9983457
vn -0.0483549 0.0310608 0.9983472
vn -0.0483659 0.0310624 0.9983466
vn -0.0484344 0.0310430 0.9983439
vn -0.0485612 0.0310032 0.9983389
vn -0.0487466 0.0309426 0.9983318
vn -0.0489905 0.0308628 0.9983223
vn -0.0492935 0.0307637 0.9983104
vn -0.0496553 0.0306463 0.9982961
vn -0.0500766 0.0305106 0.9982792
vn -0.0505582 0.0303580 0.9982596
vn -0.0511001 0.0301883 0.9982372
vn -0.0517019 0.0300030 0.9982118
vn -0.0523407 0.0298023 0.9981845
vn -0.0529541 0.0295928 0.9981584
vn -0.0535020 0.0293914 0.9981351
vn -0.0539839 0.0292118 0.9981144
vn -0.0543998 0.0290530 0.9980965
vn -0.0547500 0.0289155 0.9980813
vn -0.0550334 0.0287982 0.9980691
vn -0.0552499 0.0287003 0.9980600
vn -0.0553996 0.0286216 0.9980540
vn -0.0554821 0.0285613 0.9980511
vn -0.0554972 0.0285192 0.9980515
vn -0.0554445 0.0284947 0.9980551
vn -0.0553250 0.0284875 0.9980619
vn -0.0551374 0.0284970 0.9980720
vn -0.0548820 0.0285228 0.9980854
vn -0.0545592 0.0285650 0.9981019
vn -0.0541690 0.0286230 0.9981215
vn -0.0537112 0.0286962 0.9981441
vn -0.0531856 0.0287851 0.9981697
vn -0.0525928 0.0288888 0.9981981
vn -0.0519328 0.0290073 0.9982292
vn -0.0512059 0.0291411 0.9982629
vn -0.0504120 0.0292889 0.9982989
vn -0.0495518 0.0294519 0.9983372
vn -0.0486250 0.0296295 0.9983775
vn -0.0476318 0.0298212 0.9984197
vn -0.0465736 0.0300280 0.9984634
vn -0.0454493 0.0302494 0.9985086
vn -0.0442595 0.0304854 0.9985548
vn -0.0430056 0.0307364 0.9986019
vn -0.0416871 0.0310025 0.9986496
vn -0.0403044 0.0312842 0.9986976
vn -0.0388579 0.0315810 0.9987456
vn -0.0373486 0.0318936 0.9987932
vn -0.0357769 0.0322224 0.9988402
vn -0.0341429 0.0325675 0.9988862
vn -0.0324469 0.0329293 0.9989309
vn -0.0306904 0.0333080 0.9989738
vn -0.0288735 0.0337042 0.9990147
vn -0.0269963 0.0341182 0.9990531
vn -0.0250601 0.0345505 0.9990887
vn -0.0230658 0.0350015 0.9991210
vn -0.0210135 0.0354716 0.9991497
vn -0.0189040 0.0359592 0.9991744
vn -0.0167596 0.0364546 0.9991948
vn -0.0147070 0.0369470 0.9992090
vn -0.0128853 0.0374165 0.9992167
vn -0.0113166 0.0378324 0.9992200
vn -0.0099973 0.0381865 0.9992206
vn -0.0089249 0.0384783 0.9992196
vn -0.0080987 0.0387068 0.9992178
vn -0.0075162 0.0388711 0.9992160
vn -0.0071772 0.0389703 0.9992146
vn -0.0070813 0.0390039 0.9992140
vn -0.0072281 0.0389704 0.9992142
vn -0.0076171 0.0388688 0.9992153
vn -0.0082496 0.0386986 0.9992169
vn -0.0091261 0.0384586 0.9992185
vn -0.0102480 0.0381474 0.9992196
vn -0.0116164 0.0377645 0.9992191
vn -0.0132334 0.0373076 0.9992162
vn -0.0151013 0.0367764 0.9992094
vn -0.0172227 0.0361693 0.9991973
vn -0.0195998 0.0354851 0.9991780
vn -0.0222374 0.0347222 0.9991496
vn -0.0251385 0.0338789 0.9991097
vn -0.0283071 0.0329540 0.9990559
vn -0.0317473 0.0319457 0.9989853
vn -0.0354653 0.0308524 0.9988946
vn -0.0394651 0.0296721 0.9987803
vn -0.0437534 0.0284033 0.9986385
vn -0.0483353 0.0270443 0.9984650
vn -0.0532183 0.0255922 0.9982549
vn -0.0584086 0.0240465 0.9980031
vn -0.0639146 0.0224035 0.9977039
vn -0.0697425 0.0206622 0.9973510
vn -0.0759013 0.0188203 0.9969377
vn -0.0824010 0.0168751 0.9964564
vn -0.0892483 0.0148247 0.9958991
vn -0.0964542 0.0126671 0.9952568
vn -0.1040272 0.0104001 0.9945201
vn -0.1119785 0.0080208 0.9936783
vn -0.1203203 0.0055314 0.9927197
vn -0.1290548 0.0029639 0.9916330
vn -0.1380372 0.0003732 0.9904270
vn -0.1470417 -0.0022293 0.9891278
vn -0.1559864 -0.0048191 0.9877474
vn -0.1648513 -0.0073784 0.9862908
vn -0.1736128 -0.0098987 0.9847642
vn -0.1822488 -0.0123724 0.9831746
vn -0.1907344 -0.0147926 0.9815302
vn -0.1990498 -0.0171522 0.9798393
vn -0.2071719 -0.0194449 0.9781113
vn -0.2150804 -0.0216654 0.9763560
vn -0.2227587 -0.0238072 0.9745829
vn -0.2301884 -0.0258656 0.9728023
vn -0.2373542 -0.0278385 0.9710242
vn -0.2442412 -0.0297207 0.9692590
vn -0.2508391 -0.0315090 0.9675159
vn -0.2571362 -0.0332027 0.9658046
vn -0.2631249 -0.0348003 0.9641339
vn -0.2687971 -0.0363000 0.9625126
vn -0.2741480 -0.0377022 0.9609482
vn -0.2791749 -0.0390069 0.9594477
vn -0.2838742 -0.0402165 0.9580178
vn -0.2882491 -0.0413290 0.9566632
vn -0.2922973 -0.0423492 0.9553894
vn -0.2960226 -0.0432796 0.9541999
vn -0.2994300 -0.0441208 0.9530976
vn -0.3025225 -0.0448761 0.9520852
vn -0.3053065 -0.0455493 0.9511641
vn -0.3077902 -0.0461436 0.9503347
vn -0.3099779 -0.0466626 0.9495980
vn -0.3118804 -0.0471096 0.9489527
vn -0.3135079 -0.0474873 0.9483975
vn -0.3148662 -0.0478003 0.9479316
vn -0.3159683 -0.0480527 0.9475521
vn -0.3168227 -0.0482471 0.9472569
vn -0.3174384 -0.0483878 0.9470435
vn -0.3178271 -0.0484779 0.9469085
vn -0.3179995 -0.0485214 0.9468485
vn -0.3179659 -0.0485208 0.9468598
vn -0.3177367 -0.0484799 0.9469388
vn -0.3173202 -0.0484152 0.9470818
vn -0.3167719 -0.0483982 0.9472661
vn -0.3162034 -0.0484377 0.9474541
vn -0.3156804 -0.0484756 0.9476265
vn -0.3151954 -0.0485135 0.9477860
vn -0.3147454 -0.0485534 0.9479335
vn -0.3143295 -0.0485951 0.9480694
vn -0.3139401 -0.0486387 0.9481961
vn -0.3135753 -0.0486861 0.9483144
vn -0.3132345 -0.0487355 0.9484245
vn -0.3129140 -0.0487869 0.9485276
vn -0.3126099 -0.0488444 0.9486249
vn -0.3123257 -0.0489055 0.9487154
vn -0.3120553 -0.0489715 0.9488010
vn -0.3117976 -0.0490426 0.9488820
vn -0.3115534 -0.0491206 0.9489582
vn -0.3113182 -0.0492052 0.9490310
vn -0.3110949 -0.0492983 0.9490994
vn -0.3108812 -0.0494001 0.9491641
vn -0.3106740 -0.0495136 0.9492260
vn -0.3104738 -0.0496389 0.9492850
vn -0.3102808 -0.0497799 0.9493407
vn -0.3100894 -0.0499376 0.9493950
vn -0.3099044 -0.0501174 0.9494459
vn -0.3097204 -0.0503238 0.9494950
vn -0.3095389 -0.0505611 0.9495416
vn -0.3093582 -0.0508380 0.9495857
vn -0.3091719 -0.0511650 0.9496288
vn -0.3089771 -0.0515582 0.9496710
vn -0.3087751 -0.0520384 0.9497105
vn -0.3085576 -0.0526395 0.9497480
vn -0.3083168 -0.0534142 0.9497830
vn -0.3080354 -0.0544460 0.9498157
vn -0.3076855 -0.0558895 0.9498452
vn -0.3072187 -0.0580569 0.9498663
vn -0.3065085 -0.0616670 0.9498683
vn -0.3051565 -0.0689108 0.9498057
vn -0.3011457 -0.0909478 0.9492311
vn 0.9326553 0.1570543 0.3247893
vn -0.7858951 -0.2443601 -0.5680290
vn -0.6249109 0.4254007 0.6546149
vn -0.6266955 0.4055357 0.6654274
vn -0.6272700 0.3988440 0.6689214
vn -0.6275990 0.3954171 0.6706451
vn -0.6278577 0.3933376 0.6716250
vn -0.6280755 0.3919067 0.6722577
vn -0.6282774 0.3908494 0.6726843
vn -0.6284733 0.3900194 0.6729830
vn -0.6286718 0.3893365 0.6731930
vn -0.6288784 0.3887543 0.6733365
vn -0.6291058 0.3882355 0.6734234
vn -0.6293421 0.3877622 0.6734753
vn -0.6296034 0.3873173 0.6734871
vn -0.6298992 0.3868894 0.6734565
vn -0.6302170 0.3864605 0.6734054
vn -0.6305762 0.3860247 0.6733191
vn -0.6309923 0.3855742 0.6731874
vn -0.6314669 0.3850947 0.6730168
vn -0.6320123 0.3845840 0.6727969
vn -0.6325929 0.3842597 0.6724364
vn -0.6331288 0.3841175 0.6720132
vn -0.6335557 0.3840072 0.6716738
vn -0.6338637 0.3839311 0.6714266
vn -0.6340404 0.3838950 0.6712804
vn -0.6340721 0.3839065 0.6712439
vn -0.6339469 0.3839699 0.6713259
vn -0.6336355 0.3840843 0.6715544
vn -0.6331466 0.3842591 0.6719154
vn -0.6324662 0.3844972 0.6724198
vn -0.6315731 0.3848005 0.6730854
vn -0.6304822 0.3851749 0.6738935
vn -0.6291766 0.3856213 0.6748577
vn -0.6276669 0.3861422 0.6759649
vn -0.6259684 0.3867410 0.6771964
vn -0.6240748 0.3874104 0.6785601
vn -0.6220175 0.3881478 0.6800261
vn -0.6198104 0.3889555 0.6815781
vn -0.6174755 0.3898194 0.6832019
vn -0.6150733 0.3906910 0.6848688
vn -0.6127764 0.3914928 0.6864682
vn -0.6107283 0.3922505 0.6878593
vn -0.6089459 0.3929201 0.6890564
vn -0.6074280 0.3935030 0.6900628
vn -0.6061580 0.3939978 0.6908967
vn -0.6051329 0.3944036 0.6915634
vn -0.6043424 0.3947282 0.6920692
vn -0.6037816 0.3949668 0.6924225
vn -0.6034480 0.3951195 0.6926262
vn -0.6033428 0.3951904 0.6926775
vn -0.6034528 0.3951819 0.6925865
vn -0.6037699 0.3950897 0.6923626
vn -0.6042997 0.3949188 0.6919978
vn -0.6050398 0.3946676 0.6914943
vn -0.6059823 0.3943374 0.6908571
vn -0.6071252 0.3939266 0.6900876
vn -0.6084665 0.3934367 0.6891851
vn -0.6100086 0.3928673 0.6881459
vn -0.6117466 0.3922188 0.6869720
vn -0.6136794 0.3914904 0.6856623
vn -0.6158081 0.3906812 0.6842139
vn -0.6181311 0.3897918 0.6826245
vn -0.6206445 0.3888228 0.6808945
vn -0.6233556 0.3877700 0.6790157
vn -0.6262633 0.3866355 0.6769839
vn -0.6293631 0.3854269 0.6747949
vn -0.6325956 0.3841987 0.6724687
vn -0.6355911 0.3830295 0.6703077
vn -0.6379432 0.3820324 0.6686402
vn -0.6395641 0.3813090 0.6675037
vn -0.6404551 0.3808819 0.6668930
vn -0.6406148 0.3807507 0.6668145
vn -0.6400498 0.3809170 0.6672619
vn -0.6387496 0.3813820 0.6682415
vn -0.6367062 0.3821467 0.6697530
vn -0.6339059 0.3832136 0.6717966
vn -0.6303429 0.3845836 0.6743613
vn -0.6259888 0.3862609 0.6774514
vn -0.6208286 0.3882447 0.6810565
vn -0.6148374 0.3905397 0.6851669
vn -0.6079893 0.3931484 0.6897705
vn -0.6002522 0.3960706 0.6948564
vn -0.5915949 0.3993105 0.7004046
vn -0.5819830 0.4028688 0.7063941
vn -0.5713785 0.4067451 0.7128008
vn -0.5597467 0.4109392 0.7195920
vn -0.5470478 0.4154498 0.7267325
vn -0.5332390 0.4202722 0.7341849
vn -0.5182868 0.4254026 0.7418971
vn -0.5021516 0.4308354 0.7498164
vn -0.4847993 0.4365579 0.7578831
vn -0.4662048 0.4425587 0.7660254
vn -0.4463398 0.4488206 0.7741710
vn -0.4251918 0.4553271 0.7822334
vn -0.4027552 0.4620526 0.7901238
vn -0.3790315 0.4689718 0.7977472
vn -0.3540393 0.4760521 0.8050034
vn -0.3278203 0.4832507 0.8117898
vn -0.3005073 0.4904040 0.8180460
vn -0.2730123 0.4973109 0.8234963
vn -0.2467528 0.5038141 0.8278191
vn -0.2224059 0.5097553 0.8310747
vn -0.2000501 0.5150796 0.8334704
vn -0.1797035 0.5198287 0.8351555
vn -0.1613670 0.5240407 0.8362667
vn -0.1450278 0.5277501 0.8369270
vn -0.1306666 0.5309867 0.8372451
vn -0.1182550 0.5337746 0.8373174
vn -0.1077643 0.5361333 0.8372263
vn -0.0991646 0.5380747 0.8370436
vn -0.0924241 0.5396083 0.8368278
vn -0.0875242 0.5407368 0.8366261
vn -0.0844328 0.5414525 0.8364809
vn -0.0831350 0.5417437 0.8364223
vn -0.0836160 0.5415933 0.8364718
vn -0.0858653 0.5409793 0.8366412
vn -0.0898796 0.5398710 0.8369354
vn -0.0956559 0.5382302 0.8373519
vn -0.1031979 0.5360139 0.8378779
vn -0.1125114 0.5331741 0.8384906
vn -0.1236317 0.5297333 0.8391054
vn -0.1360634 0.5258390 0.8396310
vn -0.1486466 0.5216687 0.8400988
vn -0.1607564 0.5173931 0.8405128
vn -0.1723978 0.5131093 0.8408316
vn -0.1835713 0.5088440 0.8410585
vn -0.1942691 0.5046154 0.8412032
vn -0.2044872 0.5004427 0.8412741
vn -0.2142276 0.4963435 0.8412786
vn -0.2234857 0.4923340 0.8412261
vn -0.2322654 0.4884303 0.8411234
vn -0.2405657 0.4846487 0.8409779
vn -0.2483921 0.4810007 0.8407970
vn -0.2557445 0.4775013 0.8405875
vn -0.2626276 0.4741611 0.8403559
vn -0.2690446 0.4709907 0.8401088
vn -0.2750016 0.4680027 0.8398498
vn -0.2804957 0.4652038 0.8395878
vn -0.2855382 0.4626036 0.8393246
vn -0.2901332 0.4602074 0.8390661
vn -0.2942805 0.4580244 0.8388162
vn -0.2979850 0.4560588 0.8385794
vn -0.3012516 0.4543171 0.8383576
vn -0.3040846 0.4528015 0.8381547
vn -0.3064840 0.4515178 0.8379733
vn -0.3084524 0.4504694 0.8378153
vn -0.3099956 0.4496543 0.8376836
vn -0.3111143 0.4490789 0.8375775
vn -0.3118067 0.4487432 0.8374999
vn -0.3120742 0.4486469 0.8374519
vn -0.3119192 0.4487906 0.8374326
vn -0.3113422 0.4491734 0.8374421
vn -0.3103419 0.4497917 0.8374816
vn -0.3089165 0.4506475 0.8375485
vn -0.3070633 0.4517367 0.8376432
vn -0.3047826 0.4530545 0.8377644
vn -0.3020659 0.4545803 0.8379218
vn -0.2989994 0.4562436 0.8381176
vn -0.2958174 0.4579495 0.8383164
vn -0.2926606 0.4596420 0.8384981
vn -0.2895338 0.4613017 0.8386721
vn -0.2864381 0.4629289 0.8388385
vn -0.2833716 0.4645227 0.8389989
vn -0.2803372 0.4660843 0.8391522
vn -0.2773310 0.4676148 0.8392996
vn -0.2743540 0.4691132 0.8394419
vn -0.2714085 0.4705801 0.8395783
vn -0.2684928 0.4720164 0.8397095
vn -0.2656068 0.4734228 0.8398356
vn -0.2627493 0.4747983 0.8399580
vn -0.2599225 0.4761438 0.8400758
vn -0.2571263 0.4774598 0.8401894
vn -0.2543590 0.4787473 0.8402991
vn -0.2516217 0.4800052 0.8404056
vn -0.2489145 0.4812348 0.8405086
vn -0.2462366 0.4824357 0.8406089
vn -0.2435885 0.4836091 0.8407062
vn -0.2409704 0.4847546 0.8408010
vn -0.2383820 0.4858727 0.8408934
vn -0.2358239 0.4869638 0.8409836
vn -0.2332945 0.4880288 0.8410717
vn -0.2307951 0.4890662 0.8411586
vn -0.2283272 0.4900783 0.8412431
vn -0.2258877 0.4910647 0.8413265
vn -0.2234785 0.4920246 0.8414090
vn -0.2210996 0.4929600 0.8414900
vn -0.2187508 0.4938709 0.8415698
vn -0.2164314 0.4947566 0.8416492
vn -0.2141426 0.4956176 0.8417280
vn -0.2118832 0.4964552 0.8418063
vn -0.2096552 0.4972687 0.8418839
vn -0.2074573 0.4980585 0.8419615
vn -0.2052899 0.4988254 0.8420387
vn -0.2031525 0.4995699 0.8421158
vn -0.2010454 0.5002907 0.8421935
vn -0.1989692 0.5009902 0.8422708
vn -0.1969239 0.5016671 0.8423486
vn -0.1949084 0.5023183 0.8424293
vn -0.1929238 0.5029346 0.8425184
vn -0.1909670 0.5035149 0.8426175
vn -0.1890353 0.5040684 0.8427222
vn -0.1871300 0.5046033 0.8428273
vn -0.1852514 0.5051201 0.8429328
vn -0.1834005 0.5056197 0.8430379
vn -0.1815778 0.5061022 0.8431430
vn -0.1797837 0.5065682 0.8432476
vn -0.1780192 0.5070182 0.8433515
vn -0.1762843 0.5074526 0.8434546
vn -0.1745796 0.5078725 0.8435564
vn -0.1729051 0.5082776 0.8436573
vn -0.1712620 0.5086690 0.8437566
vn -0.1696499 0.5090468 0.8438544
vn -0.1680698 0.5094113 0.8439506
vn -0.1665218 0.5097638 0.8440447
vn -0.1650056 0.5101036 0.8441371
vn -0.1635225 0.5104319 0.8442273
vn -0.1620716 0.5107491 0.8443152
vn -0.1606539 0.5110553 0.8444009
vn -0.1592695 0.5113508 0.8444842
vn -0.1579187 0.5116365 0.8445648
vn -0.1566013 0.5119118 0.8446433
vn -0.1553177 0.5121780 0.8447190
vn -0.1540676 0.5124350 0.8447920
vn -0.1528520 0.5126829 0.8448624
vn -0.1516706 0.5129223 0.8449300
vn -0.1505231 0.5131536 0.8449948
vn -0.1494099 0.5133766 0.8450569
vn -0.1483314 0.5135916 0.8451163
vn -0.1472871 0.5137991 0.8451728
vn -0.1462776 0.5139991 0.8452264
vn -0.1453015 0.5141917 0.8452777
vn -0.1443615 0.5143774 0.8453258
vn -0.1434556 0.5145560 0.8453713
vn -0.1425837 0.5147276 0.8454143
vn -0.1417466 0.5148926 0.8454546
vn -0.1409441 0.5150510 0.8454923
vn -0.1401767 0.5152025 0.8455275
vn -0.1394433 0.5153476 0.8455604
vn -0.1387442 0.5154861 0.8455910
vn -0.1380794 0.5156180 0.8456194
vn -0.1374493 0.5157435 0.8456455
vn -0.1368535 0.5158635 0.8456690
vn -0.1363018 0.5159827 0.8456853
vn -0.1358436 0.5161008 0.8456870
vn -0.1355449 0.5162018 0.8456732
vn -0.1354154 0.5162640 0.8456561
vn -0.1354526 0.5162822 0.8456390
vn -0.1356569 0.5162560 0.8456222
vn -0.1360271 0.5161845 0.8456064
vn -0.1365628 0.5160673 0.8455916
vn -0.1372645 0.5159039 0.8455777
vn -0.1381316 0.5156936 0.8455647
vn -0.1391650 0.5154351 0.8455529
vn -0.1403665 0.5151281 0.8455414
vn -0.1417362 0.5147721 0.8455297
vn -0.1432752 0.5143659 0.8455176
vn -0.1449853 0.5139091 0.8455038
vn -0.1468671 0.5134008 0.8454878
vn -0.1489232 0.5128394 0.8454689
vn -0.1511573 0.5122246 0.8454451
vn -0.1535706 0.5115553 0.8454154
vn -0.1561654 0.5108306 0.8453783
vn -0.1589453 0.5100494 0.8453319
vn -0.1619130 0.5092102 0.8452746
vn -0.1650729 0.5083124 0.8452038
vn -0.1684283 0.5073544 0.8451174
vn -0.1719834 0.5063348 0.8450129
vn -0.1757425 0.5052529 0.8448870
vn -0.1797107 0.5041074 0.8447365
vn -0.1838925 0.5028962 0.8445584
vn -0.1882933 0.5016181 0.8443488
vn -0.1929191 0.5002724 0.8441029
vn -0.1977753 0.4988561 0.8438172
vn -0.2028689 0.4973692 0.8434857
vn -0.2082029 0.4958095 0.8431041
vn -0.2137889 0.4941751 0.8426656
vn -0.2196327 0.4924652 0.8421636
vn -0.2257406 0.4906777 0.8415917
vn -0.2321190 0.4888113 0.8409425
vn -0.2387771 0.4868640 0.8402077
vn -0.2457251 0.4848366 0.8393763
vn -0.2529578 0.4827464 0.8384320
vn -0.2603461 0.4806311 0.8373850
vn -0.2676950 0.4785090 0.8362826
vn -0.2749293 0.4764104 0.8351329
vn -0.2820335 0.4743528 0.8339344
vn -0.2889869 0.4723425 0.8326939
vn -0.2957716 0.4703860 0.8314182
vn -0.3023692 0.4684891 0.8301150
vn -0.3087624 0.4666558 0.8287932
vn -0.3149353 0.4648928 0.8274603
vn -0.3208724 0.4632025 0.8261261
vn -0.3265618 0.4615907 0.8247978
vn -0.3319899 0.4600591 0.8234855
vn -0.3371476 0.4586108 0.8221969
vn -0.3420260 0.4572478 0.8209401
vn -0.3466152 0.4559722 0.8197239
vn -0.3509135 0.4547849 0.8185538
vn -0.3549154 0.4536851 0.8174380
vn -0.3586187 0.4526741 0.8163815
vn -0.3620198 0.4517505 0.8153914
vn -0.3651224 0.4509128 0.8144712
vn -0.3679278 0.4501590 0.8136252
vn -0.3704364 0.4494896 0.8128567
vn -0.3726550 0.4488999 0.8121681
vn -0.3745883 0.4483877 0.8115615
vn -0.3762425 0.4479506 0.8110375
vn -0.3776221 0.4475855 0.8105978
vn -0.3787378 0.4472891 0.8102408
vn -0.3795970 0.4470572 0.8099667
vn -0.3802074 0.4468876 0.8097739
vn -0.3805797 0.4467761 0.8096606
vn -0.3807232 0.4467194 0.8096244
vn -0.3806456 0.4467141 0.8096638
vn -0.3803611 0.4467561 0.8097743
vn -0.3798779 0.4468432 0.8099530
vn -0.3792034 0.4469706 0.8101988
vn -0.3783511 0.4471368 0.8105055
vn -0.3773304 0.4473368 0.8108708
vn -0.3761510 0.4475698 0.8112901
vn -0.3748232 0.4478308 0.8117605
vn -0.3733577 0.4481071 0.8122832
vn -0.3718267 0.4483365 0.8128587
vn -0.3703542 0.4485082 0.8134360
vn -0.3690004 0.4486658 0.8139642
vn -0.3677503 0.4488066 0.8144522
vn -0.3665896 0.4489300 0.8149073
vn -0.3655159 0.4490391 0.8153294
vn -0.3645150 0.4491351 0.8157245
vn -0.3635828 0.4492182 0.8160947
vn -0.3627105 0.4492894 0.8164436
vn -0.3618906 0.4493499 0.8167741
vn -0.3611211 0.4493984 0.8170879
vn -0.3603996 0.4494364 0.8173855
vn -0.3597209 0.4494652 0.8176686
vn -0.3590767 0.4494826 0.8179422
vn -0.3584685 0.4494903 0.8182046
vn -0.3578917 0.4494874 0.8184587
vn -0.3573447 0.4494721 0.8187061
vn -0.3568276 0.4494453 0.8189462
vn -0.3563359 0.4494051 0.8191824
vn -0.3558654 0.4493502 0.8194170
vn -0.3554199 0.4492788 0.8196495
vn -0.3549924 0.4491895 0.8198836
vn -0.3545845 0.4490782 0.8201211
vn -0.3541963 0.4489412 0.8203638
vn -0.3538239 0.4487743 0.8206158
vn -0.3534714 0.4485682 0.8208803
vn -0.3531316 0.4483168 0.8211639
vn -0.3528025 0.4480046 0.8214756
vn -0.3524903 0.4476118 0.8218238
vn -0.3521902 0.4471096 0.8222256
vn -0.3519054 0.4464500 0.8227059
vn -0.3516338 0.4455599 0.8233044
vn -0.3513767 0.4443018 0.8240937
vn -0.3511364 0.4423853 0.8252263
vn -0.3509141 0.4391785 0.8270318
vn -0.3507138 0.4327012 0.8305236
vn -0.3504958 0.4127095 0.8407280
vn 0.9344733 0.1610881 0.3175062
vn -0.7812521 -0.2432284 -0.5748783
vn -0.5005713 0.8030971 0.3232082
vn -0.5091484 0.7906316 0.3401022
vn -0.5119540 0.7863808 0.3456997
vn -0.5133508 0.7842087 0.3485508
vn -0.5142029 0.7828953 0.3502433
vn -0.5147832 0.7819972 0.3513952
vn -0.5152072 0.7813412 0.3522323
vn -0.5155361 0.7808347 0.3528736
vn -0.5158008 0.7804244 0.3533940
vn -0.5160209 0.7800830 0.3538262
vn -0.5162212 0.7797851 0.3541904
vn -0.5163950 0.7795224 0.3545153
vn -0.5165533 0.7792807 0.3548157
vn -0.5167128 0.7790545 0.3550801
vn -0.5168612 0.7788364 0.3553425
vn -0.5170077 0.7786238 0.3555954
vn -0.5171589 0.7784094 0.3558447
vn -0.5173174 0.7781875 0.3560996
vn -0.5174844 0.7779565 0.3563616
vn -0.5175850 0.7778448 0.3564592
vn -0.5176205 0.7778418 0.3564144
vn -0.5176488 0.7778405 0.3563761
vn -0.5176705 0.7778393 0.3563470
vn -0.5176920 0.7778382 0.3563181
vn -0.5177012 0.7778378 0.3563057
vn -0.5177059 0.7778401 0.3562939
vn -0.5176989 0.7778442 0.3562952
vn -0.5176820 0.7778504 0.3563062
vn -0.5176583 0.7778611 0.3563173
vn -0.5176195 0.7778740 0.3563455
vn -0.5175630 0.7778962 0.3563791
vn -0.5174929 0.7779255 0.3564169
vn -0.5174062 0.7779627 0.3564615
vn -0.5173064 0.7780118 0.3564994
vn -0.5171838 0.7780713 0.3565473
vn -0.5170501 0.7781429 0.3565849
vn -0.5169044 0.7782262 0.3566145
vn -0.5167371 0.7783253 0.3566406
vn -0.5165690 0.7784290 0.3566577
vn -0.5164587 0.7784964 0.3566704
vn -0.5164373 0.7785433 0.3565989
vn -0.5165174 0.7785528 0.3564623
vn -0.5167144 0.7785207 0.3562468
vn -0.5170101 0.7784501 0.3559720
vn -0.5174036 0.7783401 0.3556404
vn -0.5178957 0.7781939 0.3552439
vn -0.5184803 0.7780106 0.3547924
vn -0.5191660 0.7777871 0.3542795
vn -0.5199451 0.7775270 0.3537073
vn -0.5208144 0.7772301 0.3530803
vn -0.5217696 0.7768988 0.3523987
vn -0.5228221 0.7765287 0.3516537
vn -0.5239622 0.7761220 0.3508536
vn -0.5251883 0.7756785 0.3500002
vn -0.5265058 0.7751991 0.3490817
vn -0.5279120 0.7746821 0.3481044
vn -0.5294041 0.7741284 0.3470683
vn -0.5309854 0.7735365 0.3459708
vn -0.5326532 0.7729086 0.3448084
vn -0.5344118 0.7722418 0.3435792
vn -0.5362580 0.7715376 0.3422822
vn -0.5381906 0.7707949 0.3409194
vn -0.5402144 0.7700123 0.3394840
vn -0.5423330 0.7691894 0.3379683
vn -0.5445390 0.7683283 0.3363761
vn -0.5467984 0.7674399 0.3347349
vn -0.5489096 0.7665716 0.3332660
vn -0.5506010 0.7658269 0.3321862
vn -0.5517892 0.7652760 0.3314836
vn -0.5524639 0.7649326 0.3311522
vn -0.5526248 0.7647979 0.3311949
vn -0.5522750 0.7648722 0.3316065
vn -0.5514102 0.7651551 0.3323921
vn -0.5500244 0.7656481 0.3335508
vn -0.5481055 0.7663530 0.3350872
vn -0.5456475 0.7672715 0.3369916
vn -0.5426373 0.7684038 0.3392644
vn -0.5390579 0.7697525 0.3419030
vn -0.5348951 0.7713188 0.3448979
vn -0.5301251 0.7731056 0.3482458
vn -0.5247340 0.7751123 0.3519308
vn -0.5186922 0.7773424 0.3559453
vn -0.5119777 0.7797953 0.3602750
vn -0.5045623 0.7824722 0.3649028
vn -0.4964230 0.7853722 0.3698035
vn -0.4875311 0.7884953 0.3749515
vn -0.4778539 0.7918395 0.3803234
vn -0.4673677 0.7954005 0.3858827
vn -0.4560444 0.7991760 0.3915880
vn -0.4438600 0.8031567 0.3974010
vn -0.4307951 0.8073353 0.4032683
vn -0.4168304 0.8117013 0.4091373
vn -0.4019537 0.8162422 0.4149481
vn -0.3861606 0.8209412 0.4206371
vn -0.3694553 0.8257810 0.4261321
vn -0.3518460 0.8307391 0.4313664
vn -0.3333641 0.8357891 0.4362624
vn -0.3141115 0.8408610 0.4407797
vn -0.2947590 0.8458166 0.4446474
vn -0.2764438 0.8504563 0.4475521
vn -0.2597410 0.8546266 0.4496087
vn -0.2447154 0.8582989 0.4510403
vn -0.2313810 0.8615044 0.4519657
vn -0.2197334 0.8642721 0.4524941
vn -0.2097590 0.8666274 0.4527229
vn -0.2014424 0.8685917 0.4527356
vn -0.1947596 0.8701811 0.4526075
vn -0.1896883 0.8714085 0.4523999
vn -0.1862056 0.8722800 0.4521672
vn -0.1842884 0.8727984 0.4519521
vn -0.1839248 0.8729614 0.4517853
vn -0.1850925 0.8727594 0.4516988
vn -0.1877827 0.8721779 0.4517116
vn -0.1919895 0.8711976 0.4518349
vn -0.1977072 0.8697945 0.4520722
vn -0.2049390 0.8679373 0.4524210
vn -0.2136864 0.8655891 0.4528727
vn -0.2239585 0.8627063 0.4534098
vn -0.2357632 0.8592413 0.4540046
vn -0.2491205 0.8551652 0.4545673
vn -0.2635759 0.8505611 0.4550535
vn -0.2780633 0.8456598 0.4555660
vn -0.2919972 0.8406763 0.4560713
vn -0.3053825 0.8356890 0.4564705
vn -0.3182192 0.8307240 0.4567649
vn -0.3305003 0.8258039 0.4569654
vn -0.3422179 0.8209524 0.4570821
vn -0.3533762 0.8161882 0.4571237
vn -0.3639711 0.8115323 0.4570999
vn -0.3740059 0.8070030 0.4570184
vn -0.3834815 0.8026170 0.4568894
vn -0.3924003 0.7983909 0.4567209
vn -0.4007661 0.7943401 0.4565198
vn -0.4085835 0.7904781 0.4562937
vn -0.4158582 0.7868164 0.4560503
vn -0.4225933 0.7833688 0.4557940
vn -0.4287892 0.7801459 0.4555351
vn -0.4344545 0.7771566 0.4552767
vn -0.4395983 0.7744080 0.4550227
vn -0.4442220 0.7719087 0.4547787
vn -0.4483269 0.7696666 0.4545507
vn -0.4519221 0.7676851 0.4543412
vn -0.4550068 0.7659716 0.4541545
vn -0.4575902 0.7645279 0.4539915
vn -0.4596648 0.7633614 0.4538587
vn -0.4612464 0.7624688 0.4537544
vn -0.4623311 0.7618559 0.4536800
vn -0.4629181 0.7615237 0.4536391
vn -0.4630093 0.7614716 0.4536335
vn -0.4626063 0.7617001 0.4536611
vn -0.4617081 0.7622080 0.4537231
vn -0.4603174 0.7629921 0.4538181
vn -0.4584312 0.7640516 0.4539450
vn -0.4560422 0.7653850 0.4541049
vn -0.4531550 0.7669854 0.4542949
vn -0.4497666 0.7688396 0.4545279
vn -0.4459688 0.7708865 0.4548031
vn -0.4420102 0.7730112 0.4550612
vn -0.4380440 0.7751335 0.4552861
vn -0.4340787 0.7772342 0.4555027
vn -0.4301152 0.7793125 0.4557115
vn -0.4261515 0.7813684 0.4559149
vn -0.4221893 0.7834022 0.4561110
vn -0.4182259 0.7854149 0.4563009
vn -0.4142608 0.7874057 0.4564869
vn -0.4102974 0.7893742 0.4566667
vn -0.4063327 0.7913215 0.4568414
vn -0.4023658 0.7932480 0.4570114
vn -0.3983980 0.7951526 0.4571777
vn -0.3944288 0.7970360 0.4573397
vn -0.3904596 0.7988977 0.4574972
vn -0.3864856 0.8007393 0.4576521
vn -0.3825107 0.8025591 0.4578039
vn -0.3785335 0.8043583 0.4579521
vn -0.3745543 0.8061360 0.4580981
vn -0.3705714 0.8078932 0.4582417
vn -0.3665851 0.8096296 0.4583833
vn -0.3625961 0.8113449 0.4585232
vn -0.3586038 0.8130391 0.4586619
vn -0.3546065 0.8147134 0.4587988
vn -0.3506053 0.8163662 0.4589359
vn -0.3466015 0.8179983 0.4590709
vn -0.3425916 0.8196099 0.4592065
vn -0.3385780 0.8212003 0.4593419
vn -0.3345600 0.8227700 0.4594770
vn -0.3305357 0.8243191 0.4596131
vn -0.3265056 0.8258474 0.4597500
vn -0.3224716 0.8273546 0.4598874
vn -0.3184317 0.8288407 0.4600265
vn -0.3143846 0.8303060 0.4601676
vn -0.3103332 0.8317502 0.4603096
vn -0.3062751 0.8331733 0.4604539
vn -0.3022103 0.8345752 0.4606008
vn -0.2981382 0.8359559 0.4607509
vn -0.2940598 0.8373154 0.4609032
vn -0.2899741 0.8386531 0.4610596
vn -0.2858823 0.8399652 0.4612264
vn -0.2818091 0.8412381 0.4614132
vn -0.2778094 0.8424595 0.4616102
vn -0.2739169 0.8436250 0.4618077
vn -0.2701370 0.8447364 0.4620026
vn -0.2664684 0.8457954 0.4621955
vn -0.2629138 0.8468035 0.4623853
vn -0.2594747 0.8477620 0.4625716
vn -0.2561519 0.8486724 0.4627541
vn -0.2529472 0.8495362 0.4629319
vn -0.2498608 0.8503547 0.4631053
vn -0.2468942 0.8511293 0.4632734
vn -0.2440473 0.8518612 0.4634365
vn -0.2413221 0.8525520 0.4635933
vn -0.2387180 0.8532026 0.4637446
vn -0.2362371 0.8538139 0.4638899
vn -0.2338800 0.8543876 0.4640280
vn -0.2316450 0.8549245 0.4641603
vn -0.2295347 0.8554254 0.4642857
vn -0.2275477 0.8558918 0.4644042
vn -0.2256855 0.8563239 0.4645163
vn -0.2239484 0.8567229 0.4646214
vn -0.2223359 0.8570897 0.4647194
vn -0.2208493 0.8574243 0.4648109
vn -0.2194872 0.8577282 0.4648954
vn -0.2182489 0.8580016 0.4649738
vn -0.2171373 0.8582447 0.4650456
vn -0.2161505 0.8584585 0.4651108
vn -0.2152876 0.8586431 0.4651702
vn -0.2145493 0.8587990 0.4652235
vn -0.2139369 0.8589260 0.4652711
vn -0.2134476 0.8590248 0.4653134
vn -0.2130822 0.8590953 0.4653506
vn -0.2128395 0.8591377 0.4653835
vn -0.2127203 0.8591519 0.4654118
vn -0.2127246 0.8591379 0.4654356
vn -0.2128502 0.8590956 0.4654563
vn -0.2130969 0.8590249 0.4654739
vn -0.2134643 0.8589255 0.4654889
vn -0.2139528 0.8587970 0.4655018
vn -0.2145614 0.8586393 0.4655127
vn -0.2152885 0.8584519 0.4655225
vn -0.2161330 0.8582345 0.4655321
vn -0.2170944 0.8579866 0.4655417
vn -0.2181736 0.8577096 0.4655476
vn -0.2193612 0.8574136 0.4655348
vn -0.2206173 0.8571096 0.4655010
vn -0.2219187 0.8567974 0.4654572
vn -0.2232584 0.8564723 0.4654148
vn -0.2246388 0.8561329 0.4653750
vn -0.2260604 0.8557788 0.4653378
vn -0.2275240 0.8554101 0.4653026
vn -0.2290303 0.8550263 0.4652689
vn -0.2305798 0.8546272 0.4652368
vn -0.2321737 0.8542127 0.4652053
vn -0.2338124 0.8537824 0.4651747
vn -0.2354999 0.8533355 0.4651434
vn -0.2372343 0.8528723 0.4651114
vn -0.2390188 0.8523920 0.4650783
vn -0.2408533 0.8518948 0.4650429
vn -0.2427389 0.8513803 0.4650047
vn -0.2446784 0.8508473 0.4649639
vn -0.2466738 0.8502959 0.4649181
vn -0.2487262 0.8497257 0.4648671
vn -0.2508357 0.8491366 0.4648102
vn -0.2530078 0.8485274 0.4647454
vn -0.2552397 0.8478982 0.4646734
vn -0.2575363 0.8472484 0.4645915
vn -0.2599000 0.8465772 0.4644987
vn -0.2623318 0.8458843 0.4643940
vn -0.2648341 0.8451694 0.4642753
vn -0.2674094 0.8444317 0.4641416
vn -0.2700604 0.8436704 0.4639910
vn -0.2727899 0.8428851 0.4638215
vn -0.2756005 0.8420755 0.4636305
vn -0.2784940 0.8412403 0.4634175
vn -0.2814757 0.8403799 0.4631771
vn -0.2845434 0.8394933 0.4629105
vn -0.2877042 0.8385795 0.4626129
vn -0.2909629 0.8376380 0.4622804
vn -0.2943200 0.8366685 0.4619108
vn -0.2977773 0.8356706 0.4615013
vn -0.3013405 0.8346434 0.4610470
vn -0.3050127 0.8335865 0.4605441
vn -0.3087881 0.8325028 0.4599881
vn -0.3125941 0.8314116 0.4593907
vn -0.3163126 0.8303336 0.4587946
vn -0.3198949 0.8292894 0.4581990
vn -0.3233338 0.8282878 0.4575965
vn -0.3266171 0.8273322 0.4569931
vn -0.3297353 0.8264256 0.4563939
vn -0.3326804 0.8255703 0.4558040
vn -0.3354448 0.8247685 0.4552293
vn -0.3380223 0.8240222 0.4546740
vn -0.3404057 0.8233325 0.4541448
vn -0.3425926 0.8227009 0.4536448
vn -0.3445762 0.8221284 0.4531800
vn -0.3463550 0.8216148 0.4527552
vn -0.3479314 0.8211604 0.4523708
vn -0.3492983 0.8207647 0.4520354
vn -0.3504607 0.8204269 0.4517488
vn -0.3514186 0.8201462 0.4515143
vn -0.3521761 0.8199211 0.4513328
vn -0.3527336 0.8197501 0.4512082
vn -0.3530951 0.8196314 0.4511410
vn -0.3532699 0.8195623 0.4511297
vn -0.3532579 0.8195421 0.4511758
vn -0.3530660 0.8195671 0.4512805
vn -0.3527032 0.8196353 0.4514403
vn -0.3521751 0.8197444 0.4516546
vn -0.3514872 0.8198913 0.4519236
vn -0.3506463 0.8200743 0.4522447
vn -0.3496639 0.8202898 0.4526144
vn -0.3485430 0.8205354 0.4530336
vn -0.3472948 0.8208093 0.4534958
vn -0.3459272 0.8211081 0.4539998
vn -0.3444429 0.8214302 0.4545454
vn -0.3428555 0.8217725 0.4551265
vn -0.3411709 0.8221333 0.4557404
vn -0.3393946 0.8225100 0.4563865
vn -0.3375342 0.8229010 0.4570609
vn -0.3355989 0.8233045 0.4577588
vn -0.3335944 0.8237179 0.4584797
vn -0.3315265 0.8241402 0.4592201
vn -0.3294076 0.8245653 0.4599811
vn -0.3273034 0.8249535 0.4607866
vn -0.3253175 0.8252915 0.4615870
vn -0.3234898 0.8256005 0.4623182
vn -0.3218051 0.8258805 0.4629934
vn -0.3202428 0.8261338 0.4636244
vn -0.3187960 0.8263633 0.4642120
vn -0.3174498 0.8265718 0.4647630
vn -0.3161946 0.8267607 0.4652824
vn -0.3150238 0.8269328 0.4657705
vn -0.3139240 0.8270895 0.4662345
vn -0.3128932 0.8272304 0.4666773
vn -0.3119276 0.8273577 0.4670978
vn -0.3110193 0.8274722 0.4675005
vn -0.3101605 0.8275743 0.4678901
vn -0.3093509 0.8276646 0.4682664
vn -0.3085849 0.8277431 0.4686328
vn -0.3078624 0.8278098 0.4689900
vn -0.3071790 0.8278655 0.4693398
vn -0.3065341 0.8279083 0.4696857
vn -0.3059197 0.8279386 0.4700327
vn -0.3053404 0.8279558 0.4703790
vn -0.3047922 0.8279589 0.4707290
vn -0.3042691 0.8279458 0.4710903
vn -0.3037792 0.8279147 0.4714609
vn -0.3033176 0.8278620 0.4718505
vn -0.3028873 0.8277829 0.4722656
vn -0.3024857 0.8276738 0.4727139
vn -0.3021107 0.8275251 0.4732139
vn -0.3017699 0.8273255 0.4737799
vn -0.3014711 0.8270564 0.4744395
vn -0.3012185 0.8266887 0.4752401
vn -0.3010344 0.8261761 0.4762472
vn -0.3009362 0.8254350 0.4775924
vn -0.3009907 0.8242824 0.4795446
vn -0.3013257 0.8223272 0.4826809
vn -0.3023287 0.8183253 0.4888160
vn -0.3059737 0.8057482 0.5070995
vn 0.9349315 0.1629640 0.3151917
vn -0.7788826 -0.2403848 -0.5792729
vn -0.2421253 0.9656037 -0.0947885
vn -0.2551990 0.9638709 -0.0763304
vn -0.2594660 0.9632034 -0.0701183
vn -0.2615579 0.9628649 -0.0669230
vn -0.2627772 0.9626665 -0.0649721
vn -0.2635633 0.9625425 -0.0636101
vn -0.2640962 0.9624633 -0.0625900
vn -0.2644647 0.9624151 -0.0617704
vn -0.2647257 0.9623871 -0.0610853
vn -0.2649026 0.9623765 -0.0604817
vn -0.2650203 0.9623783 -0.0599349
vn -0.2650834 0.9623929 -0.0594199
vn -0.2650999 0.9624193 -0.0589171
vn -0.2650808 0.9624545 -0.0584249
vn -0.2650185 0.9625023 -0.0579175
vn -0.2649106 0.9625638 -0.0573875
vn -0.2647616 0.9626382 -0.0568239
vn -0.2645627 0.9627288 -0.0562121
vn -0.2643092 0.9628381 -0.0555296
vn -0.2639085 0.9629789 -0.0549911
vn -0.2634407 0.9631265 -0.0546474
vn -0.2630620 0.9632451 -0.0543801
vn -0.2627916 0.9633296 -0.0541904
vn -0.2626433 0.9633754 -0.0540955
vn -0.2626290 0.9633790 -0.0541008
vn -0.2627602 0.9633369 -0.0542131
vn -0.2630491 0.9632449 -0.0544470
vn -0.2635060 0.9630995 -0.0548086
vn -0.2641375 0.9628982 -0.0553039
vn -0.2649522 0.9626375 -0.0559413
vn -0.2659429 0.9623190 -0.0567137
vn -0.2671154 0.9619400 -0.0576259
vn -0.2684668 0.9615001 -0.0586774
vn -0.2699874 0.9610010 -0.0598653
vn -0.2716619 0.9604470 -0.0611670
vn -0.2734768 0.9598408 -0.0625785
vn -0.2754234 0.9591838 -0.0640960
vn -0.2774635 0.9584875 -0.0656944
vn -0.2795538 0.9577653 -0.0673444
vn -0.2816456 0.9570400 -0.0689219
vn -0.2836586 0.9563356 -0.0704279
vn -0.2855846 0.9556563 -0.0718502
vn -0.2874419 0.9549958 -0.0732125
vn -0.2892244 0.9543570 -0.0745113
vn -0.2909355 0.9537396 -0.0757447
vn -0.2925786 0.9531424 -0.0769246
vn -0.2941540 0.9525659 -0.0780488
vn -0.2956694 0.9520077 -0.0791258
vn -0.2971264 0.9514674 -0.0801606
vn -0.2985236 0.9509461 -0.0811495
vn -0.2998619 0.9504438 -0.0820942
vn -0.3011491 0.9499576 -0.0830052
vn -0.3023858 0.9494876 -0.0838817
vn -0.3035697 0.9490352 -0.0847206
vn -0.3047051 0.9485988 -0.0855279
vn -0.3057950 0.9481773 -0.0863085
vn -0.3068373 0.9477720 -0.0870575
vn -0.3078367 0.9473813 -0.0877801
vn -0.3087916 0.9470057 -0.0884754
vn -0.3097051 0.9466444 -0.0891468
vn -0.3105781 0.9462971 -0.0897948
vn -0.3114101 0.9459641 -0.0904193
vn -0.3122035 0.9456449 -0.0910206
vn -0.3129608 0.9453380 -0.0916058
vn -0.3136839 0.9450441 -0.0921631
vn -0.3143943 0.9447600 -0.0926539
vn -0.3150969 0.9444902 -0.0930173
vn -0.3157053 0.9442667 -0.0932233
vn -0.3161655 0.9441045 -0.0933061
vn -0.3164684 0.9440062 -0.0932743
vn -0.3166114 0.9439728 -0.0931273
vn -0.3165967 0.9440037 -0.0928629
vn -0.3164253 0.9440983 -0.0924853
vn -0.3160926 0.9442583 -0.0919880
vn -0.3155953 0.9444843 -0.0913735
vn -0.3149298 0.9447770 -0.0906399
vn -0.3140942 0.9451363 -0.0897893
vn -0.3130834 0.9455631 -0.0888211
vn -0.3118900 0.9460583 -0.0877398
vn -0.3105081 0.9466230 -0.0865423
vn -0.3089318 0.9472573 -0.0852338
vn -0.3071528 0.9479618 -0.0838186
vn -0.3051621 0.9487376 -0.0822991
vn -0.3029513 0.9495846 -0.0806816
vn -0.3005118 0.9505032 -0.0789705
vn -0.2978331 0.9514931 -0.0771778
vn -0.2949046 0.9525544 -0.0753083
vn -0.2917173 0.9536862 -0.0733737
vn -0.2882615 0.9548868 -0.0713901
vn -0.2845276 0.9561550 -0.0693658
vn -0.2805088 0.9574875 -0.0673234
vn -0.2761964 0.9588817 -0.0652792
vn -0.2715862 0.9603332 -0.0632536
vn -0.2666736 0.9618376 -0.0612667
vn -0.2614595 0.9633882 -0.0593479
vn -0.2559473 0.9649780 -0.0575188
vn -0.2501435 0.9665990 -0.0558090
vn -0.2440728 0.9682364 -0.0542837
vn -0.2379920 0.9698121 -0.0531446
vn -0.2324692 0.9711841 -0.0525308
vn -0.2278359 0.9722943 -0.0522938
vn -0.2241244 0.9731575 -0.0522760
vn -0.2213361 0.9737876 -0.0524209
vn -0.2194653 0.9741973 -0.0526746
vn -0.2184996 0.9743970 -0.0529948
vn -0.2184280 0.9743941 -0.0533414
vn -0.2192398 0.9741930 -0.0536839
vn -0.2209224 0.9737954 -0.0539982
vn -0.2234656 0.9732003 -0.0542622
vn -0.2268592 0.9724037 -0.0544604
vn -0.2311046 0.9713962 -0.0545899
vn -0.2361891 0.9701700 -0.0546343
vn -0.2421151 0.9687103 -0.0545943
vn -0.2488834 0.9670006 -0.0544701
vn -0.2564988 0.9650198 -0.0542695
vn -0.2649635 0.9627452 -0.0540009
vn -0.2742864 0.9601489 -0.0536765
vn -0.2844746 0.9571999 -0.0533158
vn -0.2955392 0.9538626 -0.0529415
vn -0.3074813 0.9500999 -0.0525870
vn -0.3200281 0.9459678 -0.0522201
vn -0.3325134 0.9416775 -0.0517525
vn -0.3445311 0.9373741 -0.0512651
vn -0.3560696 0.9330740 -0.0508655
vn -0.3671300 0.9287948 -0.0505546
vn -0.3777037 0.9245580 -0.0503237
vn -0.3877867 0.9203831 -0.0501638
vn -0.3973793 0.9162876 -0.0500678
vn -0.4064829 0.9122877 -0.0500270
vn -0.4150928 0.9084022 -0.0500338
vn -0.4232172 0.9046429 -0.0500833
vn -0.4308555 0.9010255 -0.0501652
vn -0.4380109 0.8975627 -0.0502760
vn -0.4446862 0.8942671 -0.0504048
vn -0.4508888 0.8911476 -0.0505502
vn -0.4566170 0.8882172 -0.0507060
vn -0.4618772 0.8854842 -0.0508636
vn -0.4666727 0.8829572 -0.0510210
vn -0.4710119 0.8806413 -0.0511729
vn -0.4748954 0.8785449 -0.0513157
vn -0.4783260 0.8766742 -0.0514444
vn -0.4813112 0.8750321 -0.0515587
vn -0.4838502 0.8736253 -0.0516516
vn -0.4859477 0.8724560 -0.0517237
vn -0.4876047 0.8715282 -0.0517719
vn -0.4888257 0.8708427 -0.0517922
vn -0.4896133 0.8704004 -0.0517874
vn -0.4899628 0.8702058 -0.0517528
vn -0.4898811 0.8702556 -0.0516890
vn -0.4893658 0.8705509 -0.0515972
vn -0.4884155 0.8710916 -0.0514742
vn -0.4870310 0.8718756 -0.0513209
vn -0.4852143 0.8728983 -0.0511426
vn -0.4829575 0.8741612 -0.0509346
vn -0.4802611 0.8756591 -0.0507001
vn -0.4771287 0.8773851 -0.0504345
vn -0.4736312 0.8792943 -0.0501506
vn -0.4699592 0.8812764 -0.0499023
vn -0.4662435 0.8832597 -0.0496921
vn -0.4625000 0.8852370 -0.0494889
vn -0.4587280 0.8872085 -0.0492914
vn -0.4549265 0.8891745 -0.0490977
vn -0.4510959 0.8911344 -0.0489090
vn -0.4472338 0.8930889 -0.0487244
vn -0.4433408 0.8950377 -0.0485428
vn -0.4394188 0.8969793 -0.0483659
vn -0.4354659 0.8989143 -0.0481926
vn -0.4314790 0.9008439 -0.0480217
vn -0.4274609 0.9027664 -0.0478532
vn -0.4234106 0.9046819 -0.0476885
vn -0.4193285 0.9065897 -0.0475264
vn -0.4152123 0.9084906 -0.0473660
vn -0.4110623 0.9103841 -0.0472072
vn -0.4068792 0.9122695 -0.0470505
vn -0.4026610 0.9141471 -0.0468951
vn -0.3984090 0.9160161 -0.0467415
vn -0.3941205 0.9178772 -0.0465881
vn -0.3897974 0.9197292 -0.0464354
vn -0.3854394 0.9215717 -0.0462836
vn -0.3810428 0.9234058 -0.0461316
vn -0.3766101 0.9252301 -0.0459784
vn -0.3721412 0.9270442 -0.0458262
vn -0.3676338 0.9288484 -0.0456722
vn -0.3630885 0.9306422 -0.0455170
vn -0.3585063 0.9324246 -0.0453612
vn -0.3538836 0.9341965 -0.0452032
vn -0.3492217 0.9359569 -0.0450424
vn -0.3445205 0.9377054 -0.0448792
vn -0.3397803 0.9394413 -0.0447143
vn -0.3349984 0.9411651 -0.0445454
vn -0.3301759 0.9428759 -0.0443731
vn -0.3253130 0.9445730 -0.0441972
vn -0.3204081 0.9462564 -0.0440172
vn -0.3154612 0.9479256 -0.0438319
vn -0.3104716 0.9495803 -0.0436424
vn -0.3054393 0.9512199 -0.0434464
vn -0.3003668 0.9528434 -0.0432349
vn -0.2952966 0.9544374 -0.0430021
vn -0.2903238 0.9559723 -0.0427669
vn -0.2855095 0.9574313 -0.0425401
vn -0.2808635 0.9588143 -0.0423194
vn -0.2763842 0.9601246 -0.0421022
vn -0.2720745 0.9613640 -0.0418903
vn -0.2679359 0.9625346 -0.0416843
vn -0.2639707 0.9636382 -0.0414845
vn -0.2601804 0.9646767 -0.0412922
vn -0.2565659 0.9656522 -0.0411069
vn -0.2531287 0.9665664 -0.0409301
vn -0.2498690 0.9674213 -0.0407605
vn -0.2467878 0.9682187 -0.0406000
vn -0.2438866 0.9689599 -0.0404480
vn -0.2411661 0.9696465 -0.0403050
vn -0.2386278 0.9702798 -0.0401722
vn -0.2362695 0.9708620 -0.0400476
vn -0.2340942 0.9713934 -0.0399332
vn -0.2321012 0.9718759 -0.0398281
vn -0.2302901 0.9723106 -0.0397320
vn -0.2286630 0.9726980 -0.0396460
vn -0.2272182 0.9730397 -0.0395692
vn -0.2259572 0.9733360 -0.0395015
vn -0.2248791 0.9735880 -0.0394432
vn -0.2239826 0.9737967 -0.0393930
vn -0.2232694 0.9739621 -0.0393514
vn -0.2227394 0.9740848 -0.0393183
vn -0.2223901 0.9741657 -0.0392931
vn -0.2222224 0.9742046 -0.0392748
vn -0.2222370 0.9742018 -0.0392637
vn -0.2224323 0.9741574 -0.0392595
vn -0.2228064 0.9740718 -0.0392607
vn -0.2233602 0.9739447 -0.0392672
vn -0.2240928 0.9737759 -0.0392791
vn -0.2250031 0.9735654 -0.0392943
vn -0.2260901 0.9733128 -0.0393132
vn -0.2273535 0.9730175 -0.0393353
vn -0.2287917 0.9726794 -0.0393591
vn -0.2304030 0.9722980 -0.0393835
vn -0.2321884 0.9718721 -0.0394091
vn -0.2341448 0.9714016 -0.0394339
vn -0.2362713 0.9708857 -0.0394575
vn -0.2385654 0.9703237 -0.0394786
vn -0.2410283 0.9697138 -0.0395031
vn -0.2436336 0.9690605 -0.0395530
vn -0.2462611 0.9683936 -0.0396152
vn -0.2488109 0.9677393 -0.0396702
vn -0.2512591 0.9671046 -0.0397171
vn -0.2536098 0.9664891 -0.0397595
vn -0.2558662 0.9658926 -0.0397986
vn -0.2580271 0.9653161 -0.0398341
vn -0.2600969 0.9647591 -0.0398685
vn -0.2620774 0.9642216 -0.0399024
vn -0.2639677 0.9637044 -0.0399352
vn -0.2657691 0.9632079 -0.0399675
vn -0.2674866 0.9627309 -0.0400015
vn -0.2691185 0.9622745 -0.0400370
vn -0.2706661 0.9618388 -0.0400738
vn -0.2721307 0.9614239 -0.0401133
vn -0.2735109 0.9610304 -0.0401548
vn -0.2748103 0.9606578 -0.0401984
vn -0.2760285 0.9603065 -0.0402455
vn -0.2771659 0.9599767 -0.0402957
vn -0.2782219 0.9596690 -0.0403487
vn -0.2791976 0.9593832 -0.0404048
vn -0.2800929 0.9591197 -0.0404641
vn -0.2809066 0.9588791 -0.0405264
vn -0.2816404 0.9586611 -0.0405913
vn -0.2822921 0.9584665 -0.0406583
vn -0.2828621 0.9582955 -0.0407281
vn -0.2833512 0.9581479 -0.0407998
vn -0.2837559 0.9580251 -0.0408719
vn -0.2840775 0.9579266 -0.0409451
vn -0.2843145 0.9578532 -0.0410189
vn -0.2844651 0.9578054 -0.0410910
vn -0.2845292 0.9577832 -0.0411631
vn -0.2845040 0.9577878 -0.0412318
vn -0.2843889 0.9578192 -0.0412964
vn -0.2841833 0.9578776 -0.0413570
vn -0.2838851 0.9579637 -0.0414110
vn -0.2834888 0.9580790 -0.0414564
vn -0.2829962 0.9582231 -0.0414929
vn -0.2824063 0.9583961 -0.0415166
vn -0.2817145 0.9586000 -0.0415097
vn -0.2809264 0.9588329 -0.0414719
vn -0.2800289 0.9590990 -0.0413876
vn -0.2790088 0.9594018 -0.0412592
vn -0.2778691 0.9597395 -0.0410944
vn -0.2766129 0.9601111 -0.0408907
vn -0.2752401 0.9605159 -0.0406458
vn -0.2737563 0.9609520 -0.0403588
vn -0.2721621 0.9614186 -0.0400265
vn -0.2704650 0.9619129 -0.0396521
vn -0.2686685 0.9624334 -0.0392319
vn -0.2667788 0.9629777 -0.0387694
vn -0.2647991 0.9635442 -0.0382612
vn -0.2627345 0.9641310 -0.0377098
vn -0.2605962 0.9647341 -0.0371186
vn -0.2583858 0.9653525 -0.0364866
vn -0.2561110 0.9659836 -0.0358173
vn -0.2537791 0.9666247 -0.0351118
vn -0.2513959 0.9672738 -0.0343740
vn -0.2489677 0.9679286 -0.0336052
vn -0.2465009 0.9685871 -0.0328086
vn -0.2440032 0.9692467 -0.0319880
vn -0.2414803 0.9699057 -0.0311472
vn -0.2389356 0.9705630 -0.0302849
vn -0.2363779 0.9712160 -0.0294094
vn -0.2338127 0.9718632 -0.0285213
vn -0.2312455 0.9725032 -0.0276246
vn -0.2286760 0.9731358 -0.0267195
vn -0.2261158 0.9737584 -0.0258115
vn -0.2235682 0.9743701 -0.0249041
vn -0.2210332 0.9749710 -0.0239965
vn -0.2185205 0.9755590 -0.0230944
vn -0.2160287 0.9761347 -0.0221977
vn -0.2135621 0.9766971 -0.0213081
vn -0.2111274 0.9772450 -0.0204317
vn -0.2087243 0.9777788 -0.0195659
vn -0.2063541 0.9782984 -0.0187135
vn -0.2040198 0.9788036 -0.0178746
vn -0.2017271 0.9792933 -0.0170543
vn -0.1994713 0.9797689 -0.0162480
vn -0.1972612 0.9802291 -0.0154596
vn -0.1951414 0.9806656 -0.0146545
vn -0.1931690 0.9810676 -0.0138585
vn -0.1913516 0.9814338 -0.0131273
vn -0.1896778 0.9817674 -0.0124511
vn -0.1881292 0.9820732 -0.0118190
vn -0.1866935 0.9823541 -0.0112278
vn -0.1853593 0.9826129 -0.0106734
vn -0.1841168 0.9828520 -0.0101500
vn -0.1829583 0.9830733 -0.0096557
vn -0.1818712 0.9832795 -0.0091839
vn -0.1808527 0.9834714 -0.0087328
vn -0.1798993 0.9836500 -0.0083046
vn -0.1790057 0.9838164 -0.0078932
vn -0.1781606 0.9839729 -0.0074926
vn -0.1773666 0.9841192 -0.0071060
vn -0.1766153 0.9842570 -0.0067258
vn -0.1759085 0.9843860 -0.0063548
vn -0.1752432 0.9845070 -0.0059909
vn -0.1746164 0.9846205 -0.0056278
vn -0.1740232 0.9847275 -0.0052641
vn -0.1734641 0.9848280 -0.0048963
vn -0.1729407 0.9849218 -0.0045242
vn -0.1724447 0.9850105 -0.0041372
vn -0.1719826 0.9850929 -0.0037348
vn -0.1715565 0.9851687 -0.0033132
vn -0.1711644 0.9852383 -0.0028574
vn -0.1708092 0.9853013 -0.0023648
vn -0.1704893 0.9853579 -0.0018097
vn -0.1702134 0.9854065 -0.0011751
vn -0.1699950 0.9854448 -0.0004306
vn -0.1698438 0.9854709 0.0004809
vn -0.1697978 0.9854776 0.0016316
vn -0.1698940 0.9854572 0.0031767
vn -0.1702324 0.9853889 0.0054402
vn -0.1710393 0.9852223 0.0090882
vn -0.1729958 0.9847884 0.0162564
vn -0.1795486 0.9830241 0.0377607
vn 0.9350018 0.1667860 0.3129760
vn -0.7734350 -0.2299269 -0.5907046
vn 0.0811931 0.8694119 -0.4873712
vn 0.0671078 0.8788805 -0.4722981
vn 0.0625190 0.8819737 -0.4671335
vn 0.0603036 0.8835427 -0.4644521
vn 0.0590448 0.8845121 -0.4627657
vn 0.0582644 0.8851927 -0.4615616
vn 0.0577662 0.8857108 -0.4606295
vn 0.0574546 0.8861330 -0.4598557
vn 0.0572689 0.8864937 -0.4591831
vn 0.0571838 0.8868169 -0.4585693
vn 0.0571779 0.8871184 -0.4579865
vn 0.0572398 0.8874060 -0.4574213
vn 0.0573705 0.8876939 -0.4568458
vn 0.0575609 0.8879838 -0.4562582
vn 0.0578155 0.8882854 -0.4556385
vn 0.0581445 0.8886056 -0.4549718
vn 0.0585518 0.8889530 -0.4542403
vn 0.0590487 0.8893335 -0.4534305
vn 0.0596503 0.8897637 -0.4525068
vn 0.0604436 0.8901336 -0.4516734
vn 0.0612904 0.8903958 -0.4510419
vn 0.0619816 0.8905986 -0.4505468
vn 0.0624822 0.8907401 -0.4501978
vn 0.0627685 0.8908108 -0.4500179
vn 0.0628189 0.8908068 -0.4500189
vn 0.0626083 0.8907197 -0.4502206
vn 0.0621162 0.8905396 -0.4506448
vn 0.0613269 0.8902646 -0.4512959
vn 0.0602291 0.8898878 -0.4521860
vn 0.0588028 0.8894014 -0.4533292
vn 0.0570488 0.8888033 -0.4547242
vn 0.0549669 0.8880937 -0.4563641
vn 0.0525643 0.8872704 -0.4582448
vn 0.0498513 0.8863327 -0.4603577
vn 0.0468480 0.8852891 -0.4626753
vn 0.0435834 0.8841447 -0.4651760
vn 0.0400826 0.8829046 -0.4678385
vn 0.0363912 0.8815747 -0.4706398
vn 0.0326009 0.8801845 -0.4735108
vn 0.0288595 0.8788445 -0.4762346
vn 0.0253356 0.8775883 -0.4787452
vn 0.0220592 0.8764130 -0.4810547
vn 0.0190225 0.8753141 -0.4831804
vn 0.0162157 0.8742895 -0.4851340
vn 0.0136307 0.8733402 -0.4869199
vn 0.0112635 0.8724628 -0.4885508
vn 0.0091065 0.8716570 -0.4900319
vn 0.0071546 0.8709221 -0.4913691
vn 0.0053983 0.8702547 -0.4925724
vn 0.0038356 0.8696566 -0.4936422
vn 0.0024618 0.8691238 -0.4945885
vn 0.0012727 0.8686604 -0.4954064
vn 0.0002628 0.8682599 -0.4961096
vn -0.0005706 0.8679253 -0.4966945
vn -0.0012314 0.8676544 -0.4971664
vn -0.0017225 0.8674470 -0.4975266
vn -0.0020456 0.8673036 -0.4977753
vn -0.0022042 0.8672228 -0.4979155
vn -0.0021997 0.8672050 -0.4979464
vn -0.0020343 0.8672493 -0.4978700
vn -0.0017091 0.8673565 -0.4976844
vn -0.0012259 0.8675267 -0.4973890
vn -0.0005861 0.8677582 -0.4969863
vn 0.0002102 0.8680537 -0.4964703
vn 0.0011518 0.8684166 -0.4958340
vn 0.0021609 0.8688616 -0.4950503
vn 0.0030467 0.8693212 -0.4942381
vn 0.0036996 0.8697097 -0.4935498
vn 0.0041088 0.8700025 -0.4930302
vn 0.0042783 0.8701987 -0.4926823
vn 0.0042098 0.8702987 -0.4925063
vn 0.0039041 0.8703038 -0.4924997
vn 0.0033547 0.8702111 -0.4926676
vn 0.0025627 0.8700224 -0.4930056
vn 0.0015248 0.8697379 -0.4935116
vn 0.0002345 0.8693557 -0.4941869
vn -0.0013126 0.8688768 -0.4950267
vn -0.0031232 0.8683001 -0.4960294
vn -0.0052049 0.8676250 -0.4971918
vn -0.0075660 0.8668515 -0.4985090
vn -0.0102148 0.8659797 -0.4999749
vn -0.0131603 0.8650095 -0.5015828
vn -0.0164161 0.8639402 -0.5033269
vn -0.0199906 0.8627713 -0.5051991
vn -0.0238951 0.8615046 -0.5071871
vn -0.0281411 0.8601401 -0.5092810
vn -0.0327405 0.8586792 -0.5114666
vn -0.0377030 0.8571241 -0.5137282
vn -0.0430386 0.8554747 -0.5160530
vn -0.0487567 0.8537382 -0.5184148
vn -0.0548637 0.8519136 -0.5208005
vn -0.0613665 0.8500077 -0.5231836
vn -0.0682660 0.8480257 -0.5255399
vn -0.0755627 0.8459741 -0.5278429
vn -0.0832536 0.8438588 -0.5300671
vn -0.0913323 0.8416893 -0.5321818
vn -0.0997850 0.8394693 -0.5341669
vn -0.1085505 0.8371504 -0.5360933
vn -0.1173964 0.8347244 -0.5380086
vn -0.1261667 0.8322770 -0.5398120
vn -0.1348574 0.8298863 -0.5413891
vn -0.1434652 0.8275735 -0.5427153
vn -0.1519770 0.8253313 -0.5438117
vn -0.1603844 0.8231519 -0.5446998
vn -0.1686840 0.8210275 -0.5453985
vn -0.1768712 0.8189498 -0.5459285
vn -0.1849493 0.8169085 -0.5463097
vn -0.1929202 0.8148936 -0.5465621
vn -0.2007902 0.8128959 -0.5467024
vn -0.2085632 0.8109061 -0.5467473
vn -0.2162539 0.8089080 -0.5467194
vn -0.2238631 0.8068985 -0.5466262
vn -0.2314039 0.8048648 -0.5464841
vn -0.2388836 0.8027979 -0.5463059
vn -0.2463135 0.8006845 -0.5461080
vn -0.2536993 0.7985157 -0.5459023
vn -0.2610498 0.7962812 -0.5457007
vn -0.2683719 0.7939699 -0.5455166
vn -0.2756718 0.7915701 -0.5453640
vn -0.2829605 0.7890977 -0.5452139
vn -0.2902358 0.7866036 -0.5449936
vn -0.2973831 0.7841468 -0.5446807
vn -0.3042693 0.7817255 -0.5443578
vn -0.3108777 0.7793125 -0.5440837
vn -0.3172077 0.7769144 -0.5438596
vn -0.3232519 0.7745457 -0.5436793
vn -0.3290103 0.7722163 -0.5435386
vn -0.3344811 0.7699372 -0.5434327
vn -0.3396663 0.7677163 -0.5433585
vn -0.3445655 0.7655640 -0.5433105
vn -0.3491772 0.7634898 -0.5432850
vn -0.3535066 0.7615000 -0.5432778
vn -0.3575520 0.7596030 -0.5432862
vn -0.3613184 0.7578052 -0.5433049
vn -0.3648074 0.7561122 -0.5433321
vn -0.3680170 0.7545323 -0.5433641
vn -0.3709522 0.7530704 -0.5433963
vn -0.3736155 0.7517289 -0.5434290
vn -0.3760106 0.7505129 -0.5434578
vn -0.3781379 0.7494274 -0.5434799
vn -0.3799995 0.7484750 -0.5434939
vn -0.3815973 0.7476585 -0.5434981
vn -0.3829350 0.7469797 -0.5434907
vn -0.3840100 0.7464433 -0.5434692
vn -0.3848256 0.7460482 -0.5434347
vn -0.3853847 0.7457967 -0.5433838
vn -0.3856895 0.7456871 -0.5433179
vn -0.3857334 0.7457261 -0.5432332
vn -0.3855217 0.7459093 -0.5431319
vn -0.3850546 0.7462362 -0.5430143
vn -0.3843300 0.7467081 -0.5428788
vn -0.3833490 0.7473236 -0.5427256
vn -0.3821101 0.7480806 -0.5425563
vn -0.3806114 0.7489783 -0.5423712
vn -0.3788515 0.7500151 -0.5421705
vn -0.3768307 0.7511855 -0.5419585
vn -0.3745734 0.7524599 -0.5417554
vn -0.3721711 0.7537701 -0.5415896
vn -0.3697026 0.7550850 -0.5414486
vn -0.3671827 0.7564126 -0.5413103
vn -0.3646129 0.7577516 -0.5411746
vn -0.3619912 0.7591039 -0.5410395
vn -0.3593187 0.7604671 -0.5409065
vn -0.3565934 0.7618427 -0.5407743
vn -0.3538147 0.7632305 -0.5406426
vn -0.3509847 0.7646278 -0.5405127
vn -0.3481016 0.7660354 -0.5403841
vn -0.3451632 0.7674540 -0.5402562
vn -0.3421710 0.7688825 -0.5401284
vn -0.3391246 0.7703196 -0.5400021
vn -0.3360231 0.7717658 -0.5398759
vn -0.3328666 0.7732202 -0.5397503
vn -0.3296534 0.7746835 -0.5396241
vn -0.3263841 0.7761531 -0.5394995
vn -0.3230579 0.7776310 -0.5393733
vn -0.3196744 0.7791149 -0.5392478
vn -0.3162332 0.7806053 -0.5391214
vn -0.3127335 0.7821015 -0.5389944
vn -0.3091761 0.7836024 -0.5388668
vn -0.3055579 0.7851087 -0.5387380
vn -0.3018807 0.7866194 -0.5386074
vn -0.2981439 0.7881330 -0.5384762
vn -0.2943454 0.7896508 -0.5383422
vn -0.2904862 0.7911710 -0.5382065
vn -0.2865659 0.7926928 -0.5380689
vn -0.2825832 0.7942168 -0.5379280
vn -0.2785369 0.7957418 -0.5377846
vn -0.2744288 0.7972670 -0.5376377
vn -0.2702559 0.7987923 -0.5374874
vn -0.2660193 0.8003165 -0.5373334
vn -0.2617181 0.8018397 -0.5371748
vn -0.2573527 0.8033604 -0.5370118
vn -0.2529206 0.8048790 -0.5368436
vn -0.2484225 0.8063943 -0.5366699
vn -0.2438576 0.8079051 -0.5364912
vn -0.2392264 0.8094117 -0.5363054
vn -0.2345304 0.8109164 -0.5361064
vn -0.2298191 0.8124050 -0.5358930
vn -0.2251995 0.8138332 -0.5356871
vn -0.2207460 0.8151790 -0.5354945
vn -0.2164706 0.8164468 -0.5353085
vn -0.2123732 0.8176406 -0.5351276
vn -0.2084562 0.8187621 -0.5349529
vn -0.2047205 0.8198140 -0.5347846
vn -0.2011684 0.8207977 -0.5346237
vn -0.1978016 0.8217152 -0.5344705
vn -0.1946210 0.8225687 -0.5343251
vn -0.1916275 0.8233597 -0.5341888
vn -0.1888222 0.8240905 -0.5340609
vn -0.1862053 0.8247625 -0.5339423
vn -0.1837782 0.8253776 -0.5338328
vn -0.1815413 0.8259370 -0.5337328
vn -0.1794963 0.8264418 -0.5336432
vn -0.1776415 0.8268947 -0.5335623
vn -0.1759794 0.8272955 -0.5334918
vn -0.1745087 0.8276462 -0.5334308
vn -0.1732296 0.8279481 -0.5333792
vn -0.1721429 0.8282017 -0.5333373
vn -0.1712487 0.8284078 -0.5333051
vn -0.1705465 0.8285677 -0.5332818
vn -0.1700364 0.8286817 -0.5332675
vn -0.1697174 0.8287509 -0.5332617
vn -0.1695902 0.8287753 -0.5332642
vn -0.1696538 0.8287555 -0.5332746
vn -0.1699076 0.8286922 -0.5332923
vn -0.1703513 0.8285853 -0.5333168
vn -0.1709853 0.8284347 -0.5333478
vn -0.1718081 0.8282405 -0.5333851
vn -0.1728182 0.8280034 -0.5334270
vn -0.1740149 0.8277228 -0.5334734
vn -0.1753990 0.8273978 -0.5335242
vn -0.1769686 0.8270289 -0.5335779
vn -0.1787213 0.8266159 -0.5336337
vn -0.1806583 0.8261574 -0.5336914
vn -0.1827767 0.8256537 -0.5337496
vn -0.1850764 0.8251036 -0.5338079
vn -0.1875550 0.8245066 -0.5338651
vn -0.1902127 0.8238616 -0.5339206
vn -0.1930467 0.8231682 -0.5339730
vn -0.1960552 0.8224255 -0.5340213
vn -0.1992366 0.8216287 -0.5340703
vn -0.2025558 0.8207734 -0.5341369
vn -0.2058495 0.8199135 -0.5341984
vn -0.2089643 0.8191004 -0.5342363
vn -0.2118677 0.8183367 -0.5342632
vn -0.2145602 0.8176206 -0.5342850
vn -0.2170481 0.8169516 -0.5343034
vn -0.2193311 0.8163314 -0.5343191
vn -0.2214112 0.8157605 -0.5343331
vn -0.2232923 0.8152386 -0.5343469
vn -0.2249749 0.8147666 -0.5343610
vn -0.2264591 0.8143457 -0.5343756
vn -0.2277482 0.8139754 -0.5343920
vn -0.2288419 0.8136572 -0.5344094
vn -0.2297398 0.8133916 -0.5344284
vn -0.2304435 0.8131788 -0.5344492
vn -0.2309514 0.8130203 -0.5344712
vn -0.2312640 0.8129165 -0.5344939
vn -0.2313819 0.8128672 -0.5345179
vn -0.2313012 0.8128750 -0.5345410
vn -0.2310236 0.8129393 -0.5345632
vn -0.2305450 0.8130618 -0.5345836
vn -0.2298653 0.8132430 -0.5346005
vn -0.2289815 0.8134843 -0.5346128
vn -0.2278921 0.8137862 -0.5346188
vn -0.2265930 0.8141504 -0.5346165
vn -0.2250822 0.8145774 -0.5346043
vn -0.2233566 0.8150688 -0.5345790
vn -0.2214113 0.8156259 -0.5345385
vn -0.2192436 0.8162494 -0.5344803
vn -0.2168484 0.8169409 -0.5344008
vn -0.2142208 0.8177026 -0.5342957
vn -0.2113571 0.8185340 -0.5341631
vn -0.2082508 0.8194387 -0.5339962
vn -0.2048968 0.8204165 -0.5337922
vn -0.2012900 0.8214692 -0.5335454
vn -0.1974240 0.8225989 -0.5332493
vn -0.1932902 0.8238073 -0.5328981
vn -0.1888825 0.8250955 -0.5324855
vn -0.1841981 0.8264662 -0.5320007
vn -0.1792431 0.8279295 -0.5314176
vn -0.1740904 0.8294571 -0.5307480
vn -0.1688282 0.8310184 -0.5300052
vn -0.1634899 0.8326026 -0.5291918
vn -0.1580870 0.8342048 -0.5283095
vn -0.1526353 0.8358195 -0.5273596
vn -0.1471468 0.8374423 -0.5263442
vn -0.1416377 0.8390671 -0.5252668
vn -0.1361191 0.8406902 -0.5241294
vn -0.1306070 0.8423054 -0.5229373
vn -0.1251152 0.8439081 -0.5216947
vn -0.1196575 0.8454929 -0.5204074
vn -0.1142465 0.8470566 -0.5190789
vn -0.1088934 0.8485944 -0.5177160
vn -0.1036138 0.8501007 -0.5163265
vn -0.0984161 0.8515741 -0.5149134
vn -0.0933115 0.8530097 -0.5134855
vn -0.0883105 0.8544054 -0.5120475
vn -0.0834229 0.8557573 -0.5106076
vn -0.0786548 0.8570646 -0.5091696
vn -0.0740141 0.8583245 -0.5077410
vn -0.0695094 0.8595354 -0.5063273
vn -0.0651435 0.8606967 -0.5049332
vn -0.0609221 0.8618075 -0.5035637
vn -0.0568480 0.8628674 -0.5022232
vn -0.0529265 0.8638758 -0.5009165
vn -0.0491585 0.8648334 -0.4996466
vn -0.0455444 0.8657402 -0.4984171
vn -0.0420845 0.8665985 -0.4972283
vn -0.0387838 0.8674060 -0.4960874
vn -0.0356364 0.8681659 -0.4949930
vn -0.0326435 0.8688797 -0.4939458
vn -0.0298061 0.8695465 -0.4929508
vn -0.0271160 0.8701710 -0.4920032
vn -0.0245763 0.8707523 -0.4911074
vn -0.0221825 0.8712927 -0.4902621
vn -0.0199334 0.8717927 -0.4894692
vn -0.0178212 0.8722564 -0.4887240
vn -0.0158474 0.8726836 -0.4880289
vn -0.0140055 0.8730763 -0.4873824
vn -0.0122909 0.8734354 -0.4867848
vn -0.0107166 0.8737840 -0.4861961
vn -0.0092809 0.8741231 -0.4856157
vn -0.0079606 0.8744336 -0.4850799
vn -0.0067456 0.8747199 -0.4845819
vn -0.0056222 0.8749864 -0.4841149
vn -0.0045825 0.8752339 -0.4836782
vn -0.0036157 0.8754663 -0.4832656
vn -0.0027174 0.8756845 -0.4828761
vn -0.0018812 0.8758898 -0.4825075
vn -0.0010972 0.8760853 -0.4821549
vn -0.0003644 0.8762717 -0.4818172
vn 0.0003215 0.8764496 -0.4814935
vn 0.0009632 0.8766206 -0.4811812
vn 0.0015677 0.8767865 -0.4808774
vn 0.0021353 0.8769468 -0.4805826
vn 0.0026688 0.8771038 -0.4802934
vn 0.0031724 0.8772593 -0.4800064
vn 0.0036404 0.8774115 -0.4797247
vn 0.0040819 0.8775643 -0.4794416
vn 0.0044967 0.8777179 -0.4791567
vn 0.0048844 0.8778737 -0.4788674
vn 0.0052416 0.8780326 -0.4785722
vn 0.0055782 0.8781991 -0.4782628
vn 0.0058872 0.8783735 -0.4779386
vn 0.0061652 0.8785580 -0.4775959
vn 0.0064143 0.8787595 -0.4772218
vn 0.0066282 0.8789790 -0.4768145
vn 0.0068067 0.8792279 -0.4763527
vn 0.0069416 0.8795144 -0.4758217
vn 0.0070195 0.8798540 -0.4751923
vn 0.0070272 0.8802728 -0.4744160
vn 0.0069247 0.8808060 -0.4734266
vn 0.0066571 0.8815232 -0.4720938
vn 0.0061229 0.8825758 -0.4701303
vn 0.0050510 0.8842760 -0.4669372
vn 0.0026569 0.8875835 -0.4606393
vn -0.0050541 0.8971555 -0.4416859
vn 0.9355467 0.1864339 0.2999912
f 1//1 2//2 3//3
f 3//3 2//2 4//4
f 3//3 4//4 5//5
f 5//5 4//4 6//6
f 5//5 6//6 7//7
f 7//7 6//6 8//8
f 7//7 8//8 9//9
f 9//9 8//8 10//10
f 9//9 10//10 11//11
f 11//11 10//10 12//12
f 11//11 12//12 13//13
f 13//13 12//12 14//14
f 13//13 14//14 15//15
f 15//15 14//14 16//16
f 15//15 16//16 17//17
f 17//17 16//16 18//18
f 17//17 18//18 19//19
f 19//19 18//18 20//20
f 19//19 20//20 21//21
f 21//21 20//20 22//22
f 21//21 22//22 23//23
f 23//23 22//22 24//24
f 23//23 24//24 25//25
f 25//25 24//24 26//26
f 25//25 26//26 27//27
f 27//27 26//26 28//28
f 27//27 28//28 29//29
f 29//29 28//28 30//30
f 29//29 30//30 31//31
f 31//31 30//30 32//32
f 31//31 32//32 33//33
f 33//33 32//32 34//34
f 33//33 34//34 35//35
f 35//35 34//34 36//36
f 35//35 36//36 37//37
f 37//37 36//36 38//38
f 37//37 38//38 39//39
f 39//39 38//38 40//40
f 39//39 40//40 41//41
f 41//41 40//40 42//42
f 41//41 42//42 43//43
f 43//43 42//42 44//44
f 43//43 44//44 45//45
f 45//45 44//44 46//46
f 45//45 46//46 47//47
f 47//47 46//46 48//48
f 47//47 48//48 49//49
f 49//49 48//48 50//50
f 49//49 50//50 51//51
f 51//51 50//50 52//52
f 51//51 52//52 53//53
f 53//53 52//52 54//54
f 53//53 54//54 55//55
f 55//55 54//54 56//56
f 55//55 56//56 57//57
f 57//57 56//56 58//58
f 57//57 58//58 59//59
f 59//59 58//58 60//60
f 59//59 60//60 61//61
f 61//61 60//60 62//62
f 61//61 62//62 63//63
f 63//63 62//62 64//64
f 63//63 64//64 65//65
f 65//65 64//64 66//66
f 65//65 66//66 67//67
f 67//67 66//66 68//68
f 67//67 68//68 69//69
f 69//69 68//68 70//70
f 69//69 70//70 71//71
f 71//71 70//70 72//72
f 71//71 72//72 73//73
f 73//73 72//72 74//74
f 73//73 74//74 75//75
f 75//75 74//74 76//76
f 75//75 76//76 77//77
f 77//77 76//76 78//78
f 77//77 78//78 79//79
f 79//79 78//78 80//80
f 79//79 80//80 81//81
f 81//81 80//80 82//82
f 81//81 82//82 83//83
f 83//83 82//82 84//84
f 83//83 84//84 85//85
f 85//85 84//84 86//86
f 85//85 86//86 87//87
f 87//87 86//86 88//88
f 87//87 88//88 89//89
f 89//89 88//88 90//90
f 89//89 90//90 91//91
f 91//91 90//90 92//92
f 91//91 92//92 93//93
f 93//93 92//92 94//94
f 93//93 94//94 95//95
f 95//95 94//94 96//96
f 95//95 96//96 97//97
f 97//97 96//96 98//98
f 97//97 98//98 99//99
f 99//99 98//98 100//100
f 99//99 100//100 101//101
f 101//101 100//100 102//102
f 101//101 102//102 103//103
f 103//103 102//102 104//104
f 103//103 104//104 105//105
f 105//105 104//104 106//106
f 105//105 106//106 107//107
f 107//107 106//106 108//108
f 107//107 108//108 109//109
f 109//109 108//108 110//110
f 109//109 110//110 111//111
f 111//111 110//110 112//112
f 111//111 112//112 113//113
f 113//113 112//112 114//114
f 113//113 114//114 115//115
f 115//115 114//114 116//116
f 115//115 116//116 117//117
f 117//117 116//116 118//118
f 117//117 118//118 119//119
f 119//119 118//118 120//120
f 119//119 120//120 121//121
f 121//121 120//120 122//122
f 121//121 122//122 123//123
f 123//123 122//122 124//124
f 123//123 124//124 125//125
f 125//125 124//124 126//126
f 125//125 126//126 127//127
f 127//127 126//126 128//128
f 127//127 128//128 129//129
f 129//129 128//128 130//130
f 129//129 130//130 131//131
f 131//131 130//130 132//132
f 131//131 132//132 133//133
f 133//133 132//132 134//134
f 133//133 134//134 135//135
f 135//135 134//134 136//136
f 135//135 136//136 137//137
f 137//137 136//136 138//138
f 137//137 138//138 139//139
f 139//139 138//138 140//140
f 139//139 140//140 141//141
f 141//141 140//140 142//142
f 141//141 142//142 143//143
f 143//143 142//142 144//144
f 143//143 144//144 145//145
f 145//145 144//144 146//146
f 145//145 146//146 147//147
f 147//147 146//146 148//148
f 147//147 148//148 149//149
f 149//149 148//148 150//150
f 149//149 150//150 151//151
f 151//151 150//150 152//152
f 151//151 152//152 153//153
f 153//153 152//152 154//154
f 153//153 154//154 155//155
f 155//155 154//154 156//156
f 155//155 156//156 157//157
f 157//157 156//156 158//158
f 157//157 158//158 159//159
f 159//159 158//158 160//160
f 159//159 160//160 161//161
f 161//161 160//160 162//162
f 161//161 162//162 163//163
f 163//163 162//162 164//164
f 163//163 164//164 165//165
f 165//165 164//164 166//166
f 165//165 166//166 167//167
f 167//167 166//166 168//168
f 167//167 168//168 169//169
f 169//169 168//168 170//170
f 169//169 170//170 171//171
f 171//171 170//170 172//172
f 171//171 172//172 173//173
f 173//173 172//172 174//174
f 173//173 174//174 175//175
f 175//175 174//174 176//176
f 175//175 176//176 177//177
f 177//177 176//176 178//178
f 177//177 178//178 179//179
f 179//179 178//178 180//180
f 179//179 180//180 181//181
f 181//181 180//180 182//182
f 181//181 182//182 183//183
f 183//183 182//182 184//184
f 183//183 184//184 185//185
f 185//185 184//184 186//186
f 185//185 186//186 187//187
f 187//187 186//186 188//188
f 187//187 188//188 189//189
f 189//189 188//188 190//190
f 189//189 190//190 191//191
f 191//191 190//190 192//192
f 191//191 192//192 193//193
f 193//193 192//192 194//194
f 193//193 194//194 195//195
f 195//195 194//194 196//196
f 195//195 196//196 197//197
f 197//197 196//196 198//198
f 197//197 198//198 199//199
f 199//199 198//198 200//200
f 199//199 200//200 201//201
f 201//201 200//200 202//202
f 201//201 202//202 203//203
f 203//203 202//202 204//204
f 203//203 204//204 205//205
f 205//205 204//204 206//206
f 205//205 206//206 207//207
f 207//207 206//206 208//208
f 207//207 208//208 209//209
f 209//209 208//208 210//210
f 209//209 210//210 211//211
f 211//211 210//210 212//212
f 211//211 212//212 213//213
f 213//213 212//212 214//214
f 213//213 214//214 215//215
f 215//215 214//214 216//216
f 215//215 216//216 217//217
f 217//217 216//216 218//218
f 217//217 218//218 219//219
f 219//219 218//218 220//220
f 219//219 220//220 221//221
f 221//221 220//220 222//222
f 221//221 222//222 223//223
f 223//223 222//222 224//224
f 223//223 224//224 225//225
f 225//225 224//224 226//226
f 225//225 226//226 227//227
f 227//227 226//226 228//228
f 227//227 228//228 229//229
f 229//229 228//228 230//230
f 229//229 230//230 231//231
f 231//231 230//230 232//232
f 231//231 232//232 233//233
f 233//233 232//232 234//234
f 233//233 234//234 235//235
f 235//235 234//234 236//236
f 235//235 236//236 237//237
f 237//237 236//236 238//238
f 237//237 238//238 239//239
f 239//239 238//238 240//240
f 239//239 240//240 241//241
f 241//241 240//240 242//242
f 241//241 242//242 243//243
f 243//243 242//242 244//244
f 243//243 244//244 245//245
f 245//245 244//244 246//246
f 245//245 246//246 247//247
f 247//247 246//246 248//248
f 247//247 248//248 249//249
f 249//249 248//248 250//250
f 249//249 250//250 251//251
f 251//251 250//250 252//252
f 251//251 252//252 253//253
f 253//253 252//252 254//254
f 253//253 254//254 255//255
f 255//255 254//254 256//256
f 255//255 256//256 257//257
f 257//257 256//256 258//258
f 257//257 258//258 259//259
f 259//259 258//258 260//260
f 259//259 260//260 261//261
f 261//261 260//260 262//262
f 261//261 262//262 263//263
f 263//263 262//262 264//264
f 263//263 264//264 265//265
f 265//265 264//264 266//266
f 265//265 266//266 267//267
f 267//267 266//266 268//268
f 267//267 268//268 269//269
f 269//269 268//268 270//270
f 269//269 270//270 271//271
f 271//271 270//270 272//272
f 271//271 272//272 273//273
f 273//273 272//272 274//274
f 273//273 274//274 275//275
f 275//275 274//274 276//276
f 275//275 276//276 277//277
f 277//277 276//276 278//278
f 277//277 278//278 279//279
f 279//279 278//278 280//280
f 279//279 280//280 281//281
f 281//281 280//280 282//282
f 281//281 282//282 283//283
f 283//283 282//282 284//284
f 283//283 284//284 285//285
f 285//285 284//284 286//286
f 285//285 286//286 287//287
f 287//287 286//286 288//288
f 287//287 288//288 289//289
f 289//289 288//288 290//290
f 289//289 290//290 291//291
f 291//291 290//290 292//292
f 291//291 292//292 293//293
f 293//293 292//292 294//294
f 293//293 294//294 295//295
f 295//295 294//294 296//296
f 295//295 296//296 297//297
f 297//297 296//296 298//298
f 297//297 298//298 299//299
f 299//299 298//298 300//300
f 299//299 300//300 301//301
f 301//301 300//300 302//302
f 301//301 302//302 303//303
f 303//303 302//302 304//304
f 303//303 304//304 305//305
f 305//305 304//304 306//306
f 305//305 306//306 307//307
f 307//307 306//306 308//308
f 307//307 308//308 309//309
f 309//309 308//308 310//310
f 309//309 310//310 311//311
f 311//311 310//310 312//312
f 311//311 312//312 313//313
f 313//313 312//312 314//314
f 313//313 314//314 315//315
f 315//315 314//314 316//316
f 315//315 316//316 317//317
f 317//317 316//316 318//318
f 317//317 318//318 319//319
f 319//319 318//318 320//320
f 319//319 320//320 321//321
f 321//321 320//320 322//322
f 321//321 322//322 323//323
f 323//323 322//322 324//324
f 323//323 324//324 325//325
f 325//325 324//324 326//326
f 325//325 326//326 327//327
f 327//327 326//326 328//328
f 327//327 328//328 329//329
f 329//329 328//328 330//330
f 329//329 330//330 331//331
f 331//331 330//330 332//332
f 331//331 332//332 333//333
f 333//333 332//332 334//334
f 333//333 334//334 335//335
f 335//335 334//334 336//336
f 335//335 336//336 337//337
f 337//337 336//336 338//338
f 337//337 338//338 339//339
f 339//339 338//338 340//340
f 339//339 340//340 341//341
f 341//341 340//340 342//342
f 341//341 342//342 343//343
f 343//343 342//342 344//344
f 343//343 344//344 345//345
f 345//345 344//344 346//346
f 345//345 346//346 347//347
f 347//347 346//346 348//348
f 347//347 348//348 349//349
f 349//349 348//348 350//350
f 349//349 350//350 351//351
f 351//351 350//350 352//352
f 351//351 352//352 353//353
f 353//353 352//352 354//354
f 353//353 354//354 355//355
f 355//355 354//354 356//356
f 355//355 356//356 357//357
f 357//357 356//356 358//358
f 357//357 358//358 359//359
f 359//359 358//358 360//360
f 359//359 360//360 361//361
f 361//361 360//360 362//362
f 361//361 362//362 363//363
f 363//363 362//362 364//364
f 363//363 364//364 365//365
f 365//365 364//364 366//366
f 365//365 366//366 367//367
f 367//367 366//366 368//368
f 367//367 368//368 369//369
f 369//369 368//368 370//370
f 369//369 370//370 371//371
f 371//371 370//370 372//372
f 371//371 372//372 373//373
f 373//373 372//372 374//374
f 373//373 374//374 375//375
f 375//375 374//374 376//376
f 375//375 376//376 377//377
f 377//377 376//376 378//378
f 377//377 378//378 379//379
f 379//379 378//378 380//380
f 379//379 380//380 381//381
f 381//381 380//380 382//382
f 381//381 382//382 383//383
f 383//383 382//382 384//384
f 383//383 384//384 385//385
f 385//385 384//384 386//386
f 385//385 386//386 387//387
f 387//387 386//386 388//388
f 387//387 388//388 389//389
f 389//389 388//388 390//390
f 389//389 390//390 391//391
f 391//391 390//390 392//392
f 391//391 392//392 393//393
f 393//393 392//392 394//394
f 393//393 394//394 395//395
f 395//395 394//394 396//396
f 395//395 396//396 397//397
f 397//397 396//396 398//398
f 397//397 398//398 399//399
f 399//399 398//398 400//400
f 399//399 400//400 401//401
f 401//401 400//400 402//402
f 401//401 402//402 403//403
f 403//403 402//402 404//404
f 403//403 404//404 405//405
f 405//405 404//404 406//406
f 405//405 406//406 407//407
f 407//407 406//406 408//408
f 407//407 408//408 409//409
f 409//409 408//408 410//410
f 409//409 410//410 411//411
f 411//411 410//410 412//412
f 411//411 412//412 413//413
f 413//413 412//412 414//414
f 413//413 414//414 415//415
f 415//415 414//414 416//416
f 415//415 416//416 417//417
f 417//417 416//416 418//418
f 417//417 418//418 419//419
f 419//419 418//418 420//420
f 419//419 420//420 421//421
f 421//421 420//420 422//422
f 421//421 422//422 423//423
f 423//423 422//422 424//424
f 423//423 424//424 425//425
f 425//425 424//424 426//426
f 425//425 426//426 427//427
f 427//427 426//426 428//428
f 427//427 428//428 429//429
f 429//429 428//428 430//430
f 429//429 430//430 431//431
f 431//431 430//430 432//432
f 431//431 432//432 433//433
f 433//433 432//432 434//434
f 433//433 434//434 435//435
f 435//435 434//434 436//436
f 435//435 436//436 437//437
f 437//437 436//436 438//438
f 437//437 438//438 439//439
f 439//439 438//438 440//440
f 439//439 440//440 441//441
f 441//441 440//440 442//442
f 441//441 442//442 443//443
f 443//443 442//442 444//444
f 443//443 444//444 445//445
f 445//445 444//444 446//446
f 445//445 446//446 447//447
f 447//447 446//446 448//448
f 447//447 448//448 449//449
f 449//449 448//448 450//450
f 449//449 450//450 451//451
f 451//451 450//450 452//452
f 451//451 452//452 453//453
f 453//453 452//452 454//454
f 453//453 454//454 455//455
f 455//455 454//454 456//456
f 455//455 456//456 457//457
f 457//457 456//456 458//458
f 457//457 458//458 459//459
f 459//459 458//458 460//460
f 459//459 460//460 461//461
f 461//461 460//460 462//462
f 461//461 462//462 463//463
f 463//463 462//462 464//464
f 463//463 464//464 465//465
f 465//465 464//464 466//466
f 465//465 466//466 467//467
f 467//467 466//466 468//468
f 467//467 468//468 469//469
f 469//469 468//468 470//470
f 469//469 470//470 471//471
f 471//471 470//470 472//472
f 471//471 472//472 473//473
f 473//473 472//472 474//474
f 473//473 474//474 475//475
f 475//475 474//474 476//476
f 475//475 476//476 477//477
f 477//477 476//476 478//478
f 477//477 478//478 479//479
f 479//479 478//478 480//480
f 479//479 480//480 481//481
f 481//481 480//480 482//482
f 481//481 482//482 483//483
f 483//483 482//482 484//484
f 483//483 484//484 485//485
f 485//485 484//484 486//486
f 485//485 486//486 487//487
f 487//487 486//486 488//488
f 487//487 488//488 489//489
f 489//489 488//488 490//490
f 489//489 490//490 491//491
f 491//491 490//490 492//492
f 491//491 492//492 493//493
f 493//493 492//492 494//494
f 493//493 494//494 495//495
f 495//495 494//494 496//496
f 495//495 496//496 497//497
f 497//497 496//496 498//498
f 497//497 498//498 499//499
f 499//499 498//498 500//500
f 499//499 500//500 501//501
f 501//501 500//500 502//502
f 501//501 502//502 503//503
f 503//503 502//502 504//504
f 503//503 504//504 505//505
f 505//505 504//504 506//506
f 505//505 506//506 507//507
f 507//507 506//506 508//508
f 507//507 508//508 509//509
f 509//509 508//508 510//510
f 509//509 510//510 511//511
f 511//511 510//510 512//512
f 511//511 512//512 513//513
f 513//513 512//512 514//514
f 513//513 514//514 515//515
f 515//515 514//514 516//516
f 515//515 516//516 517//517
f 517//517 516//516 518//518
f 517//517 518//518 519//519
f 519//519 518//518 520//520
f 519//519 520//520 521//521
f 521//521 520//520 522//522
f 521//521 522//522 523//523
f 523//523 522//522 524//524
f 523//523 524//524 525//525
f 525//525 524//524 526//526
f 525//525 526//526 527//527
f 527//527 526//526 528//528
f 527//527 528//528 529//529
f 529//529 528//528 530//530
f 529//529 530//530 531//531
f 531//531 530//530 532//532
f 531//531 532//532 533//533
f 533//533 532//532 534//534
f 533//533 534//534 535//535
f 535//535 534//534 536//536
f 535//535 536//536 537//537
f 537//537 536//536 538//538
f 537//537 538//538 539//539
f 539//539 538//538 540//540
f 539//539 540//540 541//541
f 541//541 540//540 542//542
f 541//541 542//542 543//543
f 543//543 542//542 544//544
f 543//543 544//544 545//545
f 545//545 544//544 546//546
f 545//545 546//546 547//547
f 547//547 546//546 548//548
f 547//547 548//548 549//549
f 549//549 548//548 550//550
f 549//549 550//550 551//551
f 551//551 550//550 552//552
f 551//551 552//552 553//553
f 553//553 552//552 554//554
f 553//553 554//554 555//555
f 555//555 554//554 556//556
f 555//555 556//556 557//557
f 557//557 556//556 558//558
f 557//557 558//558 559//559
f 559//559 558//558 560//560
f 559//559 560//560 561//561
f 561//561 560//560 562//562
f 561//561 562//562 563//563
f 563//563 562//562 564//564
f 563//563 564//564 565//565
f 565//565 564//564 566//566
f 565//565 566//566 567//567
f 567//567 566//566 568//568
f 567//567 568//568 569//569
f 569//569 568//568 570//570
f 569//569 570//570 571//571
f 571//571 570//570 572//572
f 571//571 572//572 573//573
f 573//573 572//572 574//574
f 573//573 574//574 575//575
f 575//575 574//574 576//576
f 575//575 576//576 577//577
f 577//577 576//576 578//578
f 577//577 578//578 579//579
f 579//579 578//578 580//580
f 579//579 580//580 581//581
f 581//581 580//580 582//582
f 581//581 582//582 583//583
f 583//583 582//582 584//584
f 583//583 584//584 585//585
f 585//585 584//584 586//586
f 585//585 586//586 587//587
f 587//587 586//586 588//588
f 587//587 588//588 589//589
f 589//589 588//588 590//590
f 589//589 590//590 591//591
f 591//591 590//590 592//592
f 591//591 592//592 593//593
f 593//593 592//592 594//594
f 593//593 594//594 595//595
f 595//595 594//594 596//596
f 595//595 596//596 597//597
f 597//597 596//596 598//598
f 597//597 598//598 599//599
f 599//599 598//598 600//600
f 599//599 600//600 601//601
f 601//601 600//600 602//602
f 601//601 602//602 603//603
f 603//603 602//602 604//604
f 603//603 604//604 605//605
f 605//605 604//604 606//606
f 605//605 606//606 607//607
f 607//607 606//606 608//608
f 607//607 608//608 609//609
f 609//609 608//608 610//610
f 609//609 610//610 611//611
f 611//611 610//610 612//612
f 611//611 612//612 613//613
f 613//613 612//612 614//614
f 613//613 614//614 615//615
f 615//615 614//614 616//616
f 615//615 616//616 617//617
f 617//617 616//616 618//618
f 617//617 618//618 619//619
f 619//619 618//618 620//620
f 619//619 620//620 621//621
f 621//621 620//620 622//622
f 621//621 622//622 623//623
f 623//623 622//622 624//624
f 623//623 624//624 625//625
f 625//625 624//624 626//626
f 625//625 626//626 627//627
f 627//627 626//626 628//628
f 627//627 628//628 629//629
f 629//629 628//628 630//630
f 629//629 630//630 631//631
f 631//631 630//630 632//632
f 631//631 632//632 633//633
f 633//633 632//632 634//634
f 633//633 634//634 635//635
f 635//635 634//634 636//636
f 635//635 636//636 637//637
f 637//637 636//636 638//638
f 637//637 638//638 639//639
f 639//639 638//638 640//640
f 639//639 640//640 641//641
f 641//641 640//640 642//642
f 641//641 642//642 643//643
f 643//643 642//642 644//644
f 643//643 644//644 645//645
f 645//645 644//644 646//646
f 645//645 646//646 647//647
f 647//647 646//646 648//648
f 647//647 648//648 649//649
f 649//649 648//648 650//650
f 649//649 650//650 651//651
f 651//651 650//650 652//652
f 651//651 652//652 653//653
f 653//653 652//652 654//654
f 653//653 654//654 655//655
f 655//655 654//654 656//656
f 655//655 656//656 657//657
f 657//657 656//656 658//658
f 657//657 658//658 659//659
f 659//659 658//658 660//660
f 659//659 660//660 661//661
f 661//661 660//660 662//662
f 661//661 662//662 663//663
f 663//663 662//662 664//664
f 663//663 664//664 665//665
f 665//665 664//664 666//666
f 665//665 666//666 667//667
f 667//667 666//666 668//668
f 667//667 668//668 669//669
f 669//669 668//668 670//670
f 669//669 670//670 671//671
f 671//671 670//670 672//672
f 671//671 672//672 673//673
f 673//673 672//672 674//674
f 673//673 674//674 675//675
f 675//675 674//674 676//676
f 675//675 676//676 677//677
f 677//677 676//676 678//678
f 677//677 678//678 679//679
f 679//679 678//678 680//680
f 679//679 680//680 681//681
f 681//681 680//680 682//682
f 681//681 682//682 683//683
f 683//683 682//682 684//684
f 683//683 684//684 685//685
f 685//685 684//684 686//686
f 685//685 686//686 687//687
f 687//687 686//686 688//688
f 687//687 688//688 689//689
f 689//689 688//688 690//690
f 689//689 690//690 691//691
f 691//691 690//690 692//692
f 691//691 692//692 693//693
f 693//693 692//692 694//694
f 693//693 694//694 695//695
f 695//695 694//694 696//696
f 695//695 696//696 697//697
f 697//697 696//696 698//698
f 697//697 698//698 699//699
f 699//699 698//698 700//700
f 699//699 700//700 701//701
f 701//701 700//700 702//702
f 701//701 702//702 703//703
f 703//703 702//702 704//704
f 703//703 704//704 705//705
f 705//705 704//704 706//706
f 705//705 706//706 707//707
f 707//707 706//706 708//708
f 707//707 708//708 709//709
f 709//709 708//708 710//710
f 709//709 710//710 711//711
f 711//711 710//710 712//712
f 711//711 712//712 713//713
f 713//713 712//712 714//714
f 713//713 714//714 715//715
f 715//715 714//714 716//716
f 715//715 716//716 717//717
f 717//717 716//716 718//718
f 717//717 718//718 719//719
f 719//719 718//718 720//720
f 721//721 1//1 722//722
f 722//722 1//1 3//3
f 722//722 3//3 723//723
f 723//723 3//3 5//5
f 723//723 5//5 724//724
f 724//724 5//5 7//7
f 724//724 7//7 725//725
f 725//725 7//7 9//9
f 725//725 9//9 726//726
f 726//726 9//9 11//11
f 726//726 11//11 727//727
f 727//727 11//11 13//13
f 727//727 13//13 728//728
f 728//728 13//13 15//15
f 728//728 15//15 729//729
f 729//729 15//15 17//17
f 729//729 17//17 730//730
f 730//730 17//17 19//19
f 730//730 19//19 731//731
f 731//731 19//19 21//21
f 731//731 21//21 732//732
f 732//732 21//21 23//23
f 732//732 23//23 733//733
f 733//733 23//23 25//25
f 733//733 25//25 734//734
f 734//734 25//25 27//27
f 734//734 27//27 735//735
f 735//735 27//27 29//29
f 735//735 29//29 736//736
f 736//736 29//29 31//31
f 736//736 31//31 737//737
f 737//737 31//31 33//33
f 737//737 33//33 738//738
f 738//738 33//33 35//35
f 738//738 35//35 739//739
f 739//739 35//35 37//37
f 739//739 37//37 740//740
f 740//740 37//37 39//39
f 740//740 39//39 741//741
f 741//741 39//39 41//41
f 741//741 41//41 742//742
f 742//742 41//41 43//43
f 742//742 43//43 743//743
f 743//743 43//43 45//45
f 743//743 45//45 744//744
f 744//744 45//45 47//47
f 744//744 47//47 745//745
f 745//745 47//47 49//49
f 745//745 49//49 746//746
f 746//746 49//49 51//51
f 746//746 51//51 747//747
f 747//747 51//51 53//53
f 747//747 53//53 748//748
f 748//748 53//53 55//55
f 748//748 55//55 749//749
f 749//749 55//55 57//57
f 749//749 57//57 750//750
f 750//750 57//57 59//59
f 750//750 59//59 751//751
f 751//751 59//59 61//61
f 751//751 61//61 752//752
f 752//752 61//61 63//63
f 752//752 63//63 753//753
f 753//753 63//63 65//65
f 753//753 65//65 754//754
f 754//754 65//65 67//67
f 754//754 67//67 755//755
f 755//755 67//67 69//69
f 755//755 69//69 756//756
f 756//756 69//69 71//71
f 756//756 71//71 757//757
f 757//757 71//71 73//73
f 757//757 73//73 758//758
f 758//758 73//73 75//75
f 758//758 75//75 759//759
f 759//759 75//75 77//77
f 759//759 77//77 760//760
f 760//760 77//77 79//79
f 760//760 79//79 761//761
f 761//761 79//79 81//81
f 761//761 81//81 762//762
f 762//762 81//81 83//83
f 762//762 83//83 763//763
f 763//763 83//83 85//85
f 763//763 85//85 764//764
f 764//764 85//85 87//87
f 764//764 87//87 765//765
f 765//765 87//87 89//89
f 765//765 89//89 766//766
f 766//766 89//89 91//91
f 766//766 91//91 767//767
f 767//767 91//91 93//93
f 767//767 93//93 768//768
f 768//768 93//93 95//95
f 768//768 95//95 769//769
f 769//769 95//95 97//97
f 769//769 97//97 770//770
f 770//770 97//97 99//99
f 770//770 99//99 771//771
f 771//771 99//99 101//101
f 771//771 101//101 772//772
f 772//772 101//101 103//103
f 772//772 103//103 773//773
f 773//773 103//103 105//105
f 773//773 105//105 774//774
f 774//774 105//105 107//107
f 774//774 107//107 775//775
f 775//775 107//107 109//109
f 775//775 109//109 776//776
f 776//776 109//109 111//111
f 776//776 111//111 777//777
f 777//777 111//111 113//113
f 777//777 113//113 778//778
f 778//778 113//113 115//115
f 778//778 115//115 779//779
f 779//779 115//115 117//117
f 779//779 117//117 780//780
f 780//780 117//117 119//119
f 780//780 119//119 781//781
f 781//781 119//119 121//121
f 781//781 121//121 782//782
f 782//782 121//121 123//123
f 782//782 123//123 783//783
f 783//783 123//123 125//125
f 783//783 125//125 784//784
f 784//784 125//125 127//127
f 784//784 127//127 785//785
f 785//785 127//127 129//129
f 785//785 129//129 786//786
f 786//786 129//129 131//131
f 786//786 131//131 787//787
f 787//787 131//131 133//133
f 787//787 133//133 788//788
f 788//788 133//133 135//135
f 788//788 135//135 789//789
f 789//789 135//135 137//137
f 789//789 137//137 790//790
f 790//790 137//137 139//139
f 790//790 139//139 791//791
f 791//791 139//139 141//141
f 791//791 141//141 792//792
f 792//792 141//141 143//143
f 792//792 143//143 793//793
f 793//793 143//143 145//145
f 793//793 145//145 794//794
f 794//794 145//145 147//147
f 794//794 147//147 795//795
f 795//795 147//147 149//149
f 795//795 149//149 796//796
f 796//796 149//149 151//151
f 796//796 151//151 797//797
f 797//797 151//151 153//153
f 797//797 153//153 798//798
f 798//798 153//153 155//155
f 798//798 155//155 799//799
f 799//799 155//155 157//157
f 799//799 157//157 800//800
f 800//800 157//157 159//159
f 800//800 159//159 801//801
f 801//801 159//159 161//161
f 801//801 161//161 802//802
f 802//802 161//161 163//163
f 802//802 163//163 803//803
f 803//803 163//163 165//165
f 803//803 165//165 804//804
f 804//804 165//165 167//167
f 804//804 167//167 805//805
f 805//805 167//167 169//169
f 805//805 169//169 806//806
f 806//806 169//169 171//171
f 806//806 171//171 807//807
f 807//807 171//171 173//173
f 807//807 173//173 808//808
f 808//808 173//173 175//175
f 808//808 175//175 809//809
f 809//809 175//175 177//177
f 809//809 177//177 810//810
f 810//810 177//177 179//179
f 810//810 179//179 811//811
f 811//811 179//179 181//181
f 811//811 181//181 812//812
f 812//812 181//181 183//183
f 812//812 183//183 813//813
f 813//813 183//183 185//185
f 813//813 185//185 814//814
f 814//814 185//185 187//187
f 814//814 187//187 815//815
f 815//815 187//187 189//189
f 815//815 189//189 816//816
f 816//816 189//189 191//191
f 816//816 191//191 817//817
f 817//817 191//191 193//193
f 817//817 193//193 818//818
f 818//818 193//193 195//195
f 818//818 195//195 819//819
f 819//819 195//195 197//197
f 819//819 197//197 820//820
f 820//820 197//197 199//199
f 820//820 199//199 821//821
f 821//821 199//199 201//201
f 821//821 201//201 822//822
f 822//822 201//201 203//203
f 822//822 203//203 823//823
f 823//823 203//203 205//205
f 823//823 205//205 824//824
f 824//824 205//205 207//207
f 824//824 207//207 825//825
f 825//825 207//207 209//209
f 825//825 209//209 826//826
f 826//826 209//209 211//211
f 826//826 211//211 827//827
f 827//827 211//211 213//213
f 827//827 213//213 828//828
f 828//828 213//213 215//215
f 828//828 215//215 829//829
f 829//829 215//215 217//217
f 829//829 217//217 830//830
f 830//830 217//217 219//219
f 830//830 219//219 831//831
f 831//831 219//219 221//221
f 831//831 221//221 832//832
f 832//832 221//221 223//223
f 832//832 223//223 833//833
f 833//833 223//223 225//225
f 833//833 225//225 834//834
f 834//834 225//225 227//227
f 834//834 227//227 835//835
f 835//835 227//227 229//229
f 835//835 229//229 836//836
f 836//836 229//229 231//231
f 836//836 231//231 837//837
f 837//837 231//231 233//233
f 837//837 233//233 838//838
f 838//838 233//233 235//235
f 838//838 235//235 839//839
f 839//839 235//235 237//237
f 839//839 237//237 840//840
f 840//840 237//237 239//239
f 840//840 239//239 841//841
f 841//841 239//239 241//241
f 841//841 241//241 842//842
f 842//842 241//241 243//243
f 842//842 243//243 843//843
f 843//843 243//243 245//245
f 843//843 245//245 844//844
f 844//844 245//245 247//247
f 844//844 247//247 845//845
f 845//845 247//247 249//249
f 845//845 249//249 846//846
f 846//846 249//249 251//251
f 846//846 251//251 847//847
f 847//847 251//251 253//253
f 847//847 253//253 848//848
f 848//848 253//253 255//255
f 848//848 255//255 849//849
f 849//849 255//255 257//257
f 849//849 257//257 850//850
f 850//850 257//257 259//259
f 850//850 259//259 851//851
f 851//851 259//259 261//261
f 851//851 261//261 852//852
f 852//852 261//261 263//263
f 852//852 263//263 853//853
f 853//853 263//263 265//265
f 853//853 265//265 854//854
f 854//854 265//265 267//267
f 854//854 267//267 855//855
f 855//855 267//267 269//269
f 855//855 269//269 856//856
f 856//856 269//269 271//271
f 856//856 271//271 857//857
f 857//857 271//271 273//273
f 857//857 273//273 858//858
f 858//858 273//273 275//275
f 858//858 275//275 859//859
f 859//859 275//275 277//277
f 859//859 277//277 860//860
f 860//860 277//277 279//279
f 860//860 279//279 861//861
f 861//861 279//279 281//281
f 861//861 281//281 862//862
f 862//862 281//281 283//283
f 862//862 283//283 863//863
f 863//863 283//283 285//285
f 863//863 285//285 864//864
f 864//864 285//285 287//287
f 864//864 287//287 865//865
f 865//865 287//287 289//289
f 865//865 289//289 866//866
f 866//866 289//289 291//291
f 866//866 291//291 867//867
f 867//867 291//291 293//293
f 867//867 293//293 868//868
f 868//868 293//293 295//295
f 868//868 295//295 869//869
f 869//869 295//295 297//297
f 869//869 297//297 870//870
f 870//870 297//297 299//299
f 870//870 299//299 871//871
f 871//871 299//299 301//301
f 871//871 301//301 872//872
f 872//872 301//301 303//303
f 872//872 303//303 873//873
f 873//873 303//303 305//305
f 873//873 305//305 874//874
f 874//874 305//305 307//307
f 874//874 307//307 875//875
f 875//875 307//307 309//309
f 875//875 309//309 876//876
f 876//876 309//309 311//311
f 876//876 311//311 877//877
f 877//877 311//311 313//313
f 877//877 313//313 878//878
f 878//878 313//313 315//315
f 878//878 315//315 879//879
f 879//879 315//315 317//317
f 879//879 317//317 880//880
f 880//880 317//317 319//319
f 880//880 319//319 881//881
f 881//881 319//319 321//321
f 881//881 321//321 882//882
f 882//882 321//321 323//323
f 882//882 323//323 883//883
f 883//883 323//323 325//325
f 883//883 325//325 884//884
f 884//884 325//325 327//327
f 884//884 327//327 885//885
f 885//885 327//327 329//329
f 885//885 329//329 886//886
f 886//886 329//329 331//331
f 886//886 331//331 887//887
f 887//887 331//331 333//333
f 887//887 333//333 888//888
f 888//888 333//333 335//335
f 888//888 335//335 889//889
f 889//889 335//335 337//337
f 889//889 337//337 890//890
f 890//890 337//337 339//339
f 890//890 339//339 891//891
f 891//891 339//339 341//341
f 891//891 341//341 892//892
f 892//892 341//341 343//343
f 892//892 343//343 893//893
f 893//893 343//343 345//345
f 893//893 345//345 894//894
f 894//894 345//345 347//347
f 894//894 347//347 895//895
f 895//895 347//347 349//349
f 895//895 349//349 896//896
f 896//896 349//349 351//351
f 896//896 351//351 897//897
f 897//897 351//351 353//353
f 897//897 353//353 898//898
f 898//898 353//353 355//355
f 898//898 355//355 899//899
f 899//899 355//355 357//357
f 899//899 357//357 900//900
f 900//900 357//357 359//359
f 900//900 359//359 901//901
f 901//901 359//359 361//361
f 901//901 361//361 902//902
f 902//902 361//361 363//363
f 902//902 363//363 903//903
f 903//903 363//363 365//365
f 903//903 365//365 904//904
f 904//904 365//365 367//367
f 904//904 367//367 905//905
f 905//905 367//367 369//369
f 905//905 369//369 906//906
f 906//906 369//369 371//371
f 906//906 371//371 907//907
f 907//907 371//371 373//373
f 907//907 373//373 908//908
f 908//908 373//373 375//375
f 908//908 375//375 909//909
f 909//909 375//375 377//377
f 909//909 377//377 910//910
f 910//910 377//377 379//379
f 910//910 379//379 911//911
f 911//911 379//379 381//381
f 911//911 381//381 912//912
f 912//912 381//381 383//383
f 912//912 383//383 913//913
f 913//913 383//383 385//385
f 913//913 385//385 914//914
f 914//914 385//385 387//387
f 914//914 387//387 915//915
f 915//915 387//387 389//389
f 915//915 389//389 916//916
f 916//916 389//389 391//391
f 916//916 391//391 917//917
f 917//917 391//391 393//393
f 917//917 393//393 918//918
f 918//918 393//393 395//395
f 918//918 395//395 919//919
f 919//919 395//395 397//397
f 919//919 397//397 920//920
f 920//920 397//397 399//399
f 920//920 399//399 921//921
f 921//921 399//399 401//401
f 921//921 401//401 922//922
f 922//922 401//401 403//403
f 922//922 403//403 923//923
f 923//923 403//403 405//405
f 923//923 405//405 924//924
f 924//924 405//405 407//407
f 924//924 407//407 925//925
f 925//925 407//407 409//409
f 925//925 409//409 926//926
f 926//926 409//409 411//411
f 926//926 411//411 927//927
f 927//927 411//411 413//413
f 927//927 413//413 928//928
f 928//928 413//413 415//415
f 928//928 415//415 929//929
f 929//929 415//415 417//417
f 929//929 417//417 930//930
f 930//930 417//417 419//419
f 930//930 419//419 931//931
f 931//931 419//419 421//421
f 931//931 421//421 932//932
f 932//932 421//421 423//423
f 932//932 423//423 933//933
f 933//933 423//423 425//425
f 933//933 425//425 934//934
f 934//934 425//425 427//427
f 934//934 427//427 935//935
f 935//935 427//427 429//429
f 935//935 429//429 936//936
f 936//936 429//429 431//431
f 936//936 431//431 937//937
f 937//937 431//431 433//433
f 937//937 433//433 938//938
f 938//938 433//433 435//435
f 938//938 435//435 939//939
f 939//939 435//435 437//437
f 939//939 437//437 940//940
f 940//940 437//437 439//439
f 940//940 439//439 941//941
f 941//941 439//439 441//441
f 941//941 441//441 942//942
f 942//942 441//441 443//443
f 942//942 443//443 943//943
f 943//943 443//443 445//445
f 943//943 445//445 944//944
f 944//944 445//445 447//447
f 944//944 447//447 945//945
f 945//945 447//447 449//449
f 945//945 449//449 946//946
f 946//946 449//449 451//451
f 946//946 451//451 947//947
f 947//947 451//451 453//453
f 947//947 453//453 948//948
f 948//948 453//453 455//455
f 948//948 455//455 949//949
f 949//949 455//455 457//457
f 949//949 457//457 950//950
f 950//950 457//457 459//459
f 950//950 459//459 951//951
f 951//951 459//459 461//461
f 951//951 461//461 952//952
f 952//952 461//461 463//463
f 952//952 463//463 953//953
f 953//953 463//463 465//465
f 953//953 465//465 954//954
f 954//954 465//465 467//467
f 954//954 467//467 955//955
f 955//955 467//467 469//469
f 955//955 469//469 956//956
f 956//956 469//469 471//471
f 956//956 471//471 957//957
f 957//957 471//471 473//473
f 957//957 473//473 958//958
f 958//958 473//473 475//475
f 958//958 475//475 959//959
f 959//959 475//475 477//477
f 959//959 477//477 960//960
f 960//960 477//477 479//479
f 960//960 479//479 961//961
f 961//961 479//479 481//481
f 961//961 481//481 962//962
f 962//962 481//481 483//483
f 962//962 483//483 963//963
f 963//963 483//483 485//485
f 963//963 485//485 964//964
f 964//964 485//485 487//487
f 964//964 487//487 965//965
f 965//965 487//487 489//489
f 965//965 489//489 966//966
f 966//966 489//489 491//491
f 966//966 491//491 967//967
f 967//967 491//491 493//493
f 967//967 493//493 968//968
f 968//968 493//493 495//495
f 968//968 495//495 969//969
f 969//969 495//495 497//497
f 969//969 497//497 970//970
f 970//970 497//497 499//499
f 970//970 499//499 971//971
f 971//971 499//499 501//501
f 971//971 501//501 972//972
f 972//972 501//501 503//503
f 972//972 503//503 973//973
f 973//973 503//503 505//505
f 973//973 505//505 974//974
f 974//974 505//505 507//507
f 974//974 507//507 975//975
f 975//975 507//507 509//509
f 975//975 509//509 976//976
f 976//976 509//509 511//511
f 976//976 511//511 977//977
f 977//977 511//511 513//513
f 977//977 513//513 978//978
f 978//978 513//513 515//515
f 978//978 515//515 979//979
f 979//979 515//515 517//517
f 979//979 517//517 980//980
f 980//980 517//517 519//519
f 980//980 519//519 981//981
f 981//981 519//519 521//521
f 981//981 521//521 982//982
f 982//982 521//521 523//523
f 982//982 523//523 983//983
f 983//983 523//523 525//525
f 983//983 525//525 984//984
f 984//984 525//525 527//527
f 984//984 527//527 985//985
f 985//985 527//527 529//529
f 985//985 529//529 986//986
f 986//986 529//529 531//531
f 986//986 531//531 987//987
f 987//987 531//531 533//533
f 987//987 533//533 988//988
f 988//988 533//533 535//535
f 988//988 535//535 989//989
f 989//989 535//535 537//537
f 989//989 537//537 990//990
f 990//990 537//537 539//539
f 990//990 539//539 991//991
f 991//991 539//539 541//541
f 991//991 541//541 992//992
f 992//992 541//541 543//543
f 992//992 543//543 993//993
f 993//993 543//543 545//545
f 993//993 545//545 994//994
f 994//994 545//545 547//547
f 994//994 547//547 995//995
f 995//995 547//547 549//549
f 995//995 549//549 996//996
f 996//996 549//549 551//551
f 996//996 551//551 997//997
f 997//997 551//551 553//553
f 997//997 553//553 998//998
f 998//998 553//553 555//555
f 998//998 555//555 999//999
f 999//999 555//555 557//557
f 999//999 557//557 1000//1000
f 1000//1000 557//557 559//559
f 1000//1000 559//559 1001//1001
f 1001//1001 559//559 561//561
f 1001//1001 561//561 1002//1002
f 1002//1002 561//561 563//563
f 1002//1002 563//563 1003//1003
f 1003//1003 563//563 565//565
f 1003//1003 565//565 1004//1004
f 1004//1004 565//565 567//567
f 1004//1004 567//567 1005//1005
f 1005//1005 567//567 569//569
f 1005//1005 569//569 1006//1006
f 1006//1006 569//569 571//571
f 1006//1006 571//571 1007//1007
f 1007//1007 571//571 573//573
f 1007//1007 573//573 1008//1008
f 1008//1008 573//573 575//575
f 1008//1008 575//575 1009//1009
f 1009//1009 575//575 577//577
f 1009//1009 577//577 1010//1010
f 1010//1010 577//577 579//579
f 1010//1010 579//579 1011//1011
f 1011//1011 579//579 581//581
f 1011//1011 581//581 1012//1012
f 1012//1012 581//581 583//583
f 1012//1012 583//583 1013//1013
f 1013//1013 583//583 585//585
f 1013//1013 585//585 1014//1014
f 1014//1014 585//585 587//587
f 1014//1014 587//587 1015//1015
f 1015//1015 587//587 589//589
f 1015//1015 589//589 1016//1016
f 1016//1016 589//589 591//591
f 1016//1016 591//591 1017//1017
f 1017//1017 591//591 593//593
f 1017//1017 593//593 1018//1018
f 1018//1018 593//593 595//595
f 1018//1018 595//595 1019//1019
f 1019//1019 595//595 597//597
f 1019//1019 597//597 1020//1020
f 1020//1020 597//597 599//599
f 1020//1020 599//599 1021//1021
f 1021//1021 599//599 601//601
f 1021//1021 601//601 1022//1022
f 1022//1022 601//601 603//603
f 1022//1022 603//603 1023//1023
f 1023//1023 603//603 605//605
f 1023//1023 605//605 1024//1024
f 1024//1024 605//605 607//607
f 1024//1024 607//607 1025//1025
f 1025//1025 607//607 609//609
f 1025//1025 609//609 1026//1026
f 1026//1026 609//609 611//611
f 1026//1026 611//611 1027//1027
f 1027//1027 611//611 613//613
f 1027//1027 613//613 1028//1028
f 1028//1028 613//613 615//615
f 1028//1028 615//615 1029//1029
f 1029//1029 615//615 617//617
f 1029//1029 617//617 1030//1030
f 1030//1030 617//617 619//619
f 1030//1030 619//619 1031//1031
f 1031//1031 619//619 621//621
f 1031//1031 621//621 1032//1032
f 1032//1032 621//621 623//623
f 1032//1032 623//623 1033//1033
f 1033//1033 623//623 625//625
f 1033//1033 625//625 1034//1034
f 1034//1034 625//625 627//627
f 1034//1034 627//627 1035//1035
f 1035//1035 627//627 629//629
f 1035//1035 629//629 1036//1036
f 1036//1036 629//629 631//631
f 1036//1036 631//631 1037//1037
f 1037//1037 631//631 633//633
f 1037//1037 633//633 1038//1038
f 1038//1038 633//633 635//635
f 1038//1038 635//635 1039//1039
f 1039//1039 635//635 637//637
f 1039//1039 637//637 1040//1040
f 1040//1040 637//637 639//639
f 1040//1040 639//639 1041//1041
f 1041//1041 639//639 641//641
f 1041//1041 641//641 1042//1042
f 1042//1042 641//641 643//643
f 1042//1042 643//643 1043//1043
f 1043//1043 643//643 645//645
f 1043//1043 645//645 1044//1044
f 1044//1044 645//645 647//647
f 1044//1044 647//647 1045//1045
f 1045//1045 647//647 649//649
f 1045//1045 649//649 1046//1046
f 1046//1046 649//649 651//651
f 1046//1046 651//651 1047//1047
f 1047//1047 651//651 653//653
f 1047//1047 653//653 1048//1048
f 1048//1048 653//653 655//655
f 1048//1048 655//655 1049//1049
f 1049//1049 655//655 657//657
f 1049//1049 657//657 1050//1050
f 1050//1050 657//657 659//659
f 1050//1050 659//659 1051//1051
f 1051//1051 659//659 661//661
f 1051//1051 661//661 1052//1052
f 1052//1052 661//661 663//663
f 1052//1052 663//663 1053//1053
f 1053//1053 663//663 665//665
f 1053//1053 665//665 1054//1054
f 1054//1054 665//665 667//667
f 1054//1054 667//667 1055//1055
f 1055//1055 667//667 669//669
f 1055//1055 669//669 1056//1056
f 1056//1056 669//669 671//671
f 1056//1056 671//671 1057//1057
f 1057//1057 671//671 673//673
f 1057//1057 673//673 1058//1058
f 1058//1058 673//673 675//675
f 1058//1058 675//675 1059//1059
f 1059//1059 675//675 677//677
f 1059//1059 677//677 1060//1060
f 1060//1060 677//677 679//679
f 1060//1060 679//679 1061//1061
f 1061//1061 679//679 681//681
f 1061//1061 681//681 1062//1062
f 1062//1062 681//681 683//683
f 1062//1062 683//683 1063//1063
f 1063//1063 683//683 685//685
f 1063//1063 685//685 1064//1064
f 1064//1064 685//685 687//687
f 1064//1064 687//687 1065//1065
f 1065//1065 687//687 689//689
f 1065//1065 689//689 1066//1066
f 1066//1066 689//689 691//691
f 1066//1066 691//691 1067//1067
f 1067//1067 691//691 693//693
f 1067//1067 693//693 1068//1068
f 1068//1068 693//693 695//695
f 1068//1068 695//695 1069//1069
f 1069//1069 695//695 697//697
f 1069//1069 697//697 1070//1070
f 1070//1070 697//697 699//699
f 1070//1070 699//699 1071//1071
f 1071//1071 699//699 701//701
f 1071//1071 701//701 1072//1072
f 1072//1072 701//701 703//703
f 1072//1072 703//703 1073//1073
f 1073//1073 703//703 705//705
f 1073//1073 705//705 1074//1074
f 1074//1074 705//705 707//707
f 1074//1074 707//707 1075//1075
f 1075//1075 707//707 709//709
f 1075//1075 709//709 1076//1076
f 1076//1076 709//709 711//711
f 1076//1076 711//711 1077//1077
f 1077//1077 711//711 713//713
f 1077//1077 713//713 1078//1078
f 1078//1078 713//713 715//715
f 1078//1078 715//715 1079//1079
f 1079//1079 715//715 717//717
f 1079//1079 717//717 1080//1080
f 1080//1080 717//717 719//719
f 1081//1081 721//721 1082//1082
f 1082//1082 721//721 722//722
f 1082//1082 722//722 1083//1083
f 1083//1083 722//722 723//723
f 1083//1083 723//723 1084//1084
f 1084//1084 723//723 724//724
f 1084//1084 724//724 1085//1085
f 1085//1085 724//724 725//725
f 1085//1085 725//725 1086//1086
f 1086//1086 725//725 726//726
f 1086//1086 726//726 1087//1087
f 1087//1087 726//726 727//727
f 1087//1087 727//727 1088//1088
f 1088//1088 727//727 728//728
f 1088//1088 728//728 1089//1089
f 1089//1089 728//728 729//729
f 1089//1089 729//729 1090//1090
f 1090//1090 729//729 730//730
f 1090//1090 730//730 1091//1091
f 1091//1091 730//730 731//731
f 1091//1091 731//731 1092//1092
f 1092//1092 731//731 732//732
f 1092//1092 732//732 1093//1093
f 1093//1093 732//732 733//733
f 1093//1093 733//733 1094//1094
f 1094//1094 733//733 734//734
f 1094//1094 734//734 1095//1095
f 1095//1095 734//734 735//735
f 1095//1095 735//735 1096//1096
f 1096//1096 735//735 736//736
f 1096//1096 736//736 1097//1097
f 1097//1097 736//736 737//737
f 1097//1097 737//737 1098//1098
f 1098//1098 737//737 738//738
f 1098//1098 738//738 1099//1099
f 1099//1099 738//738 739//739
f 1099//1099 739//739 1100//1100
f 1100//1100 739//739 740//740
f 1100//1100 740//740 1101//1101
f 1101//1101 740//740 741//741
f 1101//1101 741//741 1102//1102
f 1102//1102 741//741 742//742
f 1102//1102 742//742 1103//1103
f 1103//1103 742//742 743//743
f 1103//1103 743//743 1104//1104
f 1104//1104 743//743 744//744
f 1104//1104 744//744 1105//1105
f 1105//1105 744//744 745//745
f 1105//1105 745//745 1106//1106
f 1106//1106 745//745 746//746
f 1106//1106 746//746 1107//1107
f 1107//1107 746//746 747//747
f 1107//1107 747//747 1108//1108
f 1108//1108 747//747 748//748
f 1108//1108 748//748 1109//1109
f 1109//1109 748//748 749//749
f 1109//1109 749//749 1110//1110
f 1110//1110 749//749 750//750
f 1110//1110 750//750 1111//1111
f 1111//1111 750//750 751//751
f 1111//1111 751//751 1112//1112
f 1112//1112 751//751 752//752
f 1112//1112 752//752 1113//1113
f 1113//1113 752//752 753//753
f 1113//1113 753//753 1114//1114
f 1114//1114 753//753 754//754
f 1114//1114 754//754 1115//1115
f 1115//1115 754//754 755//755
f 1115//1115 755//755 1116//1116
f 1116//1116 755//755 756//756
f 1116//1116 756//756 1117//1117
f 1117//1117 756//756 757//757
f 1117//1117 757//757 1118//1118
f 1118//1118 757//757 758//758
f 1118//1118 758//758 1119//1119
f 1119//1119 758//758 759//759
f 1119//1119 759//759 1120//1120
f 1120//1120 759//759 760//760
f 1120//1120 760//760 1121//1121
f 1121//1121 760//760 761//761
f 1121//1121 761//761 1122//1122
f 1122//1122 761//761 762//762
f 1122//1122 762//762 1123//1123
f 1123//1123 762//762 763//763
f 1123//1123 763//763 1124//1124
f 1124//1124 763//763 764//764
f 1124//1124 764//764 1125//1125
f 1125//1125 764//764 765//765
f 1125//1125 765//765 1126//1126
f 1126//1126 765//765 766//766
f 1126//1126 766//766 1127//1127
f 1127//1127 766//766 767//767
f 1127//1127 767//767 1128//1128
f 1128//1128 767//767 768//768
f 1128//1128 768//768 1129//1129
f 1129//1129 768//768 769//769
f 1129//1129 769//769 1130//1130
f 1130//1130 769//769 770//770
f 1130//1130 770//770 1131//1131
f 1131//1131 770//770 771//771
f 1131//1131 771//771 1132//1132
f 1132//1132 771//771 772//772
f 1132//1132 772//772 1133//1133
f 1133//1133 772//772 773//773
f 1133//1133 773//773 1134//1134
f 1134//1134 773//773 774//774
f 1134//1134 774//774 1135//1135
f 1135//1135 774//774 775//775
f 1135//1135 775//775 1136//1136
f 1136//1136 775//775 776//776
f 1136//1136 776//776 1137//1137
f 1137//1137 776//776 777//777
f 1137//1137 777//777 1138//1138
f 1138//1138 777//777 778//778
f 1138//1138 778//778 1139//1139
f 1139//1139 778//778 779//779
f 1139//1139 779//779 1140//1140
f 1140//1140 779//779 780//780
f 1140//1140 780//780 1141//1141
f 1141//1141 780//780 781//781
f 1141//1141 781//781 1142//1142
f 1142//1142 781//781 782//782
f 1142//1142 782//782 1143//1143
f 1143//1143 782//782 783//783
f 1143//1143 783//783 1144//1144
f 1144//1144 783//783 784//784
f 1144//1144 784//784 1145//1145
f 1145//1145 784//784 785//785
f 1145//1145 785//785 1146//1146
f 1146//1146 785//785 786//786
f 1146//1146 786//786 1147//1147
f 1147//1147 786//786 787//787
f 1147//1147 787//787 1148//1148
f 1148//1148 787//787 788//788
f 1148//1148 788//788 1149//1149
f 1149//1149 788//788 789//789
f 1149//1149 789//789 1150//1150
f 1150//1150 789//789 790//790
f 1150//1150 790//790 1151//1151
f 1151//1151 790//790 791//791
f 1151//1151 791//791 1152//1152
f 1152//1152 791//791 792//792
f 1152//1152 792//792 1153//1153
f 1153//1153 792//792 793//793
f 1153//1153 793//793 1154//1154
f 1154//1154 793//793 794//794
f 1154//1154 794//794 1155//1155
f 1155//1155 794//794 795//795
f 1155//1155 795//795 1156//1156
f 1156//1156 795//795 796//796
f 1156//1156 796//796 1157//1157
f 1157//1157 796//796 797//797
f 1157//1157 797//797 1158//1158
f 1158//1158 797//797 798//798
f 1158//1158 798//798 1159//1159
f 1159//1159 798//798 799//799
f 1159//1159 799//799 1160//1160
f 1160//1160 799//799 800//800
f 1160//1160 800//800 1161//1161
f 1161//1161 800//800 801//801
f 1161//1161 801//801 1162//1162
f 1162//1162 801//801 802//802
f 1162//1162 802//802 1163//1163
f 1163//1163 802//802 803//803
f 1163//1163 803//803 1164//1164
f 1164//1164 803//803 804//804
f 1164//1164 804//804 1165//1165
f 1165//1165 804//804 805//805
f 1165//1165 805//805 1166//1166
f 1166//1166 805//805 806//806
f 1166//1166 806//806 1167//1167
f 1167//1167 806//806 807//807
f 1167//1167 807//807 1168//1168
f 1168//1168 807//807 808//808
f 1168//1168 808//808 1169//1169
f 1169//1169 808//808 809//809
f 1169//1169 809//809 1170//1170
f 1170//1170 809//809 810//810
f 1170//1170 810//810 1171//1171
f 1171//1171 810//810 811//811
f 1171//1171 811//811 1172//1172
f 1172//1172 811//811 812//812
f 1172//1172 812//812 1173//1173
f 1173//1173 812//812 813//813
f 1173//1173 813//813 1174//1174
f 1174//1174 813//813 814//814
f 1174//1174 814//814 1175//1175
f 1175//1175 814//814 815//815
f 1175//1175 815//815 1176//1176
f 1176//1176 815//815 816//816
f 1176//1176 816//816 1177//1177
f 1177//1177 816//816 817//817
f 1177//1177 817//817 1178//1178
f 1178//1178 817//817 818//818
f 1178//1178 818//818 1179//1179
f 1179//1179 818//818 819//819
f 1179//1179 819//819 1180//1180
f 1180//1180 819//819 820//820
f 1180//1180 820//820 1181//1181
f 1181//1181 820//820 821//821
f 1181//1181 821//821 1182//1182
f 1182//1182 821//821 822//822
f 1182//1182 822//822 1183//1183
f 1183//1183 822//822 823//823
f 1183//1183 823//823 1184//1184
f 1184//1184 823//823 824//824
f 1184//1184 824//824 1185//1185
f 1185//1185 824//824 825//825
f 1185//1185 825//825 1186//1186
f 1186//1186 825//825 826//826
f 1186//1186 826//826 1187//1187
f 1187//1187 826//826 827//827
f 1187//1187 827//827 1188//1188
f 1188//1188 827//827 828//828
f 1188//1188 828//828 1189//1189
f 1189//1189 828//828 829//829
f 1189//1189 829//829 1190//1190
f 1190//1190 829//829 830//830
f 1190//1190 830//830 1191//1191
f 1191//1191 830//830 831//831
f 1191//1191 831//831 1192//1192
f 1192//1192 831//831 832//832
f 1192//1192 832//832 1193//1193
f 1193//1193 832//832 833//833
f 1193//1193 833//833 1194//1194
f 1194//1194 833//833 834//834
f 1194//1194 834//834 1195//1195
f 1195//1195 834//834 835//835
f 1195//1195 835//835 1196//1196
f 1196//1196 835//835 836//836
f 1196//1196 836//836 1197//1197
f 1197//1197 836//836 837//837
f 1197//1197 837//837 1198//1198
f 1198//1198 837//837 838//838
f 1198//1198 838//838 1199//1199
f 1199//1199 838//838 839//839
f 1199//1199 839//839 1200//1200
f 1200//1200 839//839 840//840
f 1200//1200 840//840 1201//1201
f 1201//1201 840//840 841//841
f 1201//1201 841//841 1202//1202
f 1202//1202 841//841 842//842
f 1202//1202 842//842 1203//1203
f 1203//1203 842//842 843//843
f 1203//1203 843//843 1204//1204
f 1204//1204 843//843 844//844
f 1204//1204 844//844 1205//1205
f 1205//1205 844//844 845//845
f 1205//1205 845//845 1206//1206
f 1206//1206 845//845 846//846
f 1206//1206 846//846 1207//1207
f 1207//1207 846//846 847//847
f 1207//1207 847//847 1208//1208
f 1208//1208 847//847 848//848
f 1208//1208 848//848 1209//1209
f 1209//1209 848//848 849//849
f 1209//1209 849//849 1210//1210
f 1210//1210 849//849 850//850
f 1210//1210 850//850 1211//1211
f 1211//1211 850//850 851//851
f 1211//1211 851//851 1212//1212
f 1212//1212 851//851 852//852
f 1212//1212 852//852 1213//1213
f 1213//1213 852//852 853//853
f 1213//1213 853//853 1214//1214
f 1214//1214 853//853 854//854
f 1214//1214 854//854 1215//1215
f 1215//1215 854//854 855//855
f 1215//1215 855//855 1216//1216
f 1216//1216 855//855 856//856
f 1216//1216 856//856 1217//1217
f 1217//1217 856//856 857//857
f 1217//1217 857//857 1218//1218
f 1218//1218 857//857 858//858
f 1218//1218 858//858 1219//1219
f 1219//1219 858//858 859//859
f 1219//1219 859//859 1220//1220
f 1220//1220 859//859 860//860
f 1220//1220 860//860 1221//1221
f 1221//1221 860//860 861//861
f 1221//1221 861//861 1222//1222
f 1222//1222 861//861 862//862
f 1222//1222 862//862 1223//1223
f 1223//1223 862//862 863//863
f 1223//1223 863//863 1224//1224
f 1224//1224 863//863 864//864
f 1224//1224 864//864 1225//1225
f 1225//1225 864//864 865//865
f 1225//1225 865//865 1226//1226
f 1226//1226 865//865 866//866
f 1226//1226 866//866 1227//1227
f 1227//1227 866//866 867//867
f 1227//1227 867//867 1228//1228
f 1228//1228 867//867 868//868
f 1228//1228 868//868 1229//1229
f 1229//1229 868//868 869//869
f 1229//1229 869//869 1230//1230
f 1230//1230 869//869 870//870
f 1230//1230 870//870 1231//1231
f 1231//1231 870//870 871//871
f 1231//1231 871//871 1232//1232
f 1232//1232 871//871 872//872
f 1232//1232 872//872 1233//1233
f 1233//1233 872//872 873//873
f 1233//1233 873//873 1234//1234
f 1234//1234 873//873 874//874
f 1234//1234 874//874 1235//1235
f 1235//1235 874//874 875//875
f 1235//1235 875//875 1236//1236
f 1236//1236 875//875 876//876
f 1236//1236 876//876 1237//1237
f 1237//1237 876//876 877//877
f 1237//1237 877//877 1238//1238
f 1238//1238 877//877 878//878
f 1238//1238 878//878 1239//1239
f 1239//1239 878//878 879//879
f 1239//1239 879//879 1240//1240
f 1240//1240 879//879 880//880
f 1240//1240 880//880 1241//1241
f 1241//1241 880//880 881//881
f 1241//1241 881//881 1242//1242
f 1242//1242 881//881 882//882
f 1242//1242 882//882 1243//1243
f 1243//1243 882//882 883//883
f 1243//1243 883//883 1244//1244
f 1244//1244 883//883 884//884
f 1244//1244 884//884 1245//1245
f 1245//1245 884//884 885//885
f 1245//1245 885//885 1246//1246
f 1246//1246 885//885 886//886
f 1246//1246 886//886 1247//1247
f 1247//1247 886//886 887//887
f 1247//1247 887//887 1248//1248
f 1248//1248 887//887 888//888
f 1248//1248 888//888 1249//1249
f 1249//1249 888//888 889//889
f 1249//1249 889//889 1250//1250
f 1250//1250 889//889 890//890
f 1250//1250 890//890 1251//1251
f 1251//1251 890//890 891//891
f 1251//1251 891//891 1252//1252
f 1252//1252 891//891 892//892
f 1252//1252 892//892 1253//1253
f 1253//1253 892//892 893//893
f 1253//1253 893//893 1254//1254
f 1254//1254 893//893 894//894
f 1254//1254 894//894 1255//1255
f 1255//1255 894//894 895//895
f 1255//1255 895//895 1256//1256
f 1256//1256 895//895 896//896
f 1256//1256 896//896 1257//1257
f 1257//1257 896//896 897//897
f 1257//1257 897//897 1258//1258
f 1258//1258 897//897 898//898
f 1258//1258 898//898 1259//1259
f 1259//1259 898//898 899//899
f 1259//1259 899//899 1260//1260
f 1260//1260 899//899 900//900
f 1260//1260 900//900 1261//1261
f 1261//1261 900//900 901//901
f 1261//1261 901//901 1262//1262
f 1262//1262 901//901 902//902
f 1262//1262 902//902 1263//1263
f 1263//1263 902//902 903//903
f 1263//1263 903//903 1264//1264
f 1264//1264 903//903 904//904
f 1264//1264 904//904 1265//1265
f 1265//1265 904//904 905//905
f 1265//1265 905//905 1266//1266
f 1266//1266 905//905 906//906
f 1266//1266 906//906 1267//1267
f 1267//1267 906//906 907//907
f 1267//1267 907//907 1268//1268
f 1268//1268 907//907 908//908
f 1268//1268 908//908 1269//1269
f 1269//1269 908//908 909//909
f 1269//1269 909//909 1270//1270
f 1270//1270 909//909 910//910
f 1270//1270 910//910 1271//1271
f 1271//1271 910//910 911//911
f 1271//1271 911//911 1272//1272
f 1272//1272 911//911 912//912
f 1272//1272 912//912 1273//1273
f 1273//1273 912//912 913//913
f 1273//1273 913//913 1274//1274
f 1274//1274 913//913 914//914
f 1274//1274 914//914 1275//1275
f 1275//1275 914//914 915//915
f 1275//1275 915//915 1276//1276
f 1276//1276 915//915 916//916
f 1276//1276 916//916 1277//1277
f 1277//1277 916//916 917//917
f 1277//1277 917//917 1278//1278
f 1278//1278 917//917 918//918
f 1278//1278 918//918 1279//1279
f 1279//1279 918//918 919//919
f 1279//1279 919//919 1280//1280
f 1280//1280 919//919 920//920
f 1280//1280 920//920 1281//1281
f 1281//1281 920//920 921//921
f 1281//1281 921//921 1282//1282
f 1282//1282 921//921 922//922
f 1282//1282 922//922 1283//1283
f 1283//1283 922//922 923//923
f 1283//1283 923//923 1284//1284
f 1284//1284 923//923 924//924
f 1284//1284 924//924 1285//1285
f 1285//1285 924//924 925//925
f 1285//1285 925//925 1286//1286
f 1286//1286 925//925 926//926
f 1286//1286 926//926 1287//1287
f 1287//1287 926//926 927//927
f 1287//1287 927//927 1288//1288
f 1288//1288 927//927 928//928
f 1288//1288 928//928 1289//1289
f 1289//1289 928//928 929//929
f 1289//1289 929//929 1290//1290
f 1290//1290 929//929 930//930
f 1290//1290 930//930 1291//1291
f 1291//1291 930//930 931//931
f 1291//1291 931//931 1292//1292
f 1292//1292 931//931 932//932
f 1292//1292 932//932 1293//1293
f 1293//1293 932//932 933//933
f 1293//1293 933//933 1294//1294
f 1294//1294 933//933 934//934
f 1294//1294 934//934 1295//1295
f 1295//1295 934//934 935//935
f 1295//1295 935//935 1296//1296
f 1296//1296 935//935 936//936
f 1296//1296 936//936 1297//1297
f 1297//1297 936//936 937//937
f 1297//1297 937//937 1298//1298
f 1298//1298 937//937 938//938
f 1298//1298 938//938 1299//1299
f 1299//1299 938//938 939//939
f 1299//1299 939//939 1300//1300
f 1300//1300 939//939 940//940
f 1300//1300 940//940 1301//1301
f 1301//1301 940//940 941//941
f 1301//1301 941//941 1302//1302
f 1302//1302 941//941 942//942
f 1302//1302 942//942 1303//1303
f 1303//1303 942//942 943//943
f 1303//1303 943//943 1304//1304
f 1304//1304 943//943 944//944
f 1304//1304 944//944 1305//1305
f 1305//1305 944//944 945//945
f 1305//1305 945//945 1306//1306
f 1306//1306 945//945 946//946
f 1306//1306 946//946 1307//1307
f 1307//1307 946//946 947//947
f 1307//1307 947//947 1308//1308
f 1308//1308 947//947 948//948
f 1308//1308 948//948 1309//1309
f 1309//1309 948//948 949//949
f 1309//1309 949//949 1310//1310
f 1310//1310 949//949 950//950
f 1310//1310 950//950 1311//1311
f 1311//1311 950//950 951//951
f 1311//1311 951//951 1312//1312
f 1312//1312 951//951 952//952
f 1312//1312 952//952 1313//1313
f 1313//1313 952//952 953//953
f 1313//1313 953//953 1314//1314
f 1314//1314 953//953 954//954
f 1314//1314 954//954 1315//1315
f 1315//1315 954//954 955//955
f 1315//1315 955//955 1316//1316
f 1316//1316 955//955 956//956
f 1316//1316 956//956 1317//1317
f 1317//1317 956//956 957//957
f 1317//1317 957//957 1318//1318
f 1318//1318 957//957 958//958
f 1318//1318 958//958 1319//1319
f 1319//1319 958//958 959//959
f 1319//1319 959//959 1320//1320
f 1320//1320 959//959 960//960
f 1320//1320 960//960 1321//1321
f 1321//1321 960//960 961//961
f 1321//1321 961//961 1322//1322
f 1322//1322 961//961 962//962
f 1322//1322 962//962 1323//1323
f 1323//1323 962//962 963//963
f 1323//1323 963//963 1324//1324
f 1324//1324 963//963 964//964
f 1324//1324 964//964 1325//1325
f 1325//1325 964//964 965//965
f 1325//1325 965//965 1326//1326
f 1326//1326 965//965 966//966
f 1326//1326 966//966 1327//1327
f 1327//1327 966//966 967//967
f 1327//1327 967//967 1328//1328
f 1328//1328 967//967 968//968
f 1328//1328 968//968 1329//1329
f 1329//1329 968//968 969//969
f 1329//1329 969//969 1330//1330
f 1330//1330 969//969 970//970
f 1330//1330 970//970 1331//1331
f 1331//1331 970//970 971//971
f 1331//1331 971//971 1332//1332
f 1332//1332 971//971 972//972
f 1332//1332 972//972 1333//1333
f 1333//1333 972//972 973//973
f 1333//1333 973//973 1334//1334
f 1334//1334 973//973 974//974
f 1334//1334 974//974 1335//1335
f 1335//1335 974//974 975//975
f 1335//1335 975//975 1336//1336
f 1336//1336 975//975 976//976
f 1336//1336 976//976 1337//1337
f 1337//1337 976//976 977//977
f 1337//1337 977//977 1338//1338
f 1338//1338 977//977 978//978
f 1338//1338 978//978 1339//1339
f 1339//1339 978//978 979//979
f 1339//1339 979//979 1340//1340
f 1340//1340 979//979 980//980
f 1340//1340 980//980 1341//1341
f 1341//1341 980//980 981//981
f 1341//1341 981//981 1342//1342
f 1342//1342 981//981 982//982
f 1342//1342 982//982 1343//1343
f 1343//1343 982//982 983//983
f 1343//1343 983//983 1344//1344
f 1344//1344 983//983 984//984
f 1344//1344 984//984 1345//1345
f 1345//1345 984//984 985//985
f 1345//1345 985//985 1346//1346
f 1346//1346 985//985 986//986
f 1346//1346 986//986 1347//1347
f 1347//1347 986//986 987//987
f 1347//1347 987//987 1348//1348
f 1348//1348 987//987 988//988
f 1348//1348 988//988 1349//1349
f 1349//1349 988//988 989//989
f 1349//1349 989//989 1350//1350
f 1350//1350 989//989 990//990
f 1350//1350 990//990 1351//1351
f 1351//1351 990//990 991//991
f 1351//1351 991//991 1352//1352
f 1352//1352 991//991 992//992
f 1352//1352 992//992 1353//1353
f 1353//1353 992//992 993//993
f 1353//1353 993//993 1354//1354
f 1354//1354 993//993 994//994
f 1354//1354 994//994 1355//1355
f 1355//1355 994//994 995//995
f 1355//1355 995//995 1356//1356
f 1356//1356 995//995 996//996
f 1356//1356 996//996 1357//1357
f 1357//1357 996//996 997//997
f 1357//1357 997//997 1358//1358
f 1358//1358 997//997 998//998
f 1358//1358 998//998 1359//1359
f 1359//1359 998//998 999//999
f 1359//1359 999//999 1360//1360
f 1360//1360 999//999 1000//1000
f 1360//1360 1000//1000 1361//1361
f 1361//1361 1000//1000 1001//1001
f 1361//1361 1001//1001 1362//1362
f 1362//1362 1001//1001 1002//1002
f 1362//1362 1002//1002 1363//1363
f 1363//1363 1002//1002 1003//1003
f 1363//1363 1003//1003 1364//1364
f 1364//1364 1003//1003 1004//1004
f 1364//1364 1004//1004 1365//1365
f 1365//1365 1004//1004 1005//1005
f 1365//1365 1005//1005 1366//1366
f 1366//1366 1005//1005 1006//1006
f 1366//1366 1006//1006 1367//1367
f 1367//1367 1006//1006 1007//1007
f 1367//1367 1007//1007 1368//1368
f 1368//1368 1007//1007 1008//1008
f 1368//1368 1008//1008 1369//1369
f 1369//1369 1008//1008 1009//1009
f 1369//1369 1009//1009 1370//1370
f 1370//1370 1009//1009 1010//1010
f 1370//1370 1010//1010 1371//1371
f 1371//1371 1010//1010 1011//1011
f 1371//1371 1011//1011 1372//1372
f 1372//1372 1011//1011 1012//1012
f 1372//1372 1012//1012 1373//1373
f 1373//1373 1012//1012 1013//1013
f 1373//1373 1013//1013 1374//1374
f 1374//1374 1013//1013 1014//1014
f 1374//1374 1014//1014 1375//1375
f 1375//1375 1014//1014 1015//1015
f 1375//1375 1015//1015 1376//1376
f 1376//1376 1015//1015 1016//1016
f 1376//1376 1016//1016 1377//1377
f 1377//1377 1016//1016 1017//1017
f 1377//1377 1017//1017 1378//1378
f 1378//1378 1017//1017 1018//1018
f 1378//1378 1018//1018 1379//1379
f 1379//1379 1018//1018 1019//1019
f 1379//1379 1019//1019 1380//1380
f 1380//1380 1019//1019 1020//1020
f 1380//1380 1020//1020 1381//1381
f 1381//1381 1020//1020 1021//1021
f 1381//1381 1021//1021 1382//1382
f 1382//1382 1021//1021 1022//1022
f 1382//1382 1022//1022 1383//1383
f 1383//1383 1022//1022 1023//1023
f 1383//1383 1023//1023 1384//1384
f 1384//1384 1023//1023 1024//1024
f 1384//1384 1024//1024 1385//1385
f 1385//1385 1024//1024 1025//1025
f 1385//1385 1025//1025 1386//1386
f 1386//1386 1025//1025 1026//1026
f 1386//1386 1026//1026 1387//1387
f 1387//1387 1026//1026 1027//1027
f 1387//1387 1027//1027 1388//1388
f 1388//1388 1027//1027 1028//1028
f 1388//1388 1028//1028 1389//1389
f 1389//1389 1028//1028 1029//1029
f 1389//1389 1029//1029 1390//1390
f 1390//1390 1029//1029 1030//1030
f 1390//1390 1030//1030 1391//1391
f 1391//1391 1030//1030 1031//1031
f 1391//1391 1031//1031 1392//1392
f 1392//1392 1031//1031 1032//1032
f 1392//1392 1032//1032 1393//1393
f 1393//1393 1032//1032 1033//1033
f 1393//1393 1033//1033 1394//1394
f 1394//1394 1033//1033 1034//1034
f 1394//1394 1034//1034 1395//1395
f 1395//1395 1034//1034 1035//1035
f 1395//1395 1035//1035 1396//1396
f 1396//1396 1035//1035 1036//1036
f 1396//1396 1036//1036 1397//1397
f 1397//1397 1036//1036 1037//1037
f 1397//1397 1037//1037 1398//1398
f 1398//1398 1037//1037 1038//1038
f 1398//1398 1038//1038 1399//1399
f 1399//1399 1038//1038 1039//1039
f 1399//1399 1039//1039 1400//1400
f 1400//1400 1039//1039 1040//1040
f 1400//1400 1040//1040 1401//1401
f 1401//1401 1040//1040 1041//1041
f 1401//1401 1041//1041 1402//1402
f 1402//1402 1041//1041 1042//1042
f 1402//1402 1042//1042 1403//1403
f 1403//1403 1042//1042 1043//1043
f 1403//1403 1043//1043 1404//1404
f 1404//1404 1043//1043 1044//1044
f 1404//1404 1044//1044 1405//1405
f 1405//1405 1044//1044 1045//1045
f 1405//1405 1045//1045 1406//1406
f 1406//1406 1045//1045 1046//1046
f 1406//1406 1046//1046 1407//1407
f 1407//1407 1046//1046 1047//1047
f 1407//1407 1047//1047 1408//1408
f 1408//1408 1047//1047 1048//1048
f 1408//1408 1048//1048 1409//1409
f 1409//1409 1048//1048 1049//1049
f 1409//1409 1049//1049 1410//1410
f 1410//1410 1049//1049 1050//1050
f 1410//1410 1050//1050 1411//1411
f 1411//1411 1050//1050 1051//1051
f 1411//1411 1051//1051 1412//1412
f 1412//1412 1051//1051 1052//1052
f 1412//1412 1052//1052 1413//1413
f 1413//1413 1052//1052 1053//1053
f 1413//1413 1053//1053 1414//1414
f 1414//1414 1053//1053 1054//1054
f 1414//1414 1054//1054 1415//1415
f 1415//1415 1054//1054 1055//1055
f 1415//1415 1055//1055 1416//1416
f 1416//1416 1055//1055 1056//1056
f 1416//1416 1056//1056 1417//1417
f 1417//1417 1056//1056 1057//1057
f 1417//1417 1057//1057 1418//1418
f 1418//1418 1057//1057 1058//1058
f 1418//1418 1058//1058 1419//1419
f 1419//1419 1058//1058 1059//1059
f 1419//1419 1059//1059 1420//1420
f 1420//1420 1059//1059 1060//1060
f 1420//1420 1060//1060 1421//1421
f 1421//1421 1060//1060 1061//1061
f 1421//1421 1061//1061 1422//1422
f 1422//1422 1061//1061 1062//1062
f 1422//1422 1062//1062 1423//1423
f 1423//1423 1062//1062 1063//1063
f 1423//1423 1063//1063 1424//1424
f 1424//1424 1063//1063 1064//1064
f 1424//1424 1064//1064 1425//1425
f 1425//1425 1064//1064 1065//1065
f 1425//1425 1065//1065 1426//1426
f 1426//1426 1065//1065 1066//1066
f 1426//1426 1066//1066 1427//1427
f 1427//1427 1066//1066 1067//1067
f 1427//1427 1067//1067 1428//1428
f 1428//1428 1067//1067 1068//1068
f 1428//1428 1068//1068 1429//1429
f 1429//1429 1068//1068 1069//1069
f 1429//1429 1069//1069 1430//1430
f 1430//1430 1069//1069 1070//1070
f 1430//1430 1070//1070 1431//1431
f 1431//1431 1070//1070 1071//1071
f 1431//1431 1071//1071 1432//1432
f 1432//1432 1071//1071 1072//1072
f 1432//1432 1072//1072 1433//1433
f 1433//1433 1072//1072 1073//1073
f 1433//1433 1073//1073 1434//1434
f 1434//1434 1073//1073 1074//1074
f 1434//1434 1074//1074 1435//1435
f 1435//1435 1074//1074 1075//1075
f 1435//1435 1075//1075 1436//1436
f 1436//1436 1075//1075 1076//1076
f 1436//1436 1076//1076 1437//1437
f 1437//1437 1076//1076 1077//1077
f 1437//1437 1077//1077 1438//1438
f 1438//1438 1077//1077 1078//1078
f 1438//1438 1078//1078 1439//1439
f 1439//1439 1078//1078 1079//1079
f 1439//1439 1079//1079 1440//1440
f 1440//1440 1079//1079 1080//1080
f 1441//1441 1081//1081 1442//1442
f 1442//1442 1081//1081 1082//1082
f 1442//1442 1082//1082 1443//1443
f 1443//1443 1082//1082 1083//1083
f 1443//1443 1083//1083 1444//1444
f 1444//1444 1083//1083 1084//1084
f 1444//1444 1084//1084 1445//1445
f 1445//1445 1084//1084 1085//1085
f 1445//1445 1085//1085 1446//1446
f 1446//1446 1085//1085 1086//1086
f 1446//1446 1086//1086 1447//1447
f 1447//1447 1086//1086 1087//1087
f 1447//1447 1087//1087 1448//1448
f 1448//1448 1087//1087 1088//1088
f 1448//1448 1088//1088 1449//1449
f 1449//1449 1088//1088 1089//1089
f 1449//1449 1089//1089 1450//1450
f 1450//1450 1089//1089 1090//1090
f 1450//1450 1090//1090 1451//1451
f 1451//1451 1090//1090 1091//1091
f 1451//1451 1091//1091 1452//1452
f 1452//1452 1091//1091 1092//1092
f 1452//1452 1092//1092 1453//1453
f 1453//1453 1092//1092 1093//1093
f 1453//1453 1093//1093 1454//1454
f 1454//1454 1093//1093 1094//1094
f 1454//1454 1094//1094 1455//1455
f 1455//1455 1094//1094 1095//1095
f 1455//1455 1095//1095 1456//1456
f 1456//1456 1095//1095 1096//1096
f 1456//1456 1096//1096 1457//1457
f 1457//1457 1096//1096 1097//1097
f 1457//1457 1097//1097 1458//1458
f 1458//1458 1097//1097 1098//1098
f 1458//1458 1098//1098 1459//1459
f 1459//1459 1098//1098 1099//1099
f 1459//1459 1099//1099 1460//1460
f 1460//1460 1099//1099 1100//1100
f 1460//1460 1100//1100 1461//1461
f 1461//1461 1100//1100 1101//1101
f 1461//1461 1101//1101 1462//1462
f 1462//1462 1101//1101 1102//1102
f 1462//1462 1102//1102 1463//1463
f 1463//1463 1102//1102 1103//1103
f 1463//1463 1103//1103 1464//1464
f 1464//1464 1103//1103 1104//1104
f 1464//1464 1104//1104 1465//1465
f 1465//1465 1104//1104 1105//1105
f 1465//1465 1105//1105 1466//1466
f 1466//1466 1105//1105 1106//1106
f 1466//1466 1106//1106 1467//1467
f 1467//1467 1106//1106 1107//1107
f 1467//1467 1107//1107 1468//1468
f 1468//1468 1107//1107 1108//1108
f 1468//1468 1108//1108 1469//1469
f 1469//1469 1108//1108 1109//1109
f 1469//1469 1109//1109 1470//1470
f 1470//1470 1109//1109 1110//1110
f 1470//1470 1110//1110 1471//1471
f 1471//1471 1110//1110 1111//1111
f 1471//1471 1111//1111 1472//1472
f 1472//1472 1111//1111 1112//1112
f 1472//1472 1112//1112 1473//1473
f 1473//1473 1112//1112 1113//1113
f 1473//1473 1113//1113 1474//1474
f 1474//1474 1113//1113 1114//1114
f 1474//1474 1114//1114 1475//1475
f 1475//1475 1114//1114 1115//1115
f 1475//1475 1115//1115 1476//1476
f 1476//1476 1115//1115 1116//1116
f 1476//1476 1116//1116 1477//1477
f 1477//1477 1116//1116 1117//1117
f 1477//1477 1117//1117 1478//1478
f 1478//1478 1117//1117 1118//1118
f 1478//1478 1118//1118 1479//1479
f 1479//1479 1118//1118 1119//1119
f 1479//1479 1119//1119 1480//1480
f 1480//1480 1119//1119 1120//1120
f 1480//1480 1120//1120 1481//1481
f 1481//1481 1120//1120 1121//1121
f 1481//1481 1121//1121 1482//1482
f 1482//1482 1121//1121 1122//1122
f 1482//1482 1122//1122 1483//1483
f 1483//1483 1122//1122 1123//1123
f 1483//1483 1123//1123 1484//1484
f 1484//1484 1123//1123 1124//1124
f 1484//1484 1124//1124 1485//1485
f 1485//1485 1124//1124 1125//1125
f 1485//1485 1125//1125 1486//1486
f 1486//1486 1125//1125 1126//1126
f 1486//1486 1126//1126 1487//1487
f 1487//1487 1126//1126 1127//1127
f 1487//1487 1127//1127 1488//1488
f 1488//1488 1127//1127 1128//1128
f 1488//1488 1128//1128 1489//1489
f 1489//1489 1128//1128 1129//1129
f 1489//1489 1129//1129 1490//1490
f 1490//1490 1129//1129 1130//1130
f 1490//1490 1130//1130 1491//1491
f 1491//1491 1130//1130 1131//1131
f 1491//1491 1131//1131 1492//1492
f 1492//1492 1131//1131 1132//1132
f 1492//1492 1132//1132 1493//1493
f 1493//1493 1132//1132 1133//1133
f 1493//1493 1133//1133 1494//1494
f 1494//1494 1133//1133 1134//1134
f 1494//1494 1134//1134 1495//1495
f 1495//1495 1134//1134 1135//1135
f 1495//1495 1135//1135 1496//1496
f 1496//1496 1135//1135 1136//1136
f 1496//1496 1136//1136 1497//1497
f 1497//1497 1136//1136 1137//1137
f 1497//1497 1137//1137 1498//1498
f 1498//1498 1137//1137 1138//1138
f 1498//1498 1138//1138 1499//1499
f 1499//1499 1138//1138 1139//1139
f 1499//1499 1139//1139 1500//1500
f 1500//1500 1139//1139 1140//1140
f 1500//1500 1140//1140 1501//1501
f 1501//1501 1140//1140 1141//1141
f 1501//1501 1141//1141 1502//1502
f 1502//1502 1141//1141 1142//1142
f 1502//1502 1142//1142 1503//1503
f 1503//1503 1142//1142 1143//1143
f 1503//1503 1143//1143 1504//1504
f 1504//1504 1143//1143 1144//1144
f 1504//1504 1144//1144 1505//1505
f 1505//1505 1144//1144 1145//1145
f 1505//1505 1145//1145 1506//1506
f 1506//1506 1145//1145 1146//1146
f 1506//1506 1146//1146 1507//1507
f 1507//1507 1146//1146 1147//1147
f 1507//1507 1147//1147 1508//1508
f 1508//1508 1147//1147 1148//1148
f 1508//1508 1148//1148 1509//1509
f 1509//1509 1148//1148 1149//1149
f 1509//1509 1149//1149 1510//1510
f 1510//1510 1149//1149 1150//1150
f 1510//1510 1150//1150 1511//1511
f 1511//1511 1150//1150 1151//1151
f 1511//1511 1151//1151 1512//1512
f 1512//1512 1151//1151 1152//1152
f 1512//1512 1152//1152 1513//1513
f 1513//1513 1152//1152 1153//1153
f 1513//1513 1153//1153 1514//1514
f 1514//1514 1153//1153 1154//1154
f 1514//1514 1154//1154 1515//1515
f 1515//1515 1154//1154 1155//1155
f 1515//1515 1155//1155 1516//1516
f 1516//1516 1155//1155 1156//1156
f 1516//1516 1156//1156 1517//1517
f 1517//1517 1156//1156 1157//1157
f 1517//1517 1157//1157 1518//1518
f 1518//1518 1157//1157 1158//1158
f 1518//1518 1158//1158 1519//1519
f 1519//1519 1158//1158 1159//1159
f 1519//1519 1159//1159 1520//1520
f 1520//1520 1159//1159 1160//1160
f 1520//1520 1160//1160 1521//1521
f 1521//1521 1160//1160 1161//1161
f 1521//1521 1161//1161 1522//1522
f 1522//1522 1161//1161 1162//1162
f 1522//1522 1162//1162 1523//1523
f 1523//1523 1162//1162 1163//1163
f 1523//1523 1163//1163 1524//1524
f 1524//1524 1163//1163 1164//1164
f 1524//1524 1164//1164 1525//1525
f 1525//1525 1164//1164 1165//1165
f 1525//1525 1165//1165 1526//1526
f 1526//1526 1165//1165 1166//1166
f 1526//1526 1166//1166 1527//1527
f 1527//1527 1166//1166 1167//1167
f 1527//1527 1167//1167 1528//1528
f 1528//1528 1167//1167 1168//1168
f 1528//1528 1168//1168 1529//1529
f 1529//1529 1168//1168 1169//1169
f 1529//1529 1169//1169 1530//1530
f 1530//1530 1169//1169 1170//1170
f 1530//1530 1170//1170 1531//1531
f 1531//1531 1170//1170 1171//1171
f 1531//1531 1171//1171 1532//1532
f 1532//1532 1171//1171 1172//1172
f 1532//1532 1172//1172 1533//1533
f 1533//1533 1172//1172 1173//1173
f 1533//1533 1173//1173 1534//1534
f 1534//1534 1173//1173 1174//1174
f 1534//1534 1174//1174 1535//1535
f 1535//1535 1174//1174 1175//1175
f 1535//1535 1175//1175 1536//1536
f 1536//1536 1175//1175 1176//1176
f 1536//1536 1176//1176 1537//1537
f 1537//1537 1176//1176 1177//1177
f 1537//1537 1177//1177 1538//1538
f 1538//1538 1177//1177 1178//1178
f 1538//1538 1178//1178 1539//1539
f 1539//1539 1178//1178 1179//1179
f 1539//1539 1179//1179 1540//1540
f 1540//1540 1179//1179 1180//1180
f 1540//1540 1180//1180 1541//1541
f 1541//1541 1180//1180 1181//1181
f 1541//1541 1181//1181 1542//1542
f 1542//1542 1181//1181 1182//1182
f 1542//1542 1182//1182 1543//1543
f 1543//1543 1182//1182 1183//1183
f 1543//1543 1183//1183 1544//1544
f 1544//1544 1183//1183 1184//1184
f 1544//1544 1184//1184 1545//1545
f 1545//1545 1184//1184 1185//1185
f 1545//1545 1185//1185 1546//1546
f 1546//1546 1185//1185 1186//1186
f 1546//1546 1186//1186 1547//1547
f 1547//1547 1186//1186 1187//1187
f 1547//1547 1187//1187 1548//1548
f 1548//1548 1187//1187 1188//1188
f 1548//1548 1188//1188 1549//1549
f 1549//1549 1188//1188 1189//1189
f 1549//1549 1189//1189 1550//1550
f 1550//1550 1189//1189 1190//1190
f 1550//1550 1190//1190 1551//1551
f 1551//1551 1190//1190 1191//1191
f 1551//1551 1191//1191 1552//1552
f 1552//1552 1191//1191 1192//1192
f 1552//1552 1192//1192 1553//1553
f 1553//1553 1192//1192 1193//1193
f 1553//1553 1193//1193 1554//1554
f 1554//1554 1193//1193 1194//1194
f 1554//1554 1194//1194 1555//1555
f 1555//1555 1194//1194 1195//1195
f 1555//1555 1195//1195 1556//1556
f 1556//1556 1195//1195 1196//1196
f 1556//1556 1196//1196 1557//1557
f 1557//1557 1196//1196 1197//1197
f 1557//1557 1197//1197 1558//1558
f 1558//1558 1197//1197 1198//1198
f 1558//1558 1198//1198 1559//1559
f 1559//1559 1198//1198 1199//1199
f 1559//1559 1199//1199 1560//1560
f 1560//1560 1199//1199 1200//1200
f 1560//1560 1200//1200 1561//1561
f 1561//1561 1200//1200 1201//1201
f 1561//1561 1201//1201 1562//1562
f 1562//1562 1201//1201 1202//1202
f 1562//1562 1202//1202 1563//1563
f 1563//1563 1202//1202 1203//1203
f 1563//1563 1203//1203 1564//1564
f 1564//1564 1203//1203 1204//1204
f 1564//1564 1204//1204 1565//1565
f 1565//1565 1204//1204 1205//1205
f 1565//1565 1205//1205 1566//1566
f 1566//1566 1205//1205 1206//1206
f 1566//1566 1206//1206 1567//1567
f 1567//1567 1206//1206 1207//1207
f 1567//1567 1207//1207 1568//1568
f 1568//1568 1207//1207 1208//1208
f 1568//1568 1208//1208 1569//1569
f 1569//1569 1208//1208 1209//1209
f 1569//1569 1209//1209 1570//1570
f 1570//1570 1209//1209 1210//1210
f 1570//1570 1210//1210 1571//1571
f 1571//1571 1210//1210 1211//1211
f 1571//1571 1211//1211 1572//1572
f 1572//1572 1211//1211 1212//1212
f 1572//1572 1212//1212 1573//1573
f 1573//1573 1212//1212 1213//1213
f 1573//1573 1213//1213 1574//1574
f 1574//1574 1213//1213 1214//1214
f 1574//1574 1214//1214 1575//1575
f 1575//1575 1214//1214 1215//1215
f 1575//1575 1215//1215 1576//1576
f 1576//1576 1215//1215 1216//1216
f 1576//1576 1216//1216 1577//1577
f 1577//1577 1216//1216 1217//1217
f 1577//1577 1217//1217 1578//1578
f 1578//1578 1217//1217 1218//1218
f 1578//1578 1218//1218 1579//1579
f 1579//1579 1218//1218 1219//1219
f 1579//1579 1219//1219 1580//1580
f 1580//1580 1219//1219 1220//1220
f 1580//1580 1220//1220 1581//1581
f 1581//1581 1220//1220 1221//1221
f 1581//1581 1221//1221 1582//1582
f 1582//1582 1221//1221 1222//1222
f 1582//1582 1222//1222 1583//1583
f 1583//1583 1222//1222 1223//1223
f 1583//1583 1223//1223 1584//1584
f 1584//1584 1223//1223 1224//1224
f 1584//1584 1224//1224 1585//1585
f 1585//1585 1224//1224 1225//1225
f 1585//1585 1225//1225 1586//1586
f 1586//1586 1225//1225 1226//1226
f 1586//1586 1226//1226 1587//1587
f 1587//1587 1226//1226 1227//1227
f 1587//1587 1227//1227 1588//1588
f 1588//1588 1227//1227 1228//1228
f 1588//1588 1228//1228 1589//1589
f 1589//1589 1228//1228 1229//1229
f 1589//1589 1229//1229 1590//1590
f 1590//1590 1229//1229 1230//1230
f 1590//1590 1230//1230 1591//1591
f 1591//1591 1230//1230 1231//1231
f 1591//1591 1231//1231 1592//1592
f 1592//1592 1231//1231 1232//1232
f 1592//1592 1232//1232 1593//1593
f 1593//1593 1232//1232 1233//1233
f 1593//1593 1233//1233 1594//1594
f 1594//1594 1233//1233 1234//1234
f 1594//1594 1234//1234 1595//1595
f 1595//1595 1234//1234 1235//1235
f 1595//1595 1235//1235 1596//1596
f 1596//1596 1235//1235 1236//1236
f 1596//1596 1236//1236 1597//1597
f 1597//1597 1236//1236 1237//1237
f 1597//1597 1237//1237 1598//1598
f 1598//1598 1237//1237 1238//1238
f 1598//1598 1238//1238 1599//1599
f 1599//1599 1238//1238 1239//1239
f 1599//1599 1239//1239 1600//1600
f 1600//1600 1239//1239 1240//1240
f 1600//1600 1240//1240 1601//1601
f 1601//1601 1240//1240 1241//1241
f 1601//1601 1241//1241 1602//1602
f 1602//1602 1241//1241 1242//1242
f 1602//1602 1242//1242 1603//1603
f 1603//1603 1242//1242 1243//1243
f 1603//1603 1243//1243 1604//1604
f 1604//1604 1243//1243 1244//1244
f 1604//1604 1244//1244 1605//1605
f 1605//1605 1244//1244 1245//1245
f 1605//1605 1245//1245 1606//1606
f 1606//1606 1245//1245 1246//1246
f 1606//1606 1246//1246 1607//1607
f 1607//1607 1246//1246 1247//1247
f 1607//1607 1247//1247 1608//1608
f 1608//1608 1247//1247 1248//1248
f 1608//1608 1248//1248 1609//1609
f 1609//1609 1248//1248 1249//1249
f 1609//1609 1249//1249 1610//1610
f 1610//1610 1249//1249 1250//1250
f 1610//1610 1250//1250 1611//1611
f 1611//1611 1250//1250 1251//1251
f 1611//1611 1251//1251 1612//1612
f 1612//1612 1251//1251 1252//1252
f 1612//1612 1252//1252 1613//1613
f 1613//1613 1252//1252 1253//1253
f 1613//1613 1253//1253 1614//1614
f 1614//1614 1253//1253 1254//1254
f 1614//1614 1254//1254 1615//1615
f 1615//1615 1254//1254 1255//1255
f 1615//1615 1255//1255 1616//1616
f 1616//1616 1255//1255 1256//1256
f 1616//1616 1256//1256 1617//1617
f 1617//1617 1256//1256 1257//1257
f 1617//1617 1257//1257 1618//1618
f 1618//1618 1257//1257 1258//1258
f 1618//1618 1258//1258 1619//1619
f 1619//1619 1258//1258 1259//1259
f 1619//1619 1259//1259 1620//1620
f 1620//1620 1259//1259 1260//1260
f 1620//1620 1260//1260 1621//1621
f 1621//1621 1260//1260 1261//1261
f 1621//1621 1261//1261 1622//1622
f 1622//1622 1261//1261 1262//1262
f 1622//1622 1262//1262 1623//1623
f 1623//1623 1262//1262 1263//1263
f 1623//1623 1263//1263 1624//1624
f 1624//1624 1263//1263 1264//1264
f 1624//1624 1264//1264 1625//1625
f 1625//1625 1264//1264 1265//1265
f 1625//1625 1265//1265 1626//1626
f 1626//1626 1265//1265 1266//1266
f 1626//1626 1266//1266 1627//1627
f 1627//1627 1266//1266 1267//1267
f 1627//1627 1267//1267 1628//1628
f 1628//1628 1267//1267 1268//1268
f 1628//1628 1268//1268 1629//1629
f 1629//1629 1268//1268 1269//1269
f 1629//1629 1269//1269 1630//1630
f 1630//1630 1269//1269 1270//1270
f 1630//1630 1270//1270 1631//1631
f 1631//1631 1270//1270 1271//1271
f 1631//1631 1271//1271 1632//1632
f 1632//1632 1271//1271 1272//1272
f 1632//1632 1272//1272 1633//1633
f 1633//1633 1272//1272 1273//1273
f 1633//1633 1273//1273 1634//1634
f 1634//1634 1273//1273 1274//1274
f 1634//1634 1274//1274 1635//1635
f 1635//1635 1274//1274 1275//1275
f 1635//1635 1275//1275 1636//1636
f 1636//1636 1275//1275 1276//1276
f 1636//1636 1276//1276 1637//1637
f 1637//1637 1276//1276 1277//1277
f 1637//1637 1277//1277 1638//1638
f 1638//1638 1277//1277 1278//1278
f 1638//1638 1278//1278 1639//1639
f 1639//1639 1278//1278 1279//1279
f 1639//1639 1279//1279 1640//1640
f 1640//1640 1279//1279 1280//1280
f 1640//1640 1280//1280 1641//1641
f 1641//1641 1280//1280 1281//1281
f 1641//1641 1281//1281 1642//1642
f 1642//1642 1281//1281 1282//1282
f 1642//1642 1282//1282 1643//1643
f 1643//1643 1282//1282 1283//1283
f 1643//1643 1283//1283 1644//1644
f 1644//1644 1283//1283 1284//1284
f 1644//1644 1284//1284 1645//1645
f 1645//1645 1284//1284 1285//1285
f 1645//1645 1285//1285 1646//1646
f 1646//1646 1285//1285 1286//1286
f 1646//1646 1286//1286 1647//1647
f 1647//1647 1286//1286 1287//1287
f 1647//1647 1287//1287 1648//1648
f 1648//1648 1287//1287 1288//1288
f 1648//1648 1288//1288 1649//1649
f 1649//1649 1288//1288 1289//1289
f 1649//1649 1289//1289 1650//1650
f 1650//1650 1289//1289 1290//1290
f 1650//1650 1290//1290 1651//1651
f 1651//1651 1290//1290 1291//1291
f 1651//1651 1291//1291 1652//1652
f 1652//1652 1291//1291 1292//1292
f 1652//1652 1292//1292 1653//1653
f 1653//1653 1292//1292 1293//1293
f 1653//1653 1293//1293 1654//1654
f 1654//1654 1293//1293 1294//1294
f 1654//1654 1294//1294 1655//1655
f 1655//1655 1294//1294 1295//1295
f 1655//1655 1295//1295 1656//1656
f 1656//1656 1295//1295 1296//1296
f 1656//1656 1296//1296 1657//1657
f 1657//1657 1296//1296 1297//1297
f 1657//1657 1297//1297 1658//1658
f 1658//1658 1297//1297 1298//1298
f 1658//1658 1298//1298 1659//1659
f 1659//1659 1298//1298 1299//1299
f 1659//1659 1299//1299 1660//1660
f 1660//1660 1299//1299 1300//1300
f 1660//1660 1300//1300 1661//1661
f 1661//1661 1300//1300 1301//1301
f 1661//1661 1301//1301 1662//1662
f 1662//1662 1301//1301 1302//1302
f 1662//1662 1302//1302 1663//1663
f 1663//1663 1302//1302 1303//1303
f 1663//1663 1303//1303 1664//1664
f 1664//1664 1303//1303 1304//1304
f 1664//1664 1304//1304 1665//1665
f 1665//1665 1304//1304 1305//1305
f 1665//1665 1305//1305 1666//1666
f 1666//1666 1305//1305 1306//1306
f 1666//1666 1306//1306 1667//1667
f 1667//1667 1306//1306 1307//1307
f 1667//1667 1307//1307 1668//1668
f 1668//1668 1307//1307 1308//1308
f 1668//1668 1308//1308 1669//1669
f 1669//1669 1308//1308 1309//1309
f 1669//1669 1309//1309 1670//1670
f 1670//1670 1309//1309 1310//1310
f 1670//1670 1310//1310 1671//1671
f 1671//1671 1310//1310 1311//1311
f 1671//1671 1311//1311 1672//1672
f 1672//1672 1311//1311 1312//1312
f 1672//1672 1312//1312 1673//1673
f 1673//1673 1312//1312 1313//1313
f 1673//1673 1313//1313 1674//1674
f 1674//1674 1313//1313 1314//1314
f 1674//1674 1314//1314 1675//1675
f 1675//1675 1314//1314 1315//1315
f 1675//1675 1315//1315 1676//1676
f 1676//1676 1315//1315 1316//1316
f 1676//1676 1316//1316 1677//1677
f 1677//1677 1316//1316 1317//1317
f 1677//1677 1317//1317 1678//1678
f 1678//1678 1317//1317 1318//1318
f 1678//1678 1318//1318 1679//1679
f 1679//1679 1318//1318 1319//1319
f 1679//1679 1319//1319 1680//1680
f 1680//1680 1319//1319 1320//1320
f 1680//1680 1320//1320 1681//1681
f 1681//1681 1320//1320 1321//1321
f 1681//1681 1321//1321 1682//1682
f 1682//1682 1321//1321 1322//1322
f 1682//1682 1322//1322 1683//1683
f 1683//1683 1322//1322 1323//1323
f 1683//1683 1323//1323 1684//1684
f 1684//1684 1323//1323 1324//1324
f 1684//1684 1324//1324 1685//1685
f 1685//1685 1324//1324 1325//1325
f 1685//1685 1325//1325 1686//1686
f 1686//1686 1325//1325 1326//1326
f 1686//1686 1326//1326 1687//1687
f 1687//1687 1326//1326 1327//1327
f 1687//1687 1327//1327 1688//1688
f 1688//1688 1327//1327 1328//1328
f 1688//1688 1328//1328 1689//1689
f 1689//1689 1328//1328 1329//1329
f 1689//1689 1329//1329 1690//1690
f 1690//1690 1329//1329 1330//1330
f 1690//1690 1330//1330 1691//1691
f 1691//1691 1330//1330 1331//1331
f 1691//1691 1331//1331 1692//1692
f 1692//1692 1331//1331 1332//1332
f 1692//1692 1332//1332 1693//1693
f 1693//1693 1332//1332 1333//1333
f 1693//1693 1333//1333 1694//1694
f 1694//1694 1333//1333 1334//1334
f 1694//1694 1334//1334 1695//1695
f 1695//1695 1334//1334 1335//1335
f 1695//1695 1335//1335 1696//1696
f 1696//1696 1335//1335 1336//1336
f 1696//1696 1336//1336 1697//1697
f 1697//1697 1336//1336 1337//1337
f 1697//1697 1337//1337 1698//1698
f 1698//1698 1337//1337 1338//1338
f 1698//1698 1338//1338 1699//1699
f 1699//1699 1338//1338 1339//1339
f 1699//1699 1339//1339 1700//1700
f 1700//1700 1339//1339 1340//1340
f 1700//1700 1340//1340 1701//1701
f 1701//1701 1340//1340 1341//1341
f 1701//1701 1341//1341 1702//1702
f 1702//1702 1341//1341 1342//1342
f 1702//1702 1342//1342 1703//1703
f 1703//1703 1342//1342 1343//1343
f 1703//1703 1343//1343 1704//1704
f 1704//1704 1343//1343 1344//1344
f 1704//1704 1344//1344 1705//1705
f 1705//1705 1344//1344 1345//1345
f 1705//1705 1345//1345 1706//1706
f 1706//1706 1345//1345 1346//1346
f 1706//1706 1346//1346 1707//1707
f 1707//1707 1346//1346 1347//1347
f 1707//1707 1347//1347 1708//1708
f 1708//1708 1347//1347 1348//1348
f 1708//1708 1348//1348 1709//1709
f 1709//1709 1348//1348 1349//1349
f 1709//1709 1349//1349 1710//1710
f 1710//1710 1349//1349 1350//1350
f 1710//1710 1350//1350 1711//1711
f 1711//1711 1350//1350 1351//1351
f 1711//1711 1351//1351 1712//1712
f 1712//1712 1351//1351 1352//1352
f 1712//1712 1352//1352 1713//1713
f 1713//1713 1352//1352 1353//1353
f 1713//1713 1353//1353 1714//1714
f 1714//1714 1353//1353 1354//1354
f 1714//1714 1354//1354 1715//1715
f 1715//1715 1354//1354 1355//1355
f 1715//1715 1355//1355 1716//1716
f 1716//1716 1355//1355 1356//1356
f 1716//1716 1356//1356 1717//1717
f 1717//1717 1356//1356 1357//1357
f 1717//1717 1357//1357 1718//1718
f 1718//1718 1357//1357 1358//1358
f 1718//1718 1358//1358 1719//1719
f 1719//1719 1358//1358 1359//1359
f 1719//1719 1359//1359 1720//1720
f 1720//1720 1359//1359 1360//1360
f 1720//1720 1360//1360 1721//1721
f 1721//1721 1360//1360 1361//1361
f 1721//1721 1361//1361 1722//1722
f 1722//1722 1361//1361 1362//1362
f 1722//1722 1362//1362 1723//1723
f 1723//1723 1362//1362 1363//1363
f 1723//1723 1363//1363 1724//1724
f 1724//1724 1363//1363 1364//1364
f 1724//1724 1364//1364 1725//1725
f 1725//1725 1364//1364 1365//1365
f 1725//1725 1365//1365 1726//1726
f 1726//1726 1365//1365 1366//1366
f 1726//1726 1366//1366 1727//1727
f 1727//1727 1366//1366 1367//1367
f 1727//1727 1367//1367 1728//1728
f 1728//1728 1367//1367 1368//1368
f 1728//1728 1368//1368 1729//1729
f 1729//1729 1368//1368 1369//1369
f 1729//1729 1369//1369 1730//1730
f 1730//1730 1369//1369 1370//1370
f 1730//1730 1370//1370 1731//1731
f 1731//1731 1370//1370 1371//1371
f 1731//1731 1371//1371 1732//1732
f 1732//1732 1371//1371 1372//1372
f 1732//1732 1372//1372 1733//1733
f 1733//1733 1372//1372 1373//1373
f 1733//1733 1373//1373 1734//1734
f 1734//1734 1373//1373 1374//1374
f 1734//1734 1374//1374 1735//1735
f 1735//1735 1374//1374 1375//1375
f 1735//1735 1375//1375 1736//1736
f 1736//1736 1375//1375 1376//1376
f 1736//1736 1376//1376 1737//1737
f 1737//1737 1376//1376 1377//1377
f 1737//1737 1377//1377 1738//1738
f 1738//1738 1377//1377 1378//1378
f 1738//1738 1378//1378 1739//1739
f 1739//1739 1378//1378 1379//1379
f 1739//1739 1379//1379 1740//1740
f 1740//1740 1379//1379 1380//1380
f 1740//1740 1380//1380 1741//1741
f 1741//1741 1380//1380 1381//1381
f 1741//1741 1381//1381 1742//1742
f 1742//1742 1381//1381 1382//1382
f 1742//1742 1382//1382 1743//1743
f 1743//1743 1382//1382 1383//1383
f 1743//1743 1383//1383 1744//1744
f 1744//1744 1383//1383 1384//1384
f 1744//1744 1384//1384 1745//1745
f 1745//1745 1384//1384 1385//1385
f 1745//1745 1385//1385 1746//1746
f 1746//1746 1385//1385 1386//1386
f 1746//1746 1386//1386 1747//1747
f 1747//1747 1386//1386 1387//1387
f 1747//1747 1387//1387 1748//1748
f 1748//1748 1387//1387 1388//1388
f 1748//1748 1388//1388 1749//1749
f 1749//1749 1388//1388 1389//1389
f 1749//1749 1389//1389 1750//1750
f 1750//1750 1389//1389 1390//1390
f 1750//1750 1390//1390 1751//1751
f 1751//1751 1390//1390 1391//1391
f 1751//1751 1391//1391 1752//1752
f 1752//1752 1391//1391 1392//1392
f 1752//1752 1392//1392 1753//1753
f 1753//1753 1392//1392 1393//1393
f 1753//1753 1393//1393 1754//1754
f 1754//1754 1393//1393 1394//1394
f 1754//1754 1394//1394 1755//1755
f 1755//1755 1394//1394 1395//1395
f 1755//1755 1395//1395 1756//1756
f 1756//1756 1395//1395 1396//1396
f 1756//1756 1396//1396 1757//1757
f 1757//1757 1396//1396 1397//1397
f 1757//1757 1397//1397 1758//1758
f 1758//1758 1397//1397 1398//1398
f 1758//1758 1398//1398 1759//1759
f 1759//1759 1398//1398 1399//1399
f 1759//1759 1399//1399 1760//1760
f 1760//1760 1399//1399 1400//1400
f 1760//1760 1400//1400 1761//1761
f 1761//1761 1400//1400 1401//1401
f 1761//1761 1401//1401 1762//1762
f 1762//1762 1401//1401 1402//1402
f 1762//1762 1402//1402 1763//1763
f 1763//1763 1402//1402 1403//1403
f 1763//1763 1403//1403 1764//1764
f 1764//1764 1403//1403 1404//1404
f 1764//1764 1404//1404 1765//1765
f 1765//1765 1404//1404 1405//1405
f 1765//1765 1405//1405 1766//1766
f 1766//1766 1405//1405 1406//1406
f 1766//1766 1406//1406 1767//1767
f 1767//1767 1406//1406 1407//1407
f 1767//1767 1407//1407 1768//1768
f 1768//1768 1407//1407 1408//1408
f 1768//1768 1408//1408 1769//1769
f 1769//1769 1408//1408 1409//1409
f 1769//1769 1409//1409 1770//1770
f 1770//1770 1409//1409 1410//1410
f 1770//1770 1410//1410 1771//1771
f 1771//1771 1410//1410 1411//1411
f 1771//1771 1411//1411 1772//1772
f 1772//1772 1411//1411 1412//1412
f 1772//1772 1412//1412 1773//1773
f 1773//1773 1412//1412 1413//1413
f 1773//1773 1413//1413 1774//1774
f 1774//1774 1413//1413 1414//1414
f 1774//1774 1414//1414 1775//1775
f 1775//1775 1414//1414 1415//1415
f 1775//1775 1415//1415 1776//1776
f 1776//1776 1415//1415 1416//1416
f 1776//1776 1416//1416 1777//1777
f 1777//1777 1416//1416 1417//1417
f 1777//1777 1417//1417 1778//1778
f 1778//1778 1417//1417 1418//1418
f 1778//1778 1418//1418 1779//1779
f 1779//1779 1418//1418 1419//1419
f 1779//1779 1419//1419 1780//1780
f 1780//1780 1419//1419 1420//1420
f 1780//1780 1420//1420 1781//1781
f 1781//1781 1420//1420 1421//1421
f 1781//1781 1421//1421 1782//1782
f 1782//1782 1421//1421 1422//1422
f 1782//1782 1422//1422 1783//1783
f 1783//1783 1422//1422 1423//1423
f 1783//1783 1423//1423 1784//1784
f 1784//1784 1423//1423 1424//1424
f 1784//1784 1424//1424 1785//1785
f 1785//1785 1424//1424 1425//1425
f 1785//1785 1425//1425 1786//1786
f 1786//1786 1425//1425 1426//1426
f 1786//1786 1426//1426 1787//1787
f 1787//1787 1426//1426 1427//1427
f 1787//1787 1427//1427 1788//1788
f 1788//1788 1427//1427 1428//1428
f 1788//1788 1428//1428 1789//1789
f 1789//1789 1428//1428 1429//1429
f 1789//1789 1429//1429 1790//1790
f 1790//1790 1429//1429 1430//1430
f 1790//1790 1430//1430 1791//1791
f 1791//1791 1430//1430 1431//1431
f 1791//1791 1431//1431 1792//1792
f 1792//1792 1431//1431 1432//1432
f 1792//1792 1432//1432 1793//1793
f 1793//1793 1432//1432 1433//1433
f 1793//1793 1433//1433 1794//1794
f 1794//1794 1433//1433 1434//1434
f 1794//1794 1434//1434 1795//1795
f 1795//1795 1434//1434 1435//1435
f 1795//1795 1435//1435 1796//1796
f 1796//1796 1435//1435 1436//1436
f 1796//1796 1436//1436 1797//1797
f 1797//1797 1436//1436 1437//1437
f 1797//1797 1437//1437 1798//1798
f 1798//1798 1437//1437 1438//1438
f 1798//1798 1438//1438 1799//1799
f 1799//1799 1438//1438 1439//1439
f 1799//1799 1439//1439 1800//1800
f 1800//1800 1439//1439 1440//1440
f 1801//1801 1441//1441 1802//1802
f 1802//1802 1441//1441 1442//1442
f 1802//1802 1442//1442 1803//1803
f 1803//1803 1442//1442 1443//1443
f 1803//1803 1443//1443 1804//1804
f 1804//1804 1443//1443 1444//1444
f 1804//1804 1444//1444 1805//1805
f 1805//1805 1444//1444 1445//1445
f 1805//1805 1445//1445 1806//1806
f 1806//1806 1445//1445 1446//1446
f 1806//1806 1446//1446 1807//1807
f 1807//1807 1446//1446 1447//1447
f 1807//1807 1447//1447 1808//1808
f 1808//1808 1447//1447 1448//1448
f 1808//1808 1448//1448 1809//1809
f 1809//1809 1448//1448 1449//1449
f 1809//1809 1449//1449 1810//1810
f 1810//1810 1449//1449 1450//1450
f 1810//1810 1450//1450 1811//1811
f 1811//1811 1450//1450 1451//1451
f 1811//1811 1451//1451 1812//1812
f 1812//1812 1451//1451 1452//1452
f 1812//1812 1452//1452 1813//1813
f 1813//1813 1452//1452 1453//1453
f 1813//1813 1453//1453 1814//1814
f 1814//1814 1453//1453 1454//1454
f 1814//1814 1454//1454 1815//1815
f 1815//1815 1454//1454 1455//1455
f 1815//1815 1455//1455 1816//1816
f 1816//1816 1455//1455 1456//1456
f 1816//1816 1456//1456 1817//1817
f 1817//1817 1456//1456 1457//1457
f 1817//1817 1457//1457 1818//1818
f 1818//1818 1457//1457 1458//1458
f 1818//1818 1458//1458 1819//1819
f 1819//1819 1458//1458 1459//1459
f 1819//1819 1459//1459 1820//1820
f 1820//1820 1459//1459 1460//1460
f 1820//1820 1460//1460 1821//1821
f 1821//1821 1460//1460 1461//1461
f 1821//1821 1461//1461 1822//1822
f 1822//1822 1461//1461 1462//1462
f 1822//1822 1462//1462 1823//1823
f 1823//1823 1462//1462 1463//1463
f 1823//1823 1463//1463 1824//1824
f 1824//1824 1463//1463 1464//1464
f 1824//1824 1464//1464 1825//1825
f 1825//1825 1464//1464 1465//1465
f 1825//1825 1465//1465 1826//1826
f 1826//1826 1465//1465 1466//1466
f 1826//1826 1466//1466 1827//1827
f 1827//1827 1466//1466 1467//1467
f 1827//1827 1467//1467 1828//1828
f 1828//1828 1467//1467 1468//1468
f 1828//1828 1468//1468 1829//1829
f 1829//1829 1468//1468 1469//1469
f 1829//1829 1469//1469 1830//1830
f 1830//1830 1469//1469 1470//1470
f 1830//1830 1470//1470 1831//1831
f 1831//1831 1470//1470 1471//1471
f 1831//1831 1471//1471 1832//1832
f 1832//1832 1471//1471 1472//1472
f 1832//1832 1472//1472 1833//1833
f 1833//1833 1472//1472 1473//1473
f 1833//1833 1473//1473 1834//1834
f 1834//1834 1473//1473 1474//1474
f 1834//1834 1474//1474 1835//1835
f 1835//1835 1474//1474 1475//1475
f 1835//1835 1475//1475 1836//1836
f 1836//1836 1475//1475 1476//1476
f 1836//1836 1476//1476 1837//1837
f 1837//1837 1476//1476 1477//1477
f 1837//1837 1477//1477 1838//1838
f 1838//1838 1477//1477 1478//1478
f 1838//1838 1478//1478 1839//1839
f 1839//1839 1478//1478 1479//1479
f 1839//1839 1479//1479 1840//1840
f 1840//1840 1479//1479 1480//1480
f 1840//1840 1480//1480 1841//1841
f 1841//1841 1480//1480 1481//1481
f 1841//1841 1481//1481 1842//1842
f 1842//1842 1481//1481 1482//1482
f 1842//1842 1482//1482 1843//1843
f 1843//1843 1482//1482 1483//1483
f 1843//1843 1483//1483 1844//1844
f 1844//1844 1483//1483 1484//1484
f 1844//1844 1484//1484 1845//1845
f 1845//1845 1484//1484 1485//1485
f 1845//1845 1485//1485 1846//1846
f 1846//1846 1485//1485 1486//1486
f 1846//1846 1486//1486 1847//1847
f 1847//1847 1486//1486 1487//1487
f 1847//1847 1487//1487 1848//1848
f 1848//1848 1487//1487 1488//1488
f 1848//1848 1488//1488 1849//1849
f 1849//1849 1488//1488 1489//1489
f 1849//1849 1489//1489 1850//1850
f 1850//1850 1489//1489 1490//1490
f 1850//1850 1490//1490 1851//1851
f 1851//1851 1490//1490 1491//1491
f 1851//1851 1491//1491 1852//1852
f 1852//1852 1491//1491 1492//1492
f 1852//1852 1492//1492 1853//1853
f 1853//1853 1492//1492 1493//1493
f 1853//1853 1493//1493 1854//1854
f 1854//1854 1493//1493 1494//1494
f 1854//1854 1494//1494 1855//1855
f 1855//1855 1494//1494 1495//1495
f 1855//1855 1495//1495 1856//1856
f 1856//1856 1495//1495 1496//1496
f 1856//1856 1496//1496 1857//1857
f 1857//1857 1496//1496 1497//1497
f 1857//1857 1497//1497 1858//1858
f 1858//1858 1497//1497 1498//1498
f 1858//1858 1498//1498 1859//1859
f 1859//1859 1498//1498 1499//1499
f 1859//1859 1499//1499 1860//1860
f 1860//1860 1499//1499 1500//1500
f 1860//1860 1500//1500 1861//1861
f 1861//1861 1500//1500 1501//1501
f 1861//1861 1501//1501 1862//1862
f 1862//1862 1501//1501 1502//1502
f 1862//1862 1502//1502 1863//1863
f 1863//1863 1502//1502 1503//1503
f 1863//1863 1503//1503 1864//1864
f 1864//1864 1503//1503 1504//1504
f 1864//1864 1504//1504 1865//1865
f 1865//1865 1504//1504 1505//1505
f 1865//1865 1505//1505 1866//1866
f 1866//1866 1505//1505 1506//1506
f 1866//1866 1506//1506 1867//1867
f 1867//1867 1506//1506 1507//1507
f 1867//1867 1507//1507 1868//1868
f 1868//1868 1507//1507 1508//1508
f 1868//1868 1508//1508 1869//1869
f 1869//1869 1508//1508 1509//1509
f 1869//1869 1509//1509 1870//1870
f 1870//1870 1509//1509 1510//1510
f 1870//1870 1510//1510 1871//1871
f 1871//1871 1510//1510 1511//1511
f 1871//1871 1511//1511 1872//1872
f 1872//1872 1511//1511 1512//1512
f 1872//1872 1512//1512 1873//1873
f 1873//1873 1512//1512 1513//1513
f 1873//1873 1513//1513 1874//1874
f 1874//1874 1513//1513 1514//1514
f 1874//1874 1514//1514 1875//1875
f 1875//1875 1514//1514 1515//1515
f 1875//1875 1515//1515 1876//1876
f 1876//1876 1515//1515 1516//1516
f 1876//1876 1516//1516 1877//1877
f 1877//1877 1516//1516 1517//1517
f 1877//1877 1517//1517 1878//1878
f 1878//1878 1517//1517 1518//1518
f 1878//1878 1518//1518 1879//1879
f 1879//1879 1518//1518 1519//1519
f 1879//1879 1519//1519 1880//1880
f 1880//1880 1519//1519 1520//1520
f 1880//1880 1520//1520 1881//1881
f 1881//1881 1520//1520 1521//1521
f 1881//1881 1521//1521 1882//1882
f 1882//1882 1521//1521 1522//1522
f 1882//1882 1522//1522 1883//1883
f 1883//1883 1522//1522 1523//1523
f 1883//1883 1523//1523 1884//1884
f 1884//1884 1523//1523 1524//1524
f 1884//1884 1524//1524 1885//1885
f 1885//1885 1524//1524 1525//1525
f 1885//1885 1525//1525 1886//1886
f 1886//1886 1525//1525 1526//1526
f 1886//1886 1526//1526 1887//1887
f 1887//1887 1526//1526 1527//1527
f 1887//1887 1527//1527 1888//1888
f 1888//1888 1527//1527 1528//1528
f 1888//1888 1528//1528 1889//1889
f 1889//1889 1528//1528 1529//1529
f 1889//1889 1529//1529 1890//1890
f 1890//1890 1529//1529 1530//1530
f 1890//1890 1530//1530 1891//1891
f 1891//1891 1530//1530 1531//1531
f 1891//1891 1531//1531 1892//1892
f 1892//1892 1531//1531 1532//1532
f 1892//1892 1532//1532 1893//1893
f 1893//1893 1532//1532 1533//1533
f 1893//1893 1533//1533 1894//1894
f 1894//1894 1533//1533 1534//1534
f 1894//1894 1534//1534 1895//1895
f 1895//1895 1534//1534 1535//1535
f 1895//1895 1535//1535 1896//1896
f 1896//1896 1535//1535 1536//1536
f 1896//1896 1536//1536 1897//1897
f 1897//1897 1536//1536 1537//1537
f 1897//1897 1537//1537 1898//1898
f 1898//1898 1537//1537 1538//1538
f 1898//1898 1538//1538 1899//1899
f 1899//1899 1538//1538 1539//1539
f 1899//1899 1539//1539 1900//1900
f 1900//1900 1539//1539 1540//1540
f 1900//1900 1540//1540 1901//1901
f 1901//1901 1540//1540 1541//1541
f 1901//1901 1541//1541 1902//1902
f 1902//1902 1541//1541 1542//1542
f 1902//1902 1542//1542 1903//1903
f 1903//1903 1542//1542 1543//1543
f 1903//1903 1543//1543 1904//1904
f 1904//1904 1543//1543 1544//1544
f 1904//1904 1544//1544 1905//1905
f 1905//1905 1544//1544 1545//1545
f 1905//1905 1545//1545 1906//1906
f 1906//1906 1545//1545 1546//1546
f 1906//1906 1546//1546 1907//1907
f 1907//1907 1546//1546 1547//1547
f 1907//1907 1547//1547 1908//1908
f 1908//1908 1547//1547 1548//1548
f 1908//1908 1548//1548 1909//1909
f 1909//1909 1548//1548 1549//1549
f 1909//1909 1549//1549 1910//1910
f 1910//1910 1549//1549 1550//1550
f 1910//1910 1550//1550 1911//1911
f 1911//1911 1550//1550 1551//1551
f 1911//1911 1551//1551 1912//1912
f 1912//1912 1551//1551 1552//1552
f 1912//1912 1552//1552 1913//1913
f 1913//1913 1552//1552 1553//1553
f 1913//1913 1553//1553 1914//1914
f 1914//1914 1553//1553 1554//1554
f 1914//1914 1554//1554 1915//1915
f 1915//1915 1554//1554 1555//1555
f 1915//1915 1555//1555 1916//1916
f 1916//1916 1555//1555 1556//1556
f 1916//1916 1556//1556 1917//1917
f 1917//1917 1556//1556 1557//1557
f 1917//1917 1557//1557 1918//1918
f 1918//1918 1557//1557 1558//1558
f 1918//1918 1558//1558 1919//1919
f 1919//1919 1558//1558 1559//1559
f 1919//1919 1559//1559 1920//1920
f 1920//1920 1559//1559 1560//1560
f 1920//1920 1560//1560 1921//1921
f 1921//1921 1560//1560 1561//1561
f 1921//1921 1561//1561 1922//1922
f 1922//1922 1561//1561 1562//1562
f 1922//1922 1562//1562 1923//1923
f 1923//1923 1562//1562 1563//1563
f 1923//1923 1563//1563 1924//1924
f 1924//1924 1563//1563 1564//1564
f 1924//1924 1564//1564 1925//1925
f 1925//1925 1564//1564 1565//1565
f 1925//1925 1565//1565 1926//1926
f 1926//1926 1565//1565 1566//1566
f 1926//1926 1566//1566 1927//1927
f 1927//1927 1566//1566 1567//1567
f 1927//1927 1567//1567 1928//1928
f 1928//1928 1567//1567 1568//1568
f 1928//1928 1568//1568 1929//1929
f 1929//1929 1568//1568 1569//1569
f 1929//1929 1569//1569 1930//1930
f 1930//1930 1569//1569 1570//1570
f 1930//1930 1570//1570 1931//1931
f 1931//1931 1570//1570 1571//1571
f 1931//1931 1571//1571 1932//1932
f 1932//1932 1571//1571 1572//1572
f 1932//1932 1572//1572 1933//1933
f 1933//1933 1572//1572 1573//1573
f 1933//1933 1573//1573 1934//1934
f 1934//1934 1573//1573 1574//1574
f 1934//1934 1574//1574 1935//1935
f 1935//1935 1574//1574 1575//1575
f 1935//1935 1575//1575 1936//1936
f 1936//1936 1575//1575 1576//1576
f 1936//1936 1576//1576 1937//1937
f 1937//1937 1576//1576 1577//1577
f 1937//1937 1577//1577 1938//1938
f 1938//1938 1577//1577 1578//1578
f 1938//1938 1578//1578 1939//1939
f 1939//1939 1578//1578 1579//1579
f 1939//1939 1579//1579 1940//1940
f 1940//1940 1579//1579 1580//1580
f 1940//1940 1580//1580 1941//1941
f 1941//1941 1580//1580 1581//1581
f 1941//1941 1581//1581 1942//1942
f 1942//1942 1581//1581 1582//1582
f 1942//1942 1582//1582 1943//1943
f 1943//1943 1582//1582 1583//1583
f 1943//1943 1583//1583 1944//1944
f 1944//1944 1583//1583 1584//1584
f 1944//1944 1584//1584 1945//1945
f 1945//1945 1584//1584 1585//1585
f 1945//1945 1585//1585 1946//1946
f 1946//1946 1585//1585 1586//1586
f 1946//1946 1586//1586 1947//1947
f 1947//1947 1586//1586 1587//1587
f 1947//1947 1587//1587 1948//1948
f 1948//1948 1587//1587 1588//1588
f 1948//1948 1588//1588 1949//1949
f 1949//1949 1588//1588 1589//1589
f 1949//1949 1589//1589 1950//1950
f 1950//1950 1589//1589 1590//1590
f 1950//1950 1590//1590 1951//1951
f 1951//1951 1590//1590 1591//1591
f 1951//1951 1591//1591 1952//1952
f 1952//1952 1591//1591 1592//1592
f 1952//1952 1592//1592 1953//1953
f 1953//1953 1592//1592 1593//1593
f 1953//1953 1593//1593 1954//1954
f 1954//1954 1593//1593 1594//1594
f 1954//1954 1594//1594 1955//1955
f 1955//1955 1594//1594 1595//1595
f 1955//1955 1595//1595 1956//1956
f 1956//1956 1595//1595 1596//1596
f 1956//1956 1596//1596 1957//1957
f 1957//1957 1596//1596 1597//1597
f 1957//1957 1597//1597 1958//1958
f 1958//1958 1597//1597 1598//1598
f 1958//1958 1598//1598 1959//1959
f 1959//1959 1598//1598 1599//1599
f 1959//1959 1599//1599 1960//1960
f 1960//1960 1599//1599 1600//1600
f 1960//1960 1600//1600 1961//1961
f 1961//1961 1600//1600 1601//1601
f 1961//1961 1601//1601 1962//1962
f 1962//1962 1601//1601 1602//1602
f 1962//1962 1602//1602 1963//1963
f 1963//1963 1602//1602 1603//1603
f 1963//1963 1603//1603 1964//1964
f 1964//1964 1603//1603 1604//1604
f 1964//1964 1604//1604 1965//1965
f 1965//1965 1604//1604 1605//1605
f 1965//1965 1605//1605 1966//1966
f 1966//1966 1605//1605 1606//1606
f 1966//1966 1606//1606 1967//1967
f 1967//1967 1606//1606 1607//1607
f 1967//1967 1607//1607 1968//1968
f 1968//1968 1607//1607 1608//1608
f 1968//1968 1608//1608 1969//1969
f 1969//1969 1608//1608 1609//1609
f 1969//1969 1609//1609 1970//1970
f 1970//1970 1609//1609 1610//1610
f 1970//1970 1610//1610 1971//1971
f 1971//1971 1610//1610 1611//1611
f 1971//1971 1611//1611 1972//1972
f 1972//1972 1611//1611 1612//1612
f 1972//1972 1612//1612 1973//1973
f 1973//1973 1612//1612 1613//1613
f 1973//1973 1613//1613 1974//1974
f 1974//1974 1613//1613 1614//1614
f 1974//1974 1614//1614 1975//1975
f 1975//1975 1614//1614 1615//1615
f 1975//1975 1615//1615 1976//1976
f 1976//1976 1615//1615 1616//1616
f 1976//1976 1616//1616 1977//1977
f 1977//1977 1616//1616 1617//1617
f 1977//1977 1617//1617 1978//1978
f 1978//1978 1617//1617 1618//1618
f 1978//1978 1618//1618 1979//1979
f 1979//1979 1618//1618 1619//1619
f 1979//1979 1619//1619 1980//1980
f 1980//1980 1619//1619 1620//1620
f 1980//1980 1620//1620 1981//1981
f 1981//1981 1620//1620 1621//1621
f 1981//1981 1621//1621 1982//1982
f 1982//1982 1621//1621 1622//1622
f 1982//1982 1622//1622 1983//1983
f 1983//1983 1622//1622 1623//1623
f 1983//1983 1623//1623 1984//1984
f 1984//1984 1623//1623 1624//1624
f 1984//1984 1624//1624 1985//1985
f 1985//1985 1624//1624 1625//1625
f 1985//1985 1625//1625 1986//1986
f 1986//1986 1625//1625 1626//1626
f 1986//1986 1626//1626 1987//1987
f 1987//1987 1626//1626 1627//1627
f 1987//1987 1627//1627 1988//1988
f 1988//1988 1627//1627 1628//1628
f 1988//1988 1628//1628 1989//1989
f 1989//1989 1628//1628 1629//1629
f 1989//1989 1629//1629 1990//1990
f 1990//1990 1629//1629 1630//1630
f 1990//1990 1630//1630 1991//1991
f 1991//1991 1630//1630 1631//1631
f 1991//1991 1631//1631 1992//1992
f 1992//1992 1631//1631 1632//1632
f 1992//1992 1632//1632 1993//1993
f 1993//1993 1632//1632 1633//1633
f 1993//1993 1633//1633 1994//1994
f 1994//1994 1633//1633 1634//1634
f 1994//1994 1634//1634 1995//1995
f 1995//1995 1634//1634 1635//1635
f 1995//1995 1635//1635 1996//1996
f 1996//1996 1635//1635 1636//1636
f 1996//1996 1636//1636 1997//1997
f 1997//1997 1636//1636 1637//1637
f 1997//1997 1637//1637 1998//1998
f 1998//1998 1637//1637 1638//1638
f 1998//1998 1638//1638 1999//1999
f 1999//1999 1638//1638 1639//1639
f 1999//1999 1639//1639 2000//2000
f 2000//2000 1639//1639 1640//1640
f 2000//2000 1640//1640 2001//2001
f 2001//2001 1640//1640 1641//1641
f 2001//2001 1641//1641 2002//2002
f 2002//2002 1641//1641 1642//1642
f 2002//2002 1642//1642 2003//2003
f 2003//2003 1642//1642 1643//1643
f 2003//2003 1643//1643 2004//2004
f 2004//2004 1643//1643 1644//1644
f 2004//2004 1644//1644 2005//2005
f 2005//2005 1644//1644 1645//1645
f 2005//2005 1645//1645 2006//2006
f 2006//2006 1645//1645 1646//1646
f 2006//2006 1646//1646 2007//2007
f 2007//2007 1646//1646 1647//1647
f 2007//2007 1647//1647 2008//2008
f 2008//2008 1647//1647 1648//1648
f 2008//2008 1648//1648 2009//2009
f 2009//2009 1648//1648 1649//1649
f 2009//2009 1649//1649 2010//2010
f 2010//2010 1649//1649 1650//1650
f 2010//2010 1650//1650 2011//2011
f 2011//2011 1650//1650 1651//1651
f 2011//2011 1651//1651 2012//2012
f 2012//2012 1651//1651 1652//1652
f 2012//2012 1652//1652 2013//2013
f 2013//2013 1652//1652 1653//1653
f 2013//2013 1653//1653 2014//2014
f 2014//2014 1653//1653 1654//1654
f 2014//2014 1654//1654 2015//2015
f 2015//2015 1654//1654 1655//1655
f 2015//2015 1655//1655 2016//2016
f 2016//2016 1655//1655 1656//1656
f 2016//2016 1656//1656 2017//2017
f 2017//2017 1656//1656 1657//1657
f 2017//2017 1657//1657 2018//2018
f 2018//2018 1657//1657 1658//1658
f 2018//2018 1658//1658 2019//2019
f 2019//2019 1658//1658 1659//1659
f 2019//2019 1659//1659 2020//2020
f 2020//2020 1659//1659 1660//1660
f 2020//2020 1660//1660 2021//2021
f 2021//2021 1660//1660 1661//1661
f 2021//2021 1661//1661 2022//2022
f 2022//2022 1661//1661 1662//1662
f 2022//2022 1662//1662 2023//2023
f 2023//2023 1662//1662 1663//1663
f 2023//2023 1663//1663 2024//2024
f 2024//2024 1663//1663 1664//1664
f 2024//2024 1664//1664 2025//2025
f 2025//2025 1664//1664 1665//1665
f 2025//2025 1665//1665 2026//2026
f 2026//2026 1665//1665 1666//1666
f 2026//2026 1666//1666 2027//2027
f 2027//2027 1666//1666 1667//1667
f 2027//2027 1667//1667 2028//2028
f 2028//2028 1667//1667 1668//1668
f 2028//2028 1668//1668 2029//2029
f 2029//2029 1668//1668 1669//1669
f 2029//2029 1669//1669 2030//2030
f 2030//2030 1669//1669 1670//1670
f 2030//2030 1670//1670 2031//2031
f 2031//2031 1670//1670 1671//1671
f 2031//2031 1671//1671 2032//2032
f 2032//2032 1671//1671 1672//1672
f 2032//2032 1672//1672 2033//2033
f 2033//2033 1672//1672 1673//1673
f 2033//2033 1673//1673 2034//2034
f 2034//2034 1673//1673 1674//1674
f 2034//2034 1674//1674 2035//2035
f 2035//2035 1674//1674 1675//1675
f 2035//2035 1675//1675 2036//2036
f 2036//2036 1675//1675 1676//1676
f 2036//2036 1676//1676 2037//2037
f 2037//2037 1676//1676 1677//1677
f 2037//2037 1677//1677 2038//2038
f 2038//2038 1677//1677 1678//1678
f 2038//2038 1678//1678 2039//2039
f 2039//2039 1678//1678 1679//1679
f 2039//2039 1679//1679 2040//2040
f 2040//2040 1679//1679 1680//1680
f 2040//2040 1680//1680 2041//2041
f 2041//2041 1680//1680 1681//1681
f 2041//2041 1681//1681 2042//2042
f 2042//2042 1681//1681 1682//1682
f 2042//2042 1682//1682 2043//2043
f 2043//2043 1682//1682 1683//1683
f 2043//2043 1683//1683 2044//2044
f 2044//2044 1683//1683 1684//1684
f 2044//2044 1684//1684 2045//2045
f 2045//2045 1684//1684 1685//1685
f 2045//2045 1685//1685 2046//2046
f 2046//2046 1685//1685 1686//1686
f 2046//2046 1686//1686 2047//2047
f 2047//2047 1686//1686 1687//1687
f 2047//2047 1687//1687 2048//2048
f 2048//2048 1687//1687 1688//1688
f 2048//2048 1688//1688 2049//2049
f 2049//2049 1688//1688 1689//1689
f 2049//2049 1689//1689 2050//2050
f 2050//2050 1689//1689 1690//1690
f 2050//2050 1690//1690 2051//2051
f 2051//2051 1690//1690 1691//1691
f 2051//2051 1691//1691 2052//2052
f 2052//2052 1691//1691 1692//1692
f 2052//2052 1692//1692 2053//2053
f 2053//2053 1692//1692 1693//1693
f 2053//2053 1693//1693 2054//2054
f 2054//2054 1693//1693 1694//1694
f 2054//2054 1694//1694 2055//2055
f 2055//2055 1694//1694 1695//1695
f 2055//2055 1695//1695 2056//2056
f 2056//2056 1695//1695 1696//1696
f 2056//2056 1696//1696 2057//2057
f 2057//2057 1696//1696 1697//1697
f 2057//2057 1697//1697 2058//2058
f 2058//2058 1697//1697 1698//1698
f 2058//2058 1698//1698 2059//2059
f 2059//2059 1698//1698 1699//1699
f 2059//2059 1699//1699 2060//2060
f 2060//2060 1699//1699 1700//1700
f 2060//2060 1700//1700 2061//2061
f 2061//2061 1700//1700 1701//1701
f 2061//2061 1701//1701 2062//2062
f 2062//2062 1701//1701 1702//1702
f 2062//2062 1702//1702 2063//2063
f 2063//2063 1702//1702 1703//1703
f 2063//2063 1703//1703 2064//2064
f 2064//2064 1703//1703 1704//1704
f 2064//2064 1704//1704 2065//2065
f 2065//2065 1704//1704 1705//1705
f 2065//2065 1705//1705 2066//2066
f 2066//2066 1705//1705 1706//1706
f 2066//2066 1706//1706 2067//2067
f 2067//2067 1706//1706 1707//1707
f 2067//2067 1707//1707 2068//2068
f 2068//2068 1707//1707 1708//1708
f 2068//2068 1708//1708 2069//2069
f 2069//2069 1708//1708 1709//1709
f 2069//2069 1709//1709 2070//2070
f 2070//2070 1709//1709 1710//1710
f 2070//2070 1710//1710 2071//2071
f 2071//2071 1710//1710 1711//1711
f 2071//2071 1711//1711 2072//2072
f 2072//2072 1711//1711 1712//1712
f 2072//2072 1712//1712 2073//2073
f 2073//2073 1712//1712 1713//1713
f 2073//2073 1713//1713 2074//2074
f 2074//2074 1713//1713 1714//1714
f 2074//2074 1714//1714 2075//2075
f 2075//2075 1714//1714 1715//1715
f 2075//2075 1715//1715 2076//2076
f 2076//2076 1715//1715 1716//1716
f 2076//2076 1716//1716 2077//2077
f 2077//2077 1716//1716 1717//1717
f 2077//2077 1717//1717 2078//2078
f 2078//2078 1717//1717 1718//1718
f 2078//2078 1718//1718 2079//2079
f 2079//2079 1718//1718 1719//1719
f 2079//2079 1719//1719 2080//2080
f 2080//2080 1719//1719 1720//1720
f 2080//2080 1720//1720 2081//2081
f 2081//2081 1720//1720 1721//1721
f 2081//2081 1721//1721 2082//2082
f 2082//2082 1721//1721 1722//1722
f 2082//2082 1722//1722 2083//2083
f 2083//2083 1722//1722 1723//1723
f 2083//2083 1723//1723 2084//2084
f 2084//2084 1723//1723 1724//1724
f 2084//2084 1724//1724 2085//2085
f 2085//2085 1724//1724 1725//1725
f 2085//2085 1725//1725 2086//2086
f 2086//2086 1725//1725 1726//1726
f 2086//2086 1726//1726 2087//2087
f 2087//2087 1726//1726 1727//1727
f 2087//2087 1727//1727 2088//2088
f 2088//2088 1727//1727 1728//1728
f 2088//2088 1728//1728 2089//2089
f 2089//2089 1728//1728 1729//1729
f 2089//2089 1729//1729 2090//2090
f 2090//2090 1729//1729 1730//1730
f 2090//2090 1730//1730 2091//2091
f 2091//2091 1730//1730 1731//1731
f 2091//2091 1731//1731 2092//2092
f 2092//2092 1731//1731 1732//1732
f 2092//2092 1732//1732 2093//2093
f 2093//2093 1732//1732 1733//1733
f 2093//2093 1733//1733 2094//2094
f 2094//2094 1733//1733 1734//1734
f 2094//2094 1734//1734 2095//2095
f 2095//2095 1734//1734 1735//1735
f 2095//2095 1735//1735 2096//2096
f 2096//2096 1735//1735 1736//1736
f 2096//2096 1736//1736 2097//2097
f 2097//2097 1736//1736 1737//1737
f 2097//2097 1737//1737 2098//2098
f 2098//2098 1737//1737 1738//1738
f 2098//2098 1738//1738 2099//2099
f 2099//2099 1738//1738 1739//1739
f 2099//2099 1739//1739 2100//2100
f 2100//2100 1739//1739 1740//1740
f 2100//2100 1740//1740 2101//2101
f 2101//2101 1740//1740 1741//1741
f 2101//2101 1741//1741 2102//2102
f 2102//2102 1741//1741 1742//1742
f 2102//2102 1742//1742 2103//2103
f 2103//2103 1742//1742 1743//1743
f 2103//2103 1743//1743 2104//2104
f 2104//2104 1743//1743 1744//1744
f 2104//2104 1744//1744 2105//2105
f 2105//2105 1744//1744 1745//1745
f 2105//2105 1745//1745 2106//2106
f 2106//2106 1745//1745 1746//1746
f 2106//2106 1746//1746 2107//2107
f 2107//2107 1746//1746 1747//1747
f 2107//2107 1747//1747 2108//2108
f 2108//2108 1747//1747 1748//1748
f 2108//2108 1748//1748 2109//2109
f 2109//2109 1748//1748 1749//1749
f 2109//2109 1749//1749 2110//2110
f 2110//2110 1749//1749 1750//1750
f 2110//2110 1750//1750 2111//2111
f 2111//2111 1750//1750 1751//1751
f 2111//2111 1751//1751 2112//2112
f 2112//2112 1751//1751 1752//1752
f 2112//2112 1752//1752 2113//2113
f 2113//2113 1752//1752 1753//1753
f 2113//2113 1753//1753 2114//2114
f 2114//2114 1753//1753 1754//1754
f 2114//2114 1754//1754 2115//2115
f 2115//2115 1754//1754 1755//1755
f 2115//2115 1755//1755 2116//2116
f 2116//2116 1755//1755 1756//1756
f 2116//2116 1756//1756 2117//2117
f 2117//2117 1756//1756 1757//1757
f 2117//2117 1757//1757 2118//2118
f 2118//2118 1757//1757 1758//1758
f 2118//2118 1758//1758 2119//2119
f 2119//2119 1758//1758 1759//1759
f 2119//2119 1759//1759 2120//2120
f 2120//2120 1759//1759 1760//1760
f 2120//2120 1760//1760 2121//2121
f 2121//2121 1760//1760 1761//1761
f 2121//2121 1761//1761 2122//2122
f 2122//2122 1761//1761 1762//1762
f 2122//2122 1762//1762 2123//2123
f 2123//2123 1762//1762 1763//1763
f 2123//2123 1763//1763 2124//2124
f 2124//2124 1763//1763 1764//1764
f 2124//2124 1764//1764 2125//2125
f 2125//2125 1764//1764 1765//1765
f 2125//2125 1765//1765 2126//2126
f 2126//2126 1765//1765 1766//1766
f 2126//2126 1766//1766 2127//2127
f 2127//2127 1766//1766 1767//1767
f 2127//2127 1767//1767 2128//2128
f 2128//2128 1767//1767 1768//1768
f 2128//2128 1768//1768 2129//2129
f 2129//2129 1768//1768 1769//1769
f 2129//2129 1769//1769 2130//2130
f 2130//2130 1769//1769 1770//1770
f 2130//2130 1770//1770 2131//2131
f 2131//2131 1770//1770 1771//1771
f 2131//2131 1771//1771 2132//2132
f 2132//2132 1771//1771 1772//1772
f 2132//2132 1772//1772 2133//2133
f 2133//2133 1772//1772 1773//1773
f 2133//2133 1773//1773 2134//2134
f 2134//2134 1773//1773 1774//1774
f 2134//2134 1774//1774 2135//2135
f 2135//2135 1774//1774 1775//1775
f 2135//2135 1775//1775 2136//2136
f 2136//2136 1775//1775 1776//1776
f 2136//2136 1776//1776 2137//2137
f 2137//2137 1776//1776 1777//1777
f 2137//2137 1777//1777 2138//2138
f 2138//2138 1777//1777 1778//1778
f 2138//2138 1778//1778 2139//2139
f 2139//2139 1778//1778 1779//1779
f 2139//2139 1779//1779 2140//2140
f 2140//2140 1779//1779 1780//1780
f 2140//2140 1780//1780 2141//2141
f 2141//2141 1780//1780 1781//1781
f 2141//2141 1781//1781 2142//2142
f 2142//2142 1781//1781 1782//1782
f 2142//2142 1782//1782 2143//2143
f 2143//2143 1782//1782 1783//1783
f 2143//2143 1783//1783 2144//2144
f 2144//2144 1783//1783 1784//1784
f 2144//2144 1784//1784 2145//2145
f 2145//2145 1784//1784 1785//1785
f 2145//2145 1785//1785 2146//2146
f 2146//2146 1785//1785 1786//1786
f 2146//2146 1786//1786 2147//2147
f 2147//2147 1786//1786 1787//1787
f 2147//2147 1787//1787 2148//2148
f 2148//2148 1787//1787 1788//1788
f 2148//2148 1788//1788 2149//2149
f 2149//2149 1788//1788 1789//1789
f 2149//2149 1789//1789 2150//2150
f 2150//2150 1789//1789 1790//1790
f 2150//2150 1790//1790 2151//2151
f 2151//2151 1790//1790 1791//1791
f 2151//2151 1791//1791 2152//2152
f 2152//2152 1791//1791 1792//1792
f 2152//2152 1792//1792 2153//2153
f 2153//2153 1792//1792 1793//1793
f 2153//2153 1793//1793 2154//2154
f 2154//2154 1793//1793 1794//1794
f 2154//2154 1794//1794 2155//2155
f 2155//2155 1794//1794 1795//1795
f 2155//2155 1795//1795 2156//2156
f 2156//2156 1795//1795 1796//1796
f 2156//2156 1796//1796 2157//2157
f 2157//2157 1796//1796 1797//1797
f 2157//2157 1797//1797 2158//2158
f 2158//2158 1797//1797 1798//1798
f 2158//2158 1798//1798 2159//2159
f 2159//2159 1798//1798 1799//1799
f 2159//2159 1799//1799 2160//2160
f 2160//2160 1799//1799 1800//1800
f 2161//2161 1801//1801 2162//2162
f 2162//2162 1801//1801 1802//1802
f 2162//2162 1802//1802 2163//2163
f 2163//2163 1802//1802 1803//1803
f 2163//2163 1803//1803 2164//2164
f 2164//2164 1803//1803 1804//1804
f 2164//2164 1804//1804 2165//2165
f 2165//2165 1804//1804 1805//1805
f 2165//2165 1805//1805 2166//2166
f 2166//2166 1805//1805 1806//1806
f 2166//2166 1806//1806 2167//2167
f 2167//2167 1806//1806 1807//1807
f 2167//2167 1807//1807 2168//2168
f 2168//2168 1807//1807 1808//1808
f 2168//2168 1808//1808 2169//2169
f 2169//2169 1808//1808 1809//1809
f 2169//2169 1809//1809 2170//2170
f 2170//2170 1809//1809 1810//1810
f 2170//2170 1810//1810 2171//2171
f 2171//2171 1810//1810 1811//1811
f 2171//2171 1811//1811 2172//2172
f 2172//2172 1811//1811 1812//1812
f 2172//2172 1812//1812 2173//2173
f 2173//2173 1812//1812 1813//1813
f 2173//2173 1813//1813 2174//2174
f 2174//2174 1813//1813 1814//1814
f 2174//2174 1814//1814 2175//2175
f 2175//2175 1814//1814 1815//1815
f 2175//2175 1815//1815 2176//2176
f 2176//2176 1815//1815 1816//1816
f 2176//2176 1816//1816 2177//2177
f 2177//2177 1816//1816 1817//1817
f 2177//2177 1817//1817 2178//2178
f 2178//2178 1817//1817 1818//1818
f 2178//2178 1818//1818 2179//2179
f 2179//2179 1818//1818 1819//1819
f 2179//2179 1819//1819 2180//2180
f 2180//2180 1819//1819 1820//1820
f 2180//2180 1820//1820 2181//2181
f 2181//2181 1820//1820 1821//1821
f 2181//2181 1821//1821 2182//2182
f 2182//2182 1821//1821 1822//1822
f 2182//2182 1822//1822 2183//2183
f 2183//2183 1822//1822 1823//1823
f 2183//2183 1823//1823 2184//2184
f 2184//2184 1823//1823 1824//1824
f 2184//2184 1824//1824 2185//2185
f 2185//2185 1824//1824 1825//1825
f 2185//2185 1825//1825 2186//2186
f 2186//2186 1825//1825 1826//1826
f 2186//2186 1826//1826 2187//2187
f 2187//2187 1826//1826 1827//1827
f 2187//2187 1827//1827 2188//2188
f 2188//2188 1827//1827 1828//1828
f 2188//2188 1828//1828 2189//2189
f 2189//2189 1828//1828 1829//1829
f 2189//2189 1829//1829 2190//2190
f 2190//2190 1829//1829 1830//1830
f 2190//2190 1830//1830 2191//2191
f 2191//2191 1830//1830 1831//1831
f 2191//2191 1831//1831 2192//2192
f 2192//2192 1831//1831 1832//1832
f 2192//2192 1832//1832 2193//2193
f 2193//2193 1832//1832 1833//1833
f 2193//2193 1833//1833 2194//2194
f 2194//2194 1833//1833 1834//1834
f 2194//2194 1834//1834 2195//2195
f 2195//2195 1834//1834 1835//1835
f 2195//2195 1835//1835 2196//2196
f 2196//2196 1835//1835 1836//1836
f 2196//2196 1836//1836 2197//2197
f 2197//2197 1836//1836 1837//1837
f 2197//2197 1837//1837 2198//2198
f 2198//2198 1837//1837 1838//1838
f 2198//2198 1838//1838 2199//2199
f 2199//2199 1838//1838 1839//1839
f 2199//2199 1839//1839 2200//2200
f 2200//2200 1839//1839 1840//1840
f 2200//2200 1840//1840 2201//2201
f 2201//2201 1840//1840 1841//1841
f 2201//2201 1841//1841 2202//2202
f 2202//2202 1841//1841 1842//1842
f 2202//2202 1842//1842 2203//2203
f 2203//2203 1842//1842 1843//1843
f 2203//2203 1843//1843 2204//2204
f 2204//2204 1843//1843 1844//1844
f 2204//2204 1844//1844 2205//2205
f 2205//2205 1844//1844 1845//1845
f 2205//2205 1845//1845 2206//2206
f 2206//2206 1845//1845 1846//1846
f 2206//2206 1846//1846 2207//2207
f 2207//2207 1846//1846 1847//1847
f 2207//2207 1847//1847 2208//2208
f 2208//2208 1847//1847 1848//1848
f 2208//2208 1848//1848 2209//2209
f 2209//2209 1848//1848 1849//1849
f 2209//2209 1849//1849 2210//2210
f 2210//2210 1849//1849 1850//1850
f 2210//2210 1850//1850 2211//2211
f 2211//2211 1850//1850 1851//1851
f 2211//2211 1851//1851 2212//2212
f 2212//2212 1851//1851 1852//1852
f 2212//2212 1852//1852 2213//2213
f 2213//2213 1852//1852 1853//1853
f 2213//2213 1853//1853 2214//2214
f 2214//2214 1853//1853 1854//1854
f 2214//2214 1854//1854 2215//2215
f 2215//2215 1854//1854 1855//1855
f 2215//2215 1855//1855 2216//2216
f 2216//2216 1855//1855 1856//1856
f 2216//2216 1856//1856 2217//2217
f 2217//2217 1856//1856 1857//1857
f 2217//2217 1857//1857 2218//2218
f 2218//2218 1857//1857 1858//1858
f 2218//2218 1858//1858 2219//2219
f 2219//2219 1858//1858 1859//1859
f 2219//2219 1859//1859 2220//2220
f 2220//2220 1859//1859 1860//1860
f 2220//2220 1860//1860 2221//2221
f 2221//2221 1860//1860 1861//1861
f 2221//2221 1861//1861 2222//2222
f 2222//2222 1861//1861 1862//1862
f 2222//2222 1862//1862 2223//2223
f 2223//2223 1862//1862 1863//1863
f 2223//2223 1863//1863 2224//2224
f 2224//2224 1863//1863 1864//1864
f 2224//2224 1864//1864 2225//2225
f 2225//2225 1864//1864 1865//1865
f 2225//2225 1865//1865 2226//2226
f 2226//2226 1865//1865 1866//1866
f 2226//2226 1866//1866 2227//2227
f 2227//2227 1866//1866 1867//1867
f 2227//2227 1867//1867 2228//2228
f 2228//2228 1867//1867 1868//1868
f 2228//2228 1868//1868 2229//2229
f 2229//2229 1868//1868 1869//1869
f 2229//2229 1869//1869 2230//2230
f 2230//2230 1869//1869 1870//1870
f 2230//2230 1870//1870 2231//2231
f 2231//2231 1870//1870 1871//1871
f 2231//2231 1871//1871 2232//2232
f 2232//2232 1871//1871 1872//1872
f 2232//2232 1872//1872 2233//2233
f 2233//2233 1872//1872 1873//1873
f 2233//2233 1873//1873 2234//2234
f 2234//2234 1873//1873 1874//1874
f 2234//2234 1874//1874 2235//2235
f 2235//2235 1874//1874 1875//1875
f 2235//2235 1875//1875 2236//2236
f 2236//2236 1875//1875 1876//1876
f 2236//2236 1876//1876 2237//2237
f 2237//2237 1876//1876 1877//1877
f 2237//2237 1877//1877 2238//2238
f 2238//2238 1877//1877 1878//1878
f 2238//2238 1878//1878 2239//2239
f 2239//2239 1878//1878 1879//1879
f 2239//2239 1879//1879 2240//2240
f 2240//2240 1879//1879 1880//1880
f 2240//2240 1880//1880 2241//2241
f 2241//2241 1880//1880 1881//1881
f 2241//2241 1881//1881 2242//2242
f 2242//2242 1881//1881 1882//1882
f 2242//2242 1882//1882 2243//2243
f 2243//2243 1882//1882 1883//1883
f 2243//2243 1883//1883 2244//2244
f 2244//2244 1883//1883 1884//1884
f 2244//2244 1884//1884 2245//2245
f 2245//2245 1884//1884 1885//1885
f 2245//2245 1885//1885 2246//2246
f 2246//2246 1885//1885 1886//1886
f 2246//2246 1886//1886 2247//2247
f 2247//2247 1886//1886 1887//1887
f 2247//2247 1887//1887 2248//2248
f 2248//2248 1887//1887 1888//1888
f 2248//2248 1888//1888 2249//2249
f 2249//2249 1888//1888 1889//1889
f 2249//2249 1889//1889 2250//2250
f 2250//2250 1889//1889 1890//1890
f 2250//2250 1890//1890 2251//2251
f 2251//2251 1890//1890 1891//1891
f 2251//2251 1891//1891 2252//2252
f 2252//2252 1891//1891 1892//1892
f 2252//2252 1892//1892 2253//2253
f 2253//2253 1892//1892 1893//1893
f 2253//2253 1893//1893 2254//2254
f 2254//2254 1893//1893 1894//1894
f 2254//2254 1894//1894 2255//2255
f 2255//2255 1894//1894 1895//1895
f 2255//2255 1895//1895 2256//2256
f 2256//2256 1895//1895 1896//1896
f 2256//2256 1896//1896 2257//2257
f 2257//2257 1896//1896 1897//1897
f 2257//2257 1897//1897 2258//2258
f 2258//2258 1897//1897 1898//1898
f 2258//2258 1898//1898 2259//2259
f 2259//2259 1898//1898 1899//1899
f 2259//2259 1899//1899 2260//2260
f 2260//2260 1899//1899 1900//1900
f 2260//2260 1900//1900 2261//2261
f 2261//2261 1900//1900 1901//1901
f 2261//2261 1901//1901 2262//2262
f 2262//2262 1901//1901 1902//1902
f 2262//2262 1902//1902 2263//2263
f 2263//2263 1902//1902 1903//1903
f 2263//2263 1903//1903 2264//2264
f 2264//2264 1903//1903 1904//1904
f 2264//2264 1904//1904 2265//2265
f 2265//2265 1904//1904 1905//1905
f 2265//2265 1905//1905 2266//2266
f 2266//2266 1905//1905 1906//1906
f 2266//2266 1906//1906 2267//2267
f 2267//2267 1906//1906 1907//1907
f 2267//2267 1907//1907 2268//2268
f 2268//2268 1907//1907 1908//1908
f 2268//2268 1908//1908 2269//2269
f 2269//2269 1908//1908 1909//1909
f 2269//2269 1909//1909 2270//2270
f 2270//2270 1909//1909 1910//1910
f 2270//2270 1910//1910 2271//2271
f 2271//2271 1910//1910 1911//1911
f 2271//2271 1911//1911 2272//2272
f 2272//2272 1911//1911 1912//1912
f 2272//2272 1912//1912 2273//2273
f 2273//2273 1912//1912 1913//1913
f 2273//2273 1913//1913 2274//2274
f 2274//2274 1913//1913 1914//1914
f 2274//2274 1914//1914 2275//2275
f 2275//2275 1914//1914 1915//1915
f 2275//2275 1915//1915 2276//2276
f 2276//2276 1915//1915 1916//1916
f 2276//2276 1916//1916 2277//2277
f 2277//2277 1916//1916 1917//1917
f 2277//2277 1917//1917 2278//2278
f 2278//2278 1917//1917 1918//1918
f 2278//2278 1918//1918 2279//2279
f 2279//2279 1918//1918 1919//1919
f 2279//2279 1919//1919 2280//2280
f 2280//2280 1919//1919 1920//1920
f 2280//2280 1920//1920 2281//2281
f 2281//2281 1920//1920 1921//1921
f 2281//2281 1921//1921 2282//2282
f 2282//2282 1921//1921 1922//1922
f 2282//2282 1922//1922 2283//2283
f 2283//2283 1922//1922 1923//1923
f 2283//2283 1923//1923 2284//2284
f 2284//2284 1923//1923 1924//1924
f 2284//2284 1924//1924 2285//2285
f 2285//2285 1924//1924 1925//1925
f 2285//2285 1925//1925 2286//2286
f 2286//2286 1925//1925 1926//1926
f 2286//2286 1926//1926 2287//2287
f 2287//2287 1926//1926 1927//1927
f 2287//2287 1927//1927 2288//2288
f 2288//2288 1927//1927 1928//1928
f 2288//2288 1928//1928 2289//2289
f 2289//2289 1928//1928 1929//1929
f 2289//2289 1929//1929 2290//2290
f 2290//2290 1929//1929 1930//1930
f 2290//2290 1930//1930 2291//2291
f 2291//2291 1930//1930 1931//1931
f 2291//2291 1931//1931 2292//2292
f 2292//2292 1931//1931 1932//1932
f 2292//2292 1932//1932 2293//2293
f 2293//2293 1932//1932 1933//1933
f 2293//2293 1933//1933 2294//2294
f 2294//2294 1933//1933 1934//1934
f 2294//2294 1934//1934 2295//2295
f 2295//2295 1934//1934 1935//1935
f 2295//2295 1935//1935 2296//2296
f 2296//2296 1935//1935 1936//1936
f 2296//2296 1936//1936 2297//2297
f 2297//2297 1936//1936 1937//1937
f 2297//2297 1937//1937 2298//2298
f 2298//2298 1937//1937 1938//1938
f 2298//2298 1938//1938 2299//2299
f 2299//2299 1938//1938 1939//1939
f 2299//2299 1939//1939 2300//2300
f 2300//2300 1939//1939 1940//1940
f 2300//2300 1940//1940 2301//2301
f 2301//2301 1940//1940 1941//1941
f 2301//2301 1941//1941 2302//2302
f 2302//2302 1941//1941 1942//1942
f 2302//2302 1942//1942 2303//2303
f 2303//2303 1942//1942 1943//1943
f 2303//2303 1943//1943 2304//2304
f 2304//2304 1943//1943 1944//1944
f 2304//2304 1944//1944 2305//2305
f 2305//2305 1944//1944 1945//1945
f 2305//2305 1945//1945 2306//2306
f 2306//2306 1945//1945 1946//1946
f 2306//2306 1946//1946 2307//2307
f 2307//2307 1946//1946 1947//1947
f 2307//2307 1947//1947 2308//2308
f 2308//2308 1947//1947 1948//1948
f 2308//2308 1948//1948 2309//2309
f 2309//2309 1948//1948 1949//1949
f 2309//2309 1949//1949 2310//2310
f 2310//2310 1949//1949 1950//1950
f 2310//2310 1950//1950 2311//2311
f 2311//2311 1950//1950 1951//1951
f 2311//2311 1951//1951 2312//2312
f 2312//2312 1951//1951 1952//1952
f 2312//2312 1952//1952 2313//2313
f 2313//2313 1952//1952 1953//1953
f 2313//2313 1953//1953 2314//2314
f 2314//2314 1953//1953 1954//1954
f 2314//2314 1954//1954 2315//2315
f 2315//2315 1954//1954 1955//1955
f 2315//2315 1955//1955 2316//2316
f 2316//2316 1955//1955 1956//1956
f 2316//2316 1956//1956 2317//2317
f 2317//2317 1956//1956 1957//1957
f 2317//2317 1957//1957 2318//2318
f 2318//2318 1957//1957 1958//1958
f 2318//2318 1958//1958 2319//2319
f 2319//2319 1958//1958 1959//1959
f 2319//2319 1959//1959 2320//2320
f 2320//2320 1959//1959 1960//1960
f 2320//2320 1960//1960 2321//2321
f 2321//2321 1960//1960 1961//1961
f 2321//2321 1961//1961 2322//2322
f 2322//2322 1961//1961 1962//1962
f 2322//2322 1962//1962 2323//2323
f 2323//2323 1962//1962 1963//1963
f 2323//2323 1963//1963 2324//2324
f 2324//2324 1963//1963 1964//1964
f 2324//2324 1964//1964 2325//2325
f 2325//2325 1964//1964 1965//1965
f 2325//2325 1965//1965 2326//2326
f 2326//2326 1965//1965 1966//1966
f 2326//2326 1966//1966 2327//2327
f 2327//2327 1966//1966 1967//1967
f 2327//2327 1967//1967 2328//2328
f 2328//2328 1967//1967 1968//1968
f 2328//2328 1968//1968 2329//2329
f 2329//2329 1968//1968 1969//1969
f 2329//2329 1969//1969 2330//2330
f 2330//2330 1969//1969 1970//1970
f 2330//2330 1970//1970 2331//2331
f 2331//2331 1970//1970 1971//1971
f 2331//2331 1971//1971 2332//2332
f 2332//2332 1971//1971 1972//1972
f 2332//2332 1972//1972 2333//2333
f 2333//2333 1972//1972 1973//1973
f 2333//2333 1973//1973 2334//2334
f 2334//2334 1973//1973 1974//1974
f 2334//2334 1974//1974 2335//2335
f 2335//2335 1974//1974 1975//1975
f 2335//2335 1975//1975 2336//2336
f 2336//2336 1975//1975 1976//1976
f 2336//2336 1976//1976 2337//2337
f 2337//2337 1976//1976 1977//1977
f 2337//2337 1977//1977 2338//2338
f 2338//2338 1977//1977 1978//1978
f 2338//2338 1978//1978 2339//2339
f 2339//2339 1978//1978 1979//1979
f 2339//2339 1979//1979 2340//2340
f 2340//2340 1979//1979 1980//1980
f 2340//2340 1980//1980 2341//2341
f 2341//2341 1980//1980 1981//1981
f 2341//2341 1981//1981 2342//2342
f 2342//2342 1981//1981 1982//1982
f 2342//2342 1982//1982 2343//2343
f 2343//2343 1982//1982 1983//1983
f 2343//2343 1983//1983 2344//2344
f 2344//2344 1983//1983 1984//1984
f 2344//2344 1984//1984 2345//2345
f 2345//2345 1984//1984 1985//1985
f 2345//2345 1985//1985 2346//2346
f 2346//2346 1985//1985 1986//1986
f 2346//2346 1986//1986 2347//2347
f 2347//2347 1986//1986 1987//1987
f 2347//2347 1987//1987 2348//2348
f 2348//2348 1987//1987 1988//1988
f 2348//2348 1988//1988 2349//2349
f 2349//2349 1988//1988 1989//1989
f 2349//2349 1989//1989 2350//2350
f 2350//2350 1989//1989 1990//1990
f 2350//2350 1990//1990 2351//2351
f 2351//2351 1990//1990 1991//1991
f 2351//2351 1991//1991 2352//2352
f 2352//2352 1991//1991 1992//1992
f 2352//2352 1992//1992 2353//2353
f 2353//2353 1992//1992 1993//1993
f 2353//2353 1993//1993 2354//2354
f 2354//2354 1993//1993 1994//1994
f 2354//2354 1994//1994 2355//2355
f 2355//2355 1994//1994 1995//1995
f 2355//2355 1995//1995 2356//2356
f 2356//2356 1995//1995 1996//1996
f 2356//2356 1996//1996 2357//2357
f 2357//2357 1996//1996 1997//1997
f 2357//2357 1997//1997 2358//2358
f 2358//2358 1997//1997 1998//1998
f 2358//2358 1998//1998 2359//2359
f 2359//2359 1998//1998 1999//1999
f 2359//2359 1999//1999 2360//2360
f 2360//2360 1999//1999 2000//2000
f 2360//2360 2000//2000 2361//2361
f 2361//2361 2000//2000 2001//2001
f 2361//2361 2001//2001 2362//2362
f 2362//2362 2001//2001 2002//2002
f 2362//2362 2002//2002 2363//2363
f 2363//2363 2002//2002 2003//2003
f 2363//2363 2003//2003 2364//2364
f 2364//2364 2003//2003 2004//2004
f 2364//2364 2004//2004 2365//2365
f 2365//2365 2004//2004 2005//2005
f 2365//2365 2005//2005 2366//2366
f 2366//2366 2005//2005 2006//2006
f 2366//2366 2006//2006 2367//2367
f 2367//2367 2006//2006 2007//2007
f 2367//2367 2007//2007 2368//2368
f 2368//2368 2007//2007 2008//2008
f 2368//2368 2008//2008 2369//2369
f 2369//2369 2008//2008 2009//2009
f 2369//2369 2009//2009 2370//2370
f 2370//2370 2009//2009 2010//2010
f 2370//2370 2010//2010 2371//2371
f 2371//2371 2010//2010 2011//2011
f 2371//2371 2011//2011 2372//2372
f 2372//2372 2011//2011 2012//2012
f 2372//2372 2012//2012 2373//2373
f 2373//2373 2012//2012 2013//2013
f 2373//2373 2013//2013 2374//2374
f 2374//2374 2013//2013 2014//2014
f 2374//2374 2014//2014 2375//2375
f 2375//2375 2014//2014 2015//2015
f 2375//2375 2015//2015 2376//2376
f 2376//2376 2015//2015 2016//2016
f 2376//2376 2016//2016 2377//2377
f 2377//2377 2016//2016 2017//2017
f 2377//2377 2017//2017 2378//2378
f 2378//2378 2017//2017 2018//2018
f 2378//2378 2018//2018 2379//2379
f 2379//2379 2018//2018 2019//2019
f 2379//2379 2019//2019 2380//2380
f 2380//2380 2019//2019 2020//2020
f 2380//2380 2020//2020 2381//2381
f 2381//2381 2020//2020 2021//2021
f 2381//2381 2021//2021 2382//2382
f 2382//2382 2021//2021 2022//2022
f 2382//2382 2022//2022 2383//2383
f 2383//2383 2022//2022 2023//2023
f 2383//2383 2023//2023 2384//2384
f 2384//2384 2023//2023 2024//2024
f 2384//2384 2024//2024 2385//2385
f 2385//2385 2024//2024 2025//2025
f 2385//2385 2025//2025 2386//2386
f 2386//2386 2025//2025 2026//2026
f 2386//2386 2026//2026 2387//2387
f 2387//2387 2026//2026 2027//2027
f 2387//2387 2027//2027 2388//2388
f 2388//2388 2027//2027 2028//2028
f 2388//2388 2028//2028 2389//2389
f 2389//2389 2028//2028 2029//2029
f 2389//2389 2029//2029 2390//2390
f 2390//2390 2029//2029 2030//2030
f 2390//2390 2030//2030 2391//2391
f 2391//2391 2030//2030 2031//2031
f 2391//2391 2031//2031 2392//2392
f 2392//2392 2031//2031 2032//2032
f 2392//2392 2032//2032 2393//2393
f 2393//2393 2032//2032 2033//2033
f 2393//2393 2033//2033 2394//2394
f 2394//2394 2033//2033 2034//2034
f 2394//2394 2034//2034 2395//2395
f 2395//2395 2034//2034 2035//2035
f 2395//2395 2035//2035 2396//2396
f 2396//2396 2035//2035 2036//2036
f 2396//2396 2036//2036 2397//2397
f 2397//2397 2036//2036 2037//2037
f 2397//2397 2037//2037 2398//2398
f 2398//2398 2037//2037 2038//2038
f 2398//2398 2038//2038 2399//2399
f 2399//2399 2038//2038 2039//2039
f 2399//2399 2039//2039 2400//2400
f 2400//2400 2039//2039 2040//2040
f 2400//2400 2040//2040 2401//2401
f 2401//2401 2040//2040 2041//2041
f 2401//2401 2041//2041 2402//2402
f 2402//2402 2041//2041 2042//2042
f 2402//2402 2042//2042 2403//2403
f 2403//2403 2042//2042 2043//2043
f 2403//2403 2043//2043 2404//2404
f 2404//2404 2043//2043 2044//2044
f 2404//2404 2044//2044 2405//2405
f 2405//2405 2044//2044 2045//2045
f 2405//2405 2045//2045 2406//2406
f 2406//2406 2045//2045 2046//2046
f 2406//2406 2046//2046 2407//2407
f 2407//2407 2046//2046 2047//2047
f 2407//2407 2047//2047 2408//2408
f 2408//2408 2047//2047 2048//2048
f 2408//2408 2048//2048 2409//2409
f 2409//2409 2048//2048 2049//2049
f 2409//2409 2049//2049 2410//2410
f 2410//2410 2049//2049 2050//2050
f 2410//2410 2050//2050 2411//2411
f 2411//2411 2050//2050 2051//2051
f 2411//2411 2051//2051 2412//2412
f 2412//2412 2051//2051 2052//2052
f 2412//2412 2052//2052 2413//2413
f 2413//2413 2052//2052 2053//2053
f 2413//2413 2053//2053 2414//2414
f 2414//2414 2053//2053 2054//2054
f 2414//2414 2054//2054 2415//2415
f 2415//2415 2054//2054 2055//2055
f 2415//2415 2055//2055 2416//2416
f 2416//2416 2055//2055 2056//2056
f 2416//2416 2056//2056 2417//2417
f 2417//2417 2056//2056 2057//2057
f 2417//2417 2057//2057 2418//2418
f 2418//2418 2057//2057 2058//2058
f 2418//2418 2058//2058 2419//2419
f 2419//2419 2058//2058 2059//2059
f 2419//2419 2059//2059 2420//2420
f 2420//2420 2059//2059 2060//2060
f 2420//2420 2060//2060 2421//2421
f 2421//2421 2060//2060 2061//2061
f 2421//2421 2061//2061 2422//2422
f 2422//2422 2061//2061 2062//2062
f 2422//2422 2062//2062 2423//2423
f 2423//2423 2062//2062 2063//2063
f 2423//2423 2063//2063 2424//2424
f 2424//2424 2063//2063 2064//2064
f 2424//2424 2064//2064 2425//2425
f 2425//2425 2064//2064 2065//2065
f 2425//2425 2065//2065 2426//2426
f 2426//2426 2065//2065 2066//2066
f 2426//2426 2066//2066 2427//2427
f 2427//2427 2066//2066 2067//2067
f 2427//2427 2067//2067 2428//2428
f 2428//2428 2067//2067 2068//2068
f 2428//2428 2068//2068 2429//2429
f 2429//2429 2068//2068 2069//2069
f 2429//2429 2069//2069 2430//2430
f 2430//2430 2069//2069 2070//2070
f 2430//2430 2070//2070 2431//2431
f 2431//2431 2070//2070 2071//2071
f 2431//2431 2071//2071 2432//2432
f 2432//2432 2071//2071 2072//2072
f 2432//2432 2072//2072 2433//2433
f 2433//2433 2072//2072 2073//2073
f 2433//2433 2073//2073 2434//2434
f 2434//2434 2073//2073 2074//2074
f 2434//2434 2074//2074 2435//2435
f 2435//2435 2074//2074 2075//2075
f 2435//2435 2075//2075 2436//2436
f 2436//2436 2075//2075 2076//2076
f 2436//2436 2076//2076 2437//2437
f 2437//2437 2076//2076 2077//2077
f 2437//2437 2077//2077 2438//2438
f 2438//2438 2077//2077 2078//2078
f 2438//2438 2078//2078 2439//2439
f 2439//2439 2078//2078 2079//2079
f 2439//2439 2079//2079 2440//2440
f 2440//2440 2079//2079 2080//2080
f 2440//2440 2080//2080 2441//2441
f 2441//2441 2080//2080 2081//2081
f 2441//2441 2081//2081 2442//2442
f 2442//2442 2081//2081 2082//2082
f 2442//2442 2082//2082 2443//2443
f 2443//2443 2082//2082 2083//2083
f 2443//2443 2083//2083 2444//2444
f 2444//2444 2083//2083 2084//2084
f 2444//2444 2084//2084 2445//2445
f 2445//2445 2084//2084 2085//2085
f 2445//2445 2085//2085 2446//2446
f 2446//2446 2085//2085 2086//2086
f 2446//2446 2086//2086 2447//2447
f 2447//2447 2086//2086 2087//2087
f 2447//2447 2087//2087 2448//2448
f 2448//2448 2087//2087 2088//2088
f 2448//2448 2088//2088 2449//2449
f 2449//2449 2088//2088 2089//2089
f 2449//2449 2089//2089 2450//2450
f 2450//2450 2089//2089 2090//2090
f 2450//2450 2090//2090 2451//2451
f 2451//2451 2090//2090 2091//2091
f 2451//2451 2091//2091 2452//2452
f 2452//2452 2091//2091 2092//2092
f 2452//2452 2092//2092 2453//2453
f 2453//2453 2092//2092 2093//2093
f 2453//2453 2093//2093 2454//2454
f 2454//2454 2093//2093 2094//2094
f 2454//2454 2094//2094 2455//2455
f 2455//2455 2094//2094 2095//2095
f 2455//2455 2095//2095 2456//2456
f 2456//2456 2095//2095 2096//2096
f 2456//2456 2096//2096 2457//2457
f 2457//2457 2096//2096 2097//2097
f 2457//2457 2097//2097 2458//2458
f 2458//2458 2097//2097 2098//2098
f 2458//2458 2098//2098 2459//2459
f 2459//2459 2098//2098 2099//2099
f 2459//2459 2099//2099 2460//2460
f 2460//2460 2099//2099 2100//2100
f 2460//2460 2100//2100 2461//2461
f 2461//2461 2100//2100 2101//2101
f 2461//2461 2101//2101 2462//2462
f 2462//2462 2101//2101 2102//2102
f 2462//2462 2102//2102 2463//2463
f 2463//2463 2102//2102 2103//2103
f 2463//2463 2103//2103 2464//2464
f 2464//2464 2103//2103 2104//2104
f 2464//2464 2104//2104 2465//2465
f 2465//2465 2104//2104 2105//2105
f 2465//2465 2105//2105 2466//2466
f 2466//2466 2105//2105 2106//2106
f 2466//2466 2106//2106 2467//2467
f 2467//2467 2106//2106 2107//2107
f 2467//2467 2107//2107 2468//2468
f 2468//2468 2107//2107 2108//2108
f 2468//2468 2108//2108 2469//2469
f 2469//2469 2108//2108 2109//2109
f 2469//2469 2109//2109 2470//2470
f 2470//2470 2109//2109 2110//2110
f 2470//2470 2110//2110 2471//2471
f 2471//2471 2110//2110 2111//2111
f 2471//2471 2111//2111 2472//2472
f 2472//2472 2111//2111 2112//2112
f 2472//2472 2112//2112 2473//2473
f 2473//2473 2112//2112 2113//2113
f 2473//2473 2113//2113 2474//2474
f 2474//2474 2113//2113 2114//2114
f 2474//2474 2114//2114 2475//2475
f 2475//2475 2114//2114 2115//2115
f 2475//2475 2115//2115 2476//2476
f 2476//2476 2115//2115 2116//2116
f 2476//2476 2116//2116 2477//2477
f 2477//2477 2116//2116 2117//2117
f 2477//2477 2117//2117 2478//2478
f 2478//2478 2117//2117 2118//2118
f 2478//2478 2118//2118 2479//2479
f 2479//2479 2118//2118 2119//2119
f 2479//2479 2119//2119 2480//2480
f 2480//2480 2119//2119 2120//2120
f 2480//2480 2120//2120 2481//2481
f 2481//2481 2120//2120 2121//2121
f 2481//2481 2121//2121 2482//2482
f 2482//2482 2121//2121 2122//2122
f 2482//2482 2122//2122 2483//2483
f 2483//2483 2122//2122 2123//2123
f 2483//2483 2123//2123 2484//2484
f 2484//2484 2123//2123 2124//2124
f 2484//2484 2124//2124 2485//2485
f 2485//2485 2124//2124 2125//2125
f 2485//2485 2125//2125 2486//2486
f 2486//2486 2125//2125 2126//2126
f 2486//2486 2126//2126 2487//2487
f 2487//2487 2126//2126 2127//2127
f 2487//2487 2127//2127 2488//2488
f 2488//2488 2127//2127 2128//2128
f 2488//2488 2128//2128 2489//2489
f 2489//2489 2128//2128 2129//2129
f 2489//2489 2129//2129 2490//2490
f 2490//2490 2129//2129 2130//2130
f 2490//2490 2130//2130 2491//2491
f 2491//2491 2130//2130 2131//2131
f 2491//2491 2131//2131 2492//2492
f 2492//2492 2131//2131 2132//2132
f 2492//2492 2132//2132 2493//2493
f 2493//2493 2132//2132 2133//2133
f 2493//2493 2133//2133 2494//2494
f 2494//2494 2133//2133 2134//2134
f 2494//2494 2134//2134 2495//2495
f 2495//2495 2134//2134 2135//2135
f 2495//2495 2135//2135 2496//2496
f 2496//2496 2135//2135 2136//2136
f 2496//2496 2136//2136 2497//2497
f 2497//2497 2136//2136 2137//2137
f 2497//2497 2137//2137 2498//2498
f 2498//2498 2137//2137 2138//2138
f 2498//2498 2138//2138 2499//2499
f 2499//2499 2138//2138 2139//2139
f 2499//2499 2139//2139 2500//2500
f 2500//2500 2139//2139 2140//2140
f 2500//2500 2140//2140 2501//2501
f 2501//2501 2140//2140 2141//2141
f 2501//2501 2141//2141 2502//2502
f 2502//2502 2141//2141 2142//2142
f 2502//2502 2142//2142 2503//2503
f 2503//2503 2142//2142 2143//2143
f 2503//2503 2143//2143 2504//2504
f 2504//2504 2143//2143 2144//2144
f 2504//2504 2144//2144 2505//2505
f 2505//2505 2144//2144 2145//2145
f 2505//2505 2145//2145 2506//2506
f 2506//2506 2145//2145 2146//2146
f 2506//2506 2146//2146 2507//2507
f 2507//2507 2146//2146 2147//2147
f 2507//2507 2147//2147 2508//2508
f 2508//2508 2147//2147 2148//2148
f 2508//2508 2148//2148 2509//2509
f 2509//2509 2148//2148 2149//2149
f 2509//2509 2149//2149 2510//2510
f 2510//2510 2149//2149 2150//2150
f 2510//2510 2150//2150 2511//2511
f 2511//2511 2150//2150 2151//2151
f 2511//2511 2151//2151 2512//2512
f 2512//2512 2151//2151 2152//2152
f 2512//2512 2152//2152 2513//2513
f 2513//2513 2152//2152 2153//2153
f 2513//2513 2153//2153 2514//2514
f 2514//2514 2153//2153 2154//2154
f 2514//2514 2154//2154 2515//2515
f 2515//2515 2154//2154 2155//2155
f 2515//2515 2155//2155 2516//2516
f 2516//2516 2155//2155 2156//2156
f 2516//2516 2156//2156 2517//2517
f 2517//2517 2156//2156 2157//2157
f 2517//2517 2157//2157 2518//2518
f 2518//2518 2157//2157 2158//2158
f 2518//2518 2158//2158 2519//2519
f 2519//2519 2158//2158 2159//2159
f 2519//2519 2159//2159 2520//2520
f 2520//2520 2159//2159 2160//2160
f 2521//2521 2161//2161 2522//2522
f 2522//2522 2161//2161 2162//2162
f 2522//2522 2162//2162 2523//2523
f 2523//2523 2162//2162 2163//2163
f 2523//2523 2163//2163 2524//2524
f 2524//2524 2163//2163 2164//2164
f 2524//2524 2164//2164 2525//2525
f 2525//2525 2164//2164 2165//2165
f 2525//2525 2165//2165 2526//2526
f 2526//2526 2165//2165 2166//2166
f 2526//2526 2166//2166 2527//2527
f 2527//2527 2166//2166 2167//2167
f 2527//2527 2167//2167 2528//2528
f 2528//2528 2167//2167 2168//2168
f 2528//2528 2168//2168 2529//2529
f 2529//2529 2168//2168 2169//2169
f 2529//2529 2169//2169 2530//2530
f 2530//2530 2169//2169 2170//2170
f 2530//2530 2170//2170 2531//2531
f 2531//2531 2170//2170 2171//2171
f 2531//2531 2171//2171 2532//2532
f 2532//2532 2171//2171 2172//2172
f 2532//2532 2172//2172 2533//2533
f 2533//2533 2172//2172 2173//2173
f 2533//2533 2173//2173 2534//2534
f 2534//2534 2173//2173 2174//2174
f 2534//2534 2174//2174 2535//2535
f 2535//2535 2174//2174 2175//2175
f 2535//2535 2175//2175 2536//2536
f 2536//2536 2175//2175 2176//2176
f 2536//2536 2176//2176 2537//2537
f 2537//2537 2176//2176 2177//2177
f 2537//2537 2177//2177 2538//2538
f 2538//2538 2177//2177 2178//2178
f 2538//2538 2178//2178 2539//2539
f 2539//2539 2178//2178 2179//2179
f 2539//2539 2179//2179 2540//2540
f 2540//2540 2179//2179 2180//2180
f 2540//2540 2180//2180 2541//2541
f 2541//2541 2180//2180 2181//2181
f 2541//2541 2181//2181 2542//2542
f 2542//2542 2181//2181 2182//2182
f 2542//2542 2182//2182 2543//2543
f 2543//2543 2182//2182 2183//2183
f 2543//2543 2183//2183 2544//2544
f 2544//2544 2183//2183 2184//2184
f 2544//2544 2184//2184 2545//2545
f 2545//2545 2184//2184 2185//2185
f 2545//2545 2185//2185 2546//2546
f 2546//2546 2185//2185 2186//2186
f 2546//2546 2186//2186 2547//2547
f 2547//2547 2186//2186 2187//2187
f 2547//2547 2187//2187 2548//2548
f 2548//2548 2187//2187 2188//2188
f 2548//2548 2188//2188 2549//2549
f 2549//2549 2188//2188 2189//2189
f 2549//2549 2189//2189 2550//2550
f 2550//2550 2189//2189 2190//2190
f 2550//2550 2190//2190 2551//2551
f 2551//2551 2190//2190 2191//2191
f 2551//2551 2191//2191 2552//2552
f 2552//2552 2191//2191 2192//2192
f 2552//2552 2192//2192 2553//2553
f 2553//2553 2192//2192 2193//2193
f 2553//2553 2193//2193 2554//2554
f 2554//2554 2193//2193 2194//2194
f 2554//2554 2194//2194 2555//2555
f 2555//2555 2194//2194 2195//2195
f 2555//2555 2195//2195 2556//2556
f 2556//2556 2195//2195 2196//2196
f 2556//2556 2196//2196 2557//2557
f 2557//2557 2196//2196 2197//2197
f 2557//2557 2197//2197 2558//2558
f 2558//2558 2197//2197 2198//2198
f 2558//2558 2198//2198 2559//2559
f 2559//2559 2198//2198 2199//2199
f 2559//2559 2199//2199 2560//2560
f 2560//2560 2199//2199 2200//2200
f 2560//2560 2200//2200 2561//2561
f 2561//2561 2200//2200 2201//2201
f 2561//2561 2201//2201 2562//2562
f 2562//2562 2201//2201 2202//2202
f 2562//2562 2202//2202 2563//2563
f 2563//2563 2202//2202 2203//2203
f 2563//2563 2203//2203 2564//2564
f 2564//2564 2203//2203 2204//2204
f 2564//2564 2204//2204 2565//2565
f 2565//2565 2204//2204 2205//2205
f 2565//2565 2205//2205 2566//2566
f 2566//2566 2205//2205 2206//2206
f 2566//2566 2206//2206 2567//2567
f 2567//2567 2206//2206 2207//2207
f 2567//2567 2207//2207 2568//2568
f 2568//2568 2207//2207 2208//2208
f 2568//2568 2208//2208 2569//2569
f 2569//2569 2208//2208 2209//2209
f 2569//2569 2209//2209 2570//2570
f 2570//2570 2209//2209 2210//2210
f 2570//2570 2210//2210 2571//2571
f 2571//2571 2210//2210 2211//2211
f 2571//2571 2211//2211 2572//2572
f 2572//2572 2211//2211 2212//2212
f 2572//2572 2212//2212 2573//2573
f 2573//2573 2212//2212 2213//2213
f 2573//2573 2213//2213 2574//2574
f 2574//2574 2213//2213 2214//2214
f 2574//2574 2214//2214 2575//2575
f 2575//2575 2214//2214 2215//2215
f 2575//2575 2215//2215 2576//2576
f 2576//2576 2215//2215 2216//2216
f 2576//2576 2216//2216 2577//2577
f 2577//2577 2216//2216 2217//2217
f 2577//2577 2217//2217 2578//2578
f 2578//2578 2217//2217 2218//2218
f 2578//2578 2218//2218 2579//2579
f 2579//2579 2218//2218 2219//2219
f 2579//2579 2219//2219 2580//2580
f 2580//2580 2219//2219 2220//2220
f 2580//2580 2220//2220 2581//2581
f 2581//2581 2220//2220 2221//2221
f 2581//2581 2221//2221 2582//2582
f 2582//2582 2221//2221 2222//2222
f 2582//2582 2222//2222 2583//2583
f 2583//2583 2222//2222 2223//2223
f 2583//2583 2223//2223 2584//2584
f 2584//2584 2223//2223 2224//2224
f 2584//2584 2224//2224 2585//2585
f 2585//2585 2224//2224 2225//2225
f 2585//2585 2225//2225 2586//2586
f 2586//2586 2225//2225 2226//2226
f 2586//2586 2226//2226 2587//2587
f 2587//2587 2226//2226 2227//2227
f 2587//2587 2227//2227 2588//2588
f 2588//2588 2227//2227 2228//2228
f 2588//2588 2228//2228 2589//2589
f 2589//2589 2228//2228 2229//2229
f 2589//2589 2229//2229 2590//2590
f 2590//2590 2229//2229 2230//2230
f 2590//2590 2230//2230 2591//2591
f 2591//2591 2230//2230 2231//2231
f 2591//2591 2231//2231 2592//2592
f 2592//2592 2231//2231 2232//2232
f 2592//2592 2232//2232 2593//2593
f 2593//2593 2232//2232 2233//2233
f 2593//2593 2233//2233 2594//2594
f 2594//2594 2233//2233 2234//2234
f 2594//2594 2234//2234 2595//2595
f 2595//2595 2234//2234 2235//2235
f 2595//2595 2235//2235 2596//2596
f 2596//2596 2235//2235 2236//2236
f 2596//2596 2236//2236 2597//2597
f 2597//2597 2236//2236 2237//2237
f 2597//2597 2237//2237 2598//2598
f 2598//2598 2237//2237 2238//2238
f 2598//2598 2238//2238 2599//2599
f 2599//2599 2238//2238 2239//2239
f 2599//2599 2239//2239 2600//2600
f 2600//2600 2239//2239 2240//2240
f 2600//2600 2240//2240 2601//2601
f 2601//2601 2240//2240 2241//2241
f 2601//2601 2241//2241 2602//2602
f 2602//2602 2241//2241 2242//2242
f 2602//2602 2242//2242 2603//2603
f 2603//2603 2242//2242 2243//2243
f 2603//2603 2243//2243 2604//2604
f 2604//2604 2243//2243 2244//2244
f 2604//2604 2244//2244 2605//2605
f 2605//2605 2244//2244 2245//2245
f 2605//2605 2245//2245 2606//2606
f 2606//2606 2245//2245 2246//2246
f 2606//2606 2246//2246 2607//2607
f 2607//2607 2246//2246 2247//2247
f 2607//2607 2247//2247 2608//2608
f 2608//2608 2247//2247 2248//2248
f 2608//2608 2248//2248 2609//2609
f 2609//2609 2248//2248 2249//2249
f 2609//2609 2249//2249 2610//2610
f 2610//2610 2249//2249 2250//2250
f 2610//2610 2250//2250 2611//2611
f 2611//2611 2250//2250 2251//2251
f 2611//2611 2251//2251 2612//2612
f 2612//2612 2251//2251 2252//2252
f 2612//2612 2252//2252 2613//2613
f 2613//2613 2252//2252 2253//2253
f 2613//2613 2253//2253 2614//2614
f 2614//2614 2253//2253 2254//2254
f 2614//2614 2254//2254 2615//2615
f 2615//2615 2254//2254 2255//2255
f 2615//2615 2255//2255 2616//2616
f 2616//2616 2255//2255 2256//2256
f 2616//2616 2256//2256 2617//2617
f 2617//2617 2256//2256 2257//2257
f 2617//2617 2257//2257 2618//2618
f 2618//2618 2257//2257 2258//2258
f 2618//2618 2258//2258 2619//2619
f 2619//2619 2258//2258 2259//2259
f 2619//2619 2259//2259 2620//2620
f 2620//2620 2259//2259 2260//2260
f 2620//2620 2260//2260 2621//2621
f 2621//2621 2260//2260 2261//2261
f 2621//2621 2261//2261 2622//2622
f 2622//2622 2261//2261 2262//2262
f 2622//2622 2262//2262 2623//2623
f 2623//2623 2262//2262 2263//2263
f 2623//2623 2263//2263 2624//2624
f 2624//2624 2263//2263 2264//2264
f 2624//2624 2264//2264 2625//2625
f 2625//2625 2264//2264 2265//2265
f 2625//2625 2265//2265 2626//2626
f 2626//2626 2265//2265 2266//2266
f 2626//2626 2266//2266 2627//2627
f 2627//2627 2266//2266 2267//2267
f 2627//2627 2267//2267 2628//2628
f 2628//2628 2267//2267 2268//2268
f 2628//2628 2268//2268 2629//2629
f 2629//2629 2268//2268 2269//2269
f 2629//2629 2269//2269 2630//2630
f 2630//2630 2269//2269 2270//2270
f 2630//2630 2270//2270 2631//2631
f 2631//2631 2270//2270 2271//2271
f 2631//2631 2271//2271 2632//2632
f 2632//2632 2271//2271 2272//2272
f 2632//2632 2272//2272 2633//2633
f 2633//2633 2272//2272 2273//2273
f 2633//2633 2273//2273 2634//2634
f 2634//2634 2273//2273 2274//2274
f 2634//2634 2274//2274 2635//2635
f 2635//2635 2274//2274 2275//2275
f 2635//2635 2275//2275 2636//2636
f 2636//2636 2275//2275 2276//2276
f 2636//2636 2276//2276 2637//2637
f 2637//2637 2276//2276 2277//2277
f 2637//2637 2277//2277 2638//2638
f 2638//2638 2277//2277 2278//2278
f 2638//2638 2278//2278 2639//2639
f 2639//2639 2278//2278 2279//2279
f 2639//2639 2279//2279 2640//2640
f 2640//2640 2279//2279 2280//2280
f 2640//2640 2280//2280 2641//2641
f 2641//2641 2280//2280 2281//2281
f 2641//2641 2281//2281 2642//2642
f 2642//2642 2281//2281 2282//2282
f 2642//2642 2282//2282 2643//2643
f 2643//2643 2282//2282 2283//2283
f 2643//2643 2283//2283 2644//2644
f 2644//2644 2283//2283 2284//2284
f 2644//2644 2284//2284 2645//2645
f 2645//2645 2284//2284 2285//2285
f 2645//2645 2285//2285 2646//2646
f 2646//2646 2285//2285 2286//2286
f 2646//2646 2286//2286 2647//2647
f 2647//2647 2286//2286 2287//2287
f 2647//2647 2287//2287 2648//2648
f 2648//2648 2287//2287 2288//2288
f 2648//2648 2288//2288 2649//2649
f 2649//2649 2288//2288 2289//2289
f 2649//2649 2289//2289 2650//2650
f 2650//2650 2289//2289 2290//2290
f 2650//2650 2290//2290 2651//2651
f 2651//2651 2290//2290 2291//2291
f 2651//2651 2291//2291 2652//2652
f 2652//2652 2291//2291 2292//2292
f 2652//2652 2292//2292 2653//2653
f 2653//2653 2292//2292 2293//2293
f 2653//2653 2293//2293 2654//2654
f 2654//2654 2293//2293 2294//2294
f 2654//2654 2294//2294 2655//2655
f 2655//2655 2294//2294 2295//2295
f 2655//2655 2295//2295 2656//2656
f 2656//2656 2295//2295 2296//2296
f 2656//2656 2296//2296 2657//2657
f 2657//2657 2296//2296 2297//2297
f 2657//2657 2297//2297 2658//2658
f 2658//2658 2297//2297 2298//2298
f 2658//2658 2298//2298 2659//2659
f 2659//2659 2298//2298 2299//2299
f 2659//2659 2299//2299 2660//2660
f 2660//2660 2299//2299 2300//2300
f 2660//2660 2300//2300 2661//2661
f 2661//2661 2300//2300 2301//2301
f 2661//2661 2301//2301 2662//2662
f 2662//2662 2301//2301 2302//2302
f 2662//2662 2302//2302 2663//2663
f 2663//2663 2302//2302 2303//2303
f 2663//2663 2303//2303 2664//2664
f 2664//2664 2303//2303 2304//2304
f 2664//2664 2304//2304 2665//2665
f 2665//2665 2304//2304 2305//2305
f 2665//2665 2305//2305 2666//2666
f 2666//2666 2305//2305 2306//2306
f 2666//2666 2306//2306 2667//2667
f 2667//2667 2306//2306 2307//2307
f 2667//2667 2307//2307 2668//2668
f 2668//2668 2307//2307 2308//2308
f 2668//2668 2308//2308 2669//2669
f 2669//2669 2308//2308 2309//2309
f 2669//2669 2309//2309 2670//2670
f 2670//2670 2309//2309 2310//2310
f 2670//2670 2310//2310 2671//2671
f 2671//2671 2310//2310 2311//2311
f 2671//2671 2311//2311 2672//2672
f 2672//2672 2311//2311 2312//2312
f 2672//2672 2312//2312 2673//2673
f 2673//2673 2312//2312 2313//2313
f 2673//2673 2313//2313 2674//2674
f 2674//2674 2313//2313 2314//2314
f 2674//2674 2314//2314 2675//2675
f 2675//2675 2314//2314 2315//2315
f 2675//2675 2315//2315 2676//2676
f 2676//2676 2315//2315 2316//2316
f 2676//2676 2316//2316 2677//2677
f 2677//2677 2316//2316 2317//2317
f 2677//2677 2317//2317 2678//2678
f 2678//2678 2317//2317 2318//2318
f 2678//2678 2318//2318 2679//2679
f 2679//2679 2318//2318 2319//2319
f 2679//2679 2319//2319 2680//2680
f 2680//2680 2319//2319 2320//2320
f 2680//2680 2320//2320 2681//2681
f 2681//2681 2320//2320 2321//2321
f 2681//2681 2321//2321 2682//2682
f 2682//2682 2321//2321 2322//2322
f 2682//2682 2322//2322 2683//2683
f 2683//2683 2322//2322 2323//2323
f 2683//2683 2323//2323 2684//2684
f 2684//2684 2323//2323 2324//2324
f 2684//2684 2324//2324 2685//2685
f 2685//2685 2324//2324 2325//2325
f 2685//2685 2325//2325 2686//2686
f 2686//2686 2325//2325 2326//2326
f 2686//2686 2326//2326 2687//2687
f 2687//2687 2326//2326 2327//2327
f 2687//2687 2327//2327 2688//2688
f 2688//2688 2327//2327 2328//2328
f 2688//2688 2328//2328 2689//2689
f 2689//2689 2328//2328 2329//2329
f 2689//2689 2329//2329 2690//2690
f 2690//2690 2329//2329 2330//2330
f 2690//2690 2330//2330 2691//2691
f 2691//2691 2330//2330 2331//2331
f 2691//2691 2331//2331 2692//2692
f 2692//2692 2331//2331 2332//2332
f 2692//2692 2332//2332 2693//2693
f 2693//2693 2332//2332 2333//2333
f 2693//2693 2333//2333 2694//2694
f 2694//2694 2333//2333 2334//2334
f 2694//2694 2334//2334 2695//2695
f 2695//2695 2334//2334 2335//2335
f 2695//2695 2335//2335 2696//2696
f 2696//2696 2335//2335 2336//2336
f 2696//2696 2336//2336 2697//2697
f 2697//2697 2336//2336 2337//2337
f 2697//2697 2337//2337 2698//2698
f 2698//2698 2337//2337 2338//2338
f 2698//2698 2338//2338 2699//2699
f 2699//2699 2338//2338 2339//2339
f 2699//2699 2339//2339 2700//2700
f 2700//2700 2339//2339 2340//2340
f 2700//2700 2340//2340 2701//2701
f 2701//2701 2340//2340 2341//2341
f 2701//2701 2341//2341 2702//2702
f 2702//2702 2341//2341 2342//2342
f 2702//2702 2342//2342 2703//2703
f 2703//2703 2342//2342 2343//2343
f 2703//2703 2343//2343 2704//2704
f 2704//2704 2343//2343 2344//2344
f 2704//2704 2344//2344 2705//2705
f 2705//2705 2344//2344 2345//2345
f 2705//2705 2345//2345 2706//2706
f 2706//2706 2345//2345 2346//2346
f 2706//2706 2346//2346 2707//2707
f 2707//2707 2346//2346 2347//2347
f 2707//2707 2347//2347 2708//2708
f 2708//2708 2347//2347 2348//2348
f 2708//2708 2348//2348 2709//2709
f 2709//2709 2348//2348 2349//2349
f 2709//2709 2349//2349 2710//2710
f 2710//2710 2349//2349 2350//2350
f 2710//2710 2350//2350 2711//2711
f 2711//2711 2350//2350 2351//2351
f 2711//2711 2351//2351 2712//2712
f 2712//2712 2351//2351 2352//2352
f 2712//2712 2352//2352 2713//2713
f 2713//2713 2352//2352 2353//2353
f 2713//2713 2353//2353 2714//2714
f 2714//2714 2353//2353 2354//2354
f 2714//2714 2354//2354 2715//2715
f 2715//2715 2354//2354 2355//2355
f 2715//2715 2355//2355 2716//2716
f 2716//2716 2355//2355 2356//2356
f 2716//2716 2356//2356 2717//2717
f 2717//2717 2356//2356 2357//2357
f 2717//2717 2357//2357 2718//2718
f 2718//2718 2357//2357 2358//2358
f 2718//2718 2358//2358 2719//2719
f 2719//2719 2358//2358 2359//2359
f 2719//2719 2359//2359 2720//2720
f 2720//2720 2359//2359 2360//2360
f 2720//2720 2360//2360 2721//2721
f 2721//2721 2360//2360 2361//2361
f 2721//2721 2361//2361 2722//2722
f 2722//2722 2361//2361 2362//2362
f 2722//2722 2362//2362 2723//2723
f 2723//2723 2362//2362 2363//2363
f 2723//2723 2363//2363 2724//2724
f 2724//2724 2363//2363 2364//2364
f 2724//2724 2364//2364 2725//2725
f 2725//2725 2364//2364 2365//2365
f 2725//2725 2365//2365 2726//2726
f 2726//2726 2365//2365 2366//2366
f 2726//2726 2366//2366 2727//2727
f 2727//2727 2366//2366 2367//2367
f 2727//2727 2367//2367 2728//2728
f 2728//2728 2367//2367 2368//2368
f 2728//2728 2368//2368 2729//2729
f 2729//2729 2368//2368 2369//2369
f 2729//2729 2369//2369 2730//2730
f 2730//2730 2369//2369 2370//2370
f 2730//2730 2370//2370 2731//2731
f 2731//2731 2370//2370 2371//2371
f 2731//2731 2371//2371 2732//2732
f 2732//2732 2371//2371 2372//2372
f 2732//2732 2372//2372 2733//2733
f 2733//2733 2372//2372 2373//2373
f 2733//2733 2373//2373 2734//2734
f 2734//2734 2373//2373 2374//2374
f 2734//2734 2374//2374 2735//2735
f 2735//2735 2374//2374 2375//2375
f 2735//2735 2375//2375 2736//2736
f 2736//2736 2375//2375 2376//2376
f 2736//2736 2376//2376 2737//2737
f 2737//2737 2376//2376 2377//2377
f 2737//2737 2377//2377 2738//2738
f 2738//2738 2377//2377 2378//2378
f 2738//2738 2378//2378 2739//2739
f 2739//2739 2378//2378 2379//2379
f 2739//2739 2379//2379 2740//2740
f 2740//2740 2379//2379 2380//2380
f 2740//2740 2380//2380 2741//2741
f 2741//2741 2380//2380 2381//2381
f 2741//2741 2381//2381 2742//2742
f 2742//2742 2381//2381 2382//2382
f 2742//2742 2382//2382 2743//2743
f 2743//2743 2382//2382 2383//2383
f 2743//2743 2383//2383 2744//2744
f 2744//2744 2383//2383 2384//2384
f 2744//2744 2384//2384 2745//2745
f 2745//2745 2384//2384 2385//2385
f 2745//2745 2385//2385 2746//2746
f 2746//2746 2385//2385 2386//2386
f 2746//2746 2386//2386 2747//2747
f 2747//2747 2386//2386 2387//2387
f 2747//2747 2387//2387 2748//2748
f 2748//2748 2387//2387 2388//2388
f 2748//2748 2388//2388 2749//2749
f 2749//2749 2388//2388 2389//2389
f 2749//2749 2389//2389 2750//2750
f 2750//2750 2389//2389 2390//2390
f 2750//2750 2390//2390 2751//2751
f 2751//2751 2390//2390 2391//2391
f 2751//2751 2391//2391 2752//2752
f 2752//2752 2391//2391 2392//2392
f 2752//2752 2392//2392 2753//2753
f 2753//2753 2392//2392 2393//2393
f 2753//2753 2393//2393 2754//2754
f 2754//2754 2393//2393 2394//2394
f 2754//2754 2394//2394 2755//2755
f 2755//2755 2394//2394 2395//2395
f 2755//2755 2395//2395 2756//2756
f 2756//2756 2395//2395 2396//2396
f 2756//2756 2396//2396 2757//2757
f 2757//2757 2396//2396 2397//2397
f 2757//2757 2397//2397 2758//2758
f 2758//2758 2397//2397 2398//2398
f 2758//2758 2398//2398 2759//2759
f 2759//2759 2398//2398 2399//2399
f 2759//2759 2399//2399 2760//2760
f 2760//2760 2399//2399 2400//2400
f 2760//2760 2400//2400 2761//2761
f 2761//2761 2400//2400 2401//2401
f 2761//2761 2401//2401 2762//2762
f 2762//2762 2401//2401 2402//2402
f 2762//2762 2402//2402 2763//2763
f 2763//2763 2402//2402 2403//2403
f 2763//2763 2403//2403 2764//2764
f 2764//2764 2403//2403 2404//2404
f 2764//2764 2404//2404 2765//2765
f 2765//2765 2404//2404 2405//2405
f 2765//2765 2405//2405 2766//2766
f 2766//2766 2405//2405 2406//2406
f 2766//2766 2406//2406 2767//2767
f 2767//2767 2406//2406 2407//2407
f 2767//2767 2407//2407 2768//2768
f 2768//2768 2407//2407 2408//2408
f 2768//2768 2408//2408 2769//2769
f 2769//2769 2408//2408 2409//2409
f 2769//2769 2409//2409 2770//2770
f 2770//2770 2409//2409 2410//2410
f 2770//2770 2410//2410 2771//2771
f 2771//2771 2410//2410 2411//2411
f 2771//2771 2411//2411 2772//2772
f 2772//2772 2411//2411 2412//2412
f 2772//2772 2412//2412 2773//2773
f 2773//2773 2412//2412 2413//2413
f 2773//2773 2413//2413 2774//2774
f 2774//2774 2413//2413 2414//2414
f 2774//2774 2414//2414 2775//2775
f 2775//2775 2414//2414 2415//2415
f 2775//2775 2415//2415 2776//2776
f 2776//2776 2415//2415 2416//2416
f 2776//2776 2416//2416 2777//2777
f 2777//2777 2416//2416 2417//2417
f 2777//2777 2417//2417 2778//2778
f 2778//2778 2417//2417 2418//2418
f 2778//2778 2418//2418 2779//2779
f 2779//2779 2418//2418 2419//2419
f 2779//2779 2419//2419 2780//2780
f 2780//2780 2419//2419 2420//2420
f 2780//2780 2420//2420 2781//2781
f 2781//2781 2420//2420 2421//2421
f 2781//2781 2421//2421 2782//2782
f 2782//2782 2421//2421 2422//2422
f 2782//2782 2422//2422 2783//2783
f 2783//2783 2422//2422 2423//2423
f 2783//2783 2423//2423 2784//2784
f 2784//2784 2423//2423 2424//2424
f 2784//2784 2424//2424 2785//2785
f 2785//2785 2424//2424 2425//2425
f 2785//2785 2425//2425 2786//2786
f 2786//2786 2425//2425 2426//2426
f 2786//2786 2426//2426 2787//2787
f 2787//2787 2426//2426 2427//2427
f 2787//2787 2427//2427 2788//2788
f 2788//2788 2427//2427 2428//2428
f 2788//2788 2428//2428 2789//2789
f 2789//2789 2428//2428 2429//2429
f 2789//2789 2429//2429 2790//2790
f 2790//2790 2429//2429 2430//2430
f 2790//2790 2430//2430 2791//2791
f 2791//2791 2430//2430 2431//2431
f 2791//2791 2431//2431 2792//2792
f 2792//2792 2431//2431 2432//2432
f 2792//2792 2432//2432 2793//2793
f 2793//2793 2432//2432 2433//2433
f 2793//2793 2433//2433 2794//2794
f 2794//2794 2433//2433 2434//2434
f 2794//2794 2434//2434 2795//2795
f 2795//2795 2434//2434 2435//2435
f 2795//2795 2435//2435 2796//2796
f 2796//2796 2435//2435 2436//2436
f 2796//2796 2436//2436 2797//2797
f 2797//2797 2436//2436 2437//2437
f 2797//2797 2437//2437 2798//2798
f 2798//2798 2437//2437 2438//2438
f 2798//2798 2438//2438 2799//2799
f 2799//2799 2438//2438 2439//2439
f 2799//2799 2439//2439 2800//2800
f 2800//2800 2439//2439 2440//2440
f 2800//2800 2440//2440 2801//2801
f 2801//2801 2440//2440 2441//2441
f 2801//2801 2441//2441 2802//2802
f 2802//2802 2441//2441 2442//2442
f 2802//2802 2442//2442 2803//2803
f 2803//2803 2442//2442 2443//2443
f 2803//2803 2443//2443 2804//2804
f 2804//2804 2443//2443 2444//2444
f 2804//2804 2444//2444 2805//2805
f 2805//2805 2444//2444 2445//2445
f 2805//2805 2445//2445 2806//2806
f 2806//2806 2445//2445 2446//2446
f 2806//2806 2446//2446 2807//2807
f 2807//2807 2446//2446 2447//2447
f 2807//2807 2447//2447 2808//2808
f 2808//2808 2447//2447 2448//2448
f 2808//2808 2448//2448 2809//2809
f 2809//2809 2448//2448 2449//2449
f 2809//2809 2449//2449 2810//2810
f 2810//2810 2449//2449 2450//2450
f 2810//2810 2450//2450 2811//2811
f 2811//2811 2450//2450 2451//2451
f 2811//2811 2451//2451 2812//2812
f 2812//2812 2451//2451 2452//2452
f 2812//2812 2452//2452 2813//2813
f 2813//2813 2452//2452 2453//2453
f 2813//2813 2453//2453 2814//2814
f 2814//2814 2453//2453 2454//2454
f 2814//2814 2454//2454 2815//2815
f 2815//2815 2454//2454 2455//2455
f 2815//2815 2455//2455 2816//2816
f 2816//2816 2455//2455 2456//2456
f 2816//2816 2456//2456 2817//2817
f 2817//2817 2456//2456 2457//2457
f 2817//2817 2457//2457 2818//2818
f 2818//2818 2457//2457 2458//2458
f 2818//2818 2458//2458 2819//2819
f 2819//2819 2458//2458 2459//2459
f 2819//2819 2459//2459 2820//2820
f 2820//2820 2459//2459 2460//2460
f 2820//2820 2460//2460 2821//2821
f 2821//2821 2460//2460 2461//2461
f 2821//2821 2461//2461 2822//2822
f 2822//2822 2461//2461 2462//2462
f 2822//2822 2462//2462 2823//2823
f 2823//2823 2462//2462 2463//2463
f 2823//2823 2463//2463 2824//2824
f 2824//2824 2463//2463 2464//2464
f 2824//2824 2464//2464 2825//2825
f 2825//2825 2464//2464 2465//2465
f 2825//2825 2465//2465 2826//2826
f 2826//2826 2465//2465 2466//2466
f 2826//2826 2466//2466 2827//2827
f 2827//2827 2466//2466 2467//2467
f 2827//2827 2467//2467 2828//2828
f 2828//2828 2467//2467 2468//2468
f 2828//2828 2468//2468 2829//2829
f 2829//2829 2468//2468 2469//2469
f 2829//2829 2469//2469 2830//2830
f 2830//2830 2469//2469 2470//2470
f 2830//2830 2470//2470 2831//2831
f 2831//2831 2470//2470 2471//2471
f 2831//2831 2471//2471 2832//2832
f 2832//2832 2471//2471 2472//2472
f 2832//2832 2472//2472 2833//2833
f 2833//2833 2472//2472 2473//2473
f 2833//2833 2473//2473 2834//2834
f 2834//2834 2473//2473 2474//2474
f 2834//2834 2474//2474 2835//2835
f 2835//2835 2474//2474 2475//2475
f 2835//2835 2475//2475 2836//2836
f 2836//2836 2475//2475 2476//2476
f 2836//2836 2476//2476 2837//2837
f 2837//2837 2476//2476 2477//2477
f 2837//2837 2477//2477 2838//2838
f 2838//2838 2477//2477 2478//2478
f 2838//2838 2478//2478 2839//2839
f 2839//2839 2478//2478 2479//2479
f 2839//2839 2479//2479 2840//2840
f 2840//2840 2479//2479 2480//2480
f 2840//2840 2480//2480 2841//2841
f 2841//2841 2480//2480 2481//2481
f 2841//2841 2481//2481 2842//2842
f 2842//2842 2481//2481 2482//2482
f 2842//2842 2482//2482 2843//2843
f 2843//2843 2482//2482 2483//2483
f 2843//2843 2483//2483 2844//2844
f 2844//2844 2483//2483 2484//2484
f 2844//2844 2484//2484 2845//2845
f 2845//2845 2484//2484 2485//2485
f 2845//2845 2485//2485 2846//2846
f 2846//2846 2485//2485 2486//2486
f 2846//2846 2486//2486 2847//2847
f 2847//2847 2486//2486 2487//2487
f 2847//2847 2487//2487 2848//2848
f 2848//2848 2487//2487 2488//2488
f 2848//2848 2488//2488 2849//2849
f 2849//2849 2488//2488 2489//2489
f 2849//2849 2489//2489 2850//2850
f 2850//2850 2489//2489 2490//2490
f 2850//2850 2490//2490 2851//2851
f 2851//2851 2490//2490 2491//2491
f 2851//2851 2491//2491 2852//2852
f 2852//2852 2491//2491 2492//2492
f 2852//2852 2492//2492 2853//2853
f 2853//2853 2492//2492 2493//2493
f 2853//2853 2493//2493 2854//2854
f 2854//2854 2493//2493 2494//2494
f 2854//2854 2494//2494 2855//2855
f 2855//2855 2494//2494 2495//2495
f 2855//2855 2495//2495 2856//2856
f 2856//2856 2495//2495 2496//2496
f 2856//2856 2496//2496 2857//2857
f 2857//2857 2496//2496 2497//2497
f 2857//2857 2497//2497 2858//2858
f 2858//2858 2497//2497 2498//2498
f 2858//2858 2498//2498 2859//2859
f 2859//2859 2498//2498 2499//2499
f 2859//2859 2499//2499 2860//2860
f 2860//2860 2499//2499 2500//2500
f 2860//2860 2500//2500 2861//2861
f 2861//2861 2500//2500 2501//2501
f 2861//2861 2501//2501 2862//2862
f 2862//2862 2501//2501 2502//2502
f 2862//2862 2502//2502 2863//2863
f 2863//2863 2502//2502 2503//2503
f 2863//2863 2503//2503 2864//2864
f 2864//2864 2503//2503 2504//2504
f 2864//2864 2504//2504 2865//2865
f 2865//2865 2504//2504 2505//2505
f 2865//2865 2505//2505 2866//2866
f 2866//2866 2505//2505 2506//2506
f 2866//2866 2506//2506 2867//2867
f 2867//2867 2506//2506 2507//2507
f 2867//2867 2507//2507 2868//2868
f 2868//2868 2507//2507 2508//2508
f 2868//2868 2508//2508 2869//2869
f 2869//2869 2508//2508 2509//2509
f 2869//2869 2509//2509 2870//2870
f 2870//2870 2509//2509 2510//2510
f 2870//2870 2510//2510 2871//2871
f 2871//2871 2510//2510 2511//2511
f 2871//2871 2511//2511 2872//2872
f 2872//2872 2511//2511 2512//2512
f 2872//2872 2512//2512 2873//2873
f 2873//2873 2512//2512 2513//2513
f 2873//2873 2513//2513 2874//2874
f 2874//2874 2513//2513 2514//2514
f 2874//2874 2514//2514 2875//2875
f 2875//2875 2514//2514 2515//2515
f 2875//2875 2515//2515 2876//2876
f 2876//2876 2515//2515 2516//2516
f 2876//2876 2516//2516 2877//2877
f 2877//2877 2516//2516 2517//2517
f 2877//2877 2517//2517 2878//2878
f 2878//2878 2517//2517 2518//2518
f 2878//2878 2518//2518 2879//2879
f 2879//2879 2518//2518 2519//2519
f 2879//2879 2519//2519 2880//2880
f 2880//2880 2519//2519 2520//2520
f 2881//2881 2521//2521 2882//2882
f 2882//2882 2521//2521 2522//2522
f 2882//2882 2522//2522 2883//2883
f 2883//2883 2522//2522 2523//2523
f 2883//2883 2523//2523 2884//2884
f 2884//2884 2523//2523 2524//2524
f 2884//2884 2524//2524 2885//2885
f 2885//2885 2524//2524 2525//2525
f 2885//2885 2525//2525 2886//2886
f 2886//2886 2525//2525 2526//2526
f 2886//2886 2526//2526 2887//2887
f 2887//2887 2526//2526 2527//2527
f 2887//2887 2527//2527 2888//2888
f 2888//2888 2527//2527 2528//2528
f 2888//2888 2528//2528 2889//2889
f 2889//2889 2528//2528 2529//2529
f 2889//2889 2529//2529 2890//2890
f 2890//2890 2529//2529 2530//2530
f 2890//2890 2530//2530 2891//2891
f 2891//2891 2530//2530 2531//2531
f 2891//2891 2531//2531 2892//2892
f 2892//2892 2531//2531 2532//2532
f 2892//2892 2532//2532 2893//2893
f 2893//2893 2532//2532 2533//2533
f 2893//2893 2533//2533 2894//2894
f 2894//2894 2533//2533 2534//2534
f 2894//2894 2534//2534 2895//2895
f 2895//2895 2534//2534 2535//2535
f 2895//2895 2535//2535 2896//2896
f 2896//2896 2535//2535 2536//2536
f 2896//2896 2536//2536 2897//2897
f 2897//2897 2536//2536 2537//2537
f 2897//2897 2537//2537 2898//2898
f 2898//2898 2537//2537 2538//2538
f 2898//2898 2538//2538 2899//2899
f 2899//2899 2538//2538 2539//2539
f 2899//2899 2539//2539 2900//2900
f 2900//2900 2539//2539 2540//2540
f 2900//2900 2540//2540 2901//2901
f 2901//2901 2540//2540 2541//2541
f 2901//2901 2541//2541 2902//2902
f 2902//2902 2541//2541 2542//2542
f 2902//2902 2542//2542 2903//2903
f 2903//2903 2542//2542 2543//2543
f 2903//2903 2543//2543 2904//2904
f 2904//2904 2543//2543 2544//2544
f 2904//2904 2544//2544 2905//2905
f 2905//2905 2544//2544 2545//2545
f 2905//2905 2545//2545 2906//2906
f 2906//2906 2545//2545 2546//2546
f 2906//2906 2546//2546 2907//2907
f 2907//2907 2546//2546 2547//2547
f 2907//2907 2547//2547 2908//2908
f 2908//2908 2547//2547 2548//2548
f 2908//2908 2548//2548 2909//2909
f 2909//2909 2548//2548 2549//2549
f 2909//2909 2549//2549 2910//2910
f 2910//2910 2549//2549 2550//2550
f 2910//2910 2550//2550 2911//2911
f 2911//2911 2550//2550 2551//2551
f 2911//2911 2551//2551 2912//2912
f 2912//2912 2551//2551 2552//2552
f 2912//2912 2552//2552 2913//2913
f 2913//2913 2552//2552 2553//2553
f 2913//2913 2553//2553 2914//2914
f 2914//2914 2553//2553 2554//2554
f 2914//2914 2554//2554 2915//2915
f 2915//2915 2554//2554 2555//2555
f 2915//2915 2555//2555 2916//2916
f 2916//2916 2555//2555 2556//2556
f 2916//2916 2556//2556 2917//2917
f 2917//2917 2556//2556 2557//2557
f 2917//2917 2557//2557 2918//2918
f 2918//2918 2557//2557 2558//2558
f 2918//2918 2558//2558 2919//2919
f 2919//2919 2558//2558 2559//2559
f 2919//2919 2559//2559 2920//2920
f 2920//2920 2559//2559 2560//2560
f 2920//2920 2560//2560 2921//2921
f 2921//2921 2560//2560 2561//2561
f 2921//2921 2561//2561 2922//2922
f 2922//2922 2561//2561 2562//2562
f 2922//2922 2562//2562 2923//2923
f 2923//2923 2562//2562 2563//2563
f 2923//2923 2563//2563 2924//2924
f 2924//2924 2563//2563 2564//2564
f 2924//2924 2564//2564 2925//2925
f 2925//2925 2564//2564 2565//2565
f 2925//2925 2565//2565 2926//2926
f 2926//2926 2565//2565 2566//2566
f 2926//2926 2566//2566 2927//2927
f 2927//2927 2566//2566 2567//2567
f 2927//2927 2567//2567 2928//2928
f 2928//2928 2567//2567 2568//2568
f 2928//2928 2568//2568 2929//2929
f 2929//2929 2568//2568 2569//2569
f 2929//2929 2569//2569 2930//2930
f 2930//2930 2569//2569 2570//2570
f 2930//2930 2570//2570 2931//2931
f 2931//2931 2570//2570 2571//2571
f 2931//2931 2571//2571 2932//2932
f 2932//2932 2571//2571 2572//2572
f 2932//2932 2572//2572 2933//2933
f 2933//2933 2572//2572 2573//2573
f 2933//2933 2573//2573 2934//2934
f 2934//2934 2573//2573 2574//2574
f 2934//2934 2574//2574 2935//2935
f 2935//2935 2574//2574 2575//2575
f 2935//2935 2575//2575 2936//2936
f 2936//2936 2575//2575 2576//2576
f 2936//2936 2576//2576 2937//2937
f 2937//2937 2576//2576 2577//2577
f 2937//2937 2577//2577 2938//2938
f 2938//2938 2577//2577 2578//2578
f 2938//2938 2578//2578 2939//2939
f 2939//2939 2578//2578 2579//2579
f 2939//2939 2579//2579 2940//2940
f 2940//2940 2579//2579 2580//2580
f 2940//2940 2580//2580 2941//2941
f 2941//2941 2580//2580 2581//2581
f 2941//2941 2581//2581 2942//2942
f 2942//2942 2581//2581 2582//2582
f 2942//2942 2582//2582 2943//2943
f 2943//2943 2582//2582 2583//2583
f 2943//2943 2583//2583 2944//2944
f 2944//2944 2583//2583 2584//2584
f 2944//2944 2584//2584 2945//2945
f 2945//2945 2584//2584 2585//2585
f 2945//2945 2585//2585 2946//2946
f 2946//2946 2585//2585 2586//2586
f 2946//2946 2586//2586 2947//2947
f 2947//2947 2586//2586 2587//2587
f 2947//2947 2587//2587 2948//2948
f 2948//2948 2587//2587 2588//2588
f 2948//2948 2588//2588 2949//2949
f 2949//2949 2588//2588 2589//2589
f 2949//2949 2589//2589 2950//2950
f 2950//2950 2589//2589 2590//2590
f 2950//2950 2590//2590 2951//2951
f 2951//2951 2590//2590 2591//2591
f 2951//2951 2591//2591 2952//2952
f 2952//2952 2591//2591 2592//2592
f 2952//2952 2592//2592 2953//2953
f 2953//2953 2592//2592 2593//2593
f 2953//2953 2593//2593 2954//2954
f 2954//2954 2593//2593 2594//2594
f 2954//2954 2594//2594 2955//2955
f 2955//2955 2594//2594 2595//2595
f 2955//2955 2595//2595 2956//2956
f 2956//2956 2595//2595 2596//2596
f 2956//2956 2596//2596 2957//2957
f 2957//2957 2596//2596 2597//2597
f 2957//2957 2597//2597 2958//2958
f 2958//2958 2597//2597 2598//2598
f 2958//2958 2598//2598 2959//2959
f 2959//2959 2598//2598 2599//2599
f 2959//2959 2599//2599 2960//2960
f 2960//2960 2599//2599 2600//2600
f 2960//2960 2600//2600 2961//2961
f 2961//2961 2600//2600 2601//2601
f 2961//2961 2601//2601 2962//2962
f 2962//2962 2601//2601 2602//2602
f 2962//2962 2602//2602 2963//2963
f 2963//2963 2602//2602 2603//2603
f 2963//2963 2603//2603 2964//2964
f 2964//2964 2603//2603 2604//2604
f 2964//2964 2604//2604 2965//2965
f 2965//2965 2604//2604 2605//2605
f 2965//2965 2605//2605 2966//2966
f 2966//2966 2605//2605 2606//2606
f 2966//2966 2606//2606 2967//2967
f 2967//2967 2606//2606 2607//2607
f 2967//2967 2607//2607 2968//2968
f 2968//2968 2607//2607 2608//2608
f 2968//2968 2608//2608 2969//2969
f 2969//2969 2608//2608 2609//2609
f 2969//2969 2609//2609 2970//2970
f 2970//2970 2609//2609 2610//2610
f 2970//2970 2610//2610 2971//2971
f 2971//2971 2610//2610 2611//2611
f 2971//2971 2611//2611 2972//2972
f 2972//2972 2611//2611 2612//2612
f 2972//2972 2612//2612 2973//2973
f 2973//2973 2612//2612 2613//2613
f 2973//2973 2613//2613 2974//2974
f 2974//2974 2613//2613 2614//2614
f 2974//2974 2614//2614 2975//2975
f 2975//2975 2614//2614 2615//2615
f 2975//2975 2615//2615 2976//2976
f 2976//2976 2615//2615 2616//2616
f 2976//2976 2616//2616 2977//2977
f 2977//2977 2616//2616 2617//2617
f 2977//2977 2617//2617 2978//2978
f 2978//2978 2617//2617 2618//2618
f 2978//2978 2618//2618 2979//2979
f 2979//2979 2618//2618 2619//2619
f 2979//2979 2619//2619 2980//2980
f 2980//2980 2619//2619 2620//2620
f 2980//2980 2620//2620 2981//2981
f 2981//2981 2620//2620 2621//2621
f 2981//2981 2621//2621 2982//2982
f 2982//2982 2621//2621 2622//2622
f 2982//2982 2622//2622 2983//2983
f 2983//2983 2622//2622 2623//2623
f 2983//2983 2623//2623 2984//2984
f 2984//2984 2623//2623 2624//2624
f 2984//2984 2624//2624 2985//2985
f 2985//2985 2624//2624 2625//2625
f 2985//2985 2625//2625 2986//2986
f 2986//2986 2625//2625 2626//2626
f 2986//2986 2626//2626 2987//2987
f 2987//2987 2626//2626 2627//2627
f 2987//2987 2627//2627 2988//2988
f 2988//2988 2627//2627 2628//2628
f 2988//2988 2628//2628 2989//2989
f 2989//2989 2628//2628 2629//2629
f 2989//2989 2629//2629 2990//2990
f 2990//2990 2629//2629 2630//2630
f 2990//2990 2630//2630 2991//2991
f 2991//2991 2630//2630 2631//2631
f 2991//2991 2631//2631 2992//2992
f 2992//2992 2631//2631 2632//2632
f 2992//2992 2632//2632 2993//2993
f 2993//2993 2632//2632 2633//2633
f 2993//2993 2633//2633 2994//2994
f 2994//2994 2633//2633 2634//2634
f 2994//2994 2634//2634 2995//2995
f 2995//2995 2634//2634 2635//2635
f 2995//2995 2635//2635 2996//2996
f 2996//2996 2635//2635 2636//2636
f 2996//2996 2636//2636 2997//2997
f 2997//2997 2636//2636 2637//2637
f 2997//2997 2637//2637 2998//2998
f 2998//2998 2637//2637 2638//2638
f 2998//2998 2638//2638 2999//2999
f 2999//2999 2638//2638 2639//2639
f 2999//2999 2639//2639 3000//3000
f 3000//3000 2639//2639 2640//2640
f 3000//3000 2640//2640 3001//3001
f 3001//3001 2640//2640 2641//2641
f 3001//3001 2641//2641 3002//3002
f 3002//3002 2641//2641 2642//2642
f 3002//3002 2642//2642 3003//3003
f 3003//3003 2642//2642 2643//2643
f 3003//3003 2643//2643 3004//3004
f 3004//3004 2643//2643 2644//2644
f 3004//3004 2644//2644 3005//3005
f 3005//3005 2644//2644 2645//2645
f 3005//3005 2645//2645 3006//3006
f 3006//3006 2645//2645 2646//2646
f 3006//3006 2646//2646 3007//3007
f 3007//3007 2646//2646 2647//2647
f 3007//3007 2647//2647 3008//3008
f 3008//3008 2647//2647 2648//2648
f 3008//3008 2648//2648 3009//3009
f 3009//3009 2648//2648 2649//2649
f 3009//3009 2649//2649 3010//3010
f 3010//3010 2649//2649 2650//2650
f 3010//3010 2650//2650 3011//3011
f 3011//3011 2650//2650 2651//2651
f 3011//3011 2651//2651 3012//3012
f 3012//3012 2651//2651 2652//2652
f 3012//3012 2652//2652 3013//3013
f 3013//3013 2652//2652 2653//2653
f 3013//3013 2653//2653 3014//3014
f 3014//3014 2653//2653 2654//2654
f 3014//3014 2654//2654 3015//3015
f 3015//3015 2654//2654 2655//2655
f 3015//3015 2655//2655 3016//3016
f 3016//3016 2655//2655 2656//2656
f 3016//3016 2656//2656 3017//3017
f 3017//3017 2656//2656 2657//2657
f 3017//3017 2657//2657 3018//3018
f 3018//3018 2657//2657 2658//2658
f 3018//3018 2658//2658 3019//3019
f 3019//3019 2658//2658 2659//2659
f 3019//3019 2659//2659 3020//3020
f 3020//3020 2659//2659 2660//2660
f 3020//3020 2660//2660 3021//3021
f 3021//3021 2660//2660 2661//2661
f 3021//3021 2661//2661 3022//3022
f 3022//3022 2661//2661 2662//2662
f 3022//3022 2662//2662 3023//3023
f 3023//3023 2662//2662 2663//2663
f 3023//3023 2663//2663 3024//3024
f 3024//3024 2663//2663 2664//2664
f 3024//3024 2664//2664 3025//3025
f 3025//3025 2664//2664 2665//2665
f 3025//3025 2665//2665 3026//3026
f 3026//3026 2665//2665 2666//2666
f 3026//3026 2666//2666 3027//3027
f 3027//3027 2666//2666 2667//2667
f 3027//3027 2667//2667 3028//3028
f 3028//3028 2667//2667 2668//2668
f 3028//3028 2668//2668 3029//3029
f 3029//3029 2668//2668 2669//2669
f 3029//3029 2669//2669 3030//3030
f 3030//3030 2669//2669 2670//2670
f 3030//3030 2670//2670 3031//3031
f 3031//3031 2670//2670 2671//2671
f 3031//3031 2671//2671 3032//3032
f 3032//3032 2671//2671 2672//2672
f 3032//3032 2672//2672 3033//3033
f 3033//3033 2672//2672 2673//2673
f 3033//3033 2673//2673 3034//3034
f 3034//3034 2673//2673 2674//2674
f 3034//3034 2674//2674 3035//3035
f 3035//3035 2674//2674 2675//2675
f 3035//3035 2675//2675 3036//3036
f 3036//3036 2675//2675 2676//2676
f 3036//3036 2676//2676 3037//3037
f 3037//3037 2676//2676 2677//2677
f 3037//3037 2677//2677 3038//3038
f 3038//3038 2677//2677 2678//2678
f 3038//3038 2678//2678 3039//3039
f 3039//3039 2678//2678 2679//2679
f 3039//3039 2679//2679 3040//3040
f 3040//3040 2679//2679 2680//2680
f 3040//3040 2680//2680 3041//3041
f 3041//3041 2680//2680 2681//2681
f 3041//3041 2681//2681 3042//3042
f 3042//3042 2681//2681 2682//2682
f 3042//3042 2682//2682 3043//3043
f 3043//3043 2682//2682 2683//2683
f 3043//3043 2683//2683 3044//3044
f 3044//3044 2683//2683 2684//2684
f 3044//3044 2684//2684 3045//3045
f 3045//3045 2684//2684 2685//2685
f 3045//3045 2685//2685 3046//3046
f 3046//3046 2685//2685 2686//2686
f 3046//3046 2686//2686 3047//3047
f 3047//3047 2686//2686 2687//2687
f 3047//3047 2687//2687 3048//3048
f 3048//3048 2687//2687 2688//2688
f 3048//3048 2688//2688 3049//3049
f 3049//3049 2688//2688 2689//2689
f 3049//3049 2689//2689 3050//3050
f 3050//3050 2689//2689 2690//2690
f 3050//3050 2690//2690 3051//3051
f 3051//3051 2690//2690 2691//2691
f 3051//3051 2691//2691 3052//3052
f 3052//3052 2691//2691 2692//2692
f 3052//3052 2692//2692 3053//3053
f 3053//3053 2692//2692 2693//2693
f 3053//3053 2693//2693 3054//3054
f 3054//3054 2693//2693 2694//2694
f 3054//3054 2694//2694 3055//3055
f 3055//3055 2694//2694 2695//2695
f 3055//3055 2695//2695 3056//3056
f 3056//3056 2695//2695 2696//2696
f 3056//3056 2696//2696 3057//3057
f 3057//3057 2696//2696 2697//2697
f 3057//3057 2697//2697 3058//3058
f 3058//3058 2697//2697 2698//2698
f 3058//3058 2698//2698 3059//3059
f 3059//3059 2698//2698 2699//2699
f 3059//3059 2699//2699 3060//3060
f 3060//3060 2699//2699 2700//2700
f 3060//3060 2700//2700 3061//3061
f 3061//3061 2700//2700 2701//2701
f 3061//3061 2701//2701 3062//3062
f 3062//3062 2701//2701 2702//2702
f 3062//3062 2702//2702 3063//3063
f 3063//3063 2702//2702 2703//2703
f 3063//3063 2703//2703 3064//3064
f 3064//3064 2703//2703 2704//2704
f 3064//3064 2704//2704 3065//3065
f 3065//3065 2704//2704 2705//2705
f 3065//3065 2705//2705 3066//3066
f 3066//3066 2705//2705 2706//2706
f 3066//3066 2706//2706 3067//3067
f 3067//3067 2706//2706 2707//2707
f 3067//3067 2707//2707 3068//3068
f 3068//3068 2707//2707 2708//2708
f 3068//3068 2708//2708 3069//3069
f 3069//3069 2708//2708 2709//2709
f 3069//3069 2709//2709 3070//3070
f 3070//3070 2709//2709 2710//2710
f 3070//3070 2710//2710 3071//3071
f 3071//3071 2710//2710 2711//2711
f 3071//3071 2711//2711 3072//3072
f 3072//3072 2711//2711 2712//2712
f 3072//3072 2712//2712 3073//3073
f 3073//3073 2712//2712 2713//2713
f 3073//3073 2713//2713 3074//3074
f 3074//3074 2713//2713 2714//2714
f 3074//3074 2714//2714 3075//3075
f 3075//3075 2714//2714 2715//2715
f 3075//3075 2715//2715 3076//3076
f 3076//3076 2715//2715 2716//2716
f 3076//3076 2716//2716 3077//3077
f 3077//3077 2716//2716 2717//2717
f 3077//3077 2717//2717 3078//3078
f 3078//3078 2717//2717 2718//2718
f 3078//3078 2718//2718 3079//3079
f 3079//3079 2718//2718 2719//2719
f 3079//3079 2719//2719 3080//3080
f 3080//3080 2719//2719 2720//2720
f 3080//3080 2720//2720 3081//3081
f 3081//3081 2720//2720 2721//2721
f 3081//3081 2721//2721 3082//3082
f 3082//3082 2721//2721 2722//2722
f 3082//3082 2722//2722 3083//3083
f 3083//3083 2722//2722 2723//2723
f 3083//3083 2723//2723 3084//3084
f 3084//3084 2723//2723 2724//2724
f 3084//3084 2724//2724 3085//3085
f 3085//3085 2724//2724 2725//2725
f 3085//3085 2725//2725 3086//3086
f 3086//3086 2725//2725 2726//2726
f 3086//3086 2726//2726 3087//3087
f 3087//3087 2726//2726 2727//2727
f 3087//3087 2727//2727 3088//3088
f 3088//3088 2727//2727 2728//2728
f 3088//3088 2728//2728 3089//3089
f 3089//3089 2728//2728 2729//2729
f 3089//3089 2729//2729 3090//3090
f 3090//3090 2729//2729 2730//2730
f 3090//3090 2730//2730 3091//3091
f 3091//3091 2730//2730 2731//2731
f 3091//3091 2731//2731 3092//3092
f 3092//3092 2731//2731 2732//2732
f 3092//3092 2732//2732 3093//3093
f 3093//3093 2732//2732 2733//2733
f 3093//3093 2733//2733 3094//3094
f 3094//3094 2733//2733 2734//2734
f 3094//3094 2734//2734 3095//3095
f 3095//3095 2734//2734 2735//2735
f 3095//3095 2735//2735 3096//3096
f 3096//3096 2735//2735 2736//2736
f 3096//3096 2736//2736 3097//3097
f 3097//3097 2736//2736 2737//2737
f 3097//3097 2737//2737 3098//3098
f 3098//3098 2737//2737 2738//2738
f 3098//3098 2738//2738 3099//3099
f 3099//3099 2738//2738 2739//2739
f 3099//3099 2739//2739 3100//3100
f 3100//3100 2739//2739 2740//2740
f 3100//3100 2740//2740 3101//3101
f 3101//3101 2740//2740 2741//2741
f 3101//3101 2741//2741 3102//3102
f 3102//3102 2741//2741 2742//2742
f 3102//3102 2742//2742 3103//3103
f 3103//3103 2742//2742 2743//2743
f 3103//3103 2743//2743 3104//3104
f 3104//3104 2743//2743 2744//2744
f 3104//3104 2744//2744 3105//3105
f 3105//3105 2744//2744 2745//2745
f 3105//3105 2745//2745 3106//3106
f 3106//3106 2745//2745 2746//2746
f 3106//3106 2746//2746 3107//3107
f 3107//3107 2746//2746 2747//2747
f 3107//3107 2747//2747 3108//3108
f 3108//3108 2747//2747 2748//2748
f 3108//3108 2748//2748 3109//3109
f 3109//3109 2748//2748 2749//2749
f 3109//3109 2749//2749 3110//3110
f 3110//3110 2749//2749 2750//2750
f 3110//3110 2750//2750 3111//3111
f 3111//3111 2750//2750 2751//2751
f 3111//3111 2751//2751 3112//3112
f 3112//3112 2751//2751 2752//2752
f 3112//3112 2752//2752 3113//3113
f 3113//3113 2752//2752 2753//2753
f 3113//3113 2753//2753 3114//3114
f 3114//3114 2753//2753 2754//2754
f 3114//3114 2754//2754 3115//3115
f 3115//3115 2754//2754 2755//2755
f 3115//3115 2755//2755 3116//3116
f 3116//3116 2755//2755 2756//2756
f 3116//3116 2756//2756 3117//3117
f 3117//3117 2756//2756 2757//2757
f 3117//3117 2757//2757 3118//3118
f 3118//3118 2757//2757 2758//2758
f 3118//3118 2758//2758 3119//3119
f 3119//3119 2758//2758 2759//2759
f 3119//3119 2759//2759 3120//3120
f 3120//3120 2759//2759 2760//2760
f 3120//3120 2760//2760 3121//3121
f 3121//3121 2760//2760 2761//2761
f 3121//3121 2761//2761 3122//3122
f 3122//3122 2761//2761 2762//2762
f 3122//3122 2762//2762 3123//3123
f 3123//3123 2762//2762 2763//2763
f 3123//3123 2763//2763 3124//3124
f 3124//3124 2763//2763 2764//2764
f 3124//3124 2764//2764 3125//3125
f 3125//3125 2764//2764 2765//2765
f 3125//3125 2765//2765 3126//3126
f 3126//3126 2765//2765 2766//2766
f 3126//3126 2766//2766 3127//3127
f 3127//3127 2766//2766 2767//2767
f 3127//3127 2767//2767 3128//3128
f 3128//3128 2767//2767 2768//2768
f 3128//3128 2768//2768 3129//3129
f 3129//3129 2768//2768 2769//2769
f 3129//3129 2769//2769 3130//3130
f 3130//3130 2769//2769 2770//2770
f 3130//3130 2770//2770 3131//3131
f 3131//3131 2770//2770 2771//2771
f 3131//3131 2771//2771 3132//3132
f 3132//3132 2771//2771 2772//2772
f 3132//3132 2772//2772 3133//3133
f 3133//3133 2772//2772 2773//2773
f 3133//3133 2773//2773 3134//3134
f 3134//3134 2773//2773 2774//2774
f 3134//3134 2774//2774 3135//3135
f 3135//3135 2774//2774 2775//2775
f 3135//3135 2775//2775 3136//3136
f 3136//3136 2775//2775 2776//2776
f 3136//3136 2776//2776 3137//3137
f 3137//3137 2776//2776 2777//2777
f 3137//3137 2777//2777 3138//3138
f 3138//3138 2777//2777 2778//2778
f 3138//3138 2778//2778 3139//3139
f 3139//3139 2778//2778 2779//2779
f 3139//3139 2779//2779 3140//3140
f 3140//3140 2779//2779 2780//2780
f 3140//3140 2780//2780 3141//3141
f 3141//3141 2780//2780 2781//2781
f 3141//3141 2781//2781 3142//3142
f 3142//3142 2781//2781 2782//2782
f 3142//3142 2782//2782 3143//3143
f 3143//3143 2782//2782 2783//2783
f 3143//3143 2783//2783 3144//3144
f 3144//3144 2783//2783 2784//2784
f 3144//3144 2784//2784 3145//3145
f 3145//3145 2784//2784 2785//2785
f 3145//3145 2785//2785 3146//3146
f 3146//3146 2785//2785 2786//2786
f 3146//3146 2786//2786 3147//3147
f 3147//3147 2786//2786 2787//2787
f 3147//3147 2787//2787 3148//3148
f 3148//3148 2787//2787 2788//2788
f 3148//3148 2788//2788 3149//3149
f 3149//3149 2788//2788 2789//2789
f 3149//3149 2789//2789 3150//3150
f 3150//3150 2789//2789 2790//2790
f 3150//3150 2790//2790 3151//3151
f 3151//3151 2790//2790 2791//2791
f 3151//3151 2791//2791 3152//3152
f 3152//3152 2791//2791 2792//2792
f 3152//3152 2792//2792 3153//3153
f 3153//3153 2792//2792 2793//2793
f 3153//3153 2793//2793 3154//3154
f 3154//3154 2793//2793 2794//2794
f 3154//3154 2794//2794 3155//3155
f 3155//3155 2794//2794 2795//2795
f 3155//3155 2795//2795 3156//3156
f 3156//3156 2795//2795 2796//2796
f 3156//3156 2796//2796 3157//3157
f 3157//3157 2796//2796 2797//2797
f 3157//3157 2797//2797 3158//3158
f 3158//3158 2797//2797 2798//2798
f 3158//3158 2798//2798 3159//3159
f 3159//3159 2798//2798 2799//2799
f 3159//3159 2799//2799 3160//3160
f 3160//3160 2799//2799 2800//2800
f 3160//3160 2800//2800 3161//3161
f 3161//3161 2800//2800 2801//2801
f 3161//3161 2801//2801 3162//3162
f 3162//3162 2801//2801 2802//2802
f 3162//3162 2802//2802 3163//3163
f 3163//3163 2802//2802 2803//2803
f 3163//3163 2803//2803 3164//3164
f 3164//3164 2803//2803 2804//2804
f 3164//3164 2804//2804 3165//3165
f 3165//3165 2804//2804 2805//2805
f 3165//3165 2805//2805 3166//3166
f 3166//3166 2805//2805 2806//2806
f 3166//3166 2806//2806 3167//3167
f 3167//3167 2806//2806 2807//2807
f 3167//3167 2807//2807 3168//3168
f 3168//3168 2807//2807 2808//2808
f 3168//3168 2808//2808 3169//3169
f 3169//3169 2808//2808 2809//2809
f 3169//3169 2809//2809 3170//3170
f 3170//3170 2809//2809 2810//2810
f 3170//3170 2810//2810 3171//3171
f 3171//3171 2810//2810 2811//2811
f 3171//3171 2811//2811 3172//3172
f 3172//3172 2811//2811 2812//2812
f 3172//3172 2812//2812 3173//3173
f 3173//3173 2812//2812 2813//2813
f 3173//3173 2813//2813 3174//3174
f 3174//3174 2813//2813 2814//2814
f 3174//3174 2814//2814 3175//3175
f 3175//3175 2814//2814 2815//2815
f 3175//3175 2815//2815 3176//3176
f 3176//3176 2815//2815 2816//2816
f 3176//3176 2816//2816 3177//3177
f 3177//3177 2816//2816 2817//2817
f 3177//3177 2817//2817 3178//3178
f 3178//3178 2817//2817 2818//2818
f 3178//3178 2818//2818 3179//3179
f 3179//3179 2818//2818 2819//2819
f 3179//3179 2819//2819 3180//3180
f 3180//3180 2819//2819 2820//2820
f 3180//3180 2820//2820 3181//3181
f 3181//3181 2820//2820 2821//2821
f 3181//3181 2821//2821 3182//3182
f 3182//3182 2821//2821 2822//2822
f 3182//3182 2822//2822 3183//3183
f 3183//3183 2822//2822 2823//2823
f 3183//3183 2823//2823 3184//3184
f 3184//3184 2823//2823 2824//2824
f 3184//3184 2824//2824 3185//3185
f 3185//3185 2824//2824 2825//2825
f 3185//3185 2825//2825 3186//3186
f 3186//3186 2825//2825 2826//2826
f 3186//3186 2826//2826 3187//3187
f 3187//3187 2826//2826 2827//2827
f 3187//3187 2827//2827 3188//3188
f 3188//3188 2827//2827 2828//2828
f 3188//3188 2828//2828 3189//3189
f 3189//3189 2828//2828 2829//2829
f 3189//3189 2829//2829 3190//3190
f 3190//3190 2829//2829 2830//2830
f 3190//3190 2830//2830 3191//3191
f 3191//3191 2830//2830 2831//2831
f 3191//3191 2831//2831 3192//3192
f 3192//3192 2831//2831 2832//2832
f 3192//3192 2832//2832 3193//3193
f 3193//3193 2832//2832 2833//2833
f 3193//3193 2833//2833 3194//3194
f 3194//3194 2833//2833 2834//2834
f 3194//3194 2834//2834 3195//3195
f 3195//3195 2834//2834 2835//2835
f 3195//3195 2835//2835 3196//3196
f 3196//3196 2835//2835 2836//2836
f 3196//3196 2836//2836 3197//3197
f 3197//3197 2836//2836 2837//2837
f 3197//3197 2837//2837 3198//3198
f 3198//3198 2837//2837 2838//2838
f 3198//3198 2838//2838 3199//3199
f 3199//3199 2838//2838 2839//2839
f 3199//3199 2839//2839 3200//3200
f 3200//3200 2839//2839 2840//2840
f 3200//3200 2840//2840 3201//3201
f 3201//3201 2840//2840 2841//2841
f 3201//3201 2841//2841 3202//3202
f 3202//3202 2841//2841 2842//2842
f 3202//3202 2842//2842 3203//3203
f 3203//3203 2842//2842 2843//2843
f 3203//3203 2843//2843 3204//3204
f 3204//3204 2843//2843 2844//2844
f 3204//3204 2844//2844 3205//3205
f 3205//3205 2844//2844 2845//2845
f 3205//3205 2845//2845 3206//3206
f 3206//3206 2845//2845 2846//2846
f 3206//3206 2846//2846 3207//3207
f 3207//3207 2846//2846 2847//2847
f 3207//3207 2847//2847 3208//3208
f 3208//3208 2847//2847 2848//2848
f 3208//3208 2848//2848 3209//3209
f 3209//3209 2848//2848 2849//2849
f 3209//3209 2849//2849 3210//3210
f 3210//3210 2849//2849 2850//2850
f 3210//3210 2850//2850 3211//3211
f 3211//3211 2850//2850 2851//2851
f 3211//3211 2851//2851 3212//3212
f 3212//3212 2851//2851 2852//2852
f 3212//3212 2852//2852 3213//3213
f 3213//3213 2852//2852 2853//2853
f 3213//3213 2853//2853 3214//3214
f 3214//3214 2853//2853 2854//2854
f 3214//3214 2854//2854 3215//3215
f 3215//3215 2854//2854 2855//2855
f 3215//3215 2855//2855 3216//3216
f 3216//3216 2855//2855 2856//2856
f 3216//3216 2856//2856 3217//3217
f 3217//3217 2856//2856 2857//2857
f 3217//3217 2857//2857 3218//3218
f 3218//3218 2857//2857 2858//2858
f 3218//3218 2858//2858 3219//3219
f 3219//3219 2858//2858 2859//2859
f 3219//3219 2859//2859 3220//3220
f 3220//3220 2859//2859 2860//2860
f 3220//3220 2860//2860 3221//3221
f 3221//3221 2860//2860 2861//2861
f 3221//3221 2861//2861 3222//3222
f 3222//3222 2861//2861 2862//2862
f 3222//3222 2862//2862 3223//3223
f 3223//3223 2862//2862 2863//2863
f 3223//3223 2863//2863 3224//3224
f 3224//3224 2863//2863 2864//2864
f 3224//3224 2864//2864 3225//3225
f 3225//3225 2864//2864 2865//2865
f 3225//3225 2865//2865 3226//3226
f 3226//3226 2865//2865 2866//2866
f 3226//3226 2866//2866 3227//3227
f 3227//3227 2866//2866 2867//2867
f 3227//3227 2867//2867 3228//3228
f 3228//3228 2867//2867 2868//2868
f 3228//3228 2868//2868 3229//3229
f 3229//3229 2868//2868 2869//2869
f 3229//3229 2869//2869 3230//3230
f 3230//3230 2869//2869 2870//2870
f 3230//3230 2870//2870 3231//3231
f 3231//3231 2870//2870 2871//2871
f 3231//3231 2871//2871 3232//3232
f 3232//3232 2871//2871 2872//2872
f 3232//3232 2872//2872 3233//3233
f 3233//3233 2872//2872 2873//2873
f 3233//3233 2873//2873 3234//3234
f 3234//3234 2873//2873 2874//2874
f 3234//3234 2874//2874 3235//3235
f 3235//3235 2874//2874 2875//2875
f 3235//3235 2875//2875 3236//3236
f 3236//3236 2875//2875 2876//2876
f 3236//3236 2876//2876 3237//3237
f 3237//3237 2876//2876 2877//2877
f 3237//3237 2877//2877 3238//3238
f 3238//3238 2877//2877 2878//2878
f 3238//3238 2878//2878 3239//3239
f 3239//3239 2878//2878 2879//2879
f 3239//3239 2879//2879 3240//3240
f 3240//3240 2879//2879 2880//2880
f 3241//3241 2881//2881 3242//3242
f 3242//3242 2881//2881 2882//2882
f 3242//3242 2882//2882 3243//3243
f 3243//3243 2882//2882 2883//2883
f 3243//3243 2883//2883 3244//3244
f 3244//3244 2883//2883 2884//2884
f 3244//3244 2884//2884 3245//3245
f 3245//3245 2884//2884 2885//2885
f 3245//3245 2885//2885 3246//3246
f 3246//3246 2885//2885 2886//2886
f 3246//3246 2886//2886 3247//3247
f 3247//3247 2886//2886 2887//2887
f 3247//3247 2887//2887 3248//3248
f 3248//3248 2887//2887 2888//2888
f 3248//3248 2888//2888 3249//3249
f 3249//3249 2888//2888 2889//2889
f 3249//3249 2889//2889 3250//3250
f 3250//3250 2889//2889 2890//2890
f 3250//3250 2890//2890 3251//3251
f 3251//3251 2890//2890 2891//2891
f 3251//3251 2891//2891 3252//3252
f 3252//3252 2891//2891 2892//2892
f 3252//3252 2892//2892 3253//3253
f 3253//3253 2892//2892 2893//2893
f 3253//3253 2893//2893 3254//3254
f 3254//3254 2893//2893 2894//2894
f 3254//3254 2894//2894 3255//3255
f 3255//3255 2894//2894 2895//2895
f 3255//3255 2895//2895 3256//3256
f 3256//3256 2895//2895 2896//2896
f 3256//3256 2896//2896 3257//3257
f 3257//3257 2896//2896 2897//2897
f 3257//3257 2897//2897 3258//3258
f 3258//3258 2897//2897 2898//2898
f 3258//3258 2898//2898 3259//3259
f 3259//3259 2898//2898 2899//2899
f 3259//3259 2899//2899 3260//3260
f 3260//3260 2899//2899 2900//2900
f 3260//3260 2900//2900 3261//3261
f 3261//3261 2900//2900 2901//2901
f 3261//3261 2901//2901 3262//3262
f 3262//3262 2901//2901 2902//2902
f 3262//3262 2902//2902 3263//3263
f 3263//3263 2902//2902 2903//2903
f 3263//3263 2903//2903 3264//3264
f 3264//3264 2903//2903 2904//2904
f 3264//3264 2904//2904 3265//3265
f 3265//3265 2904//2904 2905//2905
f 3265//3265 2905//2905 3266//3266
f 3266//3266 2905//2905 2906//2906
f 3266//3266 2906//2906 3267//3267
f 3267//3267 2906//2906 2907//2907
f 3267//3267 2907//2907 3268//3268
f 3268//3268 2907//2907 2908//2908
f 3268//3268 2908//2908 3269//3269
f 3269//3269 2908//2908 2909//2909
f 3269//3269 2909//2909 3270//3270
f 3270//3270 2909//2909 2910//2910
f 3270//3270 2910//2910 3271//3271
f 3271//3271 2910//2910 2911//2911
f 3271//3271 2911//2911 3272//3272
f 3272//3272 2911//2911 2912//2912
f 3272//3272 2912//2912 3273//3273
f 3273//3273 2912//2912 2913//2913
f 3273//3273 2913//2913 3274//3274
f 3274//3274 2913//2913 2914//2914
f 3274//3274 2914//2914 3275//3275
f 3275//3275 2914//2914 2915//2915
f 3275//3275 2915//2915 3276//3276
f 3276//3276 2915//2915 2916//2916
f 3276//3276 2916//2916 3277//3277
f 3277//3277 2916//2916 2917//2917
f 3277//3277 2917//2917 3278//3278
f 3278//3278 2917//2917 2918//2918
f 3278//3278 2918//2918 3279//3279
f 3279//3279 2918//2918 2919//2919
f 3279//3279 2919//2919 3280//3280
f 3280//3280 2919//2919 2920//2920
f 3280//3280 2920//2920 3281//3281
f 3281//3281 2920//2920 2921//2921
f 3281//3281 2921//2921 3282//3282
f 3282//3282 2921//2921 2922//2922
f 3282//3282 2922//2922 3283//3283
f 3283//3283 2922//2922 2923//2923
f 3283//3283 2923//2923 3284//3284
f 3284//3284 2923//2923 2924//2924
f 3284//3284 2924//2924 3285//3285
f 3285//3285 2924//2924 2925//2925
f 3285//3285 2925//2925 3286//3286
f 3286//3286 2925//2925 2926//2926
f 3286//3286 2926//2926 3287//3287
f 3287//3287 2926//2926 2927//2927
f 3287//3287 2927//2927 3288//3288
f 3288//3288 2927//2927 2928//2928
f 3288//3288 2928//2928 3289//3289
f 3289//3289 2928//2928 2929//2929
f 3289//3289 2929//2929 3290//3290
f 3290//3290 2929//2929 2930//2930
f 3290//3290 2930//2930 3291//3291
f 3291//3291 2930//2930 2931//2931
f 3291//3291 2931//2931 3292//3292
f 3292//3292 2931//2931 2932//2932
f 3292//3292 2932//2932 3293//3293
f 3293//3293 2932//2932 2933//2933
f 3293//3293 2933//2933 3294//3294
f 3294//3294 2933//2933 2934//2934
f 3294//3294 2934//2934 3295//3295
f 3295//3295 2934//2934 2935//2935
f 3295//3295 2935//2935 3296//3296
f 3296//3296 2935//2935 2936//2936
f 3296//3296 2936//2936 3297//3297
f 3297//3297 2936//2936 2937//2937
f 3297//3297 2937//2937 3298//3298
f 3298//3298 2937//2937 2938//2938
f 3298//3298 2938//2938 3299//3299
f 3299//3299 2938//2938 2939//2939
f 3299//3299 2939//2939 3300//3300
f 3300//3300 2939//2939 2940//2940
f 3300//3300 2940//2940 3301//3301
f 3301//3301 2940//2940 2941//2941
f 3301//3301 2941//2941 3302//3302
f 3302//3302 2941//2941 2942//2942
f 3302//3302 2942//2942 3303//3303
f 3303//3303 2942//2942 2943//2943
f 3303//3303 2943//2943 3304//3304
f 3304//3304 2943//2943 2944//2944
f 3304//3304 2944//2944 3305//3305
f 3305//3305 2944//2944 2945//2945
f 3305//3305 2945//2945 3306//3306
f 3306//3306 2945//2945 2946//2946
f 3306//3306 2946//2946 3307//3307
f 3307//3307 2946//2946 2947//2947
f 3307//3307 2947//2947 3308//3308
f 3308//3308 2947//2947 2948//2948
f 3308//3308 2948//2948 3309//3309
f 3309//3309 2948//2948 2949//2949
f 3309//3309 2949//2949 3310//3310
f 3310//3310 2949//2949 2950//2950
f 3310//3310 2950//2950 3311//3311
f 3311//3311 2950//2950 2951//2951
f 3311//3311 2951//2951 3312//3312
f 3312//3312 2951//2951 2952//2952
f 3312//3312 2952//2952 3313//3313
f 3313//3313 2952//2952 2953//2953
f 3313//3313 2953//2953 3314//3314
f 3314//3314 2953//2953 2954//2954
f 3314//3314 2954//2954 3315//3315
f 3315//3315 2954//2954 2955//2955
f 3315//3315 2955//2955 3316//3316
f 3316//3316 2955//2955 2956//2956
f 3316//3316 2956//2956 3317//3317
f 3317//3317 2956//2956 2957//2957
f 3317//3317 2957//2957 3318//3318
f 3318//3318 2957//2957 2958//2958
f 3318//3318 2958//2958 3319//3319
f 3319//3319 2958//2958 2959//2959
f 3319//3319 2959//2959 3320//3320
f 3320//3320 2959//2959 2960//2960
f 3320//3320 2960//2960 3321//3321
f 3321//3321 2960//2960 2961//2961
f 3321//3321 2961//2961 3322//3322
f 3322//3322 2961//2961 2962//2962
f 3322//3322 2962//2962 3323//3323
f 3323//3323 2962//2962 2963//2963
f 3323//3323 2963//2963 3324//3324
f 3324//3324 2963//2963 2964//2964
f 3324//3324 2964//2964 3325//3325
f 3325//3325 2964//2964 2965//2965
f 3325//3325 2965//2965 3326//3326
f 3326//3326 2965//2965 2966//2966
f 3326//3326 2966//2966 3327//3327
f 3327//3327 2966//2966 2967//2967
f 3327//3327 2967//2967 3328//3328
f 3328//3328 2967//2967 2968//2968
f 3328//3328 2968//2968 3329//3329
f 3329//3329 2968//2968 2969//2969
f 3329//3329 2969//2969 3330//3330
f 3330//3330 2969//2969 2970//2970
f 3330//3330 2970//2970 3331//3331
f 3331//3331 2970//2970 2971//2971
f 3331//3331 2971//2971 3332//3332
f 3332//3332 2971//2971 2972//2972
f 3332//3332 2972//2972 3333//3333
f 3333//3333 2972//2972 2973//2973
f 3333//3333 2973//2973 3334//3334
f 3334//3334 2973//2973 2974//2974
f 3334//3334 2974//2974 3335//3335
f 3335//3335 2974//2974 2975//2975
f 3335//3335 2975//2975 3336//3336
f 3336//3336 2975//2975 2976//2976
f 3336//3336 2976//2976 3337//3337
f 3337//3337 2976//2976 2977//2977
f 3337//3337 2977//2977 3338//3338
f 3338//3338 2977//2977 2978//2978
f 3338//3338 2978//2978 3339//3339
f 3339//3339 2978//2978 2979//2979
f 3339//3339 2979//2979 3340//3340
f 3340//3340 2979//2979 2980//2980
f 3340//3340 2980//2980 3341//3341
f 3341//3341 2980//2980 2981//2981
f 3341//3341 2981//2981 3342//3342
f 3342//3342 2981//2981 2982//2982
f 3342//3342 2982//2982 3343//3343
f 3343//3343 2982//2982 2983//2983
f 3343//3343 2983//2983 3344//3344
f 3344//3344 2983//2983 2984//2984
f 3344//3344 2984//2984 3345//3345
f 3345//3345 2984//2984 2985//2985
f 3345//3345 2985//2985 3346//3346
f 3346//3346 2985//2985 2986//2986
f 3346//3346 2986//2986 3347//3347
f 3347//3347 2986//2986 2987//2987
f 3347//3347 2987//2987 3348//3348
f 3348//3348 2987//2987 2988//2988
f 3348//3348 2988//2988 3349//3349
f 3349//3349 2988//2988 2989//2989
f 3349//3349 2989//2989 3350//3350
f 3350//3350 2989//2989 2990//2990
f 3350//3350 2990//2990 3351//3351
f 3351//3351 2990//2990 2991//2991
f 3351//3351 2991//2991 3352//3352
f 3352//3352 2991//2991 2992//2992
f 3352//3352 2992//2992 3353//3353
f 3353//3353 2992//2992 2993//2993
f 3353//3353 2993//2993 3354//3354
f 3354//3354 2993//2993 2994//2994
f 3354//3354 2994//2994 3355//3355
f 3355//3355 2994//2994 2995//2995
f 3355//3355 2995//2995 3356//3356
f 3356//3356 2995//2995 2996//2996
f 3356//3356 2996//2996 3357//3357
f 3357//3357 2996//2996 2997//2997
f 3357//3357 2997//2997 3358//3358
f 3358//3358 2997//2997 2998//2998
f 3358//3358 2998//2998 3359//3359
f 3359//3359 2998//2998 2999//2999
f 3359//3359 2999//2999 3360//3360
f 3360//3360 2999//2999 3000//3000
f 3360//3360 3000//3000 3361//3361
f 3361//3361 3000//3000 3001//3001
f 3361//3361 3001//3001 3362//3362
f 3362//3362 3001//3001 3002//3002
f 3362//3362 3002//3002 3363//3363
f 3363//3363 3002//3002 3003//3003
f 3363//3363 3003//3003 3364//3364
f 3364//3364 3003//3003 3004//3004
f 3364//3364 3004//3004 3365//3365
f 3365//3365 3004//3004 3005//3005
f 3365//3365 3005//3005 3366//3366
f 3366//3366 3005//3005 3006//3006
f 3366//3366 3006//3006 3367//3367
f 3367//3367 3006//3006 3007//3007
f 3367//3367 3007//3007 3368//3368
f 3368//3368 3007//3007 3008//3008
f 3368//3368 3008//3008 3369//3369
f 3369//3369 3008//3008 3009//3009
f 3369//3369 3009//3009 3370//3370
f 3370//3370 3009//3009 3010//3010
f 3370//3370 3010//3010 3371//3371
f 3371//3371 3010//3010 3011//3011
f 3371//3371 3011//3011 3372//3372
f 3372//3372 3011//3011 3012//3012
f 3372//3372 3012//3012 3373//3373
f 3373//3373 3012//3012 3013//3013
f 3373//3373 3013//3013 3374//3374
f 3374//3374 3013//3013 3014//3014
f 3374//3374 3014//3014 3375//3375
f 3375//3375 3014//3014 3015//3015
f 3375//3375 3015//3015 3376//3376
f 3376//3376 3015//3015 3016//3016
f 3376//3376 3016//3016 3377//3377
f 3377//3377 3016//3016 3017//3017
f 3377//3377 3017//3017 3378//3378
f 3378//3378 3017//3017 3018//3018
f 3378//3378 3018//3018 3379//3379
f 3379//3379 3018//3018 3019//3019
f 3379//3379 3019//3019 3380//3380
f 3380//3380 3019//3019 3020//3020
f 3380//3380 3020//3020 3381//3381
f 3381//3381 3020//3020 3021//3021
f 3381//3381 3021//3021 3382//3382
f 3382//3382 3021//3021 3022//3022
f 3382//3382 3022//3022 3383//3383
f 3383//3383 3022//3022 3023//3023
f 3383//3383 3023//3023 3384//3384
f 3384//3384 3023//3023 3024//3024
f 3384//3384 3024//3024 3385//3385
f 3385//3385 3024//3024 3025//3025
f 3385//3385 3025//3025 3386//3386
f 3386//3386 3025//3025 3026//3026
f 3386//3386 3026//3026 3387//3387
f 3387//3387 3026//3026 3027//3027
f 3387//3387 3027//3027 3388//3388
f 3388//3388 3027//3027 3028//3028
f 3388//3388 3028//3028 3389//3389
f 3389//3389 3028//3028 3029//3029
f 3389//3389 3029//3029 3390//3390
f 3390//3390 3029//3029 3030//3030
f 3390//3390 3030//3030 3391//3391
f 3391//3391 3030//3030 3031//3031
f 3391//3391 3031//3031 3392//3392
f 3392//3392 3031//3031 3032//3032
f 3392//3392 3032//3032 3393//3393
f 3393//3393 3032//3032 3033//3033
f 3393//3393 3033//3033 3394//3394
f 3394//3394 3033//3033 3034//3034
f 3394//3394 3034//3034 3395//3395
f 3395//3395 3034//3034 3035//3035
f 3395//3395 3035//3035 3396//3396
f 3396//3396 3035//3035 3036//3036
f 3396//3396 3036//3036 3397//3397
f 3397//3397 3036//3036 3037//3037
f 3397//3397 3037//3037 3398//3398
f 3398//3398 3037//3037 3038//3038
f 3398//3398 3038//3038 3399//3399
f 3399//3399 3038//3038 3039//3039
f 3399//3399 3039//3039 3400//3400
f 3400//3400 3039//3039 3040//3040
f 3400//3400 3040//3040 3401//3401
f 3401//3401 3040//3040 3041//3041
f 3401//3401 3041//3041 3402//3402
f 3402//3402 3041//3041 3042//3042
f 3402//3402 3042//3042 3403//3403
f 3403//3403 3042//3042 3043//3043
f 3403//3403 3043//3043 3404//3404
f 3404//3404 3043//3043 3044//3044
f 3404//3404 3044//3044 3405//3405
f 3405//3405 3044//3044 3045//3045
f 3405//3405 3045//3045 3406//3406
f 3406//3406 3045//3045 3046//3046
f 3406//3406 3046//3046 3407//3407
f 3407//3407 3046//3046 3047//3047
f 3407//3407 3047//3047 3408//3408
f 3408//3408 3047//3047 3048//3048
f 3408//3408 3048//3048 3409//3409
f 3409//3409 3048//3048 3049//3049
f 3409//3409 3049//3049 3410//3410
f 3410//3410 3049//3049 3050//3050
f 3410//3410 3050//3050 3411//3411
f 3411//3411 3050//3050 3051//3051
f 3411//3411 3051//3051 3412//3412
f 3412//3412 3051//3051 3052//3052
f 3412//3412 3052//3052 3413//3413
f 3413//3413 3052//3052 3053//3053
f 3413//3413 3053//3053 3414//3414
f 3414//3414 3053//3053 3054//3054
f 3414//3414 3054//3054 3415//3415
f 3415//3415 3054//3054 3055//3055
f 3415//3415 3055//3055 3416//3416
f 3416//3416 3055//3055 3056//3056
f 3416//3416 3056//3056 3417//3417
f 3417//3417 3056//3056 3057//3057
f 3417//3417 3057//3057 3418//3418
f 3418//3418 3057//3057 3058//3058
f 3418//3418 3058//3058 3419//3419
f 3419//3419 3058//3058 3059//3059
f 3419//3419 3059//3059 3420//3420
f 3420//3420 3059//3059 3060//3060
f 3420//3420 3060//3060 3421//3421
f 3421//3421 3060//3060 3061//3061
f 3421//3421 3061//3061 3422//3422
f 3422//3422 3061//3061 3062//3062
f 3422//3422 3062//3062 3423//3423
f 3423//3423 3062//3062 3063//3063
f 3423//3423 3063//3063 3424//3424
f 3424//3424 3063//3063 3064//3064
f 3424//3424 3064//3064 3425//3425
f 3425//3425 3064//3064 3065//3065
f 3425//3425 3065//3065 3426//3426
f 3426//3426 3065//3065 3066//3066
f 3426//3426 3066//3066 3427//3427
f 3427//3427 3066//3066 3067//3067
f 3427//3427 3067//3067 3428//3428
f 3428//3428 3067//3067 3068//3068
f 3428//3428 3068//3068 3429//3429
f 3429//3429 3068//3068 3069//3069
f 3429//3429 3069//3069 3430//3430
f 3430//3430 3069//3069 3070//3070
f 3430//3430 3070//3070 3431//3431
f 3431//3431 3070//3070 3071//3071
f 3431//3431 3071//3071 3432//3432
f 3432//3432 3071//3071 3072//3072
f 3432//3432 3072//3072 3433//3433
f 3433//3433 3072//3072 3073//3073
f 3433//3433 3073//3073 3434//3434
f 3434//3434 3073//3073 3074//3074
f 3434//3434 3074//3074 3435//3435
f 3435//3435 3074//3074 3075//3075
f 3435//3435 3075//3075 3436//3436
f 3436//3436 3075//3075 3076//3076
f 3436//3436 3076//3076 3437//3437
f 3437//3437 3076//3076 3077//3077
f 3437//3437 3077//3077 3438//3438
f 3438//3438 3077//3077 3078//3078
f 3438//3438 3078//3078 3439//3439
f 3439//3439 3078//3078 3079//3079
f 3439//3439 3079//3079 3440//3440
f 3440//3440 3079//3079 3080//3080
f 3440//3440 3080//3080 3441//3441
f 3441//3441 3080//3080 3081//3081
f 3441//3441 3081//3081 3442//3442
f 3442//3442 3081//3081 3082//3082
f 3442//3442 3082//3082 3443//3443
f 3443//3443 3082//3082 3083//3083
f 3443//3443 3083//3083 3444//3444
f 3444//3444 3083//3083 3084//3084
f 3444//3444 3084//3084 3445//3445
f 3445//3445 3084//3084 3085//3085
f 3445//3445 3085//3085 3446//3446
f 3446//3446 3085//3085 3086//3086
f 3446//3446 3086//3086 3447//3447
f 3447//3447 3086//3086 3087//3087
f 3447//3447 3087//3087 3448//3448
f 3448//3448 3087//3087 3088//3088
f 3448//3448 3088//3088 3449//3449
f 3449//3449 3088//3088 3089//3089
f 3449//3449 3089//3089 3450//3450
f 3450//3450 3089//3089 3090//3090
f 3450//3450 3090//3090 3451//3451
f 3451//3451 3090//3090 3091//3091
f 3451//3451 3091//3091 3452//3452
f 3452//3452 3091//3091 3092//3092
f 3452//3452 3092//3092 3453//3453
f 3453//3453 3092//3092 3093//3093
f 3453//3453 3093//3093 3454//3454
f 3454//3454 3093//3093 3094//3094
f 3454//3454 3094//3094 3455//3455
f 3455//3455 3094//3094 3095//3095
f 3455//3455 3095//3095 3456//3456
f 3456//3456 3095//3095 3096//3096
f 3456//3456 3096//3096 3457//3457
f 3457//3457 3096//3096 3097//3097
f 3457//3457 3097//3097 3458//3458
f 3458//3458 3097//3097 3098//3098
f 3458//3458 3098//3098 3459//3459
f 3459//3459 3098//3098 3099//3099
f 3459//3459 3099//3099 3460//3460
f 3460//3460 3099//3099 3100//3100
f 3460//3460 3100//3100 3461//3461
f 3461//3461 3100//3100 3101//3101
f 3461//3461 3101//3101 3462//3462
f 3462//3462 3101//3101 3102//3102
f 3462//3462 3102//3102 3463//3463
f 3463//3463 3102//3102 3103//3103
f 3463//3463 3103//3103 3464//3464
f 3464//3464 3103//3103 3104//3104
f 3464//3464 3104//3104 3465//3465
f 3465//3465 3104//3104 3105//3105
f 3465//3465 3105//3105 3466//3466
f 3466//3466 3105//3105 3106//3106
f 3466//3466 3106//3106 3467//3467
f 3467//3467 3106//3106 3107//3107
f 3467//3467 3107//3107 3468//3468
f 3468//3468 3107//3107 3108//3108
f 3468//3468 3108//3108 3469//3469
f 3469//3469 3108//3108 3109//3109
f 3469//3469 3109//3109 3470//3470
f 3470//3470 3109//3109 3110//3110
f 3470//3470 3110//3110 3471//3471
f 3471//3471 3110//3110 3111//3111
f 3471//3471 3111//3111 3472//3472
f 3472//3472 3111//3111 3112//3112
f 3472//3472 3112//3112 3473//3473
f 3473//3473 3112//3112 3113//3113
f 3473//3473 3113//3113 3474//3474
f 3474//3474 3113//3113 3114//3114
f 3474//3474 3114//3114 3475//3475
f 3475//3475 3114//3114 3115//3115
f 3475//3475 3115//3115 3476//3476
f 3476//3476 3115//3115 3116//3116
f 3476//3476 3116//3116 3477//3477
f 3477//3477 3116//3116 3117//3117
f 3477//3477 3117//3117 3478//3478
f 3478//3478 3117//3117 3118//3118
f 3478//3478 3118//3118 3479//3479
f 3479//3479 3118//3118 3119//3119
f 3479//3479 3119//3119 3480//3480
f 3480//3480 3119//3119 3120//3120
f 3480//3480 3120//3120 3481//3481
f 3481//3481 3120//3120 3121//3121
f 3481//3481 3121//3121 3482//3482
f 3482//3482 3121//3121 3122//3122
f 3482//3482 3122//3122 3483//3483
f 3483//3483 3122//3122 3123//3123
f 3483//3483 3123//3123 3484//3484
f 3484//3484 3123//3123 3124//3124
f 3484//3484 3124//3124 3485//3485
f 3485//3485 3124//3124 3125//3125
f 3485//3485 3125//3125 3486//3486
f 3486//3486 3125//3125 3126//3126
f 3486//3486 3126//3126 3487//3487
f 3487//3487 3126//3126 3127//3127
f 3487//3487 3127//3127 3488//3488
f 3488//3488 3127//3127 3128//3128
f 3488//3488 3128//3128 3489//3489
f 3489//3489 3128//3128 3129//3129
f 3489//3489 3129//3129 3490//3490
f 3490//3490 3129//3129 3130//3130
f 3490//3490 3130//3130 3491//3491
f 3491//3491 3130//3130 3131//3131
f 3491//3491 3131//3131 3492//3492
f 3492//3492 3131//3131 3132//3132
f 3492//3492 3132//3132 3493//3493
f 3493//3493 3132//3132 3133//3133
f 3493//3493 3133//3133 3494//3494
f 3494//3494 3133//3133 3134//3134
f 3494//3494 3134//3134 3495//3495
f 3495//3495 3134//3134 3135//3135
f 3495//3495 3135//3135 3496//3496
f 3496//3496 3135//3135 3136//3136
f 3496//3496 3136//3136 3497//3497
f 3497//3497 3136//3136 3137//3137
f 3497//3497 3137//3137 3498//3498
f 3498//3498 3137//3137 3138//3138
f 3498//3498 3138//3138 3499//3499
f 3499//3499 3138//3138 3139//3139
f 3499//3499 3139//3139 3500//3500
f 3500//3500 3139//3139 3140//3140
f 3500//3500 3140//3140 3501//3501
f 3501//3501 3140//3140 3141//3141
f 3501//3501 3141//3141 3502//3502
f 3502//3502 3141//3141 3142//3142
f 3502//3502 3142//3142 3503//3503
f 3503//3503 3142//3142 3143//3143
f 3503//3503 3143//3143 3504//3504
f 3504//3504 3143//3143 3144//3144
f 3504//3504 3144//3144 3505//3505
f 3505//3505 3144//3144 3145//3145
f 3505//3505 3145//3145 3506//3506
f 3506//3506 3145//3145 3146//3146
f 3506//3506 3146//3146 3507//3507
f 3507//3507 3146//3146 3147//3147
f 3507//3507 3147//3147 3508//3508
f 3508//3508 3147//3147 3148//3148
f 3508//3508 3148//3148 3509//3509
f 3509//3509 3148//3148 3149//3149
f 3509//3509 3149//3149 3510//3510
f 3510//3510 3149//3149 3150//3150
f 3510//3510 3150//3150 3511//3511
f 3511//3511 3150//3150 3151//3151
f 3511//3511 3151//3151 3512//3512
f 3512//3512 3151//3151 3152//3152
f 3512//3512 3152//3152 3513//3513
f 3513//3513 3152//3152 3153//3153
f 3513//3513 3153//3153 3514//3514
f 3514//3514 3153//3153 3154//3154
f 3514//3514 3154//3154 3515//3515
f 3515//3515 3154//3154 3155//3155
f 3515//3515 3155//3155 3516//3516
f 3516//3516 3155//3155 3156//3156
f 3516//3516 3156//3156 3517//3517
f 3517//3517 3156//3156 3157//3157
f 3517//3517 3157//3157 3518//3518
f 3518//3518 3157//3157 3158//3158
f 3518//3518 3158//3158 3519//3519
f 3519//3519 3158//3158 3159//3159
f 3519//3519 3159//3159 3520//3520
f 3520//3520 3159//3159 3160//3160
f 3520//3520 3160//3160 3521//3521
f 3521//3521 3160//3160 3161//3161
f 3521//3521 3161//3161 3522//3522
f 3522//3522 3161//3161 3162//3162
f 3522//3522 3162//3162 3523//3523
f 3523//3523 3162//3162 3163//3163
f 3523//3523 3163//3163 3524//3524
f 3524//3524 3163//3163 3164//3164
f 3524//3524 3164//3164 3525//3525
f 3525//3525 3164//3164 3165//3165
f 3525//3525 3165//3165 3526//3526
f 3526//3526 3165//3165 3166//3166
f 3526//3526 3166//3166 3527//3527
f 3527//3527 3166//3166 3167//3167
f 3527//3527 3167//3167 3528//3528
f 3528//3528 3167//3167 3168//3168
f 3528//3528 3168//3168 3529//3529
f 3529//3529 3168//3168 3169//3169
f 3529//3529 3169//3169 3530//3530
f 3530//3530 3169//3169 3170//3170
f 3530//3530 3170//3170 3531//3531
f 3531//3531 3170//3170 3171//3171
f 3531//3531 3171//3171 3532//3532
f 3532//3532 3171//3171 3172//3172
f 3532//3532 3172//3172 3533//3533
f 3533//3533 3172//3172 3173//3173
f 3533//3533 3173//3173 3534//3534
f 3534//3534 3173//3173 3174//3174
f 3534//3534 3174//3174 3535//3535
f 3535//3535 3174//3174 3175//3175
f 3535//3535 3175//3175 3536//3536
f 3536//3536 3175//3175 3176//3176
f 3536//3536 3176//3176 3537//3537
f 3537//3537 3176//3176 3177//3177
f 3537//3537 3177//3177 3538//3538
f 3538//3538 3177//3177 3178//3178
f 3538//3538 3178//3178 3539//3539
f 3539//3539 3178//3178 3179//3179
f 3539//3539 3179//3179 3540//3540
f 3540//3540 3179//3179 3180//3180
f 3540//3540 3180//3180 3541//3541
f 3541//3541 3180//3180 3181//3181
f 3541//3541 3181//3181 3542//3542
f 3542//3542 3181//3181 3182//3182
f 3542//3542 3182//3182 3543//3543
f 3543//3543 3182//3182 3183//3183
f 3543//3543 3183//3183 3544//3544
f 3544//3544 3183//3183 3184//3184
f 3544//3544 3184//3184 3545//3545
f 3545//3545 3184//3184 3185//3185
f 3545//3545 3185//3185 3546//3546
f 3546//3546 3185//3185 3186//3186
f 3546//3546 3186//3186 3547//3547
f 3547//3547 3186//3186 3187//3187
f 3547//3547 3187//3187 3548//3548
f 3548//3548 3187//3187 3188//3188
f 3548//3548 3188//3188 3549//3549
f 3549//3549 3188//3188 3189//3189
f 3549//3549 3189//3189 3550//3550
f 3550//3550 3189//3189 3190//3190
f 3550//3550 3190//3190 3551//3551
f 3551//3551 3190//3190 3191//3191
f 3551//3551 3191//3191 3552//3552
f 3552//3552 3191//3191 3192//3192
f 3552//3552 3192//3192 3553//3553
f 3553//3553 3192//3192 3193//3193
f 3553//3553 3193//3193 3554//3554
f 3554//3554 3193//3193 3194//3194
f 3554//3554 3194//3194 3555//3555
f 3555//3555 3194//3194 3195//3195
f 3555//3555 3195//3195 3556//3556
f 3556//3556 3195//3195 3196//3196
f 3556//3556 3196//3196 3557//3557
f 3557//3557 3196//3196 3197//3197
f 3557//3557 3197//3197 3558//3558
f 3558//3558 3197//3197 3198//3198
f 3558//3558 3198//3198 3559//3559
f 3559//3559 3198//3198 3199//3199
f 3559//3559 3199//3199 3560//3560
f 3560//3560 3199//3199 3200//3200
f 3560//3560 3200//3200 3561//3561
f 3561//3561 3200//3200 3201//3201
f 3561//3561 3201//3201 3562//3562
f 3562//3562 3201//3201 3202//3202
f 3562//3562 3202//3202 3563//3563
f 3563//3563 3202//3202 3203//3203
f 3563//3563 3203//3203 3564//3564
f 3564//3564 3203//3203 3204//3204
f 3564//3564 3204//3204 3565//3565
f 3565//3565 3204//3204 3205//3205
f 3565//3565 3205//3205 3566//3566
f 3566//3566 3205//3205 3206//3206
f 3566//3566 3206//3206 3567//3567
f 3567//3567 3206//3206 3207//3207
f 3567//3567 3207//3207 3568//3568
f 3568//3568 3207//3207 3208//3208
f 3568//3568 3208//3208 3569//3569
f 3569//3569 3208//3208 3209//3209
f 3569//3569 3209//3209 3570//3570
f 3570//3570 3209//3209 3210//3210
f 3570//3570 3210//3210 3571//3571
f 3571//3571 3210//3210 3211//3211
f 3571//3571 3211//3211 3572//3572
f 3572//3572 3211//3211 3212//3212
f 3572//3572 3212//3212 3573//3573
f 3573//3573 3212//3212 3213//3213
f 3573//3573 3213//3213 3574//3574
f 3574//3574 3213//3213 3214//3214
f 3574//3574 3214//3214 3575//3575
f 3575//3575 3214//3214 3215//3215
f 3575//3575 3215//3215 3576//3576
f 3576//3576 3215//3215 3216//3216
f 3576//3576 3216//3216 3577//3577
f 3577//3577 3216//3216 3217//3217
f 3577//3577 3217//3217 3578//3578
f 3578//3578 3217//3217 3218//3218
f 3578//3578 3218//3218 3579//3579
f 3579//3579 3218//3218 3219//3219
f 3579//3579 3219//3219 3580//3580
f 3580//3580 3219//3219 3220//3220
f 3580//3580 3220//3220 3581//3581
f 3581//3581 3220//3220 3221//3221
f 3581//3581 3221//3221 3582//3582
f 3582//3582 3221//3221 3222//3222
f 3582//3582 3222//3222 3583//3583
f 3583//3583 3222//3222 3223//3223
f 3583//3583 3223//3223 3584//3584
f 3584//3584 3223//3223 3224//3224
f 3584//3584 3224//3224 3585//3585
f 3585//3585 3224//3224 3225//3225
f 3585//3585 3225//3225 3586//3586
f 3586//3586 3225//3225 3226//3226
f 3586//3586 3226//3226 3587//3587
f 3587//3587 3226//3226 3227//3227
f 3587//3587 3227//3227 3588//3588
f 3588//3588 3227//3227 3228//3228
f 3588//3588 3228//3228 3589//3589
f 3589//3589 3228//3228 3229//3229
f 3589//3589 3229//3229 3590//3590
f 3590//3590 3229//3229 3230//3230
f 3590//3590 3230//3230 3591//3591
f 3591//3591 3230//3230 3231//3231
f 3591//3591 3231//3231 3592//3592
f 3592//3592 3231//3231 3232//3232
f 3592//3592 3232//3232 3593//3593
f 3593//3593 3232//3232 3233//3233
f 3593//3593 3233//3233 3594//3594
f 3594//3594 3233//3233 3234//3234
f 3594//3594 3234//3234 3595//3595
f 3595//3595 3234//3234 3235//3235
f 3595//3595 3235//3235 3596//3596
f 3596//3596 3235//3235 3236//3236
f 3596//3596 3236//3236 3597//3597
f 3597//3597 3236//3236 3237//3237
f 3597//3597 3237//3237 3598//3598
f 3598//3598 3237//3237 3238//3238
f 3598//3598 3238//3238 3599//3599
f 3599//3599 3238//3238 3239//3239
f 3599//3599 3239//3239 3600//3600
f 3600//3600 3239//3239 3240//3240
f 3601//3601 3241//3241 3602//3602
f 3602//3602 3241//3241 3242//3242
f 3602//3602 3242//3242 3603//3603
f 3603//3603 3242//3242 3243//3243
f 3603//3603 3243//3243 3604//3604
f 3604//3604 3243//3243 3244//3244
f 3604//3604 3244//3244 3605//3605
f 3605//3605 3244//3244 3245//3245
f 3605//3605 3245//3245 3606//3606
f 3606//3606 3245//3245 3246//3246
f 3606//3606 3246//3246 3607//3607
f 3607//3607 3246//3246 3247//3247
f 3607//3607 3247//3247 3608//3608
f 3608//3608 3247//3247 3248//3248
f 3608//3608 3248//3248 3609//3609
f 3609//3609 3248//3248 3249//3249
f 3609//3609 3249//3249 3610//3610
f 3610//3610 3249//3249 3250//3250
f 3610//3610 3250//3250 3611//3611
f 3611//3611 3250//3250 3251//3251
f 3611//3611 3251//3251 3612//3612
f 3612//3612 3251//3251 3252//3252
f 3612//3612 3252//3252 3613//3613
f 3613//3613 3252//3252 3253//3253
f 3613//3613 3253//3253 3614//3614
f 3614//3614 3253//3253 3254//3254
f 3614//3614 3254//3254 3615//3615
f 3615//3615 3254//3254 3255//3255
f 3615//3615 3255//3255 3616//3616
f 3616//3616 3255//3255 3256//3256
f 3616//3616 3256//3256 3617//3617
f 3617//3617 3256//3256 3257//3257
f 3617//3617 3257//3257 3618//3618
f 3618//3618 3257//3257 3258//3258
f 3618//3618 3258//3258 3619//3619
f 3619//3619 3258//3258 3259//3259
f 3619//3619 3259//3259 3620//3620
f 3620//3620 3259//3259 3260//3260
f 3620//3620 3260//3260 3621//3621
f 3621//3621 3260//3260 3261//3261
f 3621//3621 3261//3261 3622//3622
f 3622//3622 3261//3261 3262//3262
f 3622//3622 3262//3262 3623//3623
f 3623//3623 3262//3262 3263//3263
f 3623//3623 3263//3263 3624//3624
f 3624//3624 3263//3263 3264//3264
f 3624//3624 3264//3264 3625//3625
f 3625//3625 3264//3264 3265//3265
f 3625//3625 3265//3265 3626//3626
f 3626//3626 3265//3265 3266//3266
f 3626//3626 3266//3266 3627//3627
f 3627//3627 3266//3266 3267//3267
f 3627//3627 3267//3267 3628//3628
f 3628//3628 3267//3267 3268//3268
f 3628//3628 3268//3268 3629//3629
f 3629//3629 3268//3268 3269//3269
f 3629//3629 3269//3269 3630//3630
f 3630//3630 3269//3269 3270//3270
f 3630//3630 3270//3270 3631//3631
f 3631//3631 3270//3270 3271//3271
f 3631//3631 3271//3271 3632//3632
f 3632//3632 3271//3271 3272//3272
f 3632//3632 3272//3272 3633//3633
f 3633//3633 3272//3272 3273//3273
f 3633//3633 3273//3273 3634//3634
f 3634//3634 3273//3273 3274//3274
f 3634//3634 3274//3274 3635//3635
f 3635//3635 3274//3274 3275//3275
f 3635//3635 3275//3275 3636//3636
f 3636//3636 3275//3275 3276//3276
f 3636//3636 3276//3276 3637//3637
f 3637//3637 3276//3276 3277//3277
f 3637//3637 3277//3277 3638//3638
f 3638//3638 3277//3277 3278//3278
f 3638//3638 3278//3278 3639//3639
f 3639//3639 3278//3278 3279//3279
f 3639//3639 3279//3279 3640//3640
f 3640//3640 3279//3279 3280//3280
f 3640//3640 3280//3280 3641//3641
f 3641//3641 3280//3280 3281//3281
f 3641//3641 3281//3281 3642//3642
f 3642//3642 3281//3281 3282//3282
f 3642//3642 3282//3282 3643//3643
f 3643//3643 3282//3282 3283//3283
f 3643//3643 3283//3283 3644//3644
f 3644//3644 3283//3283 3284//3284
f 3644//3644 3284//3284 3645//3645
f 3645//3645 3284//3284 3285//3285
f 3645//3645 3285//3285 3646//3646
f 3646//3646 3285//3285 3286//3286
f 3646//3646 3286//3286 3647//3647
f 3647//3647 3286//3286 3287//3287
f 3647//3647 3287//3287 3648//3648
f 3648//3648 3287//3287 3288//3288
f 3648//3648 3288//3288 3649//3649
f 3649//3649 3288//3288 3289//3289
f 3649//3649 3289//3289 3650//3650
f 3650//3650 3289//3289 3290//3290
f 3650//3650 3290//3290 3651//3651
f 3651//3651 3290//3290 3291//3291
f 3651//3651 3291//3291 3652//3652
f 3652//3652 3291//3291 3292//3292
f 3652//3652 3292//3292 3653//3653
f 3653//3653 3292//3292 3293//3293
f 3653//3653 3293//3293 3654//3654
f 3654//3654 3293//3293 3294//3294
f 3654//3654 3294//3294 3655//3655
f 3655//3655 3294//3294 3295//3295
f 3655//3655 3295//3295 3656//3656
f 3656//3656 3295//3295 3296//3296
f 3656//3656 3296//3296 3657//3657
f 3657//3657 3296//3296 3297//3297
f 3657//3657 3297//3297 3658//3658
f 3658//3658 3297//3297 3298//3298
f 3658//3658 3298//3298 3659//3659
f 3659//3659 3298//3298 3299//3299
f 3659//3659 3299//3299 3660//3660
f 3660//3660 3299//3299 3300//3300
f 3660//3660 3300//3300 3661//3661
f 3661//3661 3300//3300 3301//3301
f 3661//3661 3301//3301 3662//3662
f 3662//3662 3301//3301 3302//3302
f 3662//3662 3302//3302 3663//3663
f 3663//3663 3302//3302 3303//3303
f 3663//3663 3303//3303 3664//3664
f 3664//3664 3303//3303 3304//3304
f 3664//3664 3304//3304 3665//3665
f 3665//3665 3304//3304 3305//3305
f 3665//3665 3305//3305 3666//3666
f 3666//3666 3305//3305 3306//3306
f 3666//3666 3306//3306 3667//3667
f 3667//3667 3306//3306 3307//3307
f 3667//3667 3307//3307 3668//3668
f 3668//3668 3307//3307 3308//3308
f 3668//3668 3308//3308 3669//3669
f 3669//3669 3308//3308 3309//3309
f 3669//3669 3309//3309 3670//3670
f 3670//3670 3309//3309 3310//3310
f 3670//3670 3310//3310 3671//3671
f 3671//3671 3310//3310 3311//3311
f 3671//3671 3311//3311 3672//3672
f 3672//3672 3311//3311 3312//3312
f 3672//3672 3312//3312 3673//3673
f 3673//3673 3312//3312 3313//3313
f 3673//3673 3313//3313 3674//3674
f 3674//3674 3313//3313 3314//3314
f 3674//3674 3314//3314 3675//3675
f 3675//3675 3314//3314 3315//3315
f 3675//3675 3315//3315 3676//3676
f 3676//3676 3315//3315 3316//3316
f 3676//3676 3316//3316 3677//3677
f 3677//3677 3316//3316 3317//3317
f 3677//3677 3317//3317 3678//3678
f 3678//3678 3317//3317 3318//3318
f 3678//3678 3318//3318 3679//3679
f 3679//3679 3318//3318 3319//3319
f 3679//3679 3319//3319 3680//3680
f 3680//3680 3319//3319 3320//3320
f 3680//3680 3320//3320 3681//3681
f 3681//3681 3320//3320 3321//3321
f 3681//3681 3321//3321 3682//3682
f 3682//3682 3321//3321 3322//3322
f 3682//3682 3322//3322 3683//3683
f 3683//3683 3322//3322 3323//3323
f 3683//3683 3323//3323 3684//3684
f 3684//3684 3323//3323 3324//3324
f 3684//3684 3324//3324 3685//3685
f 3685//3685 3324//3324 3325//3325
f 3685//3685 3325//3325 3686//3686
f 3686//3686 3325//3325 3326//3326
f 3686//3686 3326//3326 3687//3687
f 3687//3687 3326//3326 3327//3327
f 3687//3687 3327//3327 3688//3688
f 3688//3688 3327//3327 3328//3328
f 3688//3688 3328//3328 3689//3689
f 3689//3689 3328//3328 3329//3329
f 3689//3689 3329//3329 3690//3690
f 3690//3690 3329//3329 3330//3330
f 3690//3690 3330//3330 3691//3691
f 3691//3691 3330//3330 3331//3331
f 3691//3691 3331//3331 3692//3692
f 3692//3692 3331//3331 3332//3332
f 3692//3692 3332//3332 3693//3693
f 3693//3693 3332//3332 3333//3333
f 3693//3693 3333//3333 3694//3694
f 3694//3694 3333//3333 3334//3334
f 3694//3694 3334//3334 3695//3695
f 3695//3695 3334//3334 3335//3335
f 3695//3695 3335//3335 3696//3696
f 3696//3696 3335//3335 3336//3336
f 3696//3696 3336//3336 3697//3697
f 3697//3697 3336//3336 3337//3337
f 3697//3697 3337//3337 3698//3698
f 3698//3698 3337//3337 3338//3338
f 3698//3698 3338//3338 3699//3699
f 3699//3699 3338//3338 3339//3339
f 3699//3699 3339//3339 3700//3700
f 3700//3700 3339//3339 3340//3340
f 3700//3700 3340//3340 3701//3701
f 3701//3701 3340//3340 3341//3341
f 3701//3701 3341//3341 3702//3702
f 3702//3702 3341//3341 3342//3342
f 3702//3702 3342//3342 3703//3703
f 3703//3703 3342//3342 3343//3343
f 3703//3703 3343//3343 3704//3704
f 3704//3704 3343//3343 3344//3344
f 3704//3704 3344//3344 3705//3705
f 3705//3705 3344//3344 3345//3345
f 3705//3705 3345//3345 3706//3706
f 3706//3706 3345//3345 3346//3346
f 3706//3706 3346//3346 3707//3707
f 3707//3707 3346//3346 3347//3347
f 3707//3707 3347//3347 3708//3708
f 3708//3708 3347//3347 3348//3348
f 3708//3708 3348//3348 3709//3709
f 3709//3709 3348//3348 3349//3349
f 3709//3709 3349//3349 3710//3710
f 3710//3710 3349//3349 3350//3350
f 3710//3710 3350//3350 3711//3711
f 3711//3711 3350//3350 3351//3351
f 3711//3711 3351//3351 3712//3712
f 3712//3712 3351//3351 3352//3352
f 3712//3712 3352//3352 3713//3713
f 3713//3713 3352//3352 3353//3353
f 3713//3713 3353//3353 3714//3714
f 3714//3714 3353//3353 3354//3354
f 3714//3714 3354//3354 3715//3715
f 3715//3715 3354//3354 3355//3355
f 3715//3715 3355//3355 3716//3716
f 3716//3716 3355//3355 3356//3356
f 3716//3716 3356//3356 3717//3717
f 3717//3717 3356//3356 3357//3357
f 3717//3717 3357//3357 3718//3718
f 3718//3718 3357//3357 3358//3358
f 3718//3718 3358//3358 3719//3719
f 3719//3719 3358//3358 3359//3359
f 3719//3719 3359//3359 3720//3720
f 3720//3720 3359//3359 3360//3360
f 3720//3720 3360//3360 3721//3721
f 3721//3721 3360//3360 3361//3361
f 3721//3721 3361//3361 3722//3722
f 3722//3722 3361//3361 3362//3362
f 3722//3722 3362//3362 3723//3723
f 3723//3723 3362//3362 3363//3363
f 3723//3723 3363//3363 3724//3724
f 3724//3724 3363//3363 3364//3364
f 3724//3724 3364//3364 3725//3725
f 3725//3725 3364//3364 3365//3365
f 3725//3725 3365//3365 3726//3726
f 3726//3726 3365//3365 3366//3366
f 3726//3726 3366//3366 3727//3727
f 3727//3727 3366//3366 3367//3367
f 3727//3727 3367//3367 3728//3728
f 3728//3728 3367//3367 3368//3368
f 3728//3728 3368//3368 3729//3729
f 3729//3729 3368//3368 3369//3369
f 3729//3729 3369//3369 3730//3730
f 3730//3730 3369//3369 3370//3370
f 3730//3730 3370//3370 3731//3731
f 3731//3731 3370//3370 3371//3371
f 3731//3731 3371//3371 3732//3732
f 3732//3732 3371//3371 3372//3372
f 3732//3732 3372//3372 3733//3733
f 3733//3733 3372//3372 3373//3373
f 3733//3733 3373//3373 3734//3734
f 3734//3734 3373//3373 3374//3374
f 3734//3734 3374//3374 3735//3735
f 3735//3735 3374//3374 3375//3375
f 3735//3735 3375//3375 3736//3736
f 3736//3736 3375//3375 3376//3376
f 3736//3736 3376//3376 3737//3737
f 3737//3737 3376//3376 3377//3377
f 3737//3737 3377//3377 3738//3738
f 3738//3738 3377//3377 3378//3378
f 3738//3738 3378//3378 3739//3739
f 3739//3739 3378//3378 3379//3379
f 3739//3739 3379//3379 3740//3740
f 3740//3740 3379//3379 3380//3380
f 3740//3740 3380//3380 3741//3741
f 3741//3741 3380//3380 3381//3381
f 3741//3741 3381//3381 3742//3742
f 3742//3742 3381//3381 3382//3382
f 3742//3742 3382//3382 3743//3743
f 3743//3743 3382//3382 3383//3383
f 3743//3743 3383//3383 3744//3744
f 3744//3744 3383//3383 3384//3384
f 3744//3744 3384//3384 3745//3745
f 3745//3745 3384//3384 3385//3385
f 3745//3745 3385//3385 3746//3746
f 3746//3746 3385//3385 3386//3386
f 3746//3746 3386//3386 3747//3747
f 3747//3747 3386//3386 3387//3387
f 3747//3747 3387//3387 3748//3748
f 3748//3748 3387//3387 3388//3388
f 3748//3748 3388//3388 3749//3749
f 3749//3749 3388//3388 3389//3389
f 3749//3749 3389//3389 3750//3750
f 3750//3750 3389//3389 3390//3390
f 3750//3750 3390//3390 3751//3751
f 3751//3751 3390//3390 3391//3391
f 3751//3751 3391//3391 3752//3752
f 3752//3752 3391//3391 3392//3392
f 3752//3752 3392//3392 3753//3753
f 3753//3753 3392//3392 3393//3393
f 3753//3753 3393//3393 3754//3754
f 3754//3754 3393//3393 3394//3394
f 3754//3754 3394//3394 3755//3755
f 3755//3755 3394//3394 3395//3395
f 3755//3755 3395//3395 3756//3756
f 3756//3756 3395//3395 3396//3396
f 3756//3756 3396//3396 3757//3757
f 3757//3757 3396//3396 3397//3397
f 3757//3757 3397//3397 3758//3758
f 3758//3758 3397//3397 3398//3398
f 3758//3758 3398//3398 3759//3759
f 3759//3759 3398//3398 3399//3399
f 3759//3759 3399//3399 3760//3760
f 3760//3760 3399//3399 3400//3400
f 3760//3760 3400//3400 3761//3761
f 3761//3761 3400//3400 3401//3401
f 3761//3761 3401//3401 3762//3762
f 3762//3762 3401//3401 3402//3402
f 3762//3762 3402//3402 3763//3763
f 3763//3763 3402//3402 3403//3403
f 3763//3763 3403//3403 3764//3764
f 3764//3764 3403//3403 3404//3404
f 3764//3764 3404//3404 3765//3765
f 3765//3765 3404//3404 3405//3405
f 3765//3765 3405//3405 3766//3766
f 3766//3766 3405//3405 3406//3406
f 3766//3766 3406//3406 3767//3767
f 3767//3767 3406//3406 3407//3407
f 3767//3767 3407//3407 3768//3768
f 3768//3768 3407//3407 3408//3408
f 3768//3768 3408//3408 3769//3769
f 3769//3769 3408//3408 3409//3409
f 3769//3769 3409//3409 3770//3770
f 3770//3770 3409//3409 3410//3410
f 3770//3770 3410//3410 3771//3771
f 3771//3771 3410//3410 3411//3411
f 3771//3771 3411//3411 3772//3772
f 3772//3772 3411//3411 3412//3412
f 3772//3772 3412//3412 3773//3773
f 3773//3773 3412//3412 3413//3413
f 3773//3773 3413//3413 3774//3774
f 3774//3774 3413//3413 3414//3414
f 3774//3774 3414//3414 3775//3775
f 3775//3775 3414//3414 3415//3415
f 3775//3775 3415//3415 3776//3776
f 3776//3776 3415//3415 3416//3416
f 3776//3776 3416//3416 3777//3777
f 3777//3777 3416//3416 3417//3417
f 3777//3777 3417//3417 3778//3778
f 3778//3778 3417//3417 3418//3418
f 3778//3778 3418//3418 3779//3779
f 3779//3779 3418//3418 3419//3419
f 3779//3779 3419//3419 3780//3780
f 3780//3780 3419//3419 3420//3420
f 3780//3780 3420//3420 3781//3781
f 3781//3781 3420//3420 3421//3421
f 3781//3781 3421//3421 3782//3782
f 3782//3782 3421//3421 3422//3422
f 3782//3782 3422//3422 3783//3783
f 3783//3783 3422//3422 3423//3423
f 3783//3783 3423//3423 3784//3784
f 3784//3784 3423//3423 3424//3424
f 3784//3784 3424//3424 3785//3785
f 3785//3785 3424//3424 3425//3425
f 3785//3785 3425//3425 3786//3786
f 3786//3786 3425//3425 3426//3426
f 3786//3786 3426//3426 3787//3787
f 3787//3787 3426//3426 3427//3427
f 3787//3787 3427//3427 3788//3788
f 3788//3788 3427//3427 3428//3428
f 3788//3788 3428//3428 3789//3789
f 3789//3789 3428//3428 3429//3429
f 3789//3789 3429//3429 3790//3790
f 3790//3790 3429//3429 3430//3430
f 3790//3790 3430//3430 3791//3791
f 3791//3791 3430//3430 3431//3431
f 3791//3791 3431//3431 3792//3792
f 3792//3792 3431//3431 3432//3432
f 3792//3792 3432//3432 3793//3793
f 3793//3793 3432//3432 3433//3433
f 3793//3793 3433//3433 3794//3794
f 3794//3794 3433//3433 3434//3434
f 3794//3794 3434//3434 3795//3795
f 3795//3795 3434//3434 3435//3435
f 3795//3795 3435//3435 3796//3796
f 3796//3796 3435//3435 3436//3436
f 3796//3796 3436//3436 3797//3797
f 3797//3797 3436//3436 3437//3437
f 3797//3797 3437//3437 3798//3798
f 3798//3798 3437//3437 3438//3438
f 3798//3798 3438//3438 3799//3799
f 3799//3799 3438//3438 3439//3439
f 3799//3799 3439//3439 3800//3800
f 3800//3800 3439//3439 3440//3440
f 3800//3800 3440//3440 3801//3801
f 3801//3801 3440//3440 3441//3441
f 3801//3801 3441//3441 3802//3802
f 3802//3802 3441//3441 3442//3442
f 3802//3802 3442//3442 3803//3803
f 3803//3803 3442//3442 3443//3443
f 3803//3803 3443//3443 3804//3804
f 3804//3804 3443//3443 3444//3444
f 3804//3804 3444//3444 3805//3805
f 3805//3805 3444//3444 3445//3445
f 3805//3805 3445//3445 3806//3806
f 3806//3806 3445//3445 3446//3446
f 3806//3806 3446//3446 3807//3807
f 3807//3807 3446//3446 3447//3447
f 3807//3807 3447//3447 3808//3808
f 3808//3808 3447//3447 3448//3448
f 3808//3808 3448//3448 3809//3809
f 3809//3809 3448//3448 3449//3449
f 3809//3809 3449//3449 3810//3810
f 3810//3810 3449//3449 3450//3450
f 3810//3810 3450//3450 3811//3811
f 3811//3811 3450//3450 3451//3451
f 3811//3811 3451//3451 3812//3812
f 3812//3812 3451//3451 3452//3452
f 3812//3812 3452//3452 3813//3813
f 3813//3813 3452//3452 3453//3453
f 3813//3813 3453//3453 3814//3814
f 3814//3814 3453//3453 3454//3454
f 3814//3814 3454//3454 3815//3815
f 3815//3815 3454//3454 3455//3455
f 3815//3815 3455//3455 3816//3816
f 3816//3816 3455//3455 3456//3456
f 3816//3816 3456//3456 3817//3817
f 3817//3817 3456//3456 3457//3457
f 3817//3817 3457//3457 3818//3818
f 3818//3818 3457//3457 3458//3458
f 3818//3818 3458//3458 3819//3819
f 3819//3819 3458//3458 3459//3459
f 3819//3819 3459//3459 3820//3820
f 3820//3820 3459//3459 3460//3460
f 3820//3820 3460//3460 3821//3821
f 3821//3821 3460//3460 3461//3461
f 3821//3821 3461//3461 3822//3822
f 3822//3822 3461//3461 3462//3462
f 3822//3822 3462//3462 3823//3823
f 3823//3823 3462//3462 3463//3463
f 3823//3823 3463//3463 3824//3824
f 3824//3824 3463//3463 3464//3464
f 3824//3824 3464//3464 3825//3825
f 3825//3825 3464//3464 3465//3465
f 3825//3825 3465//3465 3826//3826
f 3826//3826 3465//3465 3466//3466
f 3826//3826 3466//3466 3827//3827
f 3827//3827 3466//3466 3467//3467
f 3827//3827 3467//3467 3828//3828
f 3828//3828 3467//3467 3468//3468
f 3828//3828 3468//3468 3829//3829
f 3829//3829 3468//3468 3469//3469
f 3829//3829 3469//3469 3830//3830
f 3830//3830 3469//3469 3470//3470
f 3830//3830 3470//3470 3831//3831
f 3831//3831 3470//3470 3471//3471
f 3831//3831 3471//3471 3832//3832
f 3832//3832 3471//3471 3472//3472
f 3832//3832 3472//3472 3833//3833
f 3833//3833 3472//3472 3473//3473
f 3833//3833 3473//3473 3834//3834
f 3834//3834 3473//3473 3474//3474
f 3834//3834 3474//3474 3835//3835
f 3835//3835 3474//3474 3475//3475
f 3835//3835 3475//3475 3836//3836
f 3836//3836 3475//3475 3476//3476
f 3836//3836 3476//3476 3837//3837
f 3837//3837 3476//3476 3477//3477
f 3837//3837 3477//3477 3838//3838
f 3838//3838 3477//3477 3478//3478
f 3838//3838 3478//3478 3839//3839
f 3839//3839 3478//3478 3479//3479
f 3839//3839 3479//3479 3840//3840
f 3840//3840 3479//3479 3480//3480
f 3840//3840 3480//3480 3841//3841
f 3841//3841 3480//3480 3481//3481
f 3841//3841 3481//3481 3842//3842
f 3842//3842 3481//3481 3482//3482
f 3842//3842 3482//3482 3843//3843
f 3843//3843 3482//3482 3483//3483
f 3843//3843 3483//3483 3844//3844
f 3844//3844 3483//3483 3484//3484
f 3844//3844 3484//3484 3845//3845
f 3845//3845 3484//3484 3485//3485
f 3845//3845 3485//3485 3846//3846
f 3846//3846 3485//3485 3486//3486
f 3846//3846 3486//3486 3847//3847
f 3847//3847 3486//3486 3487//3487
f 3847//3847 3487//3487 3848//3848
f 3848//3848 3487//3487 3488//3488
f 3848//3848 3488//3488 3849//3849
f 3849//3849 3488//3488 3489//3489
f 3849//3849 3489//3489 3850//3850
f 3850//3850 3489//3489 3490//3490
f 3850//3850 3490//3490 3851//3851
f 3851//3851 3490//3490 3491//3491
f 3851//3851 3491//3491 3852//3852
f 3852//3852 3491//3491 3492//3492
f 3852//3852 3492//3492 3853//3853
f 3853//3853 3492//3492 3493//3493
f 3853//3853 3493//3493 3854//3854
f 3854//3854 3493//3493 3494//3494
f 3854//3854 3494//3494 3855//3855
f 3855//3855 3494//3494 3495//3495
f 3855//3855 3495//3495 3856//3856
f 3856//3856 3495//3495 3496//3496
f 3856//3856 3496//3496 3857//3857
f 3857//3857 3496//3496 3497//3497
f 3857//3857 3497//3497 3858//3858
f 3858//3858 3497//3497 3498//3498
f 3858//3858 3498//3498 3859//3859
f 3859//3859 3498//3498 3499//3499
f 3859//3859 3499//3499 3860//3860
f 3860//3860 3499//3499 3500//3500
f 3860//3860 3500//3500 3861//3861
f 3861//3861 3500//3500 3501//3501
f 3861//3861 3501//3501 3862//3862
f 3862//3862 3501//3501 3502//3502
f 3862//3862 3502//3502 3863//3863
f 3863//3863 3502//3502 3503//3503
f 3863//3863 3503//3503 3864//3864
f 3864//3864 3503//3503 3504//3504
f 3864//3864 3504//3504 3865//3865
f 3865//3865 3504//3504 3505//3505
f 3865//3865 3505//3505 3866//3866
f 3866//3866 3505//3505 3506//3506
f 3866//3866 3506//3506 3867//3867
f 3867//3867 3506//3506 3507//3507
f 3867//3867 3507//3507 3868//3868
f 3868//3868 3507//3507 3508//3508
f 3868//3868 3508//3508 3869//3869
f 3869//3869 3508//3508 3509//3509
f 3869//3869 3509//3509 3870//3870
f 3870//3870 3509//3509 3510//3510
f 3870//3870 3510//3510 3871//3871
f 3871//3871 3510//3510 3511//3511
f 3871//3871 3511//3511 3872//3872
f 3872//3872 3511//3511 3512//3512
f 3872//3872 3512//3512 3873//3873
f 3873//3873 3512//3512 3513//3513
f 3873//3873 3513//3513 3874//3874
f 3874//3874 3513//3513 3514//3514
f 3874//3874 3514//3514 3875//3875
f 3875//3875 3514//3514 3515//3515
f 3875//3875 3515//3515 3876//3876
f 3876//3876 3515//3515 3516//3516
f 3876//3876 3516//3516 3877//3877
f 3877//3877 3516//3516 3517//3517
f 3877//3877 3517//3517 3878//3878
f 3878//3878 3517//3517 3518//3518
f 3878//3878 3518//3518 3879//3879
f 3879//3879 3518//3518 3519//3519
f 3879//3879 3519//3519 3880//3880
f 3880//3880 3519//3519 3520//3520
f 3880//3880 3520//3520 3881//3881
f 3881//3881 3520//3520 3521//3521
f 3881//3881 3521//3521 3882//3882
f 3882//3882 3521//3521 3522//3522
f 3882//3882 3522//3522 3883//3883
f 3883//3883 3522//3522 3523//3523
f 3883//3883 3523//3523 3884//3884
f 3884//3884 3523//3523 3524//3524
f 3884//3884 3524//3524 3885//3885
f 3885//3885 3524//3524 3525//3525
f 3885//3885 3525//3525 3886//3886
f 3886//3886 3525//3525 3526//3526
f 3886//3886 3526//3526 3887//3887
f 3887//3887 3526//3526 3527//3527
f 3887//3887 3527//3527 3888//3888
f 3888//3888 3527//3527 3528//3528
f 3888//3888 3528//3528 3889//3889
f 3889//3889 3528//3528 3529//3529
f 3889//3889 3529//3529 3890//3890
f 3890//3890 3529//3529 3530//3530
f 3890//3890 3530//3530 3891//3891
f 3891//3891 3530//3530 3531//3531
f 3891//3891 3531//3531 3892//3892
f 3892//3892 3531//3531 3532//3532
f 3892//3892 3532//3532 3893//3893
f 3893//3893 3532//3532 3533//3533
f 3893//3893 3533//3533 3894//3894
f 3894//3894 3533//3533 3534//3534
f 3894//3894 3534//3534 3895//3895
f 3895//3895 3534//3534 3535//3535
f 3895//3895 3535//3535 3896//3896
f 3896//3896 3535//3535 3536//3536
f 3896//3896 3536//3536 3897//3897
f 3897//3897 3536//3536 3537//3537
f 3897//3897 3537//3537 3898//3898
f 3898//3898 3537//3537 3538//3538
f 3898//3898 3538//3538 3899//3899
f 3899//3899 3538//3538 3539//3539
f 3899//3899 3539//3539 3900//3900
f 3900//3900 3539//3539 3540//3540
f 3900//3900 3540//3540 3901//3901
f 3901//3901 3540//3540 3541//3541
f 3901//3901 3541//3541 3902//3902
f 3902//3902 3541//3541 3542//3542
f 3902//3902 3542//3542 3903//3903
f 3903//3903 3542//3542 3543//3543
f 3903//3903 3543//3543 3904//3904
f 3904//3904 3543//3543 3544//3544
f 3904//3904 3544//3544 3905//3905
f 3905//3905 3544//3544 3545//3545
f 3905//3905 3545//3545 3906//3906
f 3906//3906 3545//3545 3546//3546
f 3906//3906 3546//3546 3907//3907
f 3907//3907 3546//3546 3547//3547
f 3907//3907 3547//3547 3908//3908
f 3908//3908 3547//3547 3548//3548
f 3908//3908 3548//3548 3909//3909
f 3909//3909 3548//3548 3549//3549
f 3909//3909 3549//3549 3910//3910
f 3910//3910 3549//3549 3550//3550
f 3910//3910 3550//3550 3911//3911
f 3911//3911 3550//3550 3551//3551
f 3911//3911 3551//3551 3912//3912
f 3912//3912 3551//3551 3552//3552
f 3912//3912 3552//3552 3913//3913
f 3913//3913 3552//3552 3553//3553
f 3913//3913 3553//3553 3914//3914
f 3914//3914 3553//3553 3554//3554
f 3914//3914 3554//3554 3915//3915
f 3915//3915 3554//3554 3555//3555
f 3915//3915 3555//3555 3916//3916
f 3916//3916 3555//3555 3556//3556
f 3916//3916 3556//3556 3917//3917
f 3917//3917 3556//3556 3557//3557
f 3917//3917 3557//3557 3918//3918
f 3918//3918 3557//3557 3558//3558
f 3918//3918 3558//3558 3919//3919
f 3919//3919 3558//3558 3559//3559
f 3919//3919 3559//3559 3920//3920
f 3920//3920 3559//3559 3560//3560
f 3920//3920 3560//3560 3921//3921
f 3921//3921 3560//3560 3561//3561
f 3921//3921 3561//3561 3922//3922
f 3922//3922 3561//3561 3562//3562
f 3922//3922 3562//3562 3923//3923
f 3923//3923 3562//3562 3563//3563
f 3923//3923 3563//3563 3924//3924
f 3924//3924 3563//3563 3564//3564
f 3924//3924 3564//3564 3925//3925
f 3925//3925 3564//3564 3565//3565
f 3925//3925 3565//3565 3926//3926
f 3926//3926 3565//3565 3566//3566
f 3926//3926 3566//3566 3927//3927
f 3927//3927 3566//3566 3567//3567
f 3927//3927 3567//3567 3928//3928
f 3928//3928 3567//3567 3568//3568
f 3928//3928 3568//3568 3929//3929
f 3929//3929 3568//3568 3569//3569
f 3929//3929 3569//3569 3930//3930
f 3930//3930 3569//3569 3570//3570
f 3930//3930 3570//3570 3931//3931
f 3931//3931 3570//3570 3571//3571
f 3931//3931 3571//3571 3932//3932
f 3932//3932 3571//3571 3572//3572
f 3932//3932 3572//3572 3933//3933
f 3933//3933 3572//3572 3573//3573
f 3933//3933 3573//3573 3934//3934
f 3934//3934 3573//3573 3574//3574
f 3934//3934 3574//3574 3935//3935
f 3935//3935 3574//3574 3575//3575
f 3935//3935 3575//3575 3936//3936
f 3936//3936 3575//3575 3576//3576
f 3936//3936 3576//3576 3937//3937
f 3937//3937 3576//3576 3577//3577
f 3937//3937 3577//3577 3938//3938
f 3938//3938 3577//3577 3578//3578
f 3938//3938 3578//3578 3939//3939
f 3939//3939 3578//3578 3579//3579
f 3939//3939 3579//3579 3940//3940
f 3940//3940 3579//3579 3580//3580
f 3940//3940 3580//3580 3941//3941
f 3941//3941 3580//3580 3581//3581
f 3941//3941 3581//3581 3942//3942
f 3942//3942 3581//3581 3582//3582
f 3942//3942 3582//3582 3943//3943
f 3943//3943 3582//3582 3583//3583
f 3943//3943 3583//3583 3944//3944
f 3944//3944 3583//3583 3584//3584
f 3944//3944 3584//3584 3945//3945
f 3945//3945 3584//3584 3585//3585
f 3945//3945 3585//3585 3946//3946
f 3946//3946 3585//3585 3586//3586
f 3946//3946 3586//3586 3947//3947
f 3947//3947 3586//3586 3587//3587
f 3947//3947 3587//3587 3948//3948
f 3948//3948 3587//3587 3588//3588
f 3948//3948 3588//3588 3949//3949
f 3949//3949 3588//3588 3589//3589
f 3949//3949 3589//3589 3950//3950
f 3950//3950 3589//3589 3590//3590
f 3950//3950 3590//3590 3951//3951
f 3951//3951 3590//3590 3591//3591
f 3951//3951 3591//3591 3952//3952
f 3952//3952 3591//3591 3592//3592
f 3952//3952 3592//3592 3953//3953
f 3953//3953 3592//3592 3593//3593
f 3953//3953 3593//3593 3954//3954
f 3954//3954 3593//3593 3594//3594
f 3954//3954 3594//3594 3955//3955
f 3955//3955 3594//3594 3595//3595
f 3955//3955 3595//3595 3956//3956
f 3956//3956 3595//3595 3596//3596
f 3956//3956 3596//3596 3957//3957
f 3957//3957 3596//3596 3597//3597
f 3957//3957 3597//3597 3958//3958
f 3958//3958 3597//3597 3598//3598
f 3958//3958 3598//3598 3959//3959
f 3959//3959 3598//3598 3599//3599
f 3959//3959 3599//3599 3960//3960
f 3960//3960 3599//3599 3600//3600
f 3961//3961 3601//3601 3962//3962
f 3962//3962 3601//3601 3602//3602
f 3962//3962 3602//3602 3963//3963
f 3963//3963 3602//3602 3603//3603
f 3963//3963 3603//3603 3964//3964
f 3964//3964 3603//3603 3604//3604
f 3964//3964 3604//3604 3965//3965
f 3965//3965 3604//3604 3605//3605
f 3965//3965 3605//3605 3966//3966
f 3966//3966 3605//3605 3606//3606
f 3966//3966 3606//3606 3967//3967
f 3967//3967 3606//3606 3607//3607
f 3967//3967 3607//3607 3968//3968
f 3968//3968 3607//3607 3608//3608
f 3968//3968 3608//3608 3969//3969
f 3969//3969 3608//3608 3609//3609
f 3969//3969 3609//3609 3970//3970
f 3970//3970 3609//3609 3610//3610
f 3970//3970 3610//3610 3971//3971
f 3971//3971 3610//3610 3611//3611
f 3971//3971 3611//3611 3972//3972
f 3972//3972 3611//3611 3612//3612
f 3972//3972 3612//3612 3973//3973
f 3973//3973 3612//3612 3613//3613
f 3973//3973 3613//3613 3974//3974
f 3974//3974 3613//3613 3614//3614
f 3974//3974 3614//3614 3975//3975
f 3975//3975 3614//3614 3615//3615
f 3975//3975 3615//3615 3976//3976
f 3976//3976 3615//3615 3616//3616
f 3976//3976 3616//3616 3977//3977
f 3977//3977 3616//3616 3617//3617
f 3977//3977 3617//3617 3978//3978
f 3978//3978 3617//3617 3618//3618
f 3978//3978 3618//3618 3979//3979
f 3979//3979 3618//3618 3619//3619
f 3979//3979 3619//3619 3980//3980
f 3980//3980 3619//3619 3620//3620
f 3980//3980 3620//3620 3981//3981
f 3981//3981 3620//3620 3621//3621
f 3981//3981 3621//3621 3982//3982
f 3982//3982 3621//3621 3622//3622
f 3982//3982 3622//3622 3983//3983
f 3983//3983 3622//3622 3623//3623
f 3983//3983 3623//3623 3984//3984
f 3984//3984 3623//3623 3624//3624
f 3984//3984 3624//3624 3985//3985
f 3985//3985 3624//3624 3625//3625
f 3985//3985 3625//3625 3986//3986
f 3986//3986 3625//3625 3626//3626
f 3986//3986 3626//3626 3987//3987
f 3987//3987 3626//3626 3627//3627
f 3987//3987 3627//3627 3988//3988
f 3988//3988 3627//3627 3628//3628
f 3988//3988 3628//3628 3989//3989
f 3989//3989 3628//3628 3629//3629
f 3989//3989 3629//3629 3990//3990
f 3990//3990 3629//3629 3630//3630
f 3990//3990 3630//3630 3991//3991
f 3991//3991 3630//3630 3631//3631
f 3991//3991 3631//3631 3992//3992
f 3992//3992 3631//3631 3632//3632
f 3992//3992 3632//3632 3993//3993
f 3993//3993 3632//3632 3633//3633
f 3993//3993 3633//3633 3994//3994
f 3994//3994 3633//3633 3634//3634
f 3994//3994 3634//3634 3995//3995
f 3995//3995 3634//3634 3635//3635
f 3995//3995 3635//3635 3996//3996
f 3996//3996 3635//3635 3636//3636
f 3996//3996 3636//3636 3997//3997
f 3997//3997 3636//3636 3637//3637
f 3997//3997 3637//3637 3998//3998
f 3998//3998 3637//3637 3638//3638
f 3998//3998 3638//3638 3999//3999
f 3999//3999 3638//3638 3639//3639
f 3999//3999 3639//3639 4000//4000
f 4000//4000 3639//3639 3640//3640
f 4000//4000 3640//3640 4001//4001
f 4001//4001 3640//3640 3641//3641
f 4001//4001 3641//3641 4002//4002
f 4002//4002 3641//3641 3642//3642
f 4002//4002 3642//3642 4003//4003
f 4003//4003 3642//3642 3643//3643
f 4003//4003 3643//3643 4004//4004
f 4004//4004 3643//3643 3644//3644
f 4004//4004 3644//3644 4005//4005
f 4005//4005 3644//3644 3645//3645
f 4005//4005 3645//3645 4006//4006
f 4006//4006 3645//3645 3646//3646
f 4006//4006 3646//3646 4007//4007
f 4007//4007 3646//3646 3647//3647
f 4007//4007 3647//3647 4008//4008
f 4008//4008 3647//3647 3648//3648
f 4008//4008 3648//3648 4009//4009
f 4009//4009 3648//3648 3649//3649
f 4009//4009 3649//3649 4010//4010
f 4010//4010 3649//3649 3650//3650
f 4010//4010 3650//3650 4011//4011
f 4011//4011 3650//3650 3651//3651
f 4011//4011 3651//3651 4012//4012
f 4012//4012 3651//3651 3652//3652
f 4012//4012 3652//3652 4013//4013
f 4013//4013 3652//3652 3653//3653
f 4013//4013 3653//3653 4014//4014
f 4014//4014 3653//3653 3654//3654
f 4014//4014 3654//3654 4015//4015
f 4015//4015 3654//3654 3655//3655
f 4015//4015 3655//3655 4016//4016
f 4016//4016 3655//3655 3656//3656
f 4016//4016 3656//3656 4017//4017
f 4017//4017 3656//3656 3657//3657
f 4017//4017 3657//3657 4018//4018
f 4018//4018 3657//3657 3658//3658
f 4018//4018 3658//3658 4019//4019
f 4019//4019 3658//3658 3659//3659
f 4019//4019 3659//3659 4020//4020
f 4020//4020 3659//3659 3660//3660
f 4020//4020 3660//3660 4021//4021
f 4021//4021 3660//3660 3661//3661
f 4021//4021 3661//3661 4022//4022
f 4022//4022 3661//3661 3662//3662
f 4022//4022 3662//3662 4023//4023
f 4023//4023 3662//3662 3663//3663
f 4023//4023 3663//3663 4024//4024
f 4024//4024 3663//3663 3664//3664
f 4024//4024 3664//3664 4025//4025
f 4025//4025 3664//3664 3665//3665
f 4025//4025 3665//3665 4026//4026
f 4026//4026 3665//3665 3666//3666
f 4026//4026 3666//3666 4027//4027
f 4027//4027 3666//3666 3667//3667
f 4027//4027 3667//3667 4028//4028
f 4028//4028 3667//3667 3668//3668
f 4028//4028 3668//3668 4029//4029
f 4029//4029 3668//3668 3669//3669
f 4029//4029 3669//3669 4030//4030
f 4030//4030 3669//3669 3670//3670
f 4030//4030 3670//3670 4031//4031
f 4031//4031 3670//3670 3671//3671
f 4031//4031 3671//3671 4032//4032
f 4032//4032 3671//3671 3672//3672
f 4032//4032 3672//3672 4033//4033
f 4033//4033 3672//3672 3673//3673
f 4033//4033 3673//3673 4034//4034
f 4034//4034 3673//3673 3674//3674
f 4034//4034 3674//3674 4035//4035
f 4035//4035 3674//3674 3675//3675
f 4035//4035 3675//3675 4036//4036
f 4036//4036 3675//3675 3676//3676
f 4036//4036 3676//3676 4037//4037
f 4037//4037 3676//3676 3677//3677
f 4037//4037 3677//3677 4038//4038
f 4038//4038 3677//3677 3678//3678
f 4038//4038 3678//3678 4039//4039
f 4039//4039 3678//3678 3679//3679
f 4039//4039 3679//3679 4040//4040
f 4040//4040 3679//3679 3680//3680
f 4040//4040 3680//3680 4041//4041
f 4041//4041 3680//3680 3681//3681
f 4041//4041 3681//3681 4042//4042
f 4042//4042 3681//3681 3682//3682
f 4042//4042 3682//3682 4043//4043
f 4043//4043 3682//3682 3683//3683
f 4043//4043 3683//3683 4044//4044
f 4044//4044 3683//3683 3684//3684
f 4044//4044 3684//3684 4045//4045
f 4045//4045 3684//3684 3685//3685
f 4045//4045 3685//3685 4046//4046
f 4046//4046 3685//3685 3686//3686
f 4046//4046 3686//3686 4047//4047
f 4047//4047 3686//3686 3687//3687
f 4047//4047 3687//3687 4048//4048
f 4048//4048 3687//3687 3688//3688
f 4048//4048 3688//3688 4049//4049
f 4049//4049 3688//3688 3689//3689
f 4049//4049 3689//3689 4050//4050
f 4050//4050 3689//3689 3690//3690
f 4050//4050 3690//3690 4051//4051
f 4051//4051 3690//3690 3691//3691
f 4051//4051 3691//3691 4052//4052
f 4052//4052 3691//3691 3692//3692
f 4052//4052 3692//3692 4053//4053
f 4053//4053 3692//3692 3693//3693
f 4053//4053 3693//3693 4054//4054
f 4054//4054 3693//3693 3694//3694
f 4054//4054 3694//3694 4055//4055
f 4055//4055 3694//3694 3695//3695
f 4055//4055 3695//3695 4056//4056
f 4056//4056 3695//3695 3696//3696
f 4056//4056 3696//3696 4057//4057
f 4057//4057 3696//3696 3697//3697
f 4057//4057 3697//3697 4058//4058
f 4058//4058 3697//3697 3698//3698
f 4058//4058 3698//3698 4059//4059
f 4059//4059 3698//3698 3699//3699
f 4059//4059 3699//3699 4060//4060
f 4060//4060 3699//3699 3700//3700
f 4060//4060 3700//3700 4061//4061
f 4061//4061 3700//3700 3701//3701
f 4061//4061 3701//3701 4062//4062
f 4062//4062 3701//3701 3702//3702
f 4062//4062 3702//3702 4063//4063
f 4063//4063 3702//3702 3703//3703
f 4063//4063 3703//3703 4064//4064
f 4064//4064 3703//3703 3704//3704
f 4064//4064 3704//3704 4065//4065
f 4065//4065 3704//3704 3705//3705
f 4065//4065 3705//3705 4066//4066
f 4066//4066 3705//3705 3706//3706
f 4066//4066 3706//3706 4067//4067
f 4067//4067 3706//3706 3707//3707
f 4067//4067 3707//3707 4068//4068
f 4068//4068 3707//3707 3708//3708
f 4068//4068 3708//3708 4069//4069
f 4069//4069 3708//3708 3709//3709
f 4069//4069 3709//3709 4070//4070
f 4070//4070 3709//3709 3710//3710
f 4070//4070 3710//3710 4071//4071
f 4071//4071 3710//3710 3711//3711
f 4071//4071 3711//3711 4072//4072
f 4072//4072 3711//3711 3712//3712
f 4072//4072 3712//3712 4073//4073
f 4073//4073 3712//3712 3713//3713
f 4073//4073 3713//3713 4074//4074
f 4074//4074 3713//3713 3714//3714
f 4074//4074 3714//3714 4075//4075
f 4075//4075 3714//3714 3715//3715
f 4075//4075 3715//3715 4076//4076
f 4076//4076 3715//3715 3716//3716
f 4076//4076 3716//3716 4077//4077
f 4077//4077 3716//3716 3717//3717
f 4077//4077 3717//3717 4078//4078
f 4078//4078 3717//3717 3718//3718
f 4078//4078 3718//3718 4079//4079
f 4079//4079 3718//3718 3719//3719
f 4079//4079 3719//3719 4080//4080
f 4080//4080 3719//3719 3720//3720
f 4080//4080 3720//3720 4081//4081
f 4081//4081 3720//3720 3721//3721
f 4081//4081 3721//3721 4082//4082
f 4082//4082 3721//3721 3722//3722
f 4082//4082 3722//3722 4083//4083
f 4083//4083 3722//3722 3723//3723
f 4083//4083 3723//3723 4084//4084
f 4084//4084 3723//3723 3724//3724
f 4084//4084 3724//3724 4085//4085
f 4085//4085 3724//3724 3725//3725
f 4085//4085 3725//3725 4086//4086
f 4086//4086 3725//3725 3726//3726
f 4086//4086 3726//3726 4087//4087
f 4087//4087 3726//3726 3727//3727
f 4087//4087 3727//3727 4088//4088
f 4088//4088 3727//3727 3728//3728
f 4088//4088 3728//3728 4089//4089
f 4089//4089 3728//3728 3729//3729
f 4089//4089 3729//3729 4090//4090
f 4090//4090 3729//3729 3730//3730
f 4090//4090 3730//3730 4091//4091
f 4091//4091 3730//3730 3731//3731
f 4091//4091 3731//3731 4092//4092
f 4092//4092 3731//3731 3732//3732
f 4092//4092 3732//3732 4093//4093
f 4093//4093 3732//3732 3733//3733
f 4093//4093 3733//3733 4094//4094
f 4094//4094 3733//3733 3734//3734
f 4094//4094 3734//3734 4095//4095
f 4095//4095 3734//3734 3735//3735
f 4095//4095 3735//3735 4096//4096
f 4096//4096 3735//3735 3736//3736
f 4096//4096 3736//3736 4097//4097
f 4097//4097 3736//3736 3737//3737
f 4097//4097 3737//3737 4098//4098
f 4098//4098 3737//3737 3738//3738
f 4098//4098 3738//3738 4099//4099
f 4099//4099 3738//3738 3739//3739
f 4099//4099 3739//3739 4100//4100
f 4100//4100 3739//3739 3740//3740
f 4100//4100 3740//3740 4101//4101
f 4101//4101 3740//3740 3741//3741
f 4101//4101 3741//3741 4102//4102
f 4102//4102 3741//3741 3742//3742
f 4102//4102 3742//3742 4103//4103
f 4103//4103 3742//3742 3743//3743
f 4103//4103 3743//3743 4104//4104
f 4104//4104 3743//3743 3744//3744
f 4104//4104 3744//3744 4105//4105
f 4105//4105 3744//3744 3745//3745
f 4105//4105 3745//3745 4106//4106
f 4106//4106 3745//3745 3746//3746
f 4106//4106 3746//3746 4107//4107
f 4107//4107 3746//3746 3747//3747
f 4107//4107 3747//3747 4108//4108
f 4108//4108 3747//3747 3748//3748
f 4108//4108 3748//3748 4109//4109
f 4109//4109 3748//3748 3749//3749
f 4109//4109 3749//3749 4110//4110
f 4110//4110 3749//3749 3750//3750
f 4110//4110 3750//3750 4111//4111
f 4111//4111 3750//3750 3751//3751
f 4111//4111 3751//3751 4112//4112
f 4112//4112 3751//3751 3752//3752
f 4112//4112 3752//3752 4113//4113
f 4113//4113 3752//3752 3753//3753
f 4113//4113 3753//3753 4114//4114
f 4114//4114 3753//3753 3754//3754
f 4114//4114 3754//3754 4115//4115
f 4115//4115 3754//3754 3755//3755
f 4115//4115 3755//3755 4116//4116
f 4116//4116 3755//3755 3756//3756
f 4116//4116 3756//3756 4117//4117
f 4117//4117 3756//3756 3757//3757
f 4117//4117 3757//3757 4118//4118
f 4118//4118 3757//3757 3758//3758
f 4118//4118 3758//3758 4119//4119
f 4119//4119 3758//3758 3759//3759
f 4119//4119 3759//3759 4120//4120
f 4120//4120 3759//3759 3760//3760
f 4120//4120 3760//3760 4121//4121
f 4121//4121 3760//3760 3761//3761
f 4121//4121 3761//3761 4122//4122
f 4122//4122 3761//3761 3762//3762
f 4122//4122 3762//3762 4123//4123
f 4123//4123 3762//3762 3763//3763
f 4123//4123 3763//3763 4124//4124
f 4124//4124 3763//3763 3764//3764
f 4124//4124 3764//3764 4125//4125
f 4125//4125 3764//3764 3765//3765
f 4125//4125 3765//3765 4126//4126
f 4126//4126 3765//3765 3766//3766
f 4126//4126 3766//3766 4127//4127
f 4127//4127 3766//3766 3767//3767
f 4127//4127 3767//3767 4128//4128
f 4128//4128 3767//3767 3768//3768
f 4128//4128 3768//3768 4129//4129
f 4129//4129 3768//3768 3769//3769
f 4129//4129 3769//3769 4130//4130
f 4130//4130 3769//3769 3770//3770
f 4130//4130 3770//3770 4131//4131
f 4131//4131 3770//3770 3771//3771
f 4131//4131 3771//3771 4132//4132
f 4132//4132 3771//3771 3772//3772
f 4132//4132 3772//3772 4133//4133
f 4133//4133 3772//3772 3773//3773
f 4133//4133 3773//3773 4134//4134
f 4134//4134 3773//3773 3774//3774
f 4134//4134 3774//3774 4135//4135
f 4135//4135 3774//3774 3775//3775
f 4135//4135 3775//3775 4136//4136
f 4136//4136 3775//3775 3776//3776
f 4136//4136 3776//3776 4137//4137
f 4137//4137 3776//3776 3777//3777
f 4137//4137 3777//3777 4138//4138
f 4138//4138 3777//3777 3778//3778
f 4138//4138 3778//3778 4139//4139
f 4139//4139 3778//3778 3779//3779
f 4139//4139 3779//3779 4140//4140
f 4140//4140 3779//3779 3780//3780
f 4140//4140 3780//3780 4141//4141
f 4141//4141 3780//3780 3781//3781
f 4141//4141 3781//3781 4142//4142
f 4142//4142 3781//3781 3782//3782
f 4142//4142 3782//3782 4143//4143
f 4143//4143 3782//3782 3783//3783
f 4143//4143 3783//3783 4144//4144
f 4144//4144 3783//3783 3784//3784
f 4144//4144 3784//3784 4145//4145
f 4145//4145 3784//3784 3785//3785
f 4145//4145 3785//3785 4146//4146
f 4146//4146 3785//3785 3786//3786
f 4146//4146 3786//3786 4147//4147
f 4147//4147 3786//3786 3787//3787
f 4147//4147 3787//3787 4148//4148
f 4148//4148 3787//3787 3788//3788
f 4148//4148 3788//3788 4149//4149
f 4149//4149 3788//3788 3789//3789
f 4149//4149 3789//3789 4150//4150
f 4150//4150 3789//3789 3790//3790
f 4150//4150 3790//3790 4151//4151
f 4151//4151 3790//3790 3791//3791
f 4151//4151 3791//3791 4152//4152
f 4152//4152 3791//3791 3792//3792
f 4152//4152 3792//3792 4153//4153
f 4153//4153 3792//3792 3793//3793
f 4153//4153 3793//3793 4154//4154
f 4154//4154 3793//3793 3794//3794
f 4154//4154 3794//3794 4155//4155
f 4155//4155 3794//3794 3795//3795
f 4155//4155 3795//3795 4156//4156
f 4156//4156 3795//3795 3796//3796
f 4156//4156 3796//3796 4157//4157
f 4157//4157 3796//3796 3797//3797
f 4157//4157 3797//3797 4158//4158
f 4158//4158 3797//3797 3798//3798
f 4158//4158 3798//3798 4159//4159
f 4159//4159 3798//3798 3799//3799
f 4159//4159 3799//3799 4160//4160
f 4160//4160 3799//3799 3800//3800
f 4160//4160 3800//3800 4161//4161
f 4161//4161 3800//3800 3801//3801
f 4161//4161 3801//3801 4162//4162
f 4162//4162 3801//3801 3802//3802
f 4162//4162 3802//3802 4163//4163
f 4163//4163 3802//3802 3803//3803
f 4163//4163 3803//3803 4164//4164
f 4164//4164 3803//3803 3804//3804
f 4164//4164 3804//3804 4165//4165
f 4165//4165 3804//3804 3805//3805
f 4165//4165 3805//3805 4166//4166
f 4166//4166 3805//3805 3806//3806
f 4166//4166 3806//3806 4167//4167
f 4167//4167 3806//3806 3807//3807
f 4167//4167 3807//3807 4168//4168
f 4168//4168 3807//3807 3808//3808
f 4168//4168 3808//3808 4169//4169
f 4169//4169 3808//3808 3809//3809
f 4169//4169 3809//3809 4170//4170
f 4170//4170 3809//3809 3810//3810
f 4170//4170 3810//3810 4171//4171
f 4171//4171 3810//3810 3811//3811
f 4171//4171 3811//3811 4172//4172
f 4172//4172 3811//3811 3812//3812
f 4172//4172 3812//3812 4173//4173
f 4173//4173 3812//3812 3813//3813
f 4173//4173 3813//3813 4174//4174
f 4174//4174 3813//3813 3814//3814
f 4174//4174 3814//3814 4175//4175
f 4175//4175 3814//3814 3815//3815
f 4175//4175 3815//3815 4176//4176
f 4176//4176 3815//3815 3816//3816
f 4176//4176 3816//3816 4177//4177
f 4177//4177 3816//3816 3817//3817
f 4177//4177 3817//3817 4178//4178
f 4178//4178 3817//3817 3818//3818
f 4178//4178 3818//3818 4179//4179
f 4179//4179 3818//3818 3819//3819
f 4179//4179 3819//3819 4180//4180
f 4180//4180 3819//3819 3820//3820
f 4180//4180 3820//3820 4181//4181
f 4181//4181 3820//3820 3821//3821
f 4181//4181 3821//3821 4182//4182
f 4182//4182 3821//3821 3822//3822
f 4182//4182 3822//3822 4183//4183
f 4183//4183 3822//3822 3823//3823
f 4183//4183 3823//3823 4184//4184
f 4184//4184 3823//3823 3824//3824
f 4184//4184 3824//3824 4185//4185
f 4185//4185 3824//3824 3825//3825
f 4185//4185 3825//3825 4186//4186
f 4186//4186 3825//3825 3826//3826
f 4186//4186 3826//3826 4187//4187
f 4187//4187 3826//3826 3827//3827
f 4187//4187 3827//3827 4188//4188
f 4188//4188 3827//3827 3828//3828
f 4188//4188 3828//3828 4189//4189
f 4189//4189 3828//3828 3829//3829
f 4189//4189 3829//3829 4190//4190
f 4190//4190 3829//3829 3830//3830
f 4190//4190 3830//3830 4191//4191
f 4191//4191 3830//3830 3831//3831
f 4191//4191 3831//3831 4192//4192
f 4192//4192 3831//3831 3832//3832
f 4192//4192 3832//3832 4193//4193
f 4193//4193 3832//3832 3833//3833
f 4193//4193 3833//3833 4194//4194
f 4194//4194 3833//3833 3834//3834
f 4194//4194 3834//3834 4195//4195
f 4195//4195 3834//3834 3835//3835
f 4195//4195 3835//3835 4196//4196
f 4196//4196 3835//3835 3836//3836
f 4196//4196 3836//3836 4197//4197
f 4197//4197 3836//3836 3837//3837
f 4197//4197 3837//3837 4198//4198
f 4198//4198 3837//3837 3838//3838
f 4198//4198 3838//3838 4199//4199
f 4199//4199 3838//3838 3839//3839
f 4199//4199 3839//3839 4200//4200
f 4200//4200 3839//3839 3840//3840
f 4200//4200 3840//3840 4201//4201
f 4201//4201 3840//3840 3841//3841
f 4201//4201 3841//3841 4202//4202
f 4202//4202 3841//3841 3842//3842
f 4202//4202 3842//3842 4203//4203
f 4203//4203 3842//3842 3843//3843
f 4203//4203 3843//3843 4204//4204
f 4204//4204 3843//3843 3844//3844
f 4204//4204 3844//3844 4205//4205
f 4205//4205 3844//3844 3845//3845
f 4205//4205 3845//3845 4206//4206
f 4206//4206 3845//3845 3846//3846
f 4206//4206 3846//3846 4207//4207
f 4207//4207 3846//3846 3847//3847
f 4207//4207 3847//3847 4208//4208
f 4208//4208 3847//3847 3848//3848
f 4208//4208 3848//3848 4209//4209
f 4209//4209 3848//3848 3849//3849
f 4209//4209 3849//3849 4210//4210
f 4210//4210 3849//3849 3850//3850
f 4210//4210 3850//3850 4211//4211
f 4211//4211 3850//3850 3851//3851
f 4211//4211 3851//3851 4212//4212
f 4212//4212 3851//3851 3852//3852
f 4212//4212 3852//3852 4213//4213
f 4213//4213 3852//3852 3853//3853
f 4213//4213 3853//3853 4214//4214
f 4214//4214 3853//3853 3854//3854
f 4214//4214 3854//3854 4215//4215
f 4215//4215 3854//3854 3855//3855
f 4215//4215 3855//3855 4216//4216
f 4216//4216 3855//3855 3856//3856
f 4216//4216 3856//3856 4217//4217
f 4217//4217 3856//3856 3857//3857
f 4217//4217 3857//3857 4218//4218
f 4218//4218 3857//3857 3858//3858
f 4218//4218 3858//3858 4219//4219
f 4219//4219 3858//3858 3859//3859
f 4219//4219 3859//3859 4220//4220
f 4220//4220 3859//3859 3860//3860
f 4220//4220 3860//3860 4221//4221
f 4221//4221 3860//3860 3861//3861
f 4221//4221 3861//3861 4222//4222
f 4222//4222 3861//3861 3862//3862
f 4222//4222 3862//3862 4223//4223
f 4223//4223 3862//3862 3863//3863
f 4223//4223 3863//3863 4224//4224
f 4224//4224 3863//3863 3864//3864
f 4224//4224 3864//3864 4225//4225
f 4225//4225 3864//3864 3865//3865
f 4225//4225 3865//3865 4226//4226
f 4226//4226 3865//3865 3866//3866
f 4226//4226 3866//3866 4227//4227
f 4227//4227 3866//3866 3867//3867
f 4227//4227 3867//3867 4228//4228
f 4228//4228 3867//3867 3868//3868
f 4228//4228 3868//3868 4229//4229
f 4229//4229 3868//3868 3869//3869
f 4229//4229 3869//3869 4230//4230
f 4230//4230 3869//3869 3870//3870
f 4230//4230 3870//3870 4231//4231
f 4231//4231 3870//3870 3871//3871
f 4231//4231 3871//3871 4232//4232
f 4232//4232 3871//3871 3872//3872
f 4232//4232 3872//3872 4233//4233
f 4233//4233 3872//3872 3873//3873
f 4233//4233 3873//3873 4234//4234
f 4234//4234 3873//3873 3874//3874
f 4234//4234 3874//3874 4235//4235
f 4235//4235 3874//3874 3875//3875
f 4235//4235 3875//3875 4236//4236
f 4236//4236 3875//3875 3876//3876
f 4236//4236 3876//3876 4237//4237
f 4237//4237 3876//3876 3877//3877
f 4237//4237 3877//3877 4238//4238
f 4238//4238 3877//3877 3878//3878
f 4238//4238 3878//3878 4239//4239
f 4239//4239 3878//3878 3879//3879
f 4239//4239 3879//3879 4240//4240
f 4240//4240 3879//3879 3880//3880
f 4240//4240 3880//3880 4241//4241
f 4241//4241 3880//3880 3881//3881
f 4241//4241 3881//3881 4242//4242
f 4242//4242 3881//3881 3882//3882
f 4242//4242 3882//3882 4243//4243
f 4243//4243 3882//3882 3883//3883
f 4243//4243 3883//3883 4244//4244
f 4244//4244 3883//3883 3884//3884
f 4244//4244 3884//3884 4245//4245
f 4245//4245 3884//3884 3885//3885
f 4245//4245 3885//3885 4246//4246
f 4246//4246 3885//3885 3886//3886
f 4246//4246 3886//3886 4247//4247
f 4247//4247 3886//3886 3887//3887
f 4247//4247 3887//3887 4248//4248
f 4248//4248 3887//3887 3888//3888
f 4248//4248 3888//3888 4249//4249
f 4249//4249 3888//3888 3889//3889
f 4249//4249 3889//3889 4250//4250
f 4250//4250 3889//3889 3890//3890
f 4250//4250 3890//3890 4251//4251
f 4251//4251 3890//3890 3891//3891
f 4251//4251 3891//3891 4252//4252
f 4252//4252 3891//3891 3892//3892
f 4252//4252 3892//3892 4253//4253
f 4253//4253 3892//3892 3893//3893
f 4253//4253 3893//3893 4254//4254
f 4254//4254 3893//3893 3894//3894
f 4254//4254 3894//3894 4255//4255
f 4255//4255 3894//3894 3895//3895
f 4255//4255 3895//3895 4256//4256
f 4256//4256 3895//3895 3896//3896
f 4256//4256 3896//3896 4257//4257
f 4257//4257 3896//3896 3897//3897
f 4257//4257 3897//3897 4258//4258
f 4258//4258 3897//3897 3898//3898
f 4258//4258 3898//3898 4259//4259
f 4259//4259 3898//3898 3899//3899
f 4259//4259 3899//3899 4260//4260
f 4260//4260 3899//3899 3900//3900
f 4260//4260 3900//3900 4261//4261
f 4261//4261 3900//3900 3901//3901
f 4261//4261 3901//3901 4262//4262
f 4262//4262 3901//3901 3902//3902
f 4262//4262 3902//3902 4263//4263
f 4263//4263 3902//3902 3903//3903
f 4263//4263 3903//3903 4264//4264
f 4264//4264 3903//3903 3904//3904
f 4264//4264 3904//3904 4265//4265
f 4265//4265 3904//3904 3905//3905
f 4265//4265 3905//3905 4266//4266
f 4266//4266 3905//3905 3906//3906
f 4266//4266 3906//3906 4267//4267
f 4267//4267 3906//3906 3907//3907
f 4267//4267 3907//3907 4268//4268
f 4268//4268 3907//3907 3908//3908
f 4268//4268 3908//3908 4269//4269
f 4269//4269 3908//3908 3909//3909
f 4269//4269 3909//3909 4270//4270
f 4270//4270 3909//3909 3910//3910
f 4270//4270 3910//3910 4271//4271
f 4271//4271 3910//3910 3911//3911
f 4271//4271 3911//3911 4272//4272
f 4272//4272 3911//3911 3912//3912
f 4272//4272 3912//3912 4273//4273
f 4273//4273 3912//3912 3913//3913
f 4273//4273 3913//3913 4274//4274
f 4274//4274 3913//3913 3914//3914
f 4274//4274 3914//3914 4275//4275
f 4275//4275 3914//3914 3915//3915
f 4275//4275 3915//3915 4276//4276
f 4276//4276 3915//3915 3916//3916
f 4276//4276 3916//3916 4277//4277
f 4277//4277 3916//3916 3917//3917
f 4277//4277 3917//3917 4278//4278
f 4278//4278 3917//3917 3918//3918
f 4278//4278 3918//3918 4279//4279
f 4279//4279 3918//3918 3919//3919
f 4279//4279 3919//3919 4280//4280
f 4280//4280 3919//3919 3920//3920
f 4280//4280 3920//3920 4281//4281
f 4281//4281 3920//3920 3921//3921
f 4281//4281 3921//3921 4282//4282
f 4282//4282 3921//3921 3922//3922
f 4282//4282 3922//3922 4283//4283
f 4283//4283 3922//3922 3923//3923
f 4283//4283 3923//3923 4284//4284
f 4284//4284 3923//3923 3924//3924
f 4284//4284 3924//3924 4285//4285
f 4285//4285 3924//3924 3925//3925
f 4285//4285 3925//3925 4286//4286
f 4286//4286 3925//3925 3926//3926
f 4286//4286 3926//3926 4287//4287
f 4287//4287 3926//3926 3927//3927
f 4287//4287 3927//3927 4288//4288
f 4288//4288 3927//3927 3928//3928
f 4288//4288 3928//3928 4289//4289
f 4289//4289 3928//3928 3929//3929
f 4289//4289 3929//3929 4290//4290
f 4290//4290 3929//3929 3930//3930
f 4290//4290 3930//3930 4291//4291
f 4291//4291 3930//3930 3931//3931
f 4291//4291 3931//3931 4292//4292
f 4292//4292 3931//3931 3932//3932
f 4292//4292 3932//3932 4293//4293
f 4293//4293 3932//3932 3933//3933
f 4293//4293 3933//3933 4294//4294
f 4294//4294 3933//3933 3934//3934
f 4294//4294 3934//3934 4295//4295
f 4295//4295 3934//3934 3935//3935
f 4295//4295 3935//3935 4296//4296
f 4296//4296 3935//3935 3936//3936
f 4296//4296 3936//3936 4297//4297
f 4297//4297 3936//3936 3937//3937
f 4297//4297 3937//3937 4298//4298
f 4298//4298 3937//3937 3938//3938
f 4298//4298 3938//3938 4299//4299
f 4299//4299 3938//3938 3939//3939
f 4299//4299 3939//3939 4300//4300
f 4300//4300 3939//3939 3940//3940
f 4300//4300 3940//3940 4301//4301
f 4301//4301 3940//3940 3941//3941
f 4301//4301 3941//3941 4302//4302
f 4302//4302 3941//3941 3942//3942
f 4302//4302 3942//3942 4303//4303
f 4303//4303 3942//3942 3943//3943
f 4303//4303 3943//3943 4304//4304
f 4304//4304 3943//3943 3944//3944
f 4304//4304 3944//3944 4305//4305
f 4305//4305 3944//3944 3945//3945
f 4305//4305 3945//3945 4306//4306
f 4306//4306 3945//3945 3946//3946
f 4306//4306 3946//3946 4307//4307
f 4307//4307 3946//3946 3947//3947
f 4307//4307 3947//3947 4308//4308
f 4308//4308 3947//3947 3948//3948
f 4308//4308 3948//3948 4309//4309
f 4309//4309 3948//3948 3949//3949
f 4309//4309 3949//3949 4310//4310
f 4310//4310 3949//3949 3950//3950
f 4310//4310 3950//3950 4311//4311
f 4311//4311 3950//3950 3951//3951
f 4311//4311 3951//3951 4312//4312
f 4312//4312 3951//3951 3952//3952
f 4312//4312 3952//3952 4313//4313
f 4313//4313 3952//3952 3953//3953
f 4313//4313 3953//3953 4314//4314
f 4314//4314 3953//3953 3954//3954
f 4314//4314 3954//3954 4315//4315
f 4315//4315 3954//3954 3955//3955
f 4315//4315 3955//3955 4316//4316
f 4316//4316 3955//3955 3956//3956
f 4316//4316 3956//3956 4317//4317
f 4317//4317 3956//3956 3957//3957
f 4317//4317 3957//3957 4318//4318
f 4318//4318 3957//3957 3958//3958
f 4318//4318 3958//3958 4319//4319
f 4319//4319 3958//3958 3959//3959
f 4319//4319 3959//3959 4320//4320
f 4320//4320 3959//3959 3960//3960
f 2//2 3961//3961 4//4
f 4//4 3961//3961 3962//3962
f 4//4 3962//3962 6//6
f 6//6 3962//3962 3963//3963
f 6//6 3963//3963 8//8
f 8//8 3963//3963 3964//3964
f 8//8 3964//3964 10//10
f 10//10 3964//3964 3965//3965
f 10//10 3965//3965 12//12
f 12//12 3965//3965 3966//3966
f 12//12 3966//3966 14//14
f 14//14 3966//3966 3967//3967
f 14//14 3967//3967 16//16
f 16//16 3967//3967 3968//3968
f 16//16 3968//3968 18//18
f 18//18 3968//3968 3969//3969
f 18//18 3969//3969 20//20
f 20//20 3969//3969 3970//3970
f 20//20 3970//3970 22//22
f 22//22 3970//3970 3971//3971
f 22//22 3971//3971 24//24
f 24//24 3971//3971 3972//3972
f 24//24 3972//3972 26//26
f 26//26 3972//3972 3973//3973
f 26//26 3973//3973 28//28
f 28//28 3973//3973 3974//3974
f 28//28 3974//3974 30//30
f 30//30 3974//3974 3975//3975
f 30//30 3975//3975 32//32
f 32//32 3975//3975 3976//3976
f 32//32 3976//3976 34//34
f 34//34 3976//3976 3977//3977
f 34//34 3977//3977 36//36
f 36//36 3977//3977 3978//3978
f 36//36 3978//3978 38//38
f 38//38 3978//3978 3979//3979
f 38//38 3979//3979 40//40
f 40//40 3979//3979 3980//3980
f 40//40 3980//3980 42//42
f 42//42 3980//3980 3981//3981
f 42//42 3981//3981 44//44
f 44//44 3981//3981 3982//3982
f 44//44 3982//3982 46//46
f 46//46 3982//3982 3983//3983
f 46//46 3983//3983 48//48
f 48//48 3983//3983 3984//3984
f 48//48 3984//3984 50//50
f 50//50 3984//3984 3985//3985
f 50//50 3985//3985 52//52
f 52//52 3985//3985 3986//3986
f 52//52 3986//3986 54//54
f 54//54 3986//3986 3987//3987
f 54//54 3987//3987 56//56
f 56//56 3987//3987 3988//3988
f 56//56 3988//3988 58//58
f 58//58 3988//3988 3989//3989
f 58//58 3989//3989 60//60
f 60//60 3989//3989 3990//3990
f 60//60 3990//3990 62//62
f 62//62 3990//3990 3991//3991
f 62//62 3991//3991 64//64
f 64//64 3991//3991 3992//3992
f 64//64 3992//3992 66//66
f 66//66 3992//3992 3993//3993
f 66//66 3993//3993 68//68
f 68//68 3993//3993 3994//3994
f 68//68 3994//3994 70//70
f 70//70 3994//3994 3995//3995
f 70//70 3995//3995 72//72
f 72//72 3995//3995 3996//3996
f 72//72 3996//3996 74//74
f 74//74 3996//3996 3997//3997
f 74//74 3997//3997 76//76
f 76//76 3997//3997 3998//3998
f 76//76 3998//3998 78//78
f 78//78 3998//3998 3999//3999
f 78//78 3999//3999 80//80
f 80//80 3999//3999 4000//4000
f 80//80 4000//4000 82//82
f 82//82 4000//4000 4001//4001
f 82//82 4001//4001 84//84
f 84//84 4001//4001 4002//4002
f 84//84 4002//4002 86//86
f 86//86 4002//4002 4003//4003
f 86//86 4003//4003 88//88
f 88//88 4003//4003 4004//4004
f 88//88 4004//4004 90//90
f 90//90 4004//4004 4005//4005
f 90//90 4005//4005 92//92
f 92//92 4005//4005 4006//4006
f 92//92 4006//4006 94//94
f 94//94 4006//4006 4007//4007
f 94//94 4007//4007 96//96
f 96//96 4007//4007 4008//4008
f 96//96 4008//4008 98//98
f 98//98 4008//4008 4009//4009
f 98//98 4009//4009 100//100
f 100//100 4009//4009 4010//4010
f 100//100 4010//4010 102//102
f 102//102 4010//4010 4011//4011
f 102//102 4011//4011 104//104
f 104//104 4011//4011 4012//4012
f 104//104 4012//4012 106//106
f 106//106 4012//4012 4013//4013
f 106//106 4013//4013 108//108
f 108//108 4013//4013 4014//4014
f 108//108 4014//4014 110//110
f 110//110 4014//4014 4015//4015
f 110//110 4015//4015 112//112
f 112//112 4015//4015 4016//4016
f 112//112 4016//4016 114//114
f 114//114 4016//4016 4017//4017
f 114//114 4017//4017 116//116
f 116//116 4017//4017 4018//4018
f 116//116 4018//4018 118//118
f 118//118 4018//4018 4019//4019
f 118//118 4019//4019 120//120
f 120//120 4019//4019 4020//4020
f 120//120 4020//4020 122//122
f 122//122 4020//4020 4021//4021
f 122//122 4021//4021 124//124
f 124//124 4021//4021 4022//4022
f 124//124 4022//4022 126//126
f 126//126 4022//4022 4023//4023
f 126//126 4023//4023 128//128
f 128//128 4023//4023 4024//4024
f 128//128 4024//4024 130//130
f 130//130 4024//4024 4025//4025
f 130//130 4025//4025 132//132
f 132//132 4025//4025 4026//4026
f 132//132 4026//4026 134//134
f 134//134 4026//4026 4027//4027
f 134//134 4027//4027 136//136
f 136//136 4027//4027 4028//4028
f 136//136 4028//4028 138//138
f 138//138 4028//4028 4029//4029
f 138//138 4029//4029 140//140
f 140//140 4029//4029 4030//4030
f 140//140 4030//4030 142//142
f 142//142 4030//4030 4031//4031
f 142//142 4031//4031 144//144
f 144//144 4031//4031 4032//4032
f 144//144 4032//4032 146//146
f 146//146 4032//4032 4033//4033
f 146//146 4033//4033 148//148
f 148//148 4033//4033 4034//4034
f 148//148 4034//4034 150//150
f 150//150 4034//4034 4035//4035
f 150//150 4035//4035 152//152
f 152//152 4035//4035 4036//4036
f 152//152 4036//4036 154//154
f 154//154 4036//4036 4037//4037
f 154//154 4037//4037 156//156
f 156//156 4037//4037 4038//4038
f 156//156 4038//4038 158//158
f 158//158 4038//4038 4039//4039
f 158//158 4039//4039 160//160
f 160//160 4039//4039 4040//4040
f 160//160 4040//4040 162//162
f 162//162 4040//4040 4041//4041
f 162//162 4041//4041 164//164
f 164//164 4041//4041 4042//4042
f 164//164 4042//4042 166//166
f 166//166 4042//4042 4043//4043
f 166//166 4043//4043 168//168
f 168//168 4043//4043 4044//4044
f 168//168 4044//4044 170//170
f 170//170 4044//4044 4045//4045
f 170//170 4045//4045 172//172
f 172//172 4045//4045 4046//4046
f 172//172 4046//4046 174//174
f 174//174 4046//4046 4047//4047
f 174//174 4047//4047 176//176
f 176//176 4047//4047 4048//4048
f 176//176 4048//4048 178//178
f 178//178 4048//4048 4049//4049
f 178//178 4049//4049 180//180
f 180//180 4049//4049 4050//4050
f 180//180 4050//4050 182//182
f 182//182 4050//4050 4051//4051
f 182//182 4051//4051 184//184
f 184//184 4051//4051 4052//4052
f 184//184 4052//4052 186//186
f 186//186 4052//4052 4053//4053
f 186//186 4053//4053 188//188
f 188//188 4053//4053 4054//4054
f 188//188 4054//4054 190//190
f 190//190 4054//4054 4055//4055
f 190//190 4055//4055 192//192
f 192//192 4055//4055 4056//4056
f 192//192 4056//4056 194//194
f 194//194 4056//4056 4057//4057
f 194//194 4057//4057 196//196
f 196//196 4057//4057 4058//4058
f 196//196 4058//4058 198//198
f 198//198 4058//4058 4059//4059
f 198//198 4059//4059 200//200
f 200//200 4059//4059 4060//4060
f 200//200 4060//4060 202//202
f 202//202 4060//4060 4061//4061
f 202//202 4061//4061 204//204
f 204//204 4061//4061 4062//4062
f 204//204 4062//4062 206//206
f 206//206 4062//4062 4063//4063
f 206//206 4063//4063 208//208
f 208//208 4063//4063 4064//4064
f 208//208 4064//4064 210//210
f 210//210 4064//4064 4065//4065
f 210//210 4065//4065 212//212
f 212//212 4065//4065 4066//4066
f 212//212 4066//4066 214//214
f 214//214 4066//4066 4067//4067
f 214//214 4067//4067 216//216
f 216//216 4067//4067 4068//4068
f 216//216 4068//4068 218//218
f 218//218 4068//4068 4069//4069
f 218//218 4069//4069 220//220
f 220//220 4069//4069 4070//4070
f 220//220 4070//4070 222//222
f 222//222 4070//4070 4071//4071
f 222//222 4071//4071 224//224
f 224//224 4071//4071 4072//4072
f 224//224 4072//4072 226//226
f 226//226 4072//4072 4073//4073
f 226//226 4073//4073 228//228
f 228//228 4073//4073 4074//4074
f 228//228 4074//4074 230//230
f 230//230 4074//4074 4075//4075
f 230//230 4075//4075 232//232
f 232//232 4075//4075 4076//4076
f 232//232 4076//4076 234//234
f 234//234 4076//4076 4077//4077
f 234//234 4077//4077 236//236
f 236//236 4077//4077 4078//4078
f 236//236 4078//4078 238//238
f 238//238 4078//4078 4079//4079
f 238//238 4079//4079 240//240
f 240//240 4079//4079 4080//4080
f 240//240 4080//4080 242//242
f 242//242 4080//4080 4081//4081
f 242//242 4081//4081 244//244
f 244//244 4081//4081 4082//4082
f 244//244 4082//4082 246//246
f 246//246 4082//4082 4083//4083
f 246//246 4083//4083 248//248
f 248//248 4083//4083 4084//4084
f 248//248 4084//4084 250//250
f 250//250 4084//4084 4085//4085
f 250//250 4085//4085 252//252
f 252//252 4085//4085 4086//4086
f 252//252 4086//4086 254//254
f 254//254 4086//4086 4087//4087
f 254//254 4087//4087 256//256
f 256//256 4087//4087 4088//4088
f 256//256 4088//4088 258//258
f 258//258 4088//4088 4089//4089
f 258//258 4089//4089 260//260
f 260//260 4089//4089 4090//4090
f 260//260 4090//4090 262//262
f 262//262 4090//4090 4091//4091
f 262//262 4091//4091 264//264
f 264//264 4091//4091 4092//4092
f 264//264 4092//4092 266//266
f 266//266 4092//4092 4093//4093
f 266//266 4093//4093 268//268
f 268//268 4093//4093 4094//4094
f 268//268 4094//4094 270//270
f 270//270 4094//4094 4095//4095
f 270//270 4095//4095 272//272
f 272//272 4095//4095 4096//4096
f 272//272 4096//4096 274//274
f 274//274 4096//4096 4097//4097
f 274//274 4097//4097 276//276
f 276//276 4097//4097 4098//4098
f 276//276 4098//4098 278//278
f 278//278 4098//4098 4099//4099
f 278//278 4099//4099 280//280
f 280//280 4099//4099 4100//4100
f 280//280 4100//4100 282//282
f 282//282 4100//4100 4101//4101
f 282//282 4101//4101 284//284
f 284//284 4101//4101 4102//4102
f 284//284 4102//4102 286//286
f 286//286 4102//4102 4103//4103
f 286//286 4103//4103 288//288
f 288//288 4103//4103 4104//4104
f 288//288 4104//4104 290//290
f 290//290 4104//4104 4105//4105
f 290//290 4105//4105 292//292
f 292//292 4105//4105 4106//4106
f 292//292 4106//4106 294//294
f 294//294 4106//4106 4107//4107
f 294//294 4107//4107 296//296
f 296//296 4107//4107 4108//4108
f 296//296 4108//4108 298//298
f 298//298 4108//4108 4109//4109
f 298//298 4109//4109 300//300
f 300//300 4109//4109 4110//4110
f 300//300 4110//4110 302//302
f 302//302 4110//4110 4111//4111
f 302//302 4111//4111 304//304
f 304//304 4111//4111 4112//4112
f 304//304 4112//4112 306//306
f 306//306 4112//4112 4113//4113
f 306//306 4113//4113 308//308
f 308//308 4113//4113 4114//4114
f 308//308 4114//4114 310//310
f 310//310 4114//4114 4115//4115
f 310//310 4115//4115 312//312
f 312//312 4115//4115 4116//4116
f 312//312 4116//4116 314//314
f 314//314 4116//4116 4117//4117
f 314//314 4117//4117 316//316
f 316//316 4117//4117 4118//4118
f 316//316 4118//4118 318//318
f 318//318 4118//4118 4119//4119
f 318//318 4119//4119 320//320
f 320//320 4119//4119 4120//4120
f 320//320 4120//4120 322//322
f 322//322 4120//4120 4121//4121
f 322//322 4121//4121 324//324
f 324//324 4121//4121 4122//4122
f 324//324 4122//4122 326//326
f 326//326 4122//4122 4123//4123
f 326//326 4123//4123 328//328
f 328//328 4123//4123 4124//4124
f 328//328 4124//4124 330//330
f 330//330 4124//4124 4125//4125
f 330//330 4125//4125 332//332
f 332//332 4125//4125 4126//4126
f 332//332 4126//4126 334//334
f 334//334 4126//4126 4127//4127
f 334//334 4127//4127 336//336
f 336//336 4127//4127 4128//4128
f 336//336 4128//4128 338//338
f 338//338 4128//4128 4129//4129
f 338//338 4129//4129 340//340
f 340//340 4129//4129 4130//4130
f 340//340 4130//4130 342//342
f 342//342 4130//4130 4131//4131
f 342//342 4131//4131 344//344
f 344//344 4131//4131 4132//4132
f 344//344 4132//4132 346//346
f 346//346 4132//4132 4133//4133
f 346//346 4133//4133 348//348
f 348//348 4133//4133 4134//4134
f 348//348 4134//4134 350//350
f 350//350 4134//4134 4135//4135
f 350//350 4135//4135 352//352
f 352//352 4135//4135 4136//4136
f 352//352 4136//4136 354//354
f 354//354 4136//4136 4137//4137
f 354//354 4137//4137 356//356
f 356//356 4137//4137 4138//4138
f 356//356 4138//4138 358//358
f 358//358 4138//4138 4139//4139
f 358//358 4139//4139 360//360
f 360//360 4139//4139 4140//4140
f 360//360 4140//4140 362//362
f 362//362 4140//4140 4141//4141
f 362//362 4141//4141 364//364
f 364//364 4141//4141 4142//4142
f 364//364 4142//4142 366//366
f 366//366 4142//4142 4143//4143
f 366//366 4143//4143 368//368
f 368//368 4143//4143 4144//4144
f 368//368 4144//4144 370//370
f 370//370 4144//4144 4145//4145
f 370//370 4145//4145 372//372
f 372//372 4145//4145 4146//4146
f 372//372 4146//4146 374//374
f 374//374 4146//4146 4147//4147
f 374//374 4147//4147 376//376
f 376//376 4147//4147 4148//4148
f 376//376 4148//4148 378//378
f 378//378 4148//4148 4149//4149
f 378//378 4149//4149 380//380
f 380//380 4149//4149 4150//4150
f 380//380 4150//4150 382//382
f 382//382 4150//4150 4151//4151
f 382//382 4151//4151 384//384
f 384//384 4151//4151 4152//4152
f 384//384 4152//4152 386//386
f 386//386 4152//4152 4153//4153
f 386//386 4153//4153 388//388
f 388//388 4153//4153 4154//4154
f 388//388 4154//4154 390//390
f 390//390 4154//4154 4155//4155
f 390//390 4155//4155 392//392
f 392//392 4155//4155 4156//4156
f 392//392 4156//4156 394//394
f 394//394 4156//4156 4157//4157
f 394//394 4157//4157 396//396
f 396//396 4157//4157 4158//4158
f 396//396 4158//4158 398//398
f 398//398 4158//4158 4159//4159
f 398//398 4159//4159 400//400
f 400//400 4159//4159 4160//4160
f 400//400 4160//4160 402//402
f 402//402 4160//4160 4161//4161
f 402//402 4161//4161 404//404
f 404//404 4161//4161 4162//4162
f 404//404 4162//4162 406//406
f 406//406 4162//4162 4163//4163
f 406//406 4163//4163 408//408
f 408//408 4163//4163 4164//4164
f 408//408 4164//4164 410//410
f 410//410 4164//4164 4165//4165
f 410//410 4165//4165 412//412
f 412//412 4165//4165 4166//4166
f 412//412 4166//4166 414//414
f 414//414 4166//4166 4167//4167
f 414//414 4167//4167 416//416
f 416//416 4167//4167 4168//4168
f 416//416 4168//4168 418//418
f 418//418 4168//4168 4169//4169
f 418//418 4169//4169 420//420
f 420//420 4169//4169 4170//4170
f 420//420 4170//4170 422//422
f 422//422 4170//4170 4171//4171
f 422//422 4171//4171 424//424
f 424//424 4171//4171 4172//4172
f 424//424 4172//4172 426//426
f 426//426 4172//4172 4173//4173
f 426//426 4173//4173 428//428
f 428//428 4173//4173 4174//4174
f 428//428 4174//4174 430//430
f 430//430 4174//4174 4175//4175
f 430//430 4175//4175 432//432
f 432//432 4175//4175 4176//4176
f 432//432 4176//4176 434//434
f 434//434 4176//4176 4177//4177
f 434//434 4177//4177 436//436
f 436//436 4177//4177 4178//4178
f 436//436 4178//4178 438//438
f 438//438 4178//4178 4179//4179
f 438//438 4179//4179 440//440
f 440//440 4179//4179 4180//4180
f 440//440 4180//4180 442//442
f 442//442 4180//4180 4181//4181
f 442//442 4181//4181 444//444
f 444//444 4181//4181 4182//4182
f 444//444 4182//4182 446//446
f 446//446 4182//4182 4183//4183
f 446//446 4183//4183 448//448
f 448//448 4183//4183 4184//4184
f 448//448 4184//4184 450//450
f 450//450 4184//4184 4185//4185
f 450//450 4185//4185 452//452
f 452//452 4185//4185 4186//4186
f 452//452 4186//4186 454//454
f 454//454 4186//4186 4187//4187
f 454//454 4187//4187 456//456
f 456//456 4187//4187 4188//4188
f 456//456 4188//4188 458//458
f 458//458 4188//4188 4189//4189
f 458//458 4189//4189 460//460
f 460//460 4189//4189 4190//4190
f 460//460 4190//4190 462//462
f 462//462 4190//4190 4191//4191
f 462//462 4191//4191 464//464
f 464//464 4191//4191 4192//4192
f 464//464 4192//4192 466//466
f 466//466 4192//4192 4193//4193
f 466//466 4193//4193 468//468
f 468//468 4193//4193 4194//4194
f 468//468 4194//4194 470//470
f 470//470 4194//4194 4195//4195
f 470//470 4195//4195 472//472
f 472//472 4195//4195 4196//4196
f 472//472 4196//4196 474//474
f 474//474 4196//4196 4197//4197
f 474//474 4197//4197 476//476
f 476//476 4197//4197 4198//4198
f 476//476 4198//4198 478//478
f 478//478 4198//4198 4199//4199
f 478//478 4199//4199 480//480
f 480//480 4199//4199 4200//4200
f 480//480 4200//4200 482//482
f 482//482 4200//4200 4201//4201
f 482//482 4201//4201 484//484
f 484//484 4201//4201 4202//4202
f 484//484 4202//4202 486//486
f 486//486 4202//4202 4203//4203
f 486//486 4203//4203 488//488
f 488//488 4203//4203 4204//4204
f 488//488 4204//4204 490//490
f 490//490 4204//4204 4205//4205
f 490//490 4205//4205 492//492
f 492//492 4205//4205 4206//4206
f 492//492 4206//4206 494//494
f 494//494 4206//4206 4207//4207
f 494//494 4207//4207 496//496
f 496//496 4207//4207 4208//4208
f 496//496 4208//4208 498//498
f 498//498 4208//4208 4209//4209
f 498//498 4209//4209 500//500
f 500//500 4209//4209 4210//4210
f 500//500 4210//4210 502//502
f 502//502 4210//4210 4211//4211
f 502//502 4211//4211 504//504
f 504//504 4211//4211 4212//4212
f 504//504 4212//4212 506//506
f 506//506 4212//4212 4213//4213
f 506//506 4213//4213 508//508
f 508//508 4213//4213 4214//4214
f 508//508 4214//4214 510//510
f 510//510 4214//4214 4215//4215
f 510//510 4215//4215 512//512
f 512//512 4215//4215 4216//4216
f 512//512 4216//4216 514//514
f 514//514 4216//4216 4217//4217
f 514//514 4217//4217 516//516
f 516//516 4217//4217 4218//4218
f 516//516 4218//4218 518//518
f 518//518 4218//4218 4219//4219
f 518//518 4219//4219 520//520
f 520//520 4219//4219 4220//4220
f 520//520 4220//4220 522//522
f 522//522 4220//4220 4221//4221
f 522//522 4221//4221 524//524
f 524//524 4221//4221 4222//4222
f 524//524 4222//4222 526//526
f 526//526 4222//4222 4223//4223
f 526//526 4223//4223 528//528
f 528//528 4223//4223 4224//4224
f 528//528 4224//4224 530//530
f 530//530 4224//4224 4225//4225
f 530//530 4225//4225 532//532
f 532//532 4225//4225 4226//4226
f 532//532 4226//4226 534//534
f 534//534 4226//4226 4227//4227
f 534//534 4227//4227 536//536
f 536//536 4227//4227 4228//4228
f 536//536 4228//4228 538//538
f 538//538 4228//4228 4229//4229
f 538//538 4229//4229 540//540
f 540//540 4229//4229 4230//4230
f 540//540 4230//4230 542//542
f 542//542 4230//4230 4231//4231
f 542//542 4231//4231 544//544
f 544//544 4231//4231 4232//4232
f 544//544 4232//4232 546//546
f 546//546 4232//4232 4233//4233
f 546//546 4233//4233 548//548
f 548//548 4233//4233 4234//4234
f 548//548 4234//4234 550//550
f 550//550 4234//4234 4235//4235
f 550//550 4235//4235 552//552
f 552//552 4235//4235 4236//4236
f 552//552 4236//4236 554//554
f 554//554 4236//4236 4237//4237
f 554//554 4237//4237 556//556
f 556//556 4237//4237 4238//4238
f 556//556 4238//4238 558//558
f 558//558 4238//4238 4239//4239
f 558//558 4239//4239 560//560
f 560//560 4239//4239 4240//4240
f 560//560 4240//4240 562//562
f 562//562 4240//4240 4241//4241
f 562//562 4241//4241 564//564
f 564//564 4241//4241 4242//4242
f 564//564 4242//4242 566//566
f 566//566 4242//4242 4243//4243
f 566//566 4243//4243 568//568
f 568//568 4243//4243 4244//4244
f 568//568 4244//4244 570//570
f 570//570 4244//4244 4245//4245
f 570//570 4245//4245 572//572
f 572//572 4245//4245 4246//4246
f 572//572 4246//4246 574//574
f 574//574 4246//4246 4247//4247
f 574//574 4247//4247 576//576
f 576//576 4247//4247 4248//4248
f 576//576 4248//4248 578//578
f 578//578 4248//4248 4249//4249
f 578//578 4249//4249 580//580
f 580//580 4249//4249 4250//4250
f 580//580 4250//4250 582//582
f 582//582 4250//4250 4251//4251
f 582//582 4251//4251 584//584
f 584//584 4251//4251 4252//4252
f 584//584 4252//4252 586//586
f 586//586 4252//4252 4253//4253
f 586//586 4253//4253 588//588
f 588//588 4253//4253 4254//4254
f 588//588 4254//4254 590//590
f 590//590 4254//4254 4255//4255
f 590//590 4255//4255 592//592
f 592//592 4255//4255 4256//4256
f 592//592 4256//4256 594//594
f 594//594 4256//4256 4257//4257
f 594//594 4257//4257 596//596
f 596//596 4257//4257 4258//4258
f 596//596 4258//4258 598//598
f 598//598 4258//4258 4259//4259
f 598//598 4259//4259 600//600
f 600//600 4259//4259 4260//4260
f 600//600 4260//4260 602//602
f 602//602 4260//4260 4261//4261
f 602//602 4261//4261 604//604
f 604//604 4261//4261 4262//4262
f 604//604 4262//4262 606//606
f 606//606 4262//4262 4263//4263
f 606//606 4263//4263 608//608
f 608//608 4263//4263 4264//4264
f 608//608 4264//4264 610//610
f 610//610 4264//4264 4265//4265
f 610//610 4265//4265 612//612
f 612//612 4265//4265 4266//4266
f 612//612 4266//4266 614//614
f 614//614 4266//4266 4267//4267
f 614//614 4267//4267 616//616
f 616//616 4267//4267 4268//4268
f 616//616 4268//4268 618//618
f 618//618 4268//4268 4269//4269
f 618//618 4269//4269 620//620
f 620//620 4269//4269 4270//4270
f 620//620 4270//4270 622//622
f 622//622 4270//4270 4271//4271
f 622//622 4271//4271 624//624
f 624//624 4271//4271 4272//4272
f 624//624 4272//4272 626//626
f 626//626 4272//4272 4273//4273
f 626//626 4273//4273 628//628
f 628//628 4273//4273 4274//4274
f 628//628 4274//4274 630//630
f 630//630 4274//4274 4275//4275
f 630//630 4275//4275 632//632
f 632//632 4275//4275 4276//4276
f 632//632 4276//4276 634//634
f 634//634 4276//4276 4277//4277
f 634//634 4277//4277 636//636
f 636//636 4277//4277 4278//4278
f 636//636 4278//4278 638//638
f 638//638 4278//4278 4279//4279
f 638//638 4279//4279 640//640
f 640//640 4279//4279 4280//4280
f 640//640 4280//4280 642//642
f 642//642 4280//4280 4281//4281
f 642//642 4281//4281 644//644
f 644//644 4281//4281 4282//4282
f 644//644 4282//4282 646//646
f 646//646 4282//4282 4283//4283
f 646//646 4283//4283 648//648
f 648//648 4283//4283 4284//4284
f 648//648 4284//4284 650//650
f 650//650 4284//4284 4285//4285
f 650//650 4285//4285 652//652
f 652//652 4285//4285 4286//4286
f 652//652 4286//4286 654//654
f 654//654 4286//4286 4287//4287
f 654//654 4287//4287 656//656
f 656//656 4287//4287 4288//4288
f 656//656 4288//4288 658//658
f 658//658 4288//4288 4289//4289
f 658//658 4289//4289 660//660
f 660//660 4289//4289 4290//4290
f 660//660 4290//4290 662//662
f 662//662 4290//4290 4291//4291
f 662//662 4291//4291 664//664
f 664//664 4291//4291 4292//4292
f 664//664 4292//4292 666//666
f 666//666 4292//4292 4293//4293
f 666//666 4293//4293 668//668
f 668//668 4293//4293 4294//4294
f 668//668 4294//4294 670//670
f 670//670 4294//4294 4295//4295
f 670//670 4295//4295 672//672
f 672//672 4295//4295 4296//4296
f 672//672 4296//4296 674//674
f 674//674 4296//4296 4297//4297
f 674//674 4297//4297 676//676
f 676//676 4297//4297 4298//4298
f 676//676 4298//4298 678//678
f 678//678 4298//4298 4299//4299
f 678//678 4299//4299 680//680
f 680//680 4299//4299 4300//4300
f 680//680 4300//4300 682//682
f 682//682 4300//4300 4301//4301
f 682//682 4301//4301 684//684
f 684//684 4301//4301 4302//4302
f 684//684 4302//4302 686//686
f 686//686 4302//4302 4303//4303
f 686//686 4303//4303 688//688
f 688//688 4303//4303 4304//4304
f 688//688 4304//4304 690//690
f 690//690 4304//4304 4305//4305
f 690//690 4305//4305 692//692
f 692//692 4305//4305 4306//4306
f 692//692 4306//4306 694//694
f 694//694 4306//4306 4307//4307
f 694//694 4307//4307 696//696
f 696//696 4307//4307 4308//4308
f 696//696 4308//4308 698//698
f 698//698 4308//4308 4309//4309
f 698//698 4309//4309 700//700
f 700//700 4309//4309 4310//4310
f 700//700 4310//4310 702//702
f 702//702 4310//4310 4311//4311
f 702//702 4311//4311 704//704
f 704//704 4311//4311 4312//4312
f 704//704 4312//4312 706//706
f 706//706 4312//4312 4313//4313
f 706//706 4313//4313 708//708
f 708//708 4313//4313 4314//4314
f 708//708 4314//4314 710//710
f 710//710 4314//4314 4315//4315
f 710//710 4315//4315 712//712
f 712//712 4315//4315 4316//4316
f 712//712 4316//4316 714//714
f 714//714 4316//4316 4317//4317
f 714//714 4317//4317 716//716
f 716//716 4317//4317 4318//4318
f 716//716 4318//4318 718//718
f 718//718 4318//4318 4319//4319
f 718//718 4319//4319 720//720
f 720//720 4319//4319 4320//4320
f 2//2 1//1 3961//3961
f 3961//3961 1//1 721//721
f 3961//3961 721//721 3601//3601
f 3601//3601 721//721 1081//1081
f 3601//3601 1081//1081 3241//3241
f 3241//3241 1081//1081 1441//1441
f 3241//3241 1441//1441 2881//2881
f 2881//2881 1441//1441 1801//1801
f 2881//2881 1801//1801 2521//2521
f 2521//2521 1801//1801 2161//2161
f 720//720 4320//4320 719//719
f 719//719 4320//4320 3960//3960
f 719//719 3960//3960 1080//1080
f 1080//1080 3960//3960 3600//3600
f 1080//1080 3600//3600 1440//1440
f 1440//1440 3600//3600 3240//3240
f 1440//1440 3240//3240 1800//1800
f 1800//1800 3240//3240 2880//2880
f 1800//1800 2880//2880 2160//2160
f 2160//2160 2880//2880 2520//2520
