# Navegacao Renal 3D - centimetres, Y up
mtllib Kidney_Game_v003.mtl

o Stone
g Stone
usemtl MAT_StoneGold
s 1
v 2.0500000 1.0613029 0.2590064
v 2.0500000 1.0613029 0.7809936
v 2.0500000 0.7678945 0.7337512
v 1.9042059 1.1358998 0.5200000
v 1.9123993 0.6773573 0.5200000
v 2.2253801 1.1837710 0.5200000
v 2.2171868 0.6294861 0.5200000
v 2.0500000 0.7678945 0.3062488
v 2.3048596 0.9000000 0.6775119
v 1.8231018 0.9000000 0.6602308
v 1.8300803 0.9000000 0.3840822
v 2.3118381 0.9000000 0.3581751
v 2.1457555 1.1506913 0.3650643
v 1.9493796 1.1634277 0.3571928
v 2.0500000 1.1880180 0.5200000
v 1.9417299 1.1834549 0.6951848
v 2.1381058 1.1306640 0.6625582
v 2.0500000 0.9000000 0.8200929
v 1.9123463 0.9850746 0.7427283
v 1.8908515 0.8016408 0.7775076
v 2.1913820 0.9873789 0.7487608
v 2.2128768 0.7993366 0.7835402
v 2.0500000 0.9000000 0.2199071
v 2.1808502 0.9808699 0.3082799
v 2.2023451 0.8058456 0.2735005
v 1.9018146 0.9915836 0.2802310
v 1.8803198 0.7951319 0.2454517
v 2.1321955 0.6848094 0.6529951
v 1.9476402 0.6320184 0.6856217
v 2.0500000 0.5460180 0.5200000
v 1.9552899 0.6520457 0.3667558
v 2.1398452 0.6647821 0.3746274
v 1.7632980 1.0771915 0.6295104
v 1.7678427 1.0743828 0.4122255
v 1.8058802 0.9000000 0.5200000
v 1.8148273 0.7546553 0.4301720
v 1.8102826 0.7518465 0.6115639
v 2.3282022 1.0719384 0.4137362
v 2.3236575 1.0691297 0.6245279
v 2.3639518 0.9000000 0.5200000
v 2.2766730 0.7599084 0.6065814
v 2.2812177 0.7570996 0.4316827
v 2.0883684 1.0771868 0.3337557
v 1.9991394 1.1348759 0.2731176
v 2.0500000 1.1557556 0.3619343
v 2.0016076 1.1832942 0.4416994
v 1.9118121 1.1696553 0.4454691
v 1.9472791 1.2324117 0.5200000
v 2.0909505 1.1397285 0.4537407
v 2.1444895 1.2057743 0.5200000
v 2.1906848 1.1745277 0.4441224
v 2.0019594 1.1218530 0.7531939
v 2.0911884 1.0902096 0.7199329
v 2.0500000 1.1557556 0.6780657
v 2.0917894 1.1446392 0.5876166
v 2.1997250 1.1921686 0.6007534
v 2.0024464 1.1783836 0.5969433
v 1.9208524 1.1520144 0.5896551
v 2.0500000 0.9958270 0.8301026
v 1.9819318 1.0262055 0.7662732
v 1.9788414 0.9439785 0.7774544
v 1.8747865 0.9000000 0.8035013
v 1.8259262 0.9461617 0.7331765
v 1.8530773 0.8594317 0.7073459
v 1.9723921 0.8520357 0.8007881
v 1.9761475 0.7630700 0.7872008
v 2.0500000 0.8244731 0.7644102
v 2.1122434 1.0154055 0.7451986
v 2.1263659 0.9471967 0.7962945
v 2.1328152 0.8488174 0.8196282
v 2.1180276 0.7738699 0.7661262
v 2.1926774 0.9000000 0.7508569
v 2.2489496 0.8590141 0.7092742
v 2.2761007 0.9465793 0.7351048
v 2.0500000 0.9958270 0.2098974
v 2.1128071 1.0164508 0.2927618
v 2.1334501 0.9515750 0.2180747
v 2.1911947 0.9000000 0.2915421
v 2.2549272 0.9422173 0.3250389
v 2.2277762 0.8633761 0.3508696
v 2.1398994 0.8444391 0.1947411
v 2.1185913 0.7728247 0.2718342
v 2.0500000 0.8244731 0.2755898
v 1.9824955 1.0251602 0.2757664
v 1.9859255 0.9396002 0.2881764
v 1.9794763 0.8564139 0.2648427
v 1.9767113 0.7641152 0.2548388
v 1.8733039 0.9000000 0.2340997
v 1.8319038 0.8550697 0.3125104
v 1.8047528 0.9505237 0.2866798
v 2.0903760 0.7135423 0.7159892
v 2.0027719 0.6818989 0.7492502
v 2.0500000 0.6140139 0.6967491
v 2.0000511 0.6075940 0.6008190
v 1.9364858 0.6784921 0.5812233
v 1.9600788 0.6090088 0.5200000
v 2.0941847 0.6413384 0.5914923
v 2.1316898 0.6356463 0.5200000
v 2.1840916 0.6383379 0.5923216
v 1.9999519 0.6688761 0.2770613
v 2.0875560 0.7265651 0.3376994
v 2.0500000 0.6140139 0.3432509
v 2.0933458 0.6462490 0.4498650
v 2.1750514 0.6559788 0.4525542
v 1.9992123 0.6026834 0.4378237
v 1.9274455 0.6608512 0.4539009
v 1.8725886 1.0864804 0.5584171
v 1.8491648 1.1111016 0.4765107
v 1.7806009 1.0664978 0.5200000
v 1.7682974 0.9778607 0.4718795
v 1.7905000 0.9717240 0.3870163
v 1.7778394 0.9000000 0.4358977
v 1.7721229 0.9768033 0.5674671
v 1.7774819 0.9000000 0.6042127
v 1.7773340 0.9753630 0.6597307
v 1.8513082 0.6911513 0.4769748
v 1.8747320 0.7157725 0.5579529
v 1.8194016 0.7574824 0.5200000
v 1.7814051 0.8257622 0.5658815
v 1.8174810 0.8357333 0.6391569
v 1.7775796 0.8247049 0.4734650
v 1.8306470 0.8393723 0.4075901
v 2.2612096 1.1220064 0.4742642
v 2.2846334 1.1466276 0.5708081
v 2.2971627 1.0527550 0.5200000
v 2.3605689 0.9858391 0.5730515
v 2.3306455 0.9775685 0.6638199
v 2.3904962 0.9000000 0.6252191
v 2.3567434 0.9847818 0.4676020
v 2.3908537 0.9000000 0.4146704
v 2.3438115 0.9812075 0.3694330
v 2.2824900 0.6556254 0.5703439
v 2.2590662 0.6802466 0.4747283
v 2.2583619 0.7712252 0.5200000
v 2.3474613 0.8177837 0.4691875
v 2.3036645 0.8298889 0.3900068
v 2.3512868 0.8167264 0.5714659
v 2.2904985 0.8335279 0.6432461
v 1.9424282 1.0486606 0.6940549
v 1.8823871 1.0962446 0.6412858
v 1.8399809 1.0297989 0.6993777
v 2.1818256 1.0821785 0.7332983
v 2.2724852 1.0375034 0.7100251
v 2.2356864 1.1174054 0.6543639
v 1.9256554 1.0718401 0.3188061
v 1.8357476 1.0324152 0.3370067
v 1.9058831 1.0687351 0.4157160
v 2.1650528 1.0589990 0.3338407
v 2.2591823 1.1449149 0.3686343
v 2.2682520 1.0348871 0.3335906
v 1.9088158 0.7048882 0.2915591
v 1.9062565 0.7317022 0.4159862
v 1.8721158 0.7900616 0.3680688
v 2.1818924 0.7177292 0.3065936
v 2.2318838 0.7875896 0.3646527
v 2.2588089 0.6555223 0.3689045
v 1.9255886 0.7280676 0.7213019
v 1.8763491 0.7926778 0.6683156
v 1.8827606 0.7041926 0.6410156
v 2.1986652 0.6945498 0.7605453
v 2.2353129 0.6830318 0.6540937
v 2.2361170 0.7849734 0.6789629
v 2.0696542 1.0693805 0.2973920
v 2.0276063 1.0929899 0.2663633
v 2.0500000 1.1094989 0.2997918
v 2.0237922 1.1582547 0.3079742
v 1.9684987 1.1677075 0.3002135
v 1.9960697 1.1823829 0.3454778
v 2.0724163 1.1208923 0.3386485
v 2.0958071 1.1398489 0.3717652
v 2.1125932 1.1056000 0.3512034
v 1.9742876 1.1798876 0.3974948
v 1.9359985 1.1528591 0.4093251
v 1.9464465 1.2031062 0.4362235
v 1.9194997 1.2217156 0.4777692
v 1.8975637 1.1684238 0.4847647
v 1.9146760 1.1919450 0.5200000
v 1.9690774 1.2324903 0.4763548
v 2.0006532 1.2193789 0.5200000
v 2.0265682 1.1888264 0.4820865
v 2.0710278 1.1591938 0.4859763
v 2.0947094 1.1893653 0.5200000
v 2.1157130 1.1699979 0.4845581
v 2.1641611 1.1814354 0.4830567
v 2.1910700 1.2043414 0.5200000
v 2.2048467 1.1726682 0.4842075
v 2.1406668 1.1653863 0.4466490
v 2.1749297 1.1770983 0.3987157
v 2.1196011 1.1572958 0.4073831
v 2.0265977 1.1595352 0.4064030
v 2.0500000 1.1401123 0.4536346
v 2.0716626 1.1402418 0.4148476
v 2.0280242 1.0893883 0.7689032
v 2.0700721 1.0729821 0.7473415
v 2.0500000 1.1094989 0.7402082
v 2.0729247 1.1259022 0.7054646
v 2.1157420 1.1159427 0.6972879
v 2.0940090 1.1304342 0.6624162
v 2.0243006 1.1532448 0.7279127
v 1.9942716 1.1917976 0.7003409
v 1.9716474 1.1573648 0.7312953
v 2.1132141 1.1336849 0.6222825
v 2.1628078 1.1502116 0.6295161
v 2.1445440 1.1767352 0.5964877
v 2.1783074 1.2163094 0.5615211
v 2.2243858 1.2070744 0.5603089
v 2.1223260 1.1971690 0.5590086
v 2.0718736 1.1696186 0.5553922
v 2.0274139 1.1784016 0.5565451
v 1.9756904 1.2053192 0.5600785
v 1.9336459 1.1868416 0.5576530
v 1.9171027 1.1340176 0.5507189
v 1.9503238 1.1917574 0.6006398
v 1.9238767 1.1797458 0.6424431
v 1.9679006 1.2034986 0.6528395
v 2.0708070 1.1307533 0.6209994
v 2.0500000 1.1401123 0.5863654
v 2.0257422 1.1690237 0.6377501
v 2.0500000 1.0333728 0.8077356
v 2.0143384 1.0542805 0.7916711
v 2.0124207 1.0161263 0.8062801
v 1.9806009 0.9857820 0.7710883
v 1.9555690 0.9972692 0.7357465
v 1.9449518 0.9649234 0.7600037
v 2.0120873 0.9702940 0.8088202
v 2.0133294 0.9226637 0.7993581
v 2.0500000 0.9487661 0.8356209
v 1.8886046 0.9498739 0.7811432
v 1.8563854 0.9717962 0.7558291
v 1.8438287 0.9254842 0.7711237
v 1.8356658 0.9000000 0.7239106
v 1.8236428 0.9199852 0.6922332
v 1.8404268 0.8814967 0.6794624
v 1.8498414 0.8752590 0.7638000
v 1.8670077 0.8321427 0.7428908
v 1.8770201 0.8465463 0.7998874
v 1.9208680 0.8201920 0.8150279
v 1.9292117 0.7755812 0.7959652
v 1.9724202 0.8041061 0.8006864
v 2.0172746 0.7988730 0.7693031
v 2.0185918 0.7641205 0.7592689
v 2.0500000 0.7960561 0.7442463
v 2.0160897 0.8371268 0.7783299
v 2.0500000 0.8579450 0.7921858
v 2.0148979 0.8783057 0.7874089
v 1.9311117 0.9244923 0.7916241
v 1.9211834 0.8734623 0.8143074
v 1.9755827 0.9000000 0.7892444
v 2.0821980 1.0392964 0.7652857
v 2.0861139 1.0115980 0.7951166
v 2.0901287 0.9744027 0.8257019
v 2.0921191 0.9260311 0.8408651
v 2.1183894 0.9845339 0.7674351
v 2.1494885 0.9614873 0.7473016
v 2.1457652 0.9986436 0.7387949
v 2.0905506 0.8749383 0.8289159
v 2.0861263 0.8330181 0.7952117
v 2.0812600 0.8034013 0.7581397
v 2.0779447 0.7791046 0.7328836
v 2.1265701 0.8053542 0.7970332
v 2.1721226 0.7742068 0.7990136
v 2.1735723 0.8236281 0.8023258
v 2.2018805 0.8530664 0.7657478
v 2.2311800 0.8328148 0.7406833
v 2.2301671 0.8777301 0.7394497
v 2.2648101 0.9000000 0.7243633
v 2.2742404 0.8802017 0.6906225
v 2.2910244 0.9212802 0.7033933
v 2.2361798 0.9230131 0.7467733
v 2.2418023 0.9711242 0.7536217
v 2.1902959 0.9433538 0.7470036
v 2.1326049 0.9000000 0.8188672
v 2.1669376 0.8759095 0.7871673
v 2.1570092 0.9220451 0.7644840
v 2.0500000 1.0333728 0.2322644
v 2.0823310 1.0398716 0.2737014
v 2.0873362 1.0153753 0.2355712
v 2.1230205 0.9902582 0.2558095
v 2.1441685 0.9969989 0.3048532
v 2.1548922 0.9648269 0.2803527
v 2.0920618 0.9779870 0.1995714
v 2.0942998 0.9273788 0.1825227
v 2.0500000 0.9487661 0.2043791
v 2.1862239 0.9420955 0.2995852
v 2.2200556 0.9630601 0.3128665
v 2.2167665 0.9206135 0.3168727
v 2.2433165 0.9000000 0.3360850
v 2.2843576 0.9206916 0.3416794
v 2.2675736 0.8807903 0.3544502
v 2.2107538 0.8801297 0.3241964
v 2.2094333 0.8408789 0.3258049
v 2.1978084 0.8543247 0.2808410
v 2.1789760 0.8202885 0.2253285
v 2.1705259 0.7758515 0.2446345
v 2.1312012 0.7996298 0.2262114
v 2.0824824 0.7996240 0.2725482
v 2.0780776 0.7785294 0.3061035
v 2.0500000 0.7960561 0.2957537
v 2.0880595 0.8294339 0.2300617
v 2.0500000 0.8579450 0.2478142
v 2.0927313 0.8735906 0.1944719
v 2.1663222 0.9239637 0.2542385
v 2.1762506 0.8739909 0.2315551
v 2.1403868 0.9000000 0.1929776
v 2.0144714 1.0537052 0.2493418
v 2.0136431 1.0123489 0.2430320
v 2.0140204 0.9667098 0.2459065
v 2.0155100 0.9213160 0.2572541
v 1.9852320 0.9800577 0.2856671
v 1.9503554 0.9615837 0.2923420
v 1.9539723 0.9989140 0.3006055
v 2.0170786 0.8796534 0.2692033
v 2.0180228 0.8407110 0.2763967
v 2.0184970 0.8026503 0.2800090
v 2.0187247 0.7646958 0.2817440
v 1.9770513 0.8098304 0.2560690
v 1.9276149 0.7739364 0.2403868
v 1.9262717 0.8235317 0.2373178
v 1.8729480 0.8452879 0.2335238
v 1.8452610 0.8240786 0.2706210
v 1.8304281 0.8728594 0.2525539
v 1.8141722 0.9000000 0.2956411
v 1.8337600 0.8809080 0.3554649
v 1.8169760 0.9205738 0.3426941
v 1.8244154 0.9278838 0.2452303
v 1.8346387 0.9798604 0.2576826
v 1.8845325 0.9511323 0.2522680
v 1.9833646 0.9000000 0.2789108
v 1.9304964 0.8753809 0.2469701
v 1.9404248 0.9225737 0.2696535
v 2.0678692 0.7460025 0.7223910
v 2.0302271 0.7295964 0.7439527
v 2.0500000 0.6992751 0.7309857
v 2.0235254 0.6391166 0.7341840
v 1.9720795 0.6440543 0.7301302
v 1.9928704 0.6008658 0.7048751
v 2.0736998 0.6664593 0.7117358
v 2.0954102 0.6622292 0.6669504
v 2.1153099 0.6854764 0.6961228
v 1.9719247 0.6113774 0.6463284
v 1.9370205 0.6494076 0.6296828
v 1.9635185 0.6468641 0.5899650
v 1.9530384 0.6609657 0.5513774
v 1.9300001 0.6886933 0.5477377
v 1.9348020 0.6514743 0.5200000
v 1.9802948 0.6135991 0.5575951
v 1.9974287 0.5597513 0.5200000
v 2.0232997 0.5708858 0.5632020
v 2.0759878 0.5796688 0.5620491
v 2.0979340 0.5897649 0.5200000
v 2.1177216 0.6217493 0.5565253
v 2.1589149 0.6314979 0.5552456
v 2.1709440 0.6390780 0.5200000
v 2.2114884 0.6156365 0.5573277
v 2.1313493 0.6618864 0.5858130
v 2.1496640 0.6789419 0.6167558
v 2.1091899 0.6811911 0.6157713
v 2.0224526 0.5944942 0.6537181
v 2.0500000 0.6013787 0.6025369
v 2.0740966 0.6327645 0.6369674
v 2.0298092 0.7259947 0.2913138
v 2.0674513 0.7496041 0.3223425
v 2.0500000 0.6992751 0.3090143
v 2.0731914 0.6714691 0.3323773
v 2.1121612 0.6958191 0.3523685
v 2.0972082 0.6528145 0.3672310
v 2.0230170 0.6341068 0.3017029
v 1.9946685 0.6102805 0.3409435
v 1.9689307 0.6337117 0.3013786
v 2.1155769 0.6575802 0.4138943
v 2.1617859 0.6520551 0.4114760
v 2.1274721 0.6732352 0.4573237
v 2.1447686 0.6663719 0.4893322
v 2.1919494 0.6500426 0.4871887
v 2.1111086 0.6489204 0.4870414
v 2.0751420 0.5900936 0.4793194
v 2.0224540 0.5604610 0.4754296
v 1.9736818 0.5864280 0.4788382
v 1.9388922 0.6260917 0.4840448
v 1.9104610 0.6542871 0.4877459
v 1.9596412 0.6355153 0.4468982
v 1.9491424 0.6762944 0.4220854
v 1.9783117 0.6349884 0.4040060
v 2.0749522 0.6232761 0.3988796
v 2.0500000 0.6013787 0.4374631
v 2.0233081 0.6039826 0.3904349
v 1.9019306 1.0946000 0.5371813
v 1.8853983 1.1163276 0.5009003
v 1.8672878 1.0920523 0.5200000
v 1.8091293 1.0977537 0.4955563
v 1.8006856 1.1046859 0.4440983
v 1.7575462 1.0807464 0.4641463
v 1.8244743 1.0851555 0.5428865
v 1.7727475 1.0713515 0.5729505
v 1.8130212 1.0945585 0.5921462
v 1.7430195 1.0343635 0.4369588
v 1.7685965 1.0231687 0.3931293
v 1.7600389 0.9801433 0.4209374
v 1.7863424 0.9346097 0.4130502
v 1.8136598 0.9310238 0.3857838
v 1.8092851 0.9000000 0.4084225
v 1.7719390 0.9365004 0.4523246
v 1.7868673 0.9000000 0.4793438
v 1.7997131 0.9328545 0.4996948
v 1.7990410 0.9329427 0.5403597
v 1.7860057 0.9000000 0.5607894
v 1.7731737 0.9363383 0.5873749
v 1.7801049 0.9354284 0.6294799
v 1.8003231 0.9000000 0.6357316
v 1.8033132 0.9323820 0.6600920
v 1.7576565 0.9808018 0.6198765
v 1.7556225 1.0288473 0.6527200
v 1.7482039 1.0320944 0.6016388
v 1.7656317 1.0244663 0.4943585
v 1.7938734 0.9707916 0.5200000
v 1.7722169 1.0215840 0.5450477
v 1.8833021 0.6809176 0.5006571
v 1.8998344 0.7026451 0.5374246
v 1.8682829 0.7089938 0.5200000
v 1.8471483 0.7334597 0.5405855
v 1.8378531 0.7258284 0.5845864
v 1.8142233 0.7542820 0.5650293
v 1.8318033 0.7208615 0.4978573
v 1.7990220 0.7448871 0.4720675
v 1.8255175 0.7157009 0.4516582
v 1.7868207 0.7848080 0.5911926
v 1.8067624 0.7935363 0.6296636
v 1.7824407 0.8260484 0.6114092
v 1.7929915 0.8662632 0.6242526
v 1.8253246 0.8705074 0.6475919
v 1.7748602 0.8638831 0.5869644
v 1.7933648 0.8663122 0.5408202
v 1.7940369 0.8664004 0.4992343
v 1.7736255 0.8637210 0.4527351
v 1.7992291 0.8670819 0.4182776
v 1.8356713 0.8718656 0.3982839
v 1.7848230 0.8267069 0.4294047
v 1.8197363 0.7992149 0.4161857
v 1.7816363 0.7825388 0.4474050
v 1.8010142 0.7910204 0.5424510
v 1.7968249 0.8300241 0.5200000
v 1.7944290 0.7881381 0.4969552
v 2.2392819 1.1487634 0.4980365
v 2.2558142 1.1704910 0.5438818
v 2.2646759 1.1256498 0.5200000
v 2.2929932 1.0994963 0.5446591
v 2.3083243 1.1120830 0.5986447
v 2.3240897 1.0693967 0.5723465
v 2.2776482 1.0868981 0.4968981
v 2.3088884 1.0600018 0.4705567
v 2.2959887 1.1019555 0.4451108
v 2.3517590 1.0320781 0.6016288
v 2.3306476 1.0228378 0.6465299
v 2.3676656 0.9878006 0.6285275
v 2.3665551 0.9415534 0.6484070
v 2.3223621 0.9357523 0.6746729
v 2.3478820 0.9000000 0.6580759
v 2.3873724 0.9442860 0.6021108
v 2.3834784 0.9000000 0.5715252
v 2.3599676 0.9406887 0.5451470
v 2.3606396 0.9407769 0.4947985
v 2.3843399 0.9000000 0.4683416
v 2.3861377 0.9441239 0.4381897
v 2.3727926 0.9423722 0.3890628
v 2.3568440 0.9000000 0.3777700
v 2.3327088 0.9371105 0.3594513
v 2.3700480 0.9884591 0.4106586
v 2.3436216 1.0285164 0.3876208
v 2.3465747 1.0298090 0.4397736
v 2.3257059 1.0206749 0.5448604
v 2.3347258 0.9786963 0.5200000
v 2.3191207 1.0177926 0.4957334
v 2.2579103 0.6267542 0.5441250
v 2.2413780 0.6484817 0.4977933
v 2.2636807 0.6753962 0.5200000
v 2.2549743 0.7317171 0.4991991
v 2.2711568 0.7184314 0.4526706
v 2.2674125 0.7656317 0.4784779
v 2.2703193 0.7191189 0.5423581
v 2.2826138 0.7562368 0.5644253
v 2.2834924 0.7083039 0.5910848
v 2.3079579 0.7870934 0.4502199
v 2.2924818 0.7938672 0.4106772
v 2.3452638 0.8183911 0.4191258
v 2.3599060 0.8593194 0.3942901
v 2.3106974 0.8657789 0.3719515
v 2.3844511 0.8560974 0.4386002
v 2.3663158 0.8584780 0.4943380
v 2.3656438 0.8585662 0.5456075
v 2.3856859 0.8559354 0.6017003
v 2.3536685 0.8601382 0.6431797
v 2.3003507 0.8671371 0.6621727
v 2.3428814 0.8190496 0.6200602
v 2.2795078 0.7995458 0.6234735
v 2.3131423 0.7848242 0.5911826
v 2.2903234 0.7948119 0.4983300
v 2.3317743 0.8221195 0.5200000
v 2.2969086 0.7919296 0.5422637
v 1.9901493 1.0741554 0.7647996
v 1.9649871 1.0935228 0.7335917
v 1.9375942 1.1155142 0.7018763
v 1.9625164 1.0366761 0.7283829
v 1.9343132 1.0110217 0.7071852
v 1.9119498 1.1327559 0.6638511
v 1.9020854 1.1255177 0.6146771
v 1.9063640 1.1019004 0.5693624
v 1.8700642 1.0985956 0.5990442
v 1.8213157 1.0929908 0.6392749
v 1.7920714 1.0594086 0.6729805
v 1.7916984 1.0084405 0.6894173
v 1.8065601 0.9595183 0.6931881
v 1.8264439 0.9889789 0.7225511
v 1.8797214 1.0052380 0.7217715
v 1.9140794 1.0711871 0.6693912
v 1.8617175 1.0643100 0.6694942
v 1.9053499 1.0316070 0.6857543
v 2.1019109 1.0510519 0.7323245
v 2.1392934 1.0395036 0.7326938
v 2.1903663 1.0347060 0.7471174
v 2.1300987 1.0823361 0.7212449
v 2.1629904 1.1166352 0.7028223
v 2.2448351 1.0204147 0.7508697
v 2.2809865 0.9919363 0.7292833
v 2.3001382 0.9611560 0.6979534
v 2.2985138 1.0043314 0.6829975
v 2.2908178 1.0488336 0.6628318
v 2.2823253 1.0960635 0.6411739
v 2.2710972 1.1440256 0.6171261
v 2.2519596 1.1838822 0.5894060
v 2.2188021 1.1573638 0.6280468
v 2.1867905 1.1306320 0.6625384
v 2.2355572 1.0688255 0.7326296
v 2.2545244 1.0784839 0.6823900
v 2.2136833 1.1061532 0.6999054
v 1.9873031 1.0824374 0.2635590
v 1.9542802 1.0495435 0.2919988
v 1.9170548 1.0275842 0.3048901
v 1.9556464 1.1147860 0.2829402
v 1.9332405 1.1238615 0.3310792
v 1.8560770 1.0198510 0.2902111
v 1.8101023 0.9954831 0.3026428
v 1.8071057 0.9593849 0.3472001
v 1.8023766 1.0039576 0.3575865
v 1.8122855 1.0469157 0.3790087
v 1.8396008 1.0775597 0.4102621
v 1.8693572 1.0993759 0.4406452
v 1.8869838 1.1291419 0.4639774
v 1.9125048 1.1096317 0.4319922
v 1.9288368 1.1042840 0.3937455
v 1.8883547 1.0470697 0.3347710
v 1.8758878 1.0519439 0.3817569
v 1.9157206 1.0691200 0.3724127
v 2.0990647 1.0427700 0.3193170
v 2.1207580 1.0610730 0.3422233
v 2.1586367 1.1082879 0.3442221
v 2.1310572 1.0266361 0.3269245
v 2.1731079 1.0181436 0.3208072
v 2.2036775 1.1591039 0.3598650
v 2.2292216 1.1732498 0.4052839
v 2.2325794 1.1566407 0.4572543
v 2.2703902 1.1432452 0.4231845
v 2.3006103 1.1114946 0.3892892
v 2.3110319 1.0613266 0.3651790
v 2.3091920 1.0088143 0.3499988
v 2.3006839 0.9612894 0.3416584
v 2.2646450 0.9854322 0.3255228
v 2.2211907 1.0058017 0.3171477
v 2.2153245 1.1082203 0.3382907
v 2.2686946 1.0908500 0.3463589
v 2.2185620 1.0533628 0.3268451
v 1.9871968 0.7172533 0.2631242
v 1.9507556 0.6740808 0.2706524
v 1.9308956 0.6716425 0.3272850
v 1.9373135 0.7239493 0.2515846
v 1.8921331 0.7484991 0.2645660
v 1.9323463 0.7016331 0.3974025
v 1.9171097 0.6973891 0.4349397
v 1.8882579 0.6726491 0.4644153
v 1.8712629 0.7027274 0.4414823
v 1.8631891 0.7423469 0.4225650
v 1.8611563 0.7832882 0.4079946
v 1.8582500 0.8194993 0.3942332
v 1.8491862 0.8509033 0.3771370
v 1.8516174 0.8210405 0.3402572
v 1.8621108 0.7838781 0.2973609
v 1.9088460 0.7222216 0.3648567
v 1.8911879 0.7614081 0.3939050
v 1.8837340 0.7487262 0.3294762
v 2.0991710 0.7569207 0.3188822
v 2.1480239 0.7468567 0.2865104
v 2.1980296 0.7579397 0.2804830
v 2.1256487 0.7277938 0.3299355
v 2.1609817 0.6872162 0.3404279
v 2.2151569 0.7979274 0.3242975
v 2.2231299 0.8310915 0.3631372
v 2.2586034 0.8489988 0.3715953
v 2.2533186 0.8146425 0.3866455
v 2.2621610 0.7688773 0.3941649
v 2.2770220 0.7084120 0.4015921
v 2.2684845 0.6588580 0.4240216
v 2.2313052 0.6451503 0.4576921
v 2.2246167 0.6337710 0.4082314
v 2.2001680 0.6468132 0.3635219
v 2.2231827 0.7424332 0.3215503
v 2.2533946 0.7225020 0.3585070
v 2.2221992 0.6831214 0.3307348
v 1.9900430 0.7255353 0.7652344
v 1.9455497 0.7368167 0.7687971
v 1.9093915 0.7650615 0.7475094
v 1.9600964 0.6953439 0.7458794
v 1.9352493 0.6799898 0.7056706
v 1.8857552 0.7984911 0.7146217
v 1.8679589 0.8275447 0.6849367
v 1.8486406 0.8507699 0.6632512
v 1.8475718 0.8150163 0.6527705
v 1.8409423 0.7707952 0.6439946
v 1.8449040 0.7269158 0.6269719
v 1.8719699 0.7035077 0.5982071
v 1.9076381 0.6998906 0.5689245
v 1.9066903 0.6815031 0.6117296
v 1.9154593 0.6731612 0.6601941
v 1.9007292 0.7641889 0.6910491
v 1.8770176 0.7490420 0.6573461
v 1.9072047 0.7201545 0.6769472
v 2.1020172 0.7486387 0.7327593
v 2.1349894 0.7065307 0.7335326
v 2.1653354 0.6788689 0.7066165
v 2.1562601 0.7339892 0.7731079
v 2.2152880 0.7413773 0.7874416
v 2.1832810 0.6752851 0.6588814
v 2.2141973 0.6496570 0.6250993
v 2.2506854 0.6179088 0.5889681
v 2.2691915 0.6580777 0.6162890
v 2.2587370 0.7238431 0.6288710
v 2.2419469 0.7813703 0.6338459
v 2.2426404 0.8191255 0.6463507
v 2.2580578 0.8491322 0.6680165
v 2.2394715 0.8245873 0.6916689
v 2.2388013 0.7833144 0.7437199
v 2.2205580 0.6851884 0.7074614
v 2.2392243 0.7348681 0.6702419
v 2.2401779 0.7269705 0.7379244
v 2.0600202 1.0665163 0.2768043
v 2.0394236 1.0757593 0.2633048
v 2.0500000 1.0828652 0.2796697
v 2.0386440 1.1027508 0.2811334
v 2.0141873 1.1131342 0.2689003
v 2.0255475 1.1258447 0.2826104
v 2.0604983 1.0874369 0.2991751
v 2.0707327 1.0914891 0.3187222
v 2.0788888 1.0719276 0.3174470
v 2.0107538 1.1497390 0.2871603
v 1.9832812 1.1547348 0.2825026
v 1.9952702 1.1696564 0.2986134
v 1.9810387 1.1803449 0.3191528
v 1.9569729 1.1701274 0.3264729
v 1.9697303 1.1801984 0.3468278
v 2.0093285 1.1755662 0.3225764
v 2.0240600 1.1716474 0.3521127
v 2.0372120 1.1599322 0.3337770
v 2.0619035 1.1419538 0.3466573
v 2.0732599 1.1435803 0.3694591
v 2.0838553 1.1293836 0.3556629
v 2.1054251 1.1253169 0.3585765
v 2.1197959 1.1436374 0.3694238
v 2.1285267 1.1280219 0.3566385
v 2.0924486 1.1091463 0.3482919
v 2.0992501 1.0880384 0.3446858
v 2.0811042 1.0979284 0.3354651
v 2.0377234 1.1343631 0.3014958
v 2.0500000 1.1392834 0.3235495
v 2.0612514 1.1147908 0.3197437
v 1.9609480 1.1743094 0.3759109
v 1.9436061 1.1548998 0.3861063
v 1.9519394 1.1718772 0.4010010
v 1.9400642 1.1784841 0.4211779
v 1.9247140 1.1596652 0.4278559
v 1.9258442 1.1907284 0.4396446
v 1.9617609 1.1873868 0.4180187
v 1.9729847 1.2005705 0.4369244
v 1.9881637 1.1819534 0.4199468
v 1.9130540 1.1992201 0.4595682
v 1.9016969 1.1741833 0.4646247
v 1.9056170 1.1966165 0.4810639
v 1.9046194 1.1826032 0.5019053
v 1.8993089 1.1538694 0.5037451
v 1.9080193 1.1625480 0.5200000
v 1.9143770 1.2115694 0.5000507
v 1.9273166 1.2176095 0.5200000
v 1.9313692 1.2330956 0.4986724
v 1.9557492 1.2402524 0.4982141
v 1.9729852 1.2323001 0.5200000
v 1.9844795 1.2311472 0.4987971
v 2.0130643 1.2111276 0.5000789
v 2.0267059 1.2015251 0.5200000
v 2.0385121 1.1903058 0.5014121
v 1.9990490 1.2140171 0.4787798
v 2.0143337 1.1857402 0.4622906
v 1.9854995 1.2100467 0.4573816
v 1.9309692 1.2178711 0.4558014
v 1.9411211 1.2355168 0.4759576
v 1.9560857 1.2224541 0.4548757
v 2.0609854 1.1776066 0.5022253
v 2.0719577 1.1842270 0.5200000
v 2.0827587 1.1759427 0.5023318
v 2.1057966 1.1820017 0.5019438
v 2.1191582 1.1984010 0.5200000
v 2.1302672 1.1897706 0.5014464
v 2.0924522 1.1616377 0.4856555
v 2.1023610 1.1516937 0.4691668
v 2.0803891 1.1434621 0.4708293
v 2.1548172 1.1943094 0.5011558
v 2.1689823 1.2080280 0.5200000
v 2.1777244 1.1934238 0.5012125
v 2.1977981 1.1873025 0.5016044
v 2.2099063 1.1956959 0.5200000
v 2.2146314 1.1773546 0.5022414
v 2.1860015 1.1793978 0.4833242
v 2.1969971 1.1717688 0.4651124
v 2.1756399 1.1745169 0.4645574
v 2.1666445 1.1731394 0.4445061
v 2.1840889 1.1779100 0.4213816
v 2.1576978 1.1728148 0.4231896
v 2.1471412 1.1693280 0.4021167
v 2.1619397 1.1681865 0.3791271
v 2.1342494 1.1595159 0.3836816
v 2.1303362 1.1616480 0.4271523
v 2.1042730 1.1474671 0.4321845
v 2.1147487 1.1526970 0.4501563
v 2.1401934 1.1779362 0.4835160
v 2.1516944 1.1715743 0.4651517
v 2.1266070 1.1630294 0.4668774
v 1.9848517 1.1809497 0.3724229
v 2.0005507 1.1742004 0.3999841
v 2.0151301 1.1649925 0.4259655
v 2.0118698 1.1740581 0.3760429
v 2.0379436 1.1599628 0.3834468
v 2.0278532 1.1592988 0.4483316
v 2.0391551 1.1606516 0.4673577
v 2.0500000 1.1681795 0.4847968
v 2.0602052 1.1452751 0.4704632
v 2.0699488 1.1335645 0.4554444
v 2.0810956 1.1363097 0.4361438
v 2.0942826 1.1455507 0.4125239
v 2.1079605 1.1499522 0.3887052
v 2.0840413 1.1446696 0.3914800
v 2.0615042 1.1480575 0.3897005
v 2.0392136 1.1459132 0.4327359
v 2.0603015 1.1348571 0.4366592
v 2.0500000 1.1455077 0.4125427
v 2.0394772 1.0748680 0.7753934
v 2.0600739 1.0674076 0.7644976
v 2.0500000 1.0828652 0.7603303
v 2.0606503 1.0901521 0.7440238
v 2.0802519 1.0800401 0.7321105
v 2.0714669 1.0982697 0.7284050
v 2.0387961 1.1000355 0.7556677
v 2.0262817 1.1190641 0.7502624
v 2.0155505 1.1050218 0.7615422
v 2.0826815 1.1079649 0.7138923
v 2.1032057 1.1031413 0.7093951
v 2.0942289 1.1179183 0.6989098
v 2.1054191 1.1252924 0.6814060
v 2.1275478 1.1251794 0.6813250
v 2.1155815 1.1289262 0.6614842
v 2.0839994 1.1303601 0.6850366
v 2.0728276 1.1390542 0.6677436
v 2.0619287 1.1424660 0.6937097
v 2.0372372 1.1594200 0.7058560
v 2.0236278 1.1761735 0.6906846
v 2.0094726 1.1745898 0.7167241
v 1.9810326 1.1803694 0.7208648
v 1.9655159 1.1949096 0.7022642
v 1.9559939 1.1729699 0.7155636
v 1.9970506 1.1608844 0.7341849
v 1.9872368 1.1396320 0.7434165
v 2.0123310 1.1397025 0.7434823
v 2.0614354 1.1183040 0.7235318
v 2.0500000 1.1392834 0.7164505
v 2.0379074 1.1308498 0.7352287
v 2.1254648 1.1324566 0.6421047
v 2.1489539 1.1370749 0.6445306
v 2.1375191 1.1426505 0.6262067
v 2.1537322 1.1627696 0.6132457
v 2.1806213 1.1707229 0.6160680
v 2.1729220 1.1878391 0.5995568
v 2.1268710 1.1503619 0.6088428
v 2.1167919 1.1606711 0.5920477
v 2.1019915 1.1370645 0.6041241
v 2.1908320 1.2077109 0.5821467
v 2.2154090 1.2058088 0.5817625
v 2.2032556 1.2148442 0.5613288
v 2.2089588 1.2089977 0.5397847
v 2.2267795 1.1978205 0.5390690
v 2.1873438 1.2155226 0.5402025
v 2.1624113 1.2156322 0.5402095
v 2.1355492 1.2088389 0.5397745
v 2.1088036 1.1971996 0.5390293
v 2.0839262 1.1857775 0.5382979
v 2.0611202 1.1810139 0.5379929
v 2.0956586 1.1813994 0.5569386
v 2.0819944 1.1563221 0.5717679
v 2.1065957 1.1720494 0.5749443
v 2.1631884 1.2022690 0.5810476
v 2.1506476 1.2101516 0.5607128
v 2.1342948 1.1894255 0.5784537
v 2.0386469 1.1868985 0.5383697
v 2.0142319 1.2012929 0.5392913
v 1.9874865 1.2159494 0.5402298
v 1.9610311 1.2211841 0.5405650
v 2.0022554 1.1942555 0.5586262
v 1.9897342 1.1896909 0.5785073
v 2.0159389 1.1728802 0.5751121
v 1.9389633 1.2117728 0.5399624
v 1.9239963 1.1894706 0.5385344
v 1.9157801 1.1609080 0.5367056
v 1.9114570 1.1334035 0.5349445
v 1.9228711 1.1611701 0.5542831
v 1.9201088 1.1401433 0.5685004
v 1.9282461 1.1660261 0.5737278
v 1.9321217 1.1760287 0.5962925
v 1.9212463 1.1668522 0.6146945
v 1.9360987 1.1885294 0.6223868
v 1.9423174 1.1985547 0.6506756
v 1.9306202 1.1860115 0.6702360
v 1.9521635 1.2013688 0.6783029
v 1.9582956 1.1986729 0.6259863
v 1.9858823 1.1923561 0.6237447
v 1.9750279 1.1925964 0.6008716
v 1.9515754 1.2033014 0.5598136
v 1.9424632 1.1871763 0.5779994
v 1.9637735 1.1960580 0.5797932
v 2.1031169 1.1290644 0.6403228
v 2.0910910 1.1278533 0.6197300
v 2.0801289 1.1289630 0.6012492
v 2.0822122 1.1315232 0.6416144
v 2.0612964 1.1435758 0.6479454
v 2.0701449 1.1358601 0.5851901
v 2.0603882 1.1496743 0.5704253
v 2.0500000 1.1681795 0.5552032
v 2.0393381 1.1562524 0.5717539
v 2.0280493 1.1570032 0.5910339
v 2.0141633 1.1723391 0.6166415
v 1.9973592 1.1918978 0.6477620
v 1.9800081 1.2018375 0.6785491
v 2.0100407 1.1872046 0.6708627
v 2.0377358 1.1644446 0.6589073
v 2.0601851 1.1322047 0.6023995
v 2.0390972 1.1485656 0.6082053
v 2.0500000 1.1455077 0.6274573
v 2.0500000 1.0482593 0.7941585
v 2.0326908 1.0604652 0.7903359
v 2.0319392 1.0451086 0.8020745
v 2.0132424 1.0363046 0.8000206
v 1.9968854 1.0422488 0.7829901
v 1.9959882 1.0223975 0.7874322
v 2.0312529 1.0274499 0.8127931
v 2.0307321 1.0071741 0.8209272
v 2.0500000 1.0159947 0.8202935
v 1.9812364 1.0062455 0.7687889
v 1.9691408 1.0099422 0.7478640
v 1.9674943 0.9917843 0.7525037
v 1.9509641 0.9816101 0.7462674
v 1.9372352 0.9896047 0.7346759
v 1.9283168 0.9752044 0.7516542
v 1.9650996 0.9734598 0.7592522
v 1.9618794 0.9544615 0.7683268
v 1.9798715 0.9650127 0.7737273
v 1.9956006 0.9560345 0.7893515
v 1.9958935 0.9334397 0.7879014
v 2.0125780 0.9462561 0.8050818
v 2.0308376 0.9355290 0.8192784
v 2.0313913 0.9115008 0.8106308
v 2.0500000 0.9239634 0.8301891
v 2.0305062 0.9602392 0.8244551
v 2.0500000 0.9731336 0.8355536
v 2.0304669 0.9845048 0.8250686
v 1.9954796 1.0010863 0.7899504
v 1.9953886 0.9787539 0.7904009
v 2.0120156 0.9939025 0.8093662
v 1.9000359 0.9695122 0.7626470
v 1.8834674 0.9800511 0.7524482
v 1.8710463 0.9614442 0.7697857
v 1.8477153 0.9500075 0.7663897
v 1.8365209 0.9599715 0.7489733
v 1.8338921 0.9364260 0.7517929
v 1.8618834 0.9387542 0.7825754
v 1.8571876 0.9132405 0.7891298
v 1.8797905 0.9262988 0.7954047
v 1.8291775 0.9227460 0.7300833
v 1.8228877 0.9323915 0.7127737
v 1.8300509 0.9104566 0.7066935
v 1.8322212 0.9000000 0.6857060
v 1.8244942 0.9092913 0.6744040
v 1.8324677 0.8910372 0.6689445
v 1.8385071 0.8899454 0.6995159
v 1.8470962 0.8710612 0.6922254
v 1.8440453 0.8787855 0.7159385
v 1.8499868 0.8662868 0.7345301
v 1.8593342 0.8464373 0.7245042
v 1.8576816 0.8524563 0.7542504
v 1.8683907 0.8376440 0.7734924
v 1.8772182 0.8169450 0.7611709
v 1.8830126 0.8225971 0.7901913
v 1.8612996 0.8611256 0.7833902
v 1.8739849 0.8728042 0.8047983
v 1.8571963 0.8867601 0.7891177
v 1.8359485 0.9120265 0.7495872
v 1.8417566 0.8882999 0.7433576
v 1.8448040 0.9000000 0.7699357
v 1.9018228 0.8084215 0.8020920
v 1.9083003 0.7874032 0.7897606
v 1.9242677 0.7963909 0.8072607
v 1.9489512 0.7875872 0.8047588
v 1.9524106 0.7673101 0.7950103
v 1.9739445 0.7824878 0.7951713
v 1.9466382 0.8105665 0.8112770
v 1.9718771 0.8275761 0.8026512
v 1.9459623 0.8357012 0.8131818
v 1.9973617 0.7807151 0.7806315
v 1.9986310 0.7624262 0.7743469
v 2.0179385 0.7811095 0.7642454
v 2.0353261 0.7821036 0.7491772
v 2.0355967 0.7664737 0.7449518
v 2.0500000 0.7822038 0.7378265
v 2.0349680 0.7978065 0.7547710
v 2.0500000 0.8099427 0.7531453
v 2.0345290 0.8139455 0.7616268
v 2.0340143 0.8308419 0.7696659
v 2.0500000 0.8402836 0.7776618
v 2.0334245 0.8487789 0.7788766
v 2.0327655 0.8680455 0.7891685
v 2.0500000 0.8778400 0.8068454
v 2.0320661 0.8889162 0.8000923
v 2.0155296 0.8573923 0.7825966
v 1.9957462 0.8664693 0.7886305
v 1.9955963 0.8439611 0.7893726
v 1.9963515 0.8005302 0.7856336
v 2.0166552 0.8175671 0.7740219
v 1.9957545 0.8217736 0.7885896
v 1.9184321 0.9580810 0.7704721
v 1.9089403 0.9373627 0.7885421
v 1.9012584 0.9131325 0.8031665
v 1.9380485 0.9461266 0.7757757
v 1.9579566 0.9341316 0.7793814
v 1.8964871 0.8864463 0.8122499
v 1.8951485 0.8589842 0.8147982
v 1.8971328 0.8325163 0.8110207
v 1.9197156 0.8463199 0.8176608
v 1.9471117 0.8618469 0.8099428
v 1.9737648 0.8764420 0.7958214
v 1.9959700 0.8888692 0.7875223
v 2.0141500 0.9000000 0.7931066
v 1.9960480 0.9111147 0.7871363
v 1.9773836 0.9224397 0.7827286
v 1.9251768 0.9000000 0.8051836
v 1.9498863 0.8876253 0.8021237
v 1.9537407 0.9118983 0.7912621
v 2.0663095 1.0511970 0.7747217
v 2.0672198 1.0383517 0.7889398
v 2.0681978 1.0237156 0.8042141
v 2.0691479 1.0065063 0.8190522
v 2.0840433 1.0262393 0.7793427
v 2.0999161 1.0131162 0.7671531
v 2.0973809 1.0268930 0.7546001
v 2.0699445 0.9862846 0.8314936
v 2.0704588 0.9632211 0.8395261
v 2.0705921 0.9381799 0.8416085
v 2.0703050 0.9125492 0.8371243
v 2.0915126 0.9513124 0.8362446
v 2.1117190 0.9381445 0.8255935
v 2.1092146 0.9609944 0.8131934
v 2.1223092 0.9670343 0.7816171
v 2.1373341 0.9539754 0.7661104
v 2.1333849 0.9721486 0.7549816
v 2.1472383 0.9801287 0.7421603
v 2.1673592 0.9725320 0.7434223
v 2.1669648 0.9929420 0.7426716
v 2.1302319 0.9892549 0.7460963
v 2.1278858 1.0058993 0.7394848
v 2.1149798 1.0003993 0.7550992
v 2.0882299 0.9945095 0.8112365
v 2.1061217 0.9809319 0.7978789
v 2.1029010 0.9980839 0.7819325
v 2.0696302 0.8878678 0.8265858
v 2.0686642 0.8653946 0.8114986
v 2.0675405 0.8457970 0.7939476
v 2.0663971 0.8290621 0.7760909
v 2.0885611 0.8523359 0.8137594
v 2.1092189 0.8390012 0.8132145
v 2.1118663 0.8617645 0.8263227
v 2.0653510 0.8146133 0.7597518
v 2.0644827 0.8015409 0.7461920
v 2.0638329 0.7888605 0.7360425
v 2.0634036 0.7757420 0.7293376
v 2.0793471 0.7911748 0.7435675
v 2.0956353 0.7777820 0.7459570
v 2.0985426 0.7899964 0.7603524
v 2.1222717 0.7883340 0.7814815
v 2.1446160 0.7713530 0.7866311
v 2.1487751 0.7901166 0.7983514
v 2.1739346 0.7978722 0.8031536
v 2.1958997 0.7840659 0.7977564
v 2.1938531 0.8110939 0.7938601
v 2.1518463 0.8118777 0.8070064
v 2.1532512 0.8361873 0.8109654
v 2.1303036 0.8255545 0.8105410
v 2.0835903 0.8169601 0.7758923
v 2.1020292 0.8035326 0.7776157
v 2.1057558 0.8195957 0.7960676
v 2.2077965 0.8268573 0.7753202
v 2.2235554 0.8165731 0.7622507
v 2.2185214 0.8421378 0.7552242
v 2.2295948 0.8556017 0.7387525
v 2.2391000 0.8468772 0.7228248
v 2.2425886 0.8675383 0.7265665
v 2.2145559 0.8660996 0.7496890
v 2.2125383 0.8888384 0.7468729
v 2.1965113 0.8773628 0.7570603
v 2.2567566 0.8787029 0.7167015
v 2.2607992 0.8699351 0.6989271
v 2.2707247 0.8895065 0.7073519
v 2.2839833 0.9000000 0.6980358
v 2.2890092 0.8901523 0.6836498
v 2.2969827 0.9101762 0.6891092
v 2.2791809 0.9108955 0.7145295
v 2.2850077 0.9335176 0.7194753
v 2.2716245 0.9228286 0.7308463
v 2.2586833 0.9351746 0.7438294
v 2.2619133 0.9595317 0.7472939
v 2.2395610 0.9468621 0.7508918
v 2.2158658 0.9569504 0.7515175
v 2.2173063 0.9804230 0.7535280
v 2.1907732 0.9652520 0.7477758
v 2.2139722 0.9337801 0.7488743
v 2.1907057 0.9217402 0.7476667
v 2.2125470 0.9111622 0.7468850
v 2.2478314 0.8888849 0.7321899
v 2.2536395 0.9114415 0.7384195
v 2.2326634 0.9000000 0.7424902
v 2.0917955 0.9000000 0.8383997
v 2.1132533 0.8869691 0.8331903
v 2.1336259 0.8741582 0.8225612
v 2.1131753 0.9130148 0.8328043
v 2.1300071 0.9247236 0.8094685
v 2.1526723 0.8619270 0.8093342
v 2.1710776 0.8501133 0.7966260
v 2.1896039 0.8383715 0.7857706
v 2.1840996 0.8644808 0.7752919
v 2.1784794 0.8886565 0.7645925
v 2.1737081 0.9109223 0.7555091
v 2.1703078 0.9318661 0.7490358
v 2.1683045 0.9522259 0.7452220
v 2.1527447 0.9423331 0.7547409
v 2.1418274 0.9340515 0.7787728
v 2.1502073 0.8876137 0.8023876
v 2.1619600 0.9000000 0.7757952
v 2.1463530 0.9119099 0.7915260
v 2.0500000 1.0482593 0.2458415
v 2.0663176 1.0512720 0.2651519
v 2.0673643 1.0395121 0.2488044
v 2.0847415 1.0288286 0.2553381
v 2.0977758 1.0279507 0.2834444
v 2.1015793 1.0168851 0.2646119
v 2.0684733 1.0255883 0.2314837
v 2.0695328 1.0086472 0.2149367
v 2.0500000 1.0159947 0.2197065
v 2.1176988 1.0046004 0.2750635
v 2.1280136 1.0060731 0.3001550
v 2.1334189 0.9928003 0.2849226
v 2.1493838 0.9818967 0.2929378
v 2.1618025 0.9888399 0.3071563
v 2.1661446 0.9717813 0.2988900
v 2.1392587 0.9772309 0.2684658
v 2.1452576 0.9588725 0.2515607
v 2.1284145 0.9726942 0.2362936
v 2.1135203 0.9654296 0.2054875
v 2.1163663 0.9410166 0.1913960
v 2.0936142 0.9539101 0.1877456
v 2.0711272 0.9391719 0.1900350
v 2.0708489 0.9128853 0.1943811
v 2.0500000 0.9239634 0.2098109
v 2.0709701 0.9648011 0.1924887
v 2.0500000 0.9731336 0.2044464
v 2.0704080 0.9882899 0.2012671
v 2.1057089 1.0032900 0.2441648
v 2.1098248 0.9862721 0.2237854
v 2.0898731 0.9985717 0.2162454
v 2.1837615 0.9620019 0.3035693
v 2.2006106 0.9723975 0.3097759
v 2.2017082 0.9520894 0.3082439
v 2.2191466 0.9418153 0.3139737
v 2.2382948 0.9528966 0.3180389
v 2.2353800 0.9312467 0.3211653
v 2.2018415 0.9312811 0.3080578
v 2.2015308 0.9104057 0.3084915
v 2.1885571 0.9214083 0.2958099
v 2.2501944 0.9206212 0.3295416
v 2.2701114 0.9313930 0.3331688
v 2.2638985 0.9101690 0.3384423
v 2.2770750 0.9000000 0.3472206
v 2.2981869 0.9102259 0.3500663
v 2.2902134 0.8901027 0.3555257
v 2.2554424 0.8902330 0.3456199
v 2.2459029 0.8720597 0.3537170
v 2.2353265 0.8809103 0.3436864
v 2.2192852 0.8714662 0.3384281
v 2.2154815 0.8535122 0.3425080
v 2.2091803 0.8606485 0.3261130
v 2.2043638 0.8469988 0.3045371
v 2.2068598 0.8245986 0.3010532
v 2.2007848 0.8301074 0.2760250
v 2.2024253 0.8685987 0.3072430
v 2.1943627 0.8776947 0.2864162
v 2.2015221 0.8895949 0.3085037
v 2.2305810 0.9101459 0.3263125
v 2.2247730 0.8901804 0.3325421
v 2.2136185 0.9000000 0.3207071
v 2.1926385 0.8118446 0.2484522
v 2.1907374 0.7881680 0.2520715
v 2.1760802 0.7961042 0.2319446
v 2.1519620 0.7865712 0.2326675
v 2.1447438 0.7711792 0.2530087
v 2.1249907 0.7841330 0.2486811
v 2.1577201 0.8067954 0.2164411
v 2.1364089 0.8198946 0.2073697
v 2.1611748 0.8312902 0.2067057
v 2.1002058 0.7862274 0.2714127
v 2.0960302 0.7767243 0.2920876
v 2.0800454 0.7885856 0.2911133
v 2.0639773 0.7877001 0.3017018
v 2.0634117 0.7756669 0.3105360
v 2.0500000 0.7822038 0.3021735
v 2.0647582 0.7996682 0.2895058
v 2.0500000 0.8099427 0.2868547
v 2.0657358 0.8124724 0.2742370
v 2.0668607 0.8270568 0.2566697
v 2.0500000 0.8402836 0.2623382
v 2.0680517 0.8442170 0.2380672
v 2.0691993 0.8644026 0.2201449
v 2.0500000 0.8778400 0.2331546
v 2.0701741 0.8875317 0.2049196
v 2.0906626 0.8497382 0.2102308
v 2.1165136 0.8588924 0.1906669
v 2.1135246 0.8345660 0.2054663
v 2.1048371 0.7983265 0.2484816
v 2.0852335 0.8128979 0.2515896
v 2.1094590 0.8142554 0.2255967
v 2.1704772 0.9531850 0.2906417
v 2.1749035 0.9330834 0.2822152
v 2.1795528 0.9114383 0.2733641
v 2.1605850 0.9455635 0.2673463
v 2.1510774 0.9374816 0.2351605
v 2.1843241 0.8881404 0.2642807
v 2.1886953 0.8632635 0.2559591
v 2.1917766 0.8374123 0.2500931
v 2.1789179 0.8468829 0.2254612
v 2.1619223 0.8584969 0.2045991
v 2.1412424 0.8718045 0.1898818
v 2.1180468 0.8859816 0.1830753
v 2.0939981 0.9000000 0.1848207
v 2.1179688 0.9140023 0.1834613
v 2.1376237 0.9270772 0.2029745
v 2.1717616 0.9000000 0.2418112
v 2.1600938 0.8863917 0.2097520
v 2.1562395 0.9131319 0.2206136
v 2.0326989 1.0603902 0.2497906
v 2.0320836 1.0439482 0.2401812
v 2.0315283 1.0255772 0.2315090
v 2.0311170 1.0050333 0.2250840
v 2.0139406 1.0337154 0.2452986
v 1.9976514 1.0186285 0.2608027
v 1.9972803 1.0411911 0.2589654
v 2.0309304 0.9824995 0.2221707
v 2.0310175 0.9586593 0.2235300
v 2.0313727 0.9345369 0.2290780
v 2.0319352 0.9111646 0.2378638
v 2.0146796 0.9436584 0.2509280
v 2.0005408 0.9305675 0.2751091
v 1.9999063 0.9515993 0.2719677
v 1.9859768 0.9593527 0.2883620
v 1.9698030 0.9495645 0.2940021
v 1.9709734 0.9683776 0.2973004
v 1.9531096 0.9798421 0.2986344
v 1.9271021 0.9759551 0.2860334
v 1.9320728 0.9937068 0.2954963
v 1.9706813 0.9882389 0.2964773
v 1.9692686 1.0097684 0.2924962
v 1.9839554 1.0020445 0.2810485
v 2.0136589 0.9898403 0.2431519
v 1.9990918 0.9734137 0.2679348
v 1.9982875 0.9958803 0.2639523
v 2.0326100 0.8892524 0.2484022
v 2.0333006 0.8690376 0.2591879
v 2.0339358 0.8503588 0.2691085
v 2.0344778 0.8328472 0.2775734
v 2.0176312 0.8599899 0.2734132
v 1.9999020 0.8483962 0.2719465
v 2.0003935 0.8693415 0.2743799
v 2.0349139 0.8160863 0.2843843
v 2.0352434 0.7996792 0.2895312
v 2.0354706 0.7832640 0.2930786
v 2.0356048 0.7665488 0.2951747
v 2.0186368 0.7836987 0.2810738
v 1.9990259 0.7634839 0.2676085
v 1.9990249 0.7844840 0.2676034
v 1.9766635 0.7866889 0.2546661
v 1.9525384 0.7674839 0.2453499
v 1.9521382 0.7911326 0.2442222
v 1.9264132 0.7981589 0.2376412
v 1.9031379 0.7833011 0.2404115
v 1.9006082 0.8076708 0.2355957
v 1.9525120 0.8156488 0.2452756
v 1.9538859 0.8405982 0.2491471
v 1.9779825 0.8332361 0.2594381
v 2.0182984 0.8216293 0.2784961
v 1.9991593 0.8057362 0.2682691
v 1.9994576 0.8271139 0.2697461
v 1.8760009 0.8193470 0.2384635
v 1.8605226 0.8089195 0.2555251
v 1.8542331 0.8327830 0.2467462
v 1.8372671 0.8474095 0.2608841
v 1.8357157 0.8398023 0.2901630
v 1.8266835 0.8623589 0.2804753
v 1.8491690 0.8586265 0.2396778
v 1.8461801 0.8860036 0.2355058
v 1.8718363 0.8724722 0.2317251
v 1.8226152 0.8765781 0.3036736
v 1.8321998 0.8689366 0.3351305
v 1.8232247 0.8892189 0.3275124
v 1.8253129 0.9000000 0.3490376
v 1.8336719 0.8910868 0.3718800
v 1.8256984 0.9092417 0.3664205
v 1.8147686 0.9111832 0.3203348
v 1.8079913 0.9345161 0.3145822
v 1.8077474 0.9249534 0.2895288
v 1.8105887 0.9403539 0.2632124
v 1.8129024 0.9666065 0.2656940
v 1.8273008 0.9550543 0.2487448
v 1.8568887 0.9663052 0.2504530
v 1.8667717 0.9880766 0.2642478
v 1.8930242 0.9727623 0.2660079
v 1.8497528 0.9412532 0.2404926
v 1.8776419 0.9266308 0.2411187
v 1.8461714 0.9139970 0.2354937
v 1.8186981 0.8870043 0.2719104
v 1.8128901 0.9133220 0.2656808
v 1.8257591 0.9000000 0.2468670
v 2.0163526 0.9000000 0.2636729
v 2.0007635 0.8898567 0.2762121
v 1.9813814 0.8787957 0.2717356
v 2.0008415 0.9101272 0.2765981
v 1.9850001 0.9200861 0.2848283
v 1.9563616 0.8652770 0.2561239
v 1.9275559 0.8495503 0.2402520
v 1.8993055 0.8334755 0.2331156
v 1.8997442 0.8602015 0.2339508
v 1.9023318 0.8869623 0.2388769
v 1.9071031 0.9126164 0.2479603
v 1.9135360 0.9361455 0.2602069
v 1.9206048 0.9571219 0.2736642
v 1.9458888 0.9428962 0.2821371
v 1.9672066 0.9307015 0.2866853
v 1.9597728 0.8888473 0.2657367
v 1.9349783 0.9000000 0.2572100
v 1.9636271 0.9106763 0.2765983
v 2.0585327 0.7582032 0.7270931
v 2.0410184 0.7507429 0.7379889
v 2.0500000 0.7394681 0.7309788
v 2.0396774 0.7156999 0.7371294
v 2.0173778 0.7058534 0.7487298
v 2.0270977 0.6884729 0.7423401
v 2.0597690 0.7255833 0.7254854
v 2.0706508 0.7092674 0.7204826
v 2.0784246 0.7308351 0.7192982
v 2.0124154 0.6608346 0.7429815
v 1.9872702 0.6604954 0.7432978
v 1.9965616 0.6367065 0.7361627
v 1.9811023 0.6199136 0.7206620
v 1.9584794 0.6342473 0.7103929
v 1.9678383 0.6131971 0.6972539
v 2.0078943 0.6147167 0.7243852
v 2.0213958 0.6004527 0.7051304
v 2.0362990 0.6215094 0.7195188
v 2.0628669 0.6384634 0.7073724
v 2.0750596 0.6375721 0.6821894
v 2.0855777 0.6589464 0.6926978
v 2.1053495 0.6749907 0.6812032
v 2.1132592 0.6791805 0.6564740
v 2.1250623 0.6820378 0.6761544
v 2.0947179 0.6796727 0.7008877
v 2.1031724 0.6969860 0.7092764
v 2.0825971 0.6925722 0.7133916
v 2.0379042 0.6690895 0.7352852
v 2.0500000 0.6506534 0.7247124
v 2.0614386 0.6816354 0.7235883
v 1.9582423 0.6173562 0.6684670
v 1.9404313 0.6374941 0.6578890
v 1.9528219 0.6305696 0.6379281
v 1.9506570 0.6483490 0.6093002
v 1.9364121 0.6645800 0.6035405
v 1.9495583 0.6648016 0.5850072
v 1.9668909 0.6293209 0.6160524
v 1.9798640 0.6262780 0.5956549
v 1.9866185 0.6110010 0.6225534
v 1.9470352 0.6750271 0.5654365
v 1.9348446 0.6871003 0.5629982
v 1.9415569 0.6772174 0.5492441
v 1.9332346 0.6730215 0.5345331
v 1.9220431 0.6844309 0.5338026
v 1.9235274 0.6661293 0.5200000
v 1.9443858 0.6573705 0.5355352
v 1.9466479 0.6324364 0.5200000
v 1.9561649 0.6365266 0.5368698
v 1.9699456 0.6109978 0.5385044
v 1.9765777 0.5832005 0.5200000
v 1.9874657 0.5839451 0.5402365
v 2.0098156 0.5615065 0.5416732
v 2.0226056 0.5453999 0.5200000
v 2.0361891 0.5509911 0.5423465
v 1.9994457 0.5884280 0.5608993
v 2.0117565 0.5936128 0.5818793
v 1.9903062 0.6130585 0.5779520
v 1.9594224 0.6581132 0.5688525
v 1.9653963 0.6392885 0.5542229
v 1.9732620 0.6365208 0.5732134
v 2.0635781 0.5568756 0.5419698
v 2.0760580 0.5626980 0.5200000
v 2.0883425 0.5770219 0.5406798
v 2.1088245 0.6026949 0.5390360
v 2.1155658 0.6170997 0.5200000
v 2.1266347 0.6233430 0.5377139
v 2.0984683 0.6012841 0.5592117
v 2.1060238 0.6307000 0.5743890
v 2.0861767 0.6101708 0.5785352
v 2.1452096 0.6326672 0.5371169
v 2.1496511 0.6420179 0.5200000
v 2.1669544 0.6313185 0.5372033
v 2.1915043 0.6249318 0.5376122
v 2.1943982 0.6329814 0.5200000
v 2.2161934 0.6200138 0.5379271
v 2.1845698 0.6235434 0.5562898
v 2.2006732 0.6214349 0.5762602
v 2.1720430 0.6333423 0.5738554
v 2.1554854 0.6529912 0.5882716
v 2.1654555 0.6607093 0.6049141
v 2.1391740 0.6741088 0.6001592
v 2.1270146 0.6864738 0.6134591
v 2.1391428 0.6864307 0.6321836
v 2.1193860 0.6862684 0.6322688
v 2.1182758 0.6776319 0.5989090
v 2.1012553 0.6662927 0.6029328
v 2.1119557 0.6582032 0.5868310
v 2.1368267 0.6324383 0.5551221
v 2.1462292 0.6430205 0.5719007
v 2.1248063 0.6431532 0.5718739
v 1.9804737 0.6001707 0.6774942
v 1.9953869 0.5971659 0.6525487
v 2.0104553 0.5994815 0.6266412
v 2.0071706 0.5921665 0.6816986
v 2.0360196 0.5985495 0.6783458
v 2.0241641 0.5975085 0.6036066
v 2.0369036 0.5852360 0.5835711
v 2.0500000 0.5675076 0.5636454
v 2.0628227 0.5918140 0.5822426
v 2.0740300 0.6186516 0.5977628
v 2.0838369 0.6428576 0.6112488
v 2.0930633 0.6612104 0.6245168
v 2.1026512 0.6729439 0.6392680
v 2.0850824 0.6478478 0.6524504
v 2.0630126 0.6194183 0.6673838
v 2.0368842 0.6009801 0.6261094
v 2.0623982 0.6173409 0.6203036
v 2.0500000 0.6072868 0.6481188
v 2.0409647 0.7498515 0.3007093
v 2.0584791 0.7590946 0.3142087
v 2.0500000 0.7394681 0.3090212
v 2.0596169 0.7282986 0.3177135
v 2.0770614 0.7389475 0.3302594
v 2.0699167 0.7160480 0.3266446
v 2.0395254 0.7129846 0.2996717
v 2.0263636 0.6816923 0.2905327
v 2.0160147 0.6977409 0.2817127
v 2.0810198 0.7026087 0.3359658
v 2.0992167 0.7120889 0.3448045
v 2.0929375 0.6884447 0.3463141
v 2.1053555 0.6749662 0.3587793
v 2.1260413 0.6791953 0.3618091
v 2.1174735 0.6644693 0.3744340
v 2.0854336 0.6599229 0.3480018
v 2.0754918 0.6330459 0.3550133
v 2.0628417 0.6389756 0.3329945
v 2.0362738 0.6209972 0.3201143
v 2.0218280 0.6049789 0.3376669
v 2.0077502 0.6137403 0.3149153
v 1.9811083 0.6199381 0.3193556
v 1.9720527 0.6279083 0.3518381
v 1.9594583 0.6370898 0.3316435
v 1.9947813 0.6279345 0.2966356
v 1.9833145 0.6453925 0.2826213
v 2.0108382 0.6507981 0.2876611
v 2.0612546 0.6851486 0.3196872
v 2.0500000 0.6506534 0.3152876
v 2.0377202 0.6655763 0.3014393
v 2.1281705 0.6592091 0.3935175
v 2.1521286 0.6553190 0.3914741
v 2.1366366 0.6597963 0.4148643
v 2.1431395 0.6640635 0.4362762
v 2.1689232 0.6535222 0.4325356
v 2.1492078 0.6676909 0.4557913
v 2.1217410 0.6663458 0.4370861
v 2.1099125 0.6661773 0.4553730
v 2.1035367 0.6558900 0.4333758
v 2.1568509 0.6665363 0.4728486
v 2.1822613 0.6554749 0.4706146
v 2.1673157 0.6589897 0.4883632
v 2.1803436 0.6466270 0.5037769
v 2.2040453 0.6404798 0.5033833
v 2.1573350 0.6534173 0.5042117
v 2.1376156 0.6539900 0.5042483
v 2.1213528 0.6424113 0.5035070
v 2.1058175 0.6178927 0.5019371
v 2.0871749 0.5868567 0.4999499
v 2.0634432 0.5602829 0.4982484
v 2.0952619 0.6210458 0.4833824
v 2.0845715 0.6230309 0.4640621
v 2.1017890 0.6510558 0.4697221
v 2.1347352 0.6737153 0.4742985
v 2.1263725 0.6646537 0.4891067
v 2.1171184 0.6695494 0.4734572
v 2.0360543 0.5475838 0.4974353
v 2.0086481 0.5516718 0.4976970
v 1.9844586 0.5687472 0.4987904
v 1.9646636 0.5919295 0.5002747
v 1.9962393 0.5686664 0.4765067
v 1.9860715 0.5927028 0.4579369
v 2.0101513 0.5807528 0.4555234
v 1.9485709 0.6152038 0.5017649
v 1.9347664 0.6352717 0.5030498
v 1.9220739 0.6513263 0.5040778
v 1.9098950 0.6639650 0.5048870
v 1.9243028 0.6417711 0.4861030
v 1.9164327 0.6530603 0.4701270
v 1.9318430 0.6418330 0.4678595
v 1.9432808 0.6501019 0.4509299
v 1.9398797 0.6717670 0.4390099
v 1.9546225 0.6583943 0.4342644
v 1.9624440 0.6572472 0.4137485
v 1.9534172 0.6686058 0.3984533
v 1.9670269 0.6444155 0.3857467
v 1.9703561 0.6406070 0.4279525
v 1.9889000 0.6214037 0.4211381
v 1.9778208 0.6183039 0.4421411
v 1.9549420 0.6070731 0.4815482
v 1.9479284 0.6274185 0.4649482
v 1.9655742 0.6101246 0.4614555
v 2.1074948 0.6520560 0.3897601
v 2.0962548 0.6435130 0.4077372
v 2.0848037 0.6355110 0.4261441
v 2.0869114 0.6347014 0.3806441
v 2.0632205 0.6149366 0.3702620
v 2.0738340 0.6209472 0.4428717
v 2.0626396 0.5962133 0.4586459
v 2.0500000 0.5675076 0.4763546
v 2.0367206 0.5808368 0.4555404
v 2.0239681 0.5952129 0.4357589
v 2.0114220 0.6068282 0.4159658
v 1.9985785 0.6148633 0.3951973
v 1.9853173 0.6210586 0.3734778
v 2.0089997 0.6053129 0.3652069
v 2.0362274 0.6030312 0.3640084
v 2.0625146 0.6146885 0.4187551
v 2.0370005 0.6036325 0.4148318
v 2.0500000 0.6072868 0.3918812
v 1.9048012 1.1120618 0.5287374
v 1.8963829 1.1243566 0.5107560
v 1.8946167 1.1042123 0.5200000
v 1.8788715 1.1016115 0.5104152
v 1.8697844 1.1123173 0.4897186
v 1.8566413 1.1032430 0.4990648
v 1.8881262 1.0907083 0.5290665
v 1.8736904 1.0853223 0.5390892
v 1.8919342 1.0862220 0.5465596
v 1.8290697 1.1059804 0.4852810
v 1.8250104 1.1097650 0.4610719
v 1.7997144 1.1054833 0.4692017
v 1.7736662 1.0979735 0.4520253
v 1.7804583 1.0931075 0.4271746
v 1.7556472 1.0819200 0.4356754
v 1.7799477 1.0934733 0.4801423
v 1.7697013 1.0732341 0.4932339
v 1.7922612 1.0846515 0.5073199
v 1.7997547 1.0792830 0.5323114
v 1.7812032 1.0661256 0.5456678
v 1.7973142 1.0810315 0.5572945
v 1.7892021 1.0868432 0.5841530
v 1.7641153 1.0766865 0.6018987
v 1.7838832 1.0906538 0.6116460
v 1.8201458 1.0887092 0.5666515
v 1.8447895 1.0913243 0.5737477
v 1.8502152 1.0862658 0.5513960
v 1.8399255 1.0958591 0.5089957
v 1.8202854 1.0885946 0.5200000
v 1.8489519 1.0874436 0.5305315
v 1.7481401 1.0585608 0.4220040
v 1.7642284 1.0501100 0.4007203
v 1.7506761 1.0310123 0.4120399
v 1.7605545 1.0027119 0.4057370
v 1.7783382 0.9964012 0.3889258
v 1.7742974 0.9762023 0.4022609
v 1.7490341 1.0068000 0.4275916
v 1.7570353 0.9809734 0.4449335
v 1.7515267 1.0059154 0.4545407
v 1.7889080 0.9527313 0.4005043
v 1.8027339 0.9499389 0.3862561
v 1.8024555 0.9324945 0.3995037
v 1.8140581 0.9151070 0.3986236
v 1.8227607 0.9145498 0.3851159
v 1.8235708 0.9000000 0.3975517
v 1.7985319 0.9161011 0.4105385
v 1.7913169 0.9000000 0.4200782
v 1.7822511 0.9171436 0.4246422
v 1.7742409 0.9176565 0.4436140
v 1.7763086 0.9000000 0.4565685
v 1.7798020 0.9173004 0.4665389
v 1.7944687 0.9163613 0.4896645
v 1.8005156 0.9000000 0.5007263
v 1.8061077 0.9156161 0.5103487
v 1.7838380 0.9349384 0.4768138
v 1.7862549 0.9532671 0.4870791
v 1.7702094 0.9565078 0.4617938
v 1.7731451 0.9559148 0.4163282
v 1.7732756 0.9363249 0.4301999
v 1.7646804 0.9576244 0.4369010
v 1.8052383 0.9156717 0.5296857
v 1.7989815 0.9000000 0.5393922
v 1.7932801 0.9164374 0.5504766
v 1.7801024 0.9172811 0.5734017
v 1.7769146 0.9000000 0.5832910
v 1.7747777 0.9176221 0.5962373
v 1.7842059 0.9348901 0.5631266
v 1.7724345 0.9560584 0.5777433
v 1.7873732 0.9530413 0.5527813
v 1.7795577 0.9173160 0.6163170
v 1.7868427 0.9000000 0.6216501
v 1.7908586 0.9165924 0.6328017
v 1.8035472 0.9157800 0.6467836
v 1.8132789 0.9000000 0.6480139
v 1.8140884 0.9151051 0.6600317
v 1.7919652 0.9338716 0.6456027
v 1.7908250 0.9523441 0.6601853
v 1.7787652 0.9547798 0.6441378
v 1.7650551 0.9787568 0.6416860
v 1.7646048 1.0012746 0.6577005
v 1.7532009 1.0053213 0.6371659
v 1.7467762 1.0327193 0.6293667
v 1.7541308 1.0554140 0.6434944
v 1.7496368 1.0577747 0.6175101
v 1.7498074 1.0065256 0.6121710
v 1.7572768 1.0038750 0.5841983
v 1.7598200 0.9802038 0.5943530
v 1.7721934 0.9364670 0.6101513
v 1.7685746 0.9568379 0.6253833
v 1.7652826 0.9575028 0.6029236
v 1.7451445 1.0601344 0.4493082
v 1.7501951 1.0312228 0.4659332
v 1.7662411 1.0006939 0.4826606
v 1.7556096 1.0546373 0.4790410
v 1.7694592 1.0473624 0.5069893
v 1.7852736 0.9731686 0.4973897
v 1.7999263 0.9505060 0.5095952
v 1.8064770 0.9319666 0.5200000
v 1.8000606 0.9504789 0.5303992
v 1.7874138 0.9725770 0.5424275
v 1.7719266 0.9986764 0.5565912
v 1.7593310 1.0272241 0.5724192
v 1.7556044 1.0546400 0.5882663
v 1.7672600 1.0485175 0.5593381
v 1.7744174 1.0447579 0.5327808
v 1.7808811 0.9954988 0.5081957
v 1.7831037 0.9947101 0.5317068
v 1.7757211 1.0200503 0.5200000
v 1.8985968 0.6788767 0.5108892
v 1.9070151 0.6911716 0.5286042
v 1.8923090 0.6927548 0.5200000
v 1.8849916 0.7055987 0.5292420
v 1.8893384 0.7107198 0.5469957
v 1.8749923 0.7160461 0.5389483
v 1.8757368 0.6946955 0.5102396
v 1.8579431 0.6981254 0.4992058
v 1.8671886 0.6846245 0.4892825
v 1.8611418 0.7239215 0.5496789
v 1.8567523 0.7198290 0.5706145
v 1.8437473 0.7306675 0.5618613
v 1.8250082 0.7388094 0.5753452
v 1.8214084 0.7362304 0.5987229
v 1.8083315 0.7506407 0.5892319
v 1.8315802 0.7435177 0.5522371
v 1.8207137 0.7582933 0.5418949
v 1.8331293 0.7446275 0.5306695
v 1.8256358 0.7392590 0.5089618
v 1.8092118 0.7511847 0.4970068
v 1.8142138 0.7310759 0.4851997
v 1.8094724 0.7276790 0.4608332
v 1.7998635 0.7454071 0.4483423
v 1.8179836 0.7337767 0.4400976
v 1.8233158 0.7138934 0.4739919
v 1.8369732 0.7013883 0.4642051
v 1.8399963 0.7042069 0.4869981
v 1.8592770 0.7221829 0.5299906
v 1.8426182 0.7297405 0.5200000
v 1.8502506 0.7137673 0.5095365
v 1.7968297 0.7670148 0.6021894
v 1.8056538 0.7716500 0.6219889
v 1.7919633 0.7870589 0.6130686
v 1.7931298 0.8088477 0.6214034
v 1.8115274 0.8153762 0.6350608
v 1.7982224 0.8304104 0.6275219
v 1.7816803 0.8047848 0.6023847
v 1.7761916 0.8243212 0.5901581
v 1.7815002 0.8047209 0.5788857
v 1.8046159 0.8504411 0.6323066
v 1.8225232 0.8540578 0.6430401
v 1.8100359 0.8685005 0.6368065
v 1.8130662 0.8848295 0.6418867
v 1.8254223 0.8856206 0.6533042
v 1.7978559 0.8838556 0.6297558
v 1.7836325 0.8829449 0.6148658
v 1.7759144 0.8824507 0.5959225
v 1.7786706 0.8826272 0.5736850
v 1.7899640 0.8833503 0.5508703
v 1.8009303 0.8840524 0.5298561
v 1.7814278 0.8647452 0.5635773
v 1.7859618 0.8466737 0.5529575
v 1.7762413 0.8447105 0.5769513
v 1.7870897 0.8469015 0.6184501
v 1.7793501 0.8644725 0.6078289
v 1.7760631 0.8446745 0.5997838
v 1.8017997 0.8841081 0.5101783
v 1.7911526 0.8834264 0.4892708
v 1.7783702 0.8826079 0.4662556
v 1.7753776 0.8824163 0.4439288
v 1.7810599 0.8646969 0.4763630
v 1.7740162 0.8442611 0.4625858
v 1.7848436 0.8464478 0.4869029
v 1.7863259 0.8831173 0.4260934
v 1.8055293 0.8843469 0.4135844
v 1.8235771 0.8855025 0.4035205
v 1.8340946 0.8861759 0.3918434
v 1.8205263 0.8698776 0.4082999
v 1.8344321 0.8564629 0.4034014
v 1.8147586 0.8524896 0.4123355
v 1.8074648 0.8329649 0.4164251
v 1.8252608 0.8202497 0.4115655
v 1.8004833 0.8114572 0.4214996
v 1.7958632 0.7887658 0.4283380
v 1.8157514 0.7769540 0.4222258
v 1.7953330 0.7662286 0.4373247
v 1.7809070 0.8045104 0.4373778
v 1.7757501 0.8026804 0.4598532
v 1.7734069 0.8235516 0.4491284
v 1.7804322 0.8646145 0.4325223
v 1.7916601 0.8478245 0.4232614
v 1.7754609 0.8445529 0.4400408
v 1.7982390 0.7677551 0.5783799
v 1.7921103 0.7871232 0.5665078
v 1.7902412 0.8078227 0.5541812
v 1.8061828 0.7719278 0.5539227
v 1.8112753 0.7746028 0.5310714
v 1.7920026 0.8286913 0.5420356
v 1.7958717 0.8486751 0.5305735
v 1.7997993 0.8671568 0.5200000
v 1.7957374 0.8486480 0.5094209
v 1.7898624 0.8280997 0.4977816
v 1.7845556 0.8058051 0.4850706
v 1.7829744 0.7831245 0.4718446
v 1.7877791 0.7622607 0.4591946
v 1.7945323 0.7658081 0.4844564
v 1.8063171 0.7719983 0.5086987
v 1.7982167 0.8106529 0.5310439
v 1.7959941 0.8098642 0.5088586
v 1.8031099 0.7919376 0.5200000
v 2.2322140 1.1661221 0.5090352
v 2.2406323 1.1784170 0.5314714
v 2.2465053 1.1582567 0.5200000
v 2.2610364 1.1486282 0.5318201
v 2.2706164 1.1599147 0.5570699
v 2.2758071 1.1373501 0.5444484
v 2.2517817 1.1377249 0.5086983
v 2.2587579 1.1194294 0.4973975
v 2.2484667 1.1338194 0.4866519
v 2.2906537 1.1243691 0.5578185
v 2.2973704 1.1306313 0.5847900
v 2.3051584 1.1094838 0.5717872
v 2.3186646 1.0924791 0.5860881
v 2.3171244 1.0913757 0.6119930
v 2.3304258 1.0733127 0.6003348
v 2.3084514 1.0851621 0.5581455
v 2.3090561 1.0601055 0.5447377
v 2.2940435 1.0748398 0.5320063
v 2.2865500 1.0694713 0.5083623
v 2.2975541 1.0529969 0.4963607
v 2.2910849 1.0727202 0.4844177
v 2.3031288 1.0813488 0.4577335
v 2.3219578 1.0680792 0.4420910
v 2.3136995 1.0889220 0.4291865
v 2.2847269 1.0927097 0.4723595
v 2.2775913 1.1121906 0.4603904
v 2.2695082 1.1046545 0.4855045
v 2.2783450 1.1128933 0.5319614
v 2.2808752 1.0895474 0.5200000
v 2.2693186 1.1044778 0.5085114
v 2.3398143 1.0522335 0.6140855
v 2.3280758 1.0460675 0.6360675
v 2.3464572 1.0297576 0.6269261
v 2.3502086 1.0065312 0.6385119
v 2.3315343 0.9999045 0.6558377
v 2.3510025 0.9831950 0.6485434
v 2.3616101 1.0105771 0.6156766
v 2.3716785 0.9889097 0.6024239
v 2.3584655 1.0094613 0.5876508
v 2.3487396 0.9603348 0.6567261
v 2.3276848 0.9560824 0.6701970
v 2.3433245 0.9385040 0.6627805
v 2.3348304 0.9182373 0.6665263
v 2.3146382 0.9169444 0.6770832
v 2.3236622 0.9000000 0.6679910
v 2.3592147 0.9197986 0.6545980
v 2.3728848 0.9000000 0.6447211
v 2.3813621 0.9212166 0.6380134
v 2.3924686 0.9219278 0.6148647
v 2.3937846 0.9000000 0.5996765
v 2.3879464 0.9216382 0.5868658
v 2.3732159 0.9206950 0.5583707
v 2.3695095 0.9000000 0.5446835
v 2.3612865 0.9199312 0.5323182
v 2.3759857 0.9427913 0.5728930
v 2.3602265 0.9626547 0.5587227
v 2.3761218 0.9658650 0.5878447
v 2.3693988 0.9645072 0.6396029
v 2.3839910 0.9438421 0.6283837
v 2.3805785 0.9667651 0.6162806
v 2.3621559 0.9199869 0.5076474
v 2.3710436 0.9000000 0.4951980
v 2.3744045 0.9207711 0.4814882
v 2.3876460 0.9216190 0.4531937
v 2.3931786 0.9000000 0.4404640
v 2.3919318 0.9218934 0.4252840
v 2.3756179 0.9427430 0.4671667
v 2.3738967 0.9654156 0.4526182
v 2.3591082 0.9624289 0.4814168
v 2.3840555 0.9213891 0.4010274
v 2.3773590 0.9000000 0.3935506
v 2.3668880 0.9202899 0.3820618
v 2.3453413 0.9189103 0.3680665
v 2.3339540 0.9000000 0.3664434
v 2.3233104 0.9174997 0.3577691
v 2.3538148 0.9398810 0.3721131
v 2.3395937 0.9584876 0.3633615
v 2.3588824 0.9623833 0.3786318
v 2.3602448 0.9857496 0.3875097
v 2.3452677 1.0047779 0.3775361
v 2.3575621 1.0091407 0.3985852
v 2.3503571 1.0314645 0.4116673
v 2.3381734 1.0513716 0.3997178
v 2.3383176 1.0514473 0.4264004
v 2.3608368 1.0103027 0.4245608
v 2.3527154 1.0074208 0.4536103
v 2.3688938 0.9881401 0.4382896
v 2.3850731 0.9439842 0.4112651
v 2.3739693 0.9654303 0.3986856
v 2.3799763 0.9666435 0.4238948
v 2.3389063 1.0517566 0.5869934
v 2.3425213 1.0280348 0.5727533
v 2.3430309 1.0039841 0.5585594
v 2.3255509 1.0447412 0.5583379
v 2.3101776 1.0366660 0.5320663
v 2.3434267 0.9811011 0.5450616
v 2.3464386 0.9598700 0.5323339
v 2.3530733 0.9397837 0.5200000
v 2.3463043 0.9598429 0.5076717
v 2.3412866 0.9805096 0.4951212
v 2.3373453 1.0019666 0.4821887
v 2.3333854 1.0240361 0.4688943
v 2.3284465 1.0462622 0.4554321
v 2.3139004 1.0386215 0.4832831
v 2.3052193 1.0340615 0.5081636
v 2.3279440 0.9986305 0.5321914
v 2.3257214 0.9978418 0.5079061
v 2.3151353 1.0160481 0.5200000
v 2.2384184 0.6248164 0.5313382
v 2.2300001 0.6371113 0.5091684
v 2.2488129 0.6387104 0.5200000
v 2.2549163 0.6585821 0.5085227
v 2.2510625 0.6631224 0.4862158
v 2.2574561 0.6819390 0.4975385
v 2.2641710 0.6476788 0.5319956
v 2.2745052 0.6640183 0.5443074
v 2.2732122 0.6370271 0.5575060
v 2.2585816 0.7055327 0.4872216
v 2.2656285 0.6989627 0.4635237
v 2.2611255 0.7266670 0.4771497
v 2.2673226 0.7443038 0.4665414
v 2.2761743 0.7379622 0.4421095
v 2.2777416 0.7592480 0.4547579
v 2.2568189 0.7518290 0.4894751
v 2.2580437 0.7714219 0.5001336
v 2.2531754 0.7544392 0.5100043
v 2.2606689 0.7490707 0.5303644
v 2.2695456 0.7643134 0.5409647
v 2.2741853 0.7393871 0.5530881
v 2.2828585 0.7331735 0.5772803
v 2.2862096 0.7540144 0.5876680
v 2.2795991 0.7355085 0.5990699
v 2.2815569 0.7098929 0.5669971
v 2.2854076 0.6805220 0.5816568
v 2.2797271 0.6858181 0.5561014
v 2.2589935 0.7051487 0.5090523
v 2.2585424 0.7287877 0.5200000
v 2.2680199 0.6967331 0.5314205
v 2.2911247 0.7733421 0.4417211
v 2.2866503 0.7756924 0.4212233
v 2.3051700 0.7883136 0.4279654
v 2.3176332 0.8050284 0.4143478
v 2.2983452 0.8118729 0.4001758
v 2.3270774 0.8234177 0.4016738
v 2.3289639 0.8010076 0.4343471
v 2.3525223 0.8163849 0.4424845
v 2.3284920 0.8011751 0.4589228
v 2.3330318 0.8428377 0.3904630
v 2.3078955 0.8479143 0.3805068
v 2.3357441 0.8624911 0.3809094
v 2.3358223 0.8816992 0.3729634
v 2.3119766 0.8832260 0.3644967
v 2.3598907 0.8801582 0.3851077
v 2.3799807 0.8788718 0.4024786
v 2.3907951 0.8781794 0.4255988
v 2.3890778 0.8782893 0.4529104
v 2.3777207 0.8790165 0.4810945
v 2.3664639 0.8797373 0.5074769
v 2.3783960 0.8568923 0.4667159
v 2.3605196 0.8372861 0.4812407
v 2.3700899 0.8353532 0.4534102
v 2.3554543 0.8383091 0.4056188
v 2.3779165 0.8569552 0.4135875
v 2.3691958 0.8355338 0.4270346
v 2.3655945 0.8797929 0.5324886
v 2.3765320 0.8790926 0.5587644
v 2.3893782 0.8782701 0.5871491
v 2.3913319 0.8781450 0.6145499
v 2.3787638 0.8568440 0.5733437
v 2.3723150 0.8349038 0.5870527
v 2.3616379 0.8370602 0.5588989
v 2.3772873 0.8790443 0.6365622
v 2.3522173 0.8806495 0.6515522
v 2.3253114 0.8823722 0.6616294
v 2.3033043 0.8837813 0.6703557
v 2.3252537 0.8638681 0.6539843
v 2.2959866 0.8503195 0.6530518
v 2.3228890 0.8448861 0.6448949
v 2.3178351 0.8259722 0.6343792
v 2.2846117 0.8167463 0.6331979
v 2.3102797 0.8076378 0.6227493
v 2.3012701 0.7900206 0.6106280
v 2.2765527 0.7809965 0.6145620
v 2.2926214 0.7725560 0.5987648
v 2.3297372 0.8007332 0.6058904
v 2.3342422 0.7991346 0.5823382
v 2.3553069 0.8156152 0.5982290
v 2.3768343 0.8570973 0.6260613
v 2.3508838 0.8392322 0.6326697
v 2.3697980 0.8354122 0.6131408
v 2.2858118 0.7761329 0.4653185
v 2.3006061 0.7903112 0.4748057
v 2.3190307 0.8045325 0.4845987
v 2.2749776 0.7818239 0.4886985
v 2.2683614 0.7852992 0.5098730
v 2.3366977 0.8207587 0.4955131
v 2.3504932 0.8393111 0.5074974
v 2.3597510 0.8593398 0.5200000
v 2.3506275 0.8392840 0.5325082
v 2.3388379 0.8201672 0.5446697
v 2.3247163 0.8025149 0.5561495
v 2.3097420 0.7863125 0.5668418
v 2.2962717 0.7706385 0.5771070
v 2.2866281 0.7757041 0.5529225
v 2.2733197 0.7826947 0.5303569
v 2.3106083 0.8075212 0.5085690
v 2.3128309 0.8067325 0.5315285
v 2.2877465 0.7959397 0.5200000
v 2.0210306 1.0728187 0.7817224
v 2.0086747 1.0854487 0.7716779
v 1.9956144 1.0984873 0.7604398
v 2.0023498 1.0644337 0.7791073
v 1.9856151 1.0497745 0.7665412
v 1.9817900 1.1121338 0.7482360
v 1.9671732 1.1264042 0.7350174
v 1.9520105 1.1406404 0.7201753
v 1.9371747 1.1530147 0.7025552
v 1.9516015 1.1041807 0.7178742
v 1.9404984 1.0787985 0.6971772
v 1.9527208 1.0699910 0.7129555
v 1.9530075 1.0418628 0.7100737
v 1.9406675 1.0267222 0.6969037
v 1.9507456 1.0203630 0.7124294
v 1.9453351 1.0037835 0.7209815
v 1.9242455 0.9981250 0.7234751
v 1.9599289 1.0151187 0.7298680
v 1.9719826 1.0317463 0.7475993
v 1.9777501 1.0836827 0.7493802
v 1.9638662 1.0629010 0.7303457
v 1.9746586 1.0564851 0.7486190
v 1.9243180 1.1606184 0.6810710
v 1.9153942 1.1606703 0.6557489
v 1.9115108 1.1524738 0.6283566
v 1.9118677 1.1386314 0.6017991
v 1.9043660 1.1328311 0.6400935
v 1.8921587 1.1114824 0.6279171
v 1.9001423 1.1092007 0.6492931
v 1.9138210 1.1241619 0.5785405
v 1.9142515 1.1139063 0.5593377
v 1.9112331 1.1101532 0.5432613
v 1.9062886 1.0950349 0.5520245
v 1.8933590 1.0897489 0.5629197
v 1.8713875 1.0921702 0.5774315
v 1.8427802 1.0967978 0.5958084
v 1.8129773 1.0971659 0.6165163
v 1.7882441 1.0888622 0.6367233
v 1.8451280 1.0985441 0.6187316
v 1.8551818 1.0930517 0.6393125
v 1.8729488 1.1009695 0.6213195
v 1.9038345 1.1135425 0.5903729
v 1.8914994 1.0979333 0.5823448
v 1.8898459 1.1067988 0.6046815
v 1.7729786 1.0712087 0.6535923
v 1.7682375 1.0467331 0.6654975
v 1.7721403 1.0192517 0.6724141
v 1.7814283 0.9920621 0.6754632
v 1.7889006 1.0346742 0.6833156
v 1.8111385 1.0218883 0.6982759
v 1.8160490 1.0445897 0.6875872
v 1.7929866 0.9671197 0.6761364
v 1.8046451 0.9451211 0.6757062
v 1.8152716 0.9259815 0.6749942
v 1.8152813 0.9385406 0.6929524
v 1.8170929 0.9526818 0.7122689
v 1.8247094 0.9673298 0.7293962
v 1.8412621 0.9804079 0.7397922
v 1.8666336 0.9897612 0.7404337
v 1.8964773 0.9948822 0.7327767
v 1.8497315 0.9995891 0.7266513
v 1.8612347 1.0166634 0.7104926
v 1.8316052 1.0101046 0.7124026
v 1.7982428 0.9829666 0.6923227
v 1.8125730 0.9747845 0.7101263
v 1.8102542 0.9981728 0.7056697
v 1.9237638 1.1260082 0.6843458
v 1.9126255 1.1007899 0.6672725
v 1.8972541 1.0851055 0.6570773
v 1.9268516 1.0895679 0.6825426
v 1.9295957 1.0583770 0.6808546
v 1.8724080 1.0803702 0.6550124
v 1.8387357 1.0811459 0.6572430
v 1.8028666 1.0797073 0.6580357
v 1.8253470 1.0647753 0.6737009
v 1.8505220 1.0477207 0.6846059
v 1.8738945 1.0318201 0.6933930
v 1.8936023 1.0184928 0.7024013
v 1.9100061 1.0075312 0.7125195
v 1.9214440 1.0199159 0.6952720
v 1.9283029 1.0356077 0.6843365
v 1.8929366 1.0639526 0.6659163
v 1.8851290 1.0467337 0.6779432
v 1.9123789 1.0481344 0.6746320
v 2.0760990 1.0556949 0.7557896
v 2.0916084 1.0435842 0.7462536
v 2.1070407 1.0326903 0.7384191
v 2.0859347 1.0612582 0.7388483
v 2.0967004 1.0704392 0.7264635
v 2.1235636 1.0242252 0.7346062
v 2.1426753 1.0184472 0.7359360
v 2.1654075 1.0144357 0.7416099
v 2.1914741 1.0103908 0.7489099
v 2.1631699 1.0372380 0.7394081
v 2.1873387 1.0591830 0.7422188
v 2.1596940 1.0604403 0.7349646
v 2.1544719 1.0825599 0.7272224
v 2.1736109 1.1018369 0.7200067
v 2.1472201 1.1017356 0.7155046
v 2.1380542 1.1162416 0.6998793
v 2.1507806 1.1260039 0.6830664
v 2.1235992 1.1011810 0.7110628
v 2.1092896 1.0843913 0.7183877
v 2.1191953 1.0437197 0.7299692
v 2.1352360 1.0612029 0.7281531
v 2.1145382 1.0640770 0.7248969
v 2.2188974 1.0043843 0.7540855
v 2.2445215 0.9952218 0.7538437
v 2.2653578 0.9829579 0.7467626
v 2.2800799 0.9687611 0.7338476
v 2.2659348 1.0073796 0.7428169
v 2.2783829 1.0151401 0.7212020
v 2.2630033 1.0316433 0.7349524
v 2.2896982 0.9542179 0.7178751
v 2.2969204 0.9405441 0.7019432
v 2.3046507 0.9281867 0.6881492
v 2.3100042 0.9478152 0.6850029
v 2.3128508 0.9686442 0.6796827
v 2.3134892 0.9903199 0.6725213
v 2.3125308 1.0126729 0.6640058
v 2.3105709 1.0356972 0.6545545
v 2.3078739 1.0593749 0.6443585
v 2.2949741 1.0263568 0.6732294
v 2.2793038 1.0417175 0.6842582
v 2.2855273 1.0201870 0.6957874
v 2.2914051 0.9760375 0.7133119
v 2.3005226 0.9825597 0.6914777
v 2.2898780 0.9982269 0.7057721
v 2.3042499 1.0834465 0.6333762
v 2.2991843 1.1072824 0.6214685
v 2.2921265 1.1299489 0.6085786
v 2.2827594 1.1504272 0.5948420
v 2.2774173 1.1203931 0.6295966
v 2.2530522 1.1304830 0.6361989
v 2.2592491 1.1073517 0.6481504
v 2.2711182 1.1678540 0.5805865
v 2.2575472 1.1816683 0.5662497
v 2.2425732 1.1916394 0.5522808
v 2.2390194 1.1978483 0.5747747
v 2.2276272 1.1923891 0.5963582
v 2.2098282 1.1761123 0.6146469
v 2.1904591 1.1560650 0.6298979
v 2.1741954 1.1405099 0.6452500
v 2.1618947 1.1320285 0.6634015
v 2.2006299 1.1408183 0.6442132
v 2.2115718 1.1255535 0.6593997
v 2.2271855 1.1374006 0.6411428
v 2.2627049 1.1656228 0.6036656
v 2.2378857 1.1744942 0.6104595
v 2.2461989 1.1533416 0.6237401
v 2.2186826 1.0295674 0.7519722
v 2.2419622 1.0454378 0.7438789
v 2.2564928 1.0545659 0.7233122
v 2.2158539 1.0547070 0.7461235
v 2.2098901 1.0781663 0.7359112
v 2.2641319 1.0585724 0.6966980
v 2.2723516 1.0630873 0.6721264
v 2.2866083 1.0720538 0.6521569
v 2.2655651 1.0848335 0.6600369
v 2.2448118 1.0978594 0.6681035
v 2.2233640 1.1100916 0.6755804
v 2.2002488 1.1196072 0.6810744
v 2.1755945 1.1248593 0.6835103
v 2.1889664 1.1139173 0.7034206
v 2.2007474 1.0982895 0.7213915
v 2.2469698 1.0753013 0.7086932
v 2.2355075 1.0936444 0.6923418
v 2.2258568 1.0892910 0.7175939
v 2.0207163 1.0746938 0.2554378
v 2.0016065 1.0669987 0.2568509
v 1.9841655 1.0531466 0.2679081
v 2.0073264 1.0914995 0.2601104
v 1.9923095 1.1105490 0.2649491
v 1.9692145 1.0364206 0.2843255
v 1.9547477 1.0217408 0.2980596
v 1.9362864 1.0127561 0.3016427
v 1.9100592 1.0091943 0.2935711
v 1.9383110 1.0354421 0.3034630
v 1.9221551 1.0481791 0.3131427
v 1.9388153 1.0626205 0.3021142
v 1.9393875 1.0932903 0.3005977
v 1.9288107 1.0978827 0.3239116
v 1.9419218 1.1242665 0.3026604
v 1.9477362 1.1511371 0.3110931
v 1.9400652 1.1465325 0.3421218
v 1.9603855 1.1449582 0.2873618
v 1.9761135 1.1297878 0.2727699
v 1.9695914 1.0670097 0.2760049
v 1.9540197 1.0815232 0.2856085
v 1.9716096 1.0992939 0.2711247
v 1.8769518 1.0069497 0.2801616
v 1.8434049 1.0011321 0.2716420
v 1.8178109 0.9894415 0.2755148
v 1.8052940 0.9731322 0.2925582
v 1.8277294 1.0105303 0.2906453
v 1.8202121 1.0158484 0.3175602
v 1.8428188 1.0280450 0.3109230
v 1.8050776 0.9553996 0.3178123
v 1.8118488 0.9391042 0.3445184
v 1.8192408 0.9255422 0.3676267
v 1.8116989 0.9438239 0.3687702
v 1.8033663 0.9644090 0.3701693
v 1.7951384 0.9873625 0.3724729
v 1.7886540 1.0121644 0.3766441
v 1.7861044 1.0374286 0.3837287
v 1.7895488 1.0609677 0.3943986
v 1.8049515 1.0263952 0.3667241
v 1.8278521 1.0372950 0.3608677
v 1.8152959 1.0197669 0.3448270
v 1.8045573 0.9773093 0.3234548
v 1.8035506 0.9812174 0.3513104
v 1.8076219 0.9992507 0.3322917
v 1.7998977 1.0804539 0.4084734
v 1.8161456 1.0945304 0.4247738
v 1.8355080 1.1037043 0.4415311
v 1.8545599 1.1102752 0.4571577
v 1.8554782 1.0885136 0.4262564
v 1.8892061 1.0825160 0.4279839
v 1.8777673 1.0706710 0.4145195
v 1.8706916 1.1172073 0.4708694
v 1.8829707 1.1266804 0.4827793
v 1.8920301 1.1392349 0.4935197
v 1.8923337 1.1484435 0.4743109
v 1.8994039 1.1478936 0.4552619
v 1.9116050 1.1390853 0.4380454
v 1.9240441 1.1296249 0.4214497
v 1.9323154 1.1279016 0.4013160
v 1.9363187 1.1357333 0.3743088
v 1.9238278 1.1017167 0.4159552
v 1.9213466 1.0795997 0.4090013
v 1.9115990 1.0854355 0.4253743
v 1.8797935 1.1125514 0.4530508
v 1.8981462 1.1218529 0.4468884
v 1.8955618 1.0994181 0.4383409
v 1.8884425 1.0240946 0.2978262
v 1.8717000 1.0350868 0.3120548
v 1.8618993 1.0407988 0.3347966
v 1.8998581 1.0400510 0.3152981
v 1.9098934 1.0561215 0.3308039
v 1.8553086 1.0441760 0.3593440
v 1.8442305 1.0509249 0.3792186
v 1.8243355 1.0640958 0.3939557
v 1.8619341 1.0612547 0.3978273
v 1.8937257 1.0587190 0.4011942
v 1.9140101 1.0647997 0.3979599
v 1.9238552 1.0843762 0.3847663
v 1.9300897 1.1146825 0.3638900
v 1.9243180 1.0934679 0.3541134
v 1.9179300 1.0737217 0.3435606
v 1.8823253 1.0492290 0.3593709
v 1.9006564 1.0558942 0.3812556
v 1.9036674 1.0575115 0.3555796
v 2.0757846 1.0538198 0.2870501
v 2.0845863 1.0552074 0.3093635
v 2.0933955 1.0583775 0.3281476
v 2.0908651 1.0410193 0.2977882
v 2.1055911 1.0293182 0.3071316
v 2.1036131 1.0667373 0.3406063
v 2.1168115 1.0826270 0.3465580
v 2.1337799 1.1057450 0.3488523
v 2.1536711 1.1324860 0.3522566
v 2.1375404 1.0816498 0.3439608
v 2.1619232 1.0827527 0.3389044
v 2.1411387 1.0592606 0.3392244
v 2.1455019 1.0396826 0.3328474
v 2.1688263 1.0377261 0.3277349
v 2.1507353 1.0221589 0.3246995
v 2.1563587 1.0054631 0.3157659
v 2.1772879 0.9993214 0.3140439
v 2.1374941 1.0118251 0.3161364
v 2.1207955 1.0195509 0.3134690
v 2.1083977 1.0484657 0.3345981
v 2.1253895 1.0425808 0.3358928
v 2.1141281 1.0331950 0.3254069
v 2.1738954 1.1569136 0.3612187
v 2.1911166 1.1732787 0.3776850
v 2.2029924 1.1789139 0.4002958
v 2.2095655 1.1756585 0.4255087
v 2.2200917 1.1719327 0.3797381
v 2.2466258 1.1634475 0.3855657
v 2.2327760 1.1551546 0.3623058
v 2.2132102 1.1686574 0.4498394
v 2.2171016 1.1633111 0.4715767
v 2.2233702 1.1625576 0.4909381
v 2.2342292 1.1500228 0.4789465
v 2.2484508 1.1403956 0.4656244
v 2.2659318 1.1323223 0.4505688
v 2.2848543 1.1230425 0.4340819
v 2.3023526 1.1099180 0.4172413
v 2.3159036 1.0918548 0.4014272
v 2.2877675 1.1304236 0.4054155
v 2.2818346 1.1297324 0.3780175
v 2.2693094 1.1489365 0.3944978
v 2.2321974 1.1661838 0.4322792
v 2.2509990 1.1510047 0.4409388
v 2.2519149 1.1607223 0.4132376
v 2.3244441 1.0696158 0.3876506
v 2.3284378 1.0450017 0.3762193
v 2.3290445 1.0197602 0.3669359
v 2.3271993 0.9950195 0.3595426
v 2.3110250 1.0346358 0.3567309
v 2.2896847 1.0223084 0.3411097
v 2.2911068 1.0490122 0.3472868
v 2.3232306 0.9713549 0.3540116
v 2.3170580 0.9491124 0.3505206
v 2.3086199 0.9286260 0.3492299
v 2.2934878 0.9399805 0.3405861
v 2.2776829 0.9515001 0.3320438
v 2.2606646 0.9629587 0.3241980
v 2.2419066 0.9739243 0.3179305
v 2.2212929 0.9838510 0.3140805
v 2.1993719 0.9923169 0.3129762
v 2.2439326 0.9964384 0.3198865
v 2.2445875 1.0202617 0.3236320
v 2.2669898 1.0093962 0.3288352
v 2.3058304 0.9843089 0.3448893
v 2.2833894 0.9735127 0.3331069
v 2.2872457 0.9971491 0.3362664
v 2.1819205 1.1361850 0.3482540
v 2.2114785 1.1360209 0.3468867
v 2.2401200 1.1303974 0.3493824
v 2.1864329 1.1100172 0.3399234
v 2.1890818 1.0829448 0.3341933
v 2.2661295 1.1195106 0.3556899
v 2.2887635 1.1047247 0.3648928
v 2.3080772 1.0876653 0.3758517
v 2.2912351 1.0769377 0.3549540
v 2.2689186 1.0621171 0.3393521
v 2.2444976 1.0455871 0.3284982
v 2.2200599 1.0288438 0.3216650
v 2.1971189 1.0130041 0.3176821
v 2.1942680 1.0345719 0.3233064
v 2.1914806 1.0576525 0.3289485
v 2.2432273 1.1017028 0.3404863
v 2.2441660 1.0728060 0.3339928
v 2.2171452 1.0799140 0.3321945
v 2.0241475 0.7457754 0.2864371
v 2.0099724 0.7203748 0.2762253
v 1.9932568 0.6929086 0.2691375
v 2.0043145 0.7423464 0.2715765
v 1.9816883 0.7410907 0.2584222
v 1.9754255 0.6680728 0.2704681
v 1.9592444 0.6519226 0.2843994
v 1.9479495 0.6493865 0.3115287
v 1.9431767 0.6604451 0.3471563
v 1.9373228 0.6661904 0.2934120
v 1.9192504 0.6865068 0.3084426
v 1.9280032 0.6868162 0.2780166
v 1.9200739 0.7099679 0.2653871
v 1.8998008 0.7259111 0.2769726
v 1.9133891 0.7343358 0.2551458
v 1.9077689 0.7589666 0.2468824
v 1.8856611 0.7717681 0.2540941
v 1.9320405 0.7492374 0.2451512
v 1.9571542 0.7432133 0.2491420
v 1.9685148 0.6928383 0.2612995
v 1.9434966 0.6985751 0.2599103
v 1.9624665 0.7181918 0.2543848
v 1.9428663 0.6778441 0.3827001
v 1.9416576 0.6901901 0.4107376
v 1.9347507 0.6898940 0.4298268
v 1.9220778 0.6790071 0.4442472
v 1.9286658 0.7060181 0.4199448
v 1.9120315 0.7151440 0.4256701
v 1.9210245 0.7199507 0.4087234
v 1.9083759 0.6668751 0.4591188
v 1.8990936 0.6622084 0.4762698
v 1.8964056 0.6673914 0.4942531
v 1.8823514 0.6724792 0.4826413
v 1.8686665 0.6803396 0.4703145
v 1.8564968 0.6918087 0.4577805
v 1.8469467 0.7071591 0.4457158
v 1.8407697 0.7259531 0.4348008
v 1.8381237 0.7471269 0.4255193
v 1.8661278 0.7218070 0.4313886
v 1.8867374 0.7382178 0.4200131
v 1.8908082 0.7193025 0.4289007
v 1.9013527 0.6828317 0.4484322
v 1.8787518 0.6861478 0.4526411
v 1.8955381 0.7005513 0.4383283
v 1.8384974 0.7692842 0.4180039
v 1.8408341 0.7910729 0.4119902
v 1.8437863 0.8114973 0.4068858
v 1.8460102 0.8300756 0.4019201
v 1.8602327 0.8021187 0.4013020
v 1.8666159 0.8064212 0.3831300
v 1.8729570 0.7905814 0.3931780
v 1.8464309 0.8468374 0.3963312
v 1.8444445 0.8621980 0.3895511
v 1.8400207 0.8767579 0.3813480
v 1.8420393 0.8658531 0.3667642
v 1.8416075 0.8528632 0.3479684
v 1.8414958 0.8376870 0.3262059
v 1.8446717 0.8209055 0.3037980
v 1.8530587 0.8035937 0.2832473
v 1.8670013 0.7869006 0.2663707
v 1.8546675 0.8028655 0.3184420
v 1.8654998 0.7859726 0.3338115
v 1.8619076 0.8051725 0.3542933
v 1.8546449 0.8356207 0.3862834
v 1.8507712 0.8372471 0.3604619
v 1.8591949 0.8218678 0.3722321
v 1.9308974 0.6867635 0.3649414
v 1.9212255 0.7117801 0.3819471
v 1.9116055 0.7322863 0.3958019
v 1.9182042 0.6971209 0.3460439
v 1.9056766 0.7101605 0.3271907
v 1.8993467 0.7469899 0.4054675
v 1.8827395 0.7565847 0.4113431
v 1.8618292 0.7631683 0.4148977
v 1.8782695 0.7740416 0.4025071
v 1.8819888 0.7755816 0.3813600
v 1.8770094 0.7705115 0.3496740
v 1.8723479 0.7654040 0.3128104
v 1.8747270 0.7653704 0.2789646
v 1.8837193 0.7448948 0.2932946
v 1.8940545 0.7262291 0.3094154
v 1.9006865 0.7441372 0.3812835
v 1.8889150 0.7566358 0.3656837
v 1.8960739 0.7343149 0.3470475
v 2.0723534 0.7666494 0.3180494
v 2.0881570 0.7683258 0.3125138
v 2.1080684 0.7649191 0.2976457
v 2.0819403 0.7566669 0.3254784
v 2.0924482 0.7450801 0.3323360
v 2.1328559 0.7600831 0.2782855
v 2.1602013 0.7591531 0.2632280
v 2.1848762 0.7662596 0.2610056
v 2.2016860 0.7816410 0.2745668
v 2.1756572 0.7476190 0.2763822
v 2.1911806 0.7363641 0.2915649
v 2.1642433 0.7329059 0.2961203
v 2.1525230 0.7208458 0.3166434
v 2.1714836 0.7016368 0.3234354
v 2.1421394 0.7088071 0.3347124
v 2.1335667 0.6947787 0.3492879
v 2.1505597 0.6744915 0.3572911
v 2.1179527 0.7142537 0.3435956
v 2.1043010 0.7311233 0.3383046
v 2.1212530 0.7520065 0.3037868
v 2.1359126 0.7375175 0.3101946
v 2.1114924 0.7436665 0.3247730
v 2.2093223 0.8015334 0.2991853
v 2.2116391 0.8208747 0.3256858
v 2.2150459 0.8364227 0.3462137
v 2.2244628 0.8478605 0.3578457
v 2.2169944 0.8169574 0.3476832
v 2.2252943 0.8116247 0.3655683
v 2.2219065 0.7937559 0.3465205
v 2.2411529 0.8567627 0.3621999
v 2.2632973 0.8649768 0.3628320
v 2.2878399 0.8736741 0.3629512
v 2.2843124 0.8569096 0.3713015
v 2.2801660 0.8398916 0.3801735
v 2.2763275 0.8224185 0.3889899
v 2.2739123 0.8039014 0.3971776
v 2.2737081 0.7834998 0.4044808
v 2.2754954 0.7606362 0.4112558
v 2.2557439 0.7938780 0.3913088
v 2.2460019 0.7788642 0.3795971
v 2.2383647 0.8038796 0.3794127
v 2.2371755 0.8410437 0.3701140
v 2.2547361 0.8325292 0.3798623
v 2.2356727 0.8239694 0.3762068
v 2.2776776 0.7357260 0.4184731
v 2.2777285 0.7105655 0.4272683
v 2.2734156 0.6878209 0.4382666
v 2.2639949 0.6697616 0.4511915
v 2.2771179 0.6798971 0.4105477
v 2.2677073 0.6528821 0.3954146
v 2.2728645 0.6791564 0.3835111
v 2.2504759 0.6571512 0.4650695
v 2.2348484 0.6491368 0.4788085
v 2.2189947 0.6440687 0.4916716
v 2.2103417 0.6473408 0.4735356
v 2.2042381 0.6461113 0.4536963
v 2.1990926 0.6424340 0.4317105
v 2.1922857 0.6406050 0.4086730
v 2.1817743 0.6448130 0.3871066
v 2.1673477 0.6566639 0.3696100
v 2.2152537 0.6358021 0.3837277
v 2.2330981 0.6443958 0.3620279
v 2.2461933 0.6371321 0.3858614
v 2.2520407 0.6476945 0.4405291
v 2.2289909 0.6385008 0.4338230
v 2.2519386 0.6392471 0.4132250
v 2.2108344 0.7764609 0.2988206
v 2.2194120 0.7716471 0.3224206
v 2.2293875 0.7657232 0.3433756
v 2.2104068 0.7503739 0.3013030
v 2.2073195 0.7246981 0.3075600
v 2.2422384 0.7576405 0.3613681
v 2.2571962 0.7480287 0.3782425
v 2.2705835 0.7395989 0.3967937
v 2.2679580 0.7131147 0.3784086
v 2.2605085 0.6861983 0.3599632
v 2.2425247 0.6666886 0.3472244
v 2.2141082 0.6601355 0.3440676
v 2.1811128 0.6652609 0.3493055
v 2.1925466 0.6805716 0.3318539
v 2.2013351 0.7009374 0.3178233
v 2.2375763 0.7330588 0.3403056
v 2.2431972 0.6983286 0.3405143
v 2.2247387 0.7119124 0.3236624
v 2.0244618 0.7476505 0.7507232
v 2.0050578 0.7449114 0.7643817
v 1.9831379 0.7444628 0.7760271
v 2.0113208 0.7264256 0.7555629
v 1.9965617 0.7049703 0.7562514
v 1.9599222 0.7478876 0.7827828
v 1.9372217 0.7558595 0.7827764
v 1.9168177 0.7679392 0.7757418
v 1.8998473 0.7828374 0.7629521
v 1.9258237 0.7494149 0.7607466
v 1.9183132 0.7473680 0.7330737
v 1.9342661 0.7307256 0.7468009
v 1.9413365 0.7101155 0.7355365
v 1.9309381 0.7055910 0.7126462
v 1.9470025 0.6862761 0.7271226
v 1.9522238 0.6598832 0.7197397
v 1.9402861 0.6539629 0.6975208
v 1.9660321 0.6704765 0.7379798
v 1.9811021 0.6857268 0.7505378
v 1.9675337 0.7287164 0.7702391
v 1.9533431 0.7171972 0.7560438
v 1.9746554 0.7084496 0.7592054
v 1.8865269 0.7989681 0.7465676
v 1.8762874 0.8149645 0.7288284
v 1.8681228 0.8299392 0.7115089
v 1.8609111 0.8434894 0.6957485
v 1.8766697 0.8138067 0.6988546
v 1.8733007 0.8109164 0.6756695
v 1.8839156 0.7973542 0.6876042
v 1.8536229 0.8555810 0.6821128
v 1.8454718 0.8664167 0.6707065
v 1.8360515 0.8763186 0.6612729
v 1.8373907 0.8609008 0.6549253
v 1.8360512 0.8441267 0.6499746
v 1.8323002 0.8253760 0.6460160
v 1.8272726 0.8044100 0.6421725
v 1.8229672 0.7817684 0.6372360
v 1.8219273 0.7590433 0.6299870
v 1.8441817 0.7938396 0.6487377
v 1.8611540 0.7832867 0.6552769
v 1.8624585 0.8042997 0.6599728
v 1.8587869 0.8397719 0.6731192
v 1.8493371 0.8338716 0.6573497
v 1.8618272 0.8229456 0.6657294
v 1.8264700 0.7387186 0.6196774
v 1.8376014 0.7233175 0.6064893
v 1.8542189 0.7140656 0.5916238
v 1.8733244 0.7099137 0.5768087
v 1.8557776 0.7117766 0.6135993
v 1.8745509 0.7008491 0.6204027
v 1.8641519 0.7158371 0.6338189
v 1.8913338 0.7077979 0.5634746
v 1.9056694 0.7041248 0.5521625
v 1.9156086 0.6964731 0.5425279
v 1.9210114 0.6967456 0.5573788
v 1.9227930 0.6906068 0.5746836
v 1.9223405 0.6794610 0.5955973
v 1.9222175 0.6670451 0.6199795
v 1.9247364 0.6574214 0.6463273
v 1.9308656 0.6529590 0.6726797
v 1.9092040 0.6749037 0.6361039
v 1.8998202 0.6903496 0.6495710
v 1.8925912 0.6890971 0.6276214
v 1.8904577 0.7007659 0.5827545
v 1.9070410 0.6911421 0.5888291
v 1.8898222 0.6931706 0.6046940
v 1.8962906 0.7819337 0.7313810
v 1.8942502 0.7819981 0.7016456
v 1.8890046 0.7794903 0.6785156
v 1.9053052 0.7650299 0.7172755
v 1.9124639 0.7467429 0.7057250
v 1.8772021 0.7720369 0.6625899
v 1.8593860 0.7601911 0.6504125
v 1.8403603 0.7475569 0.6370937
v 1.8595411 0.7366935 0.6437272
v 1.8780290 0.7253387 0.6507391
v 1.8948495 0.7119805 0.6592353
v 1.9099958 0.6953665 0.6700917
v 1.9245714 0.6754377 0.6832943
v 1.9207378 0.7010209 0.6906121
v 1.9173423 0.7255053 0.6972245
v 1.8917188 0.7591311 0.6716303
v 1.8929667 0.7360788 0.6658884
v 1.9047854 0.7436920 0.6831641
v 2.0726677 0.7647743 0.7247903
v 2.0832886 0.7506161 0.7227333
v 2.0957531 0.7330184 0.7222751
v 2.0889003 0.7657609 0.7315280
v 2.1095180 0.7615471 0.7479050
v 2.1099775 0.7134693 0.7206895
v 2.1247404 0.6956997 0.7140252
v 2.1378410 0.6842820 0.6994437
v 2.1476691 0.6809737 0.6780319
v 2.1518191 0.6887213 0.7247529
v 2.1831713 0.6825526 0.7354757
v 2.1658562 0.6975466 0.7498034
v 2.1784355 0.7121481 0.7716918
v 2.2096930 0.7149072 0.7783888
v 2.1880918 0.7325399 0.7877254
v 2.1939249 0.7572870 0.7963702
v 2.2158723 0.7705716 0.7883870
v 2.1653825 0.7525310 0.7888444
v 2.1356239 0.7554087 0.7697897
v 2.1176329 0.7280553 0.7347221
v 2.1457591 0.7188953 0.7538512
v 2.1263202 0.7414818 0.7515893
v 2.1553470 0.6815489 0.6550102
v 2.1648531 0.6775818 0.6358284
v 2.1797524 0.6634539 0.6215208
v 2.1993553 0.6419801 0.6084451
v 2.1957919 0.6669165 0.6402237
v 2.2267530 0.6631790 0.6408471
v 2.2118939 0.6739968 0.6596776
v 2.2186552 0.6223797 0.5925013
v 2.2322595 0.6128036 0.5728158
v 2.2381978 0.6149870 0.5515474
v 2.2581664 0.6174913 0.5663876
v 2.2731433 0.6296929 0.5811414
v 2.2808225 0.6516567 0.5942193
v 2.2806878 0.6809145 0.6043939
v 2.2745601 0.7132010 0.6114415
v 2.2660240 0.7441343 0.6163303
v 2.2667677 0.6899276 0.6244644
v 2.2502790 0.7015371 0.6426568
v 2.2514501 0.6713355 0.6352820
v 2.2346792 0.6301904 0.6089157
v 2.2637466 0.6330763 0.6040753
v 2.2462226 0.6466278 0.6237526
v 2.2589253 0.7708771 0.6207533
v 2.2558412 0.7928044 0.6262930
v 2.2573986 0.8109888 0.6337642
v 2.2626174 0.8271181 0.6430740
v 2.2396930 0.8021570 0.6386515
v 2.2342073 0.8060011 0.6574844
v 2.2341988 0.7861589 0.6519480
v 2.2697862 0.8426023 0.6535208
v 2.2772586 0.8582068 0.6642220
v 2.2838707 0.8741134 0.6744279
v 2.2667298 0.8644132 0.6796973
v 2.2531683 0.8540449 0.6877190
v 2.2438781 0.8420581 0.7001999
v 2.2384970 0.8273891 0.7184794
v 2.2348677 0.8095039 0.7422384
v 2.2288478 0.7894660 0.7678764
v 2.2389966 0.8060162 0.7150202
v 2.2403223 0.7823743 0.7120639
v 2.2366874 0.8058809 0.6844689
v 2.2494283 0.8342784 0.6565047
v 2.2451912 0.8385189 0.6763048
v 2.2383050 0.8228915 0.6658317
v 2.1747869 0.6765867 0.6824588
v 2.2028785 0.6765491 0.6838936
v 2.2257686 0.6869944 0.6777384
v 2.1950802 0.6766715 0.7114902
v 2.2130008 0.6855927 0.7377615
v 2.2391908 0.7078495 0.6638302
v 2.2447596 0.7330058 0.6465211
v 2.2491146 0.7552104 0.6312149
v 2.2383127 0.7618791 0.6488380
v 2.2374517 0.7611852 0.6746820
v 2.2413827 0.7567445 0.7084348
v 2.2413143 0.7550530 0.7431233
v 2.2323981 0.7598975 0.7708338
v 2.2319927 0.7302388 0.7681270
v 2.2257290 0.7041843 0.7572997
v 2.2354774 0.7063870 0.6923138
v 2.2403800 0.7305635 0.7023803
v 2.2334503 0.7025354 0.7261260
vn 0.5059146 0.6073111 -0.6125550
vn 0.4832363 0.6159888 0.6221258
vn 0.5402209 -0.1766528 0.8227728
vn -0.8757478 0.1513723 0.4584237
vn -0.5144001 -0.5800789 0.6315861
vn 0.5660081 0.6236303 -0.5391847
vn -0.0243356 -0.8677356 -0.4964300
vn 0.5636616 -0.1741210 -0.8074451
vn 0.5072347 -0.3542239 0.7856452
vn -0.7674787 -0.4247915 0.4801340
vn -0.9001706 -0.4077835 -0.1529885
vn 0.3119664 -0.3026857 -0.9005878
vn -0.2728495 0.6364961 -0.7214055
vn -0.7965189 0.6044447 -0.0142938
vn 0.3688549 0.9294870 -0.0001074
vn -0.6892668 0.4900045 0.5336731
vn -0.0937894 0.9677362 0.2338594
vn -0.5286424 -0.3705345 0.7637024
vn 0.0838610 0.7709997 0.6312898
vn -0.7852452 -0.5378838 0.3067100
vn -0.2044649 -0.0116314 0.9788048
vn 0.6559666 0.2455278 0.7137394
vn -0.7144860 -0.3051299 -0.6296074
vn 0.1982090 0.3023853 -0.9323499
vn 0.9479729 0.0160988 -0.3179437
vn 0.3602957 0.4441164 -0.8203339
vn -0.4975421 -0.3612270 -0.7886488
vn 0.0271330 -0.9936737 -0.1089787
vn -0.7828128 -0.5755179 0.2366079
vn 0.3123720 -0.9499599 -0.0000755
vn -0.7718689 -0.5973113 0.2178015
vn -0.1963622 -0.8479515 -0.4923618
vn -0.6666316 0.7219911 0.1852867
vn -0.4393769 0.5929597 -0.6747939
vn -0.9900686 0.1344337 -0.0411317
vn -0.4101243 -0.3771636 -0.8303889
vn -0.7437927 -0.5631074 0.3601145
vn 0.8573401 0.5118965 0.0541289
vn 0.7122090 0.4656139 0.5253208
vn 0.9938608 0.1057944 0.0323755
vn 0.6968859 -0.2012578 0.6883643
vn 0.9527210 -0.2974428 -0.0620527
vn 0.6685665 0.3230413 -0.6698232
vn 0.1943615 0.4184641 -0.8871930
vn 0.5238101 0.8498584 -0.0579967
vn 0.5935573 0.6821968 -0.4269629
vn -0.7680394 0.2412722 -0.5932143
vn -0.2815427 0.8471078 0.4507128
vn -0.4037685 0.9013390 -0.1567132
vn -0.1793916 0.8847621 -0.4301333
vn 0.0809876 0.9902024 0.1137549
vn -0.1017904 0.3991016 0.9112390
vn 0.3738072 0.4295659 0.8220349
vn 0.6237322 0.7798226 0.0532430
vn -0.4281077 0.6415741 0.6364798
vn -0.0207254 0.7111995 0.7026847
vn 0.5567827 0.8305618 0.0126579
vn -0.9053812 0.3815203 -0.1863521
vn -0.0678386 0.3442366 0.9364289
vn -0.8337526 0.1205476 0.5388181
vn -0.3730415 0.2183204 0.9017628
vn -0.3991658 0.1971856 0.8954242
vn -0.9226677 -0.0645101 0.3801615
vn -0.9006852 -0.4340618 0.0188838
vn 0.4051839 0.0961801 0.9091619
vn 0.3500676 -0.3569527 0.8660470
vn -0.0784657 -0.6197621 0.7808573
vn 0.6291835 0.4665671 0.6216456
vn 0.7925702 0.4190559 0.4429725
vn 0.2093261 -0.2427528 0.9472348
vn -0.6002946 -0.4852710 0.6357346
vn 0.3306761 0.2312959 0.9149621
vn 0.8265517 -0.4292203 0.3641184
vn 0.6826451 -0.1684424 0.7110716
vn -0.3908663 0.3175199 -0.8639471
vn 0.6586726 0.6926102 -0.2940092
vn 0.7264966 0.4866921 -0.4851119
vn 0.8783449 0.2038031 -0.4324055
vn 0.3227374 -0.1883290 -0.9275628
vn 0.5178353 -0.4563035 -0.7236254
vn 0.1422575 -0.3244085 -0.9351588
vn -0.4744197 -0.7437821 -0.4708653
vn -0.4413386 -0.5577245 -0.7029678
vn -0.6775916 -0.1726760 -0.7148794
vn -0.4684683 0.0972852 -0.8781076
vn 0.3867096 0.1972348 -0.9008630
vn 0.4265430 -0.0323944 -0.9038870
vn 0.1310244 0.1534525 -0.9794309
vn -0.9232119 -0.3529468 0.1520140
vn -0.9936944 -0.0290236 -0.1083010
vn 0.0353433 -0.2487943 0.9679113
vn 0.1697885 -0.2244054 0.9595906
vn 0.6319623 -0.6883585 0.3560705
vn -0.5469387 -0.8371599 0.0046208
vn -0.5702865 -0.7309465 -0.3748206
vn -0.7855572 -0.4773181 0.3937859
vn 0.6707795 -0.4566013 0.5844400
vn 0.4897857 -0.7068740 -0.5103324
vn -0.4066257 -0.7534376 0.5167082
vn 0.3896928 -0.2448618 -0.8877963
vn 0.3845897 -0.1817418 -0.9050197
vn 0.5319429 -0.7520476 -0.3891801
vn 0.7969995 -0.5920431 -0.1194859
vn -0.3541414 -0.9186198 0.1752754
vn -0.4482241 -0.7142505 -0.5375326
vn -0.4508750 -0.5649283 -0.6910628
vn -0.0164414 0.9812401 -0.1920871
vn -0.1738242 0.9696930 0.1716991
vn -0.8029716 0.5354276 0.2618278
vn -0.8566916 -0.2918457 0.4253300
vn -0.7437208 -0.3416741 -0.5745765
vn -0.9119032 -0.0758333 -0.4033383
vn -0.8690883 -0.2372657 -0.4340398
vn -0.9607345 -0.0758435 0.2669026
vn -0.7720405 -0.3804365 0.5091381
vn -0.5710957 -0.8087583 0.1405696
vn -0.3950598 -0.9005630 -0.1814222
vn -0.7982592 -0.5225412 0.2995546
vn -0.9339695 -0.1263394 -0.3342742
vn -0.4888637 -0.0492770 0.8709673
vn -0.9402733 -0.0349696 0.3386196
vn -0.4025294 -0.1194909 -0.9075748
vn 0.7359678 0.6073196 0.2991892
vn 0.8237982 0.5107059 -0.2460405
vn 0.8685170 0.4103320 -0.2780394
vn 0.8208032 0.3348485 -0.4627728
vn 0.5570979 0.2227180 0.8000242
vn 0.8953770 -0.0606244 0.4411630
vn 0.7933959 0.4077659 0.4519403
vn 0.9405056 -0.0610274 -0.3342528
vn 0.6294890 0.1584181 -0.7606887
vn 0.9688574 -0.1843996 -0.1652638
vn 0.9441570 -0.2510207 0.2134388
vn 0.8699327 -0.3755731 -0.3196279
vn 0.6225968 -0.7372221 0.2624439
vn 0.2062974 -0.5102692 -0.8349052
vn 0.6707965 -0.6856917 -0.2825931
vn 0.1368482 -0.5412560 0.8296472
vn -0.7723808 0.0028164 0.6351536
vn -0.3773614 0.7285577 0.5716660
vn -0.0341497 0.6010143 0.7985084
vn -0.1045099 0.4359974 0.8938590
vn 0.8272429 0.4468854 0.3405328
vn 0.4087576 0.6384394 0.6521597
vn -0.8347889 0.2314899 -0.4995397
vn -0.4242102 0.8670291 -0.2613547
vn -0.2333675 0.7365951 -0.6347970
vn -0.1846595 0.2119466 -0.9596768
vn 0.5118733 0.6264513 -0.5878303
vn 0.3536148 0.1749112 -0.9188921
vn -0.8127702 -0.5507583 -0.1899209
vn -0.5337955 -0.6048728 -0.5909240
vn -0.8885587 -0.4293811 0.1615406
vn -0.0861454 -0.6355031 -0.7672775
vn 0.8243858 0.2845983 -0.4892769
vn 0.7078174 -0.4842906 -0.5142540
vn -0.8498966 -0.4115436 0.3291013
vn -0.7162598 -0.2897652 0.6348291
vn -0.6402504 -0.5802380 0.5033918
vn 0.0049139 -0.7939401 0.6079761
vn 0.6368735 -0.4983208 0.5882758
vn 0.9941678 0.0406754 -0.0998798
vn 0.7613327 0.4927213 -0.4214239
vn 0.4445248 0.4196520 -0.7913848
vn 0.7366135 0.3859046 -0.5554081
vn 0.5846528 0.6543614 -0.4795751
vn -0.4330564 0.7327609 -0.5249035
vn 0.1721313 0.9850730 -0.0013862
vn 0.6668487 0.4470399 -0.5962115
vn -0.0091625 0.8564363 -0.5161714
vn 0.0221135 0.2778518 -0.9603694
vn -0.0438850 0.9875954 -0.1507628
vn -0.8371763 0.3255482 -0.4394931
vn -0.2004910 0.6560821 -0.7275711
vn -0.7419435 0.6407550 -0.1973650
vn -0.9630719 0.2553667 0.0853246
vn -0.8615807 0.2927413 0.4147062
vn 0.3370068 0.8579264 -0.3877998
vn 0.4956996 0.8366346 0.2330759
vn 0.6257792 0.6287593 -0.4615866
vn 0.1031477 0.6937552 -0.7127863
vn -0.2953034 0.9098512 -0.2914905
vn -0.2948895 0.7442572 -0.5992674
vn -0.0339684 0.8677834 -0.4957803
vn 0.2454426 0.8135537 -0.5271511
vn 0.4412696 0.8281247 -0.3456743
vn -0.3640092 0.9304058 -0.0429227
vn -0.1763179 0.9761838 -0.1264011
vn -0.4168574 0.9083083 -0.0347263
vn 0.4739165 0.8622491 0.1786888
vn 0.5367487 0.7919234 -0.2911325
vn 0.0133977 0.9738736 0.2266951
vn 0.2474649 0.5649050 0.7871743
vn 0.6446192 0.4863783 0.5898324
vn 0.5587020 0.4728155 0.6813939
vn 0.5409645 0.6515609 0.5318137
vn 0.0103673 0.7823075 0.6228062
vn 0.2200573 0.9743158 0.0477853
vn 0.4741631 0.5968149 0.6472877
vn 0.3560037 0.8717479 0.3366257
vn -0.4090073 0.3263885 0.8521641
vn -0.3362339 0.8822316 0.3295665
vn -0.2219929 0.7352595 0.6404004
vn -0.3838180 0.6242671 0.6804222
vn -0.0940557 0.9633311 0.2512902
vn 0.4630333 0.8831647 -0.0749687
vn -0.4430996 0.7794863 0.4427911
vn -0.2272489 0.7222721 0.6532082
vn 0.4450031 0.6896186 0.5713129
vn 0.1717564 0.8254189 0.5377577
vn -0.7786916 0.4829165 0.4005384
vn -0.9584052 0.1624730 0.2346528
vn -0.3599659 0.9284475 -0.0917051
vn -0.8223789 0.5667035 -0.0503987
vn 0.1078676 0.9889804 -0.1014019
vn 0.3523183 0.9216330 -0.1626789
vn 0.4721736 0.8272994 0.3043482
vn 0.6050672 0.7722762 -0.1936055
vn 0.2995186 0.6013993 0.7406804
vn -0.3691961 0.4554521 0.8100973
vn -0.6306039 0.1933397 0.7516372
vn -0.7692252 0.1173836 0.6281032
vn -0.5986199 0.4919652 0.6321586
vn -0.0063584 0.6313446 0.7754764
vn -0.7005572 -0.0578096 0.7112508
vn -0.5991140 -0.2033299 0.7744155
vn -0.4195198 -0.0844438 0.9038099
vn -0.0277142 0.6034996 0.7968815
vn -0.3227549 0.6225245 0.7129464
vn -0.8178870 0.0923193 0.5679244
vn -0.9351579 -0.3402313 0.0986019
vn -0.8848713 -0.4162781 0.2090822
vn -0.8807432 -0.4313134 0.1956020
vn -0.9171650 -0.3192357 0.2385309
vn -0.8810098 -0.4693193 0.0596757
vn -0.7189910 -0.3066436 0.6237160
vn -0.1052718 -0.2178124 0.9702967
vn -0.3425525 -0.5651732 0.7504911
vn 0.4221315 -0.1421165 0.8953256
vn 0.5938984 -0.2009066 0.7790515
vn 0.6202223 -0.1939900 0.7600606
vn 0.3754022 -0.4469633 0.8119711
vn 0.3855182 -0.1904413 0.9028332
vn -0.4329024 -0.5425554 0.7198814
vn -0.1674149 -0.2319755 0.9582065
vn 0.1993147 0.4735732 0.8579056
vn 0.1290502 0.2005087 0.9711551
vn 0.2025868 0.2421186 0.9488610
vn 0.7048639 0.5423528 0.4571874
vn 0.6903557 0.5492594 0.4708749
vn 0.5871810 0.4338122 0.6833926
vn 0.2349890 0.0480673 0.9708088
vn 0.7665703 0.4848311 0.4210805
vn 0.4284830 0.3380087 0.8379453
vn -0.0150506 0.1652369 0.9861391
vn -0.2352987 -0.4202061 0.8763911
vn -0.4392666 -0.6157606 0.6541282
vn -0.4777721 -0.6464134 0.5948811
vn -0.3533706 -0.5032343 0.7885965
vn -0.3762921 -0.5075872 0.7750867
vn -0.1445013 -0.2624203 0.9540728
vn 0.4335883 0.1216267 0.8928651
vn 0.6203816 0.3721932 0.6903614
vn 0.8865628 0.1349948 0.4424736
vn 0.5106944 -0.1013256 0.8537707
vn 0.6441754 -0.4166779 0.6414184
vn 0.6562750 -0.5650637 0.5000061
vn 0.7836887 -0.2998253 0.5440007
vn 0.1564573 -0.1910263 0.9690356
vn 0.1198103 -0.0661395 0.9905913
vn -0.0679759 0.0055427 0.9976716
vn 0.6989643 0.2179056 0.6811506
vn 0.7073134 0.3629990 0.6065801
vn 0.7034200 0.4198987 0.5734853
vn 0.1137600 0.6263075 -0.7712312
vn 0.6721680 0.6610686 -0.3334344
vn 0.5561962 0.6869818 -0.4676556
vn 0.7083249 0.6232076 -0.3314937
vn 0.4580695 0.6469269 -0.6096375
vn 0.7193687 0.5286079 -0.4506466
vn 0.3439380 0.5227262 -0.7800410
vn -0.1032886 0.0594707 -0.9928719
vn -0.6534356 -0.0703665 -0.7537045
vn 0.5921075 0.2223420 -0.7745791
vn 0.2243902 0.0012606 -0.9744986
vn 0.4338456 -0.1887606 -0.8809923
vn 0.3330629 -0.4174535 -0.8454594
vn 0.3329365 -0.2812433 -0.9000308
vn 0.2236408 -0.4688597 -0.8544913
vn 0.8032397 -0.1625879 -0.5730368
vn 0.9695289 0.0604534 -0.2374006
vn 0.9496535 0.1733750 -0.2609584
vn 0.7573821 -0.1331520 -0.6392518
vn 0.2202499 -0.6713706 -0.7076380
vn -0.3078732 -0.6687360 -0.6767616
vn -0.5444398 -0.6755021 -0.4972748
vn -0.3135775 -0.7109791 -0.6294267
vn 0.1463609 -0.4771256 -0.8665620
vn -0.5721584 -0.5651738 -0.5943175
vn -0.6677116 -0.4477316 -0.5947248
vn -0.4599644 -0.3649796 -0.8094582
vn 0.8386843 0.3986657 -0.3710450
vn 0.8688531 0.2369358 -0.4346904
vn 0.6070442 0.2134893 -0.7654539
vn -0.3386316 0.2471883 -0.9078692
vn -0.7187903 0.0441657 -0.6938226
vn -0.8186075 -0.1022686 -0.5651751
vn -0.7887819 -0.1864151 -0.5857240
vn -0.7240905 -0.1324341 -0.6768709
vn 0.3533175 0.3162990 -0.8804099
vn -0.1123885 0.0173709 -0.9935125
vn -0.5454866 -0.2049416 -0.8126766
vn 0.0879417 -0.1356015 -0.9868528
vn 0.4859917 -0.0670835 -0.8713850
vn 0.5990748 -0.0294205 -0.8001524
vn 0.4425988 0.0668550 -0.8942241
vn 0.0469492 -0.1517365 -0.9873053
vn 0.2283982 0.0366011 -0.9728795
vn -0.1933885 -0.1375352 -0.9714345
vn -0.8691866 -0.4316350 -0.2412590
vn -0.8058734 -0.3053072 -0.5073023
vn -0.9601113 -0.2744964 0.0532726
vn -0.9190126 -0.3254045 0.2225485
vn -0.9390309 -0.2935014 0.1791031
vn -0.5889103 0.0477541 -0.8067864
vn -0.2296174 0.5008480 -0.8345221
vn 0.3316530 0.3540812 -0.8744328
vn 0.1302342 0.2754515 -0.9524524
vn 0.3708956 0.2346908 -0.8985303
vn 0.4378493 0.3527896 -0.8269386
vn 0.2655388 -0.0797115 0.9607993
vn 0.5495705 -0.0902700 0.8305562
vn 0.4703441 -0.0379504 0.8816667
vn 0.2876487 -0.3460649 0.8930271
vn -0.4994523 -0.4079272 0.7642923
vn -0.2709182 -0.8616763 0.4290889
vn 0.6112106 -0.3144891 0.7263045
vn 0.7607832 -0.6442570 0.0783702
vn 0.1093107 -0.8739502 0.4735634
vn -0.5537195 -0.7960058 -0.2444779
vn -0.6618463 -0.6905768 -0.2916559
vn -0.7256308 -0.6364086 -0.2616180
vn -0.8044139 -0.4630982 0.3720999
vn -0.6216159 -0.6975605 0.3563749
vn -0.6807689 -0.4802202 0.5531205
vn -0.7746493 -0.4707771 0.4222409
vn -0.6196636 -0.7457592 0.2446633
vn -0.3196101 -0.7285172 0.6058978
vn 0.5184442 -0.6350121 0.5726912
vn 0.7953362 -0.5653774 -0.2186065
vn 0.5984504 -0.6409969 0.4806038
vn -0.2019901 -0.9618205 0.1846653
vn -0.1937117 -0.8472271 -0.4946535
vn -0.1907878 -0.9785688 -0.0774797
vn -0.0948185 -0.6551715 0.7495063
vn -0.4162382 -0.8256060 0.3809469
vn 0.6197183 -0.7710743 0.1462658
vn 0.1617285 -0.9831463 -0.0852480
vn 0.3990898 -0.8156355 0.4188868
vn 0.7848781 -0.6188666 0.0311533
vn 0.6335959 -0.0179746 -0.7734554
vn 0.5282882 -0.1718505 -0.8314920
vn 0.6529863 -0.0332121 -0.7566411
vn 0.6723119 -0.1635042 -0.7219856
vn 0.1175212 -0.3906467 -0.9130082
vn 0.6688795 -0.5752726 -0.4708095
vn 0.4443926 -0.4594675 -0.7690285
vn -0.4194899 -0.9067434 -0.0429495
vn -0.4951883 -0.7776683 -0.3873249
vn 0.3603377 -0.9199784 0.1542610
vn -0.3232147 -0.9410643 0.0996505
vn 0.0377630 -0.9837746 0.1753898
vn -0.1456723 -0.8756135 -0.4605220
vn -0.2548272 -0.9320392 -0.2576161
vn 0.7221045 -0.4464662 -0.5284251
vn 0.6820465 -0.5134510 -0.5207501
vn -0.0337238 -0.8020324 -0.5963278
vn -0.6672508 -0.6489813 -0.3655128
vn -0.7558049 -0.6412143 -0.1326771
vn -0.6205548 -0.7684742 0.1560742
vn -0.6359667 -0.4981263 -0.5894205
vn -0.8057456 -0.5393316 -0.2447356
vn -0.7485762 -0.6621255 0.0349778
vn 0.6262391 -0.7792844 0.0232475
vn 0.4594057 -0.7901865 -0.4056497
vn -0.1288607 -0.9912915 0.0271326
vn -0.7004450 0.5909767 0.4001542
vn -0.6805743 0.5118942 0.5241974
vn -0.1030437 0.8872023 0.4497267
vn -0.2460958 0.8792998 0.4077607
vn -0.1353288 0.9492369 -0.2839637
vn -0.7942892 0.5332857 0.2910516
vn -0.1365925 0.9905839 -0.0092776
vn -0.6859563 0.6390493 -0.3479654
vn -0.1355837 0.9723166 -0.1903089
vn -0.9974809 -0.0702798 -0.0096211
vn -0.6678497 0.0016831 -0.7442942
vn -0.8818785 -0.3315454 -0.3352132
vn -0.6941083 -0.3292033 -0.6401865
vn -0.8247619 -0.4402462 -0.3548958
vn -0.5474292 -0.2439020 -0.8005205
vn -0.9559409 -0.2046551 0.2104598
vn -0.8701312 0.0566180 0.4895571
vn -0.8720761 -0.1526471 0.4649538
vn -0.8791251 -0.1163491 -0.4621709
vn -0.8884870 0.0582046 -0.4551957
vn -0.9547857 -0.1781198 -0.2380284
vn -0.8210043 -0.3613269 0.4420348
vn -0.6762417 -0.2553517 0.6910084
vn -0.7472256 -0.4579236 0.4816221
vn -0.9413006 -0.3216907 0.1023143
vn -0.8636658 -0.0327331 0.5030010
vn -0.9755575 0.0027927 -0.2197266
vn -0.8978110 -0.1658190 0.4079700
vn -0.9278999 -0.3705339 0.0413080
vn -0.9486684 -0.1118675 -0.2958275
vn -0.4945815 -0.7006130 0.5143253
vn -0.4289217 -0.7885013 0.4407856
vn -0.4843078 -0.6923646 0.5348619
vn -0.6037782 -0.7966934 0.0270450
vn -0.5524860 -0.8057639 -0.2133162
vn -0.7171452 -0.6266080 -0.3050659
vn -0.6390457 -0.5929163 0.4899703
vn -0.8380406 -0.4931868 0.2333553
vn -0.5616941 -0.6834569 -0.4662471
vn -0.9196982 -0.3924396 -0.0120973
vn -0.5792914 -0.1637599 0.7985012
vn -0.8516445 -0.0896158 0.5164017
vn -0.6798599 -0.0333789 0.7325820
vn -0.6208284 -0.2047936 0.7567243
vn -0.9982848 0.0268545 -0.0520215
vn -0.9122442 0.0975464 -0.3978634
vn -0.9054837 0.1355105 0.4021644
vn -0.9982078 0.0564284 0.0199232
vn -0.5016697 -0.0538985 -0.8633785
vn -0.7273292 -0.2705291 -0.6307188
vn -0.6746176 -0.0812505 -0.7336821
vn -0.3227593 -0.1724345 -0.9306411
vn -0.9045701 -0.3006091 -0.3023029
vn -0.8942068 -0.3598646 -0.2662548
vn -0.9980182 -0.0360770 0.0515570
vn -0.8726228 -0.2318804 0.4298382
vn 0.7359343 0.5933335 -0.3261229
vn 0.7197338 0.5315317 -0.4466065
vn 0.7951018 0.4012421 -0.4547723
vn 0.7871352 0.3391454 -0.5151685
vn 0.8442485 0.5196024 0.1313689
vn 0.8276311 0.3760027 -0.4167118
vn 0.8610442 0.4964162 0.1103348
vn 0.7322480 0.4858783 0.4772160
vn 0.7222014 0.5577479 0.4090751
vn 0.8948649 0.4393859 -0.0784651
vn 0.5842555 0.3694800 0.7225857
vn 0.8235289 0.3745972 0.4260014
vn 0.6220359 0.1324243 0.7717092
vn 0.5566809 -0.0408190 0.8297229
vn 0.4093625 -0.1788252 0.8946753
vn 0.9549692 0.2577620 -0.1469443
vn 0.9087278 0.0477791 -0.4146456
vn 0.8631336 0.2949207 -0.4099051
vn 0.8559067 0.3270690 0.4005615
vn 0.9224975 0.0487681 0.3829100
vn 0.9453947 0.2778277 0.1704132
vn 0.7672311 0.1191185 -0.6302120
vn 0.5099038 -0.1894480 -0.8391112
vn 0.4699750 -0.0693733 -0.8799493
vn 0.9114217 0.3722427 -0.1753449
vn 0.8067845 0.3514354 -0.4749652
vn 0.8267011 0.4695566 0.3099709
vn 0.7872909 0.3494746 -0.5079768
vn 0.8905329 0.4525858 -0.0460136
vn 0.7972116 0.4734002 0.3746277
vn 0.5672162 -0.6975038 -0.4378975
vn 0.5252240 -0.7679605 -0.3665739
vn 0.9217601 -0.0779691 -0.3798410
vn 0.9953250 0.0752265 0.0605730
vn 0.9401610 -0.0677857 0.3339198
vn 0.7700229 -0.4421939 0.4599231
vn 0.9046520 0.0939563 -0.4156645
vn 0.8714755 -0.3070031 -0.3824651
vn 0.9854427 0.0493985 0.1626729
vn 0.5543413 -0.8266920 0.0963638
vn 0.4336231 -0.5554597 -0.7095319
vn 0.5310843 -0.7191243 -0.4481179
vn 0.5190314 -0.4219568 -0.7433431
vn 0.2291171 -0.4214903 -0.8774117
vn 0.9034834 -0.4286213 -0.0012263
vn 0.8723521 -0.3515331 0.3397443
vn 0.8808375 -0.3193245 -0.3495099
vn 0.9119474 -0.4093833 0.0275188
vn 0.3893798 -0.4004298 0.8294814
vn 0.2817713 -0.4851635 0.8277809
vn 0.4147499 -0.6660996 0.6199144
vn 0.2006609 -0.4999184 0.8425062
vn 0.5717264 -0.8021028 0.1725112
vn 0.4606537 -0.8514927 0.2505161
vn 0.6401024 -0.7672828 -0.0393197
vn 0.5158407 -0.7499020 -0.4141924
vn -0.6707435 0.2264365 0.7062787
vn -0.7677772 -0.0055046 0.6406933
vn -0.7847278 -0.0733385 0.6154865
vn -0.8735321 0.0792644 0.4802695
vn -0.2195037 0.7262329 0.6514629
vn -0.8932400 0.1365396 0.4283449
vn -0.8620480 0.4799629 -0.1628155
vn -0.7408940 0.5875908 -0.3252893
vn -0.1533514 0.9689173 -0.1941199
vn -0.0622871 0.9194941 0.3881376
vn -0.2878872 0.5376293 0.7925123
vn -0.6369993 0.0301050 0.7702763
vn -0.8393379 -0.3051257 0.4499002
vn -0.5753934 0.3803425 0.7240594
vn 0.0556139 0.7685013 0.6374267
vn -0.5184662 0.1259361 0.8457735
vn 0.1040037 0.6221931 0.7759246
vn 0.0928745 0.6400887 0.7626669
vn 0.4213972 0.3795745 0.8236186
vn -0.1794364 0.1556980 0.9713705
vn -0.1940575 0.1266213 0.9727840
vn -0.1601610 0.3583896 0.9197311
vn -0.0151124 0.8255135 0.5641800
vn 0.2820365 0.2023970 0.9378117
vn 0.8219947 0.1681248 0.5441129
vn 0.8509889 0.0501285 0.5227858
vn 0.7830118 0.3209603 0.5328012
vn 0.6238457 0.4295367 0.6529279
vn 0.5049658 0.4575691 0.7318743
vn 0.5137657 0.5564080 0.6530352
vn 0.5553737 0.7444958 0.3705214
vn 0.1315466 0.6120993 0.7797627
vn 0.1415713 0.8893532 0.4347511
vn 0.4615458 0.5674134 0.6819219
vn 0.6992469 0.6077030 0.3764982
vn 0.4277717 0.8110903 0.3989285
vn -0.4021481 0.0152537 -0.9154476
vn -0.5772720 -0.1573504 -0.8012477
vn -0.0007085 0.4537967 -0.8911050
vn -0.6723890 0.0984860 -0.7336168
vn -0.9502168 0.2759807 -0.1446465
vn -0.0909865 0.7851242 -0.6126186
vn -0.8801548 0.4213325 -0.2186470
vn -0.9812254 -0.1927785 0.0057562
vn -0.8831896 0.1819486 -0.4322856
vn -0.2184907 0.6492661 -0.7285021
vn 0.1378567 0.7261113 -0.6736156
vn 0.0197907 0.7386331 -0.6738171
vn -0.7650603 0.5055536 -0.3988713
vn -0.6706401 0.1917519 -0.7165703
vn -0.9736799 0.2188435 -0.0636781
vn -0.2885379 0.9144629 -0.2837314
vn -0.0577246 0.9507930 -0.3044020
vn -0.8285302 0.5587429 0.0366622
vn 0.6750846 0.5942784 -0.4371430
vn 0.0132334 0.2591876 -0.9657363
vn -0.1826492 0.2264015 -0.9567558
vn 0.1573014 0.5754449 -0.8025705
vn -0.0721560 0.3255284 -0.9427750
vn 0.0297832 0.6454851 -0.7631920
vn 0.3398802 0.9401157 0.0257669
vn 0.5280312 0.8079962 0.2613910
vn 0.6512070 0.7153931 0.2532631
vn 0.7917710 0.5525708 -0.2603155
vn 0.6561386 0.2916620 -0.6959996
vn 0.5273902 0.1482212 -0.8365943
vn 0.4438100 -0.0326684 -0.8955252
vn 0.3483655 0.0503856 -0.9360036
vn 0.1152427 0.1741943 -0.9779445
vn 0.0490373 0.2580333 -0.9648907
vn 0.4075547 0.2710218 -0.8720358
vn 0.0457268 0.2076777 -0.9771279
vn 0.4121173 -0.1078522 -0.9047249
vn -0.3405596 -0.5298964 -0.7766781
vn -0.8071019 -0.5824133 0.0968567
vn -0.1273473 -0.3109556 -0.9418542
vn -0.7087086 -0.4796174 -0.5173966
vn -0.8248817 -0.5400655 0.1670310
vn -0.3357802 -0.5229965 -0.7834069
vn -0.3969068 -0.7937139 -0.4609591
vn -0.2078344 -0.5646386 -0.7987416
vn -0.1909757 -0.3975765 -0.8974749
vn -0.3870930 -0.3346437 -0.8591697
vn -0.8158051 -0.3462973 -0.4631849
vn -0.9397214 -0.3354233 0.0664447
vn -0.9050908 -0.3722394 0.2055443
vn -0.8882894 -0.4586249 -0.0246008
vn -0.8259045 -0.5073735 0.2458736
vn -0.8212806 -0.5625369 -0.0951332
vn -0.8653310 -0.4795480 0.1457255
vn -0.4140373 -0.6959006 -0.5867669
vn -0.3396147 -0.7683210 -0.5425355
vn 0.6997169 -0.3887308 -0.5994036
vn -0.4403036 -0.5983796 -0.6693837
vn -0.3670629 -0.5883912 -0.7204586
vn 0.9579679 0.1554536 -0.2411053
vn 0.7973038 -0.1104244 -0.5933912
vn 0.1832389 -0.4911197 -0.8516014
vn 0.3558906 -0.2602407 -0.8975615
vn 0.7589809 0.1359242 -0.6367673
vn 0.9778668 0.0531493 -0.2023653
vn 0.8529017 -0.4809604 0.2030661
vn 0.1789013 -0.9602841 0.2141231
vn -0.0321259 -0.9969096 0.0716875
vn -0.2236155 -0.8455390 -0.4848297
vn 0.8233763 0.0535555 -0.5649631
vn 0.8063399 0.2058045 -0.5544912
vn 0.2881728 -0.3986477 -0.8706529
vn 0.2740071 -0.3570739 0.8929828
vn -0.4580358 -0.6287637 0.6283784
vn -0.8017022 -0.5685483 0.1844623
vn -0.5292572 -0.4204883 0.7369372
vn -0.8231844 -0.2886634 0.4889181
vn -0.8654973 -0.4988566 0.0453502
vn -0.8801192 -0.4392554 0.1801248
vn -0.7776470 -0.3190171 0.5417502
vn -0.4996898 -0.1304285 0.8563285
vn -0.4398293 -0.1919523 0.8773280
vn -0.5723472 -0.6061272 0.5522939
vn -0.4445351 -0.8786965 -0.1740145
vn -0.3696669 -0.8787152 -0.3020033
vn -0.5351639 -0.8070619 -0.2495008
vn -0.8207010 -0.4989095 0.2784586
vn -0.8729565 -0.3820086 0.3033419
vn -0.5404924 -0.2223454 0.8114373
vn -0.7963145 -0.2379065 0.5561329
vn -0.5719822 -0.3791216 0.7273948
vn -0.5021615 -0.6040311 0.6188540
vn -0.1819938 -0.9707665 0.1564951
vn -0.4963388 -0.4642978 0.7335362
vn 0.4693782 -0.2126644 0.8570052
vn -0.1518453 -0.9806428 0.1236234
vn -0.1974225 -0.7410849 0.6417301
vn 0.2018266 -0.9028527 0.3796354
vn 0.6910343 -0.2922667 0.6610989
vn 0.7738984 0.1250082 0.6208496
vn 0.7812141 0.0385588 0.6230712
vn 0.6522776 -0.5041770 0.5659855
vn 0.5685446 -0.6692686 0.4783686
vn 0.9827620 -0.1847323 0.0072636
vn 0.9737479 0.1119117 0.1982190
vn 0.5978961 -0.7971352 0.0842366
vn 0.9969002 0.0083236 0.0782345
vn 0.9753299 -0.1836396 0.1225073
vn 0.6723932 0.5669098 -0.4759209
vn 0.4905995 0.5183640 -0.7004362
vn 0.6806038 0.4703797 -0.5617129
vn 0.6469984 0.4106661 -0.6424534
vn 0.3527082 0.3704238 -0.8592922
vn 0.5757905 0.4278973 -0.6966845
vn 0.7641691 0.4063880 -0.5008935
vn 0.7684554 0.3473233 -0.5374410
vn 0.7757840 0.4105084 -0.4792098
vn 0.4494881 0.5615264 -0.6947291
vn -0.0755045 0.5770656 -0.8132001
vn 0.2166928 0.7994864 -0.5602372
vn -0.1085529 0.9604371 -0.2564700
vn -0.6784730 0.7147442 -0.1697501
vn -0.3632252 0.9315964 -0.0139881
vn 0.3971250 0.8809786 -0.2572322
vn 0.4574742 0.8892205 -0.0020584
vn 0.6107331 0.7443935 -0.2699692
vn 0.6312354 0.6735239 -0.3845873
vn 0.3725105 0.8962314 -0.2408426
vn 0.4190212 0.6349793 -0.6490166
vn 0.0229065 0.5196915 -0.8540469
vn -0.2539054 0.7093590 -0.6575270
vn -0.1870178 0.4152948 -0.8902553
vn 0.3968319 0.3712871 -0.8394465
vn 0.3661653 0.2554415 -0.8948031
vn 0.6660183 0.3207457 -0.6734552
vn 0.6838793 0.4637222 -0.5632680
vn 0.7070077 0.5288526 -0.4695263
vn 0.7474128 0.3822464 -0.5433799
vn -0.5276081 0.8489883 -0.0291294
vn -0.8705724 0.4761148 -0.1241709
vn -0.6100507 0.7084156 -0.3549443
vn -0.5669185 0.4952578 -0.6582729
vn -0.7359688 0.2329585 -0.6356731
vn -0.6068700 0.4116271 -0.6799058
vn -0.0878343 0.8128804 -0.5757695
vn 0.3097704 0.7394343 -0.5977284
vn 0.4017610 0.8593556 -0.3163796
vn -0.7847889 0.4152739 -0.4600587
vn -0.9067585 0.2777338 -0.3172585
vn -0.9284484 0.3681635 -0.0493885
vn -0.9253917 0.2576333 0.2779844
vn -0.9131360 0.1922449 0.3594781
vn -0.8949129 0.1635012 0.4152087
vn -0.8548503 0.4663975 0.2273860
vn -0.7037129 0.5509764 0.4485679
vn -0.5558673 0.8160493 0.1583510
vn 0.0442096 0.9984803 0.0329041
vn 0.2266871 0.9094790 0.3485125
vn 0.4629498 0.8824927 -0.0829706
vn 0.6079016 0.7715142 -0.1876740
vn 0.5481040 0.8256513 0.1337236
vn 0.5589881 0.7582106 -0.3356322
vn 0.5821224 0.7092865 -0.3975502
vn 0.6400480 0.6022117 -0.4771578
vn 0.4954839 0.6917787 -0.5252979
vn -0.4423569 0.6615009 -0.6055880
vn -0.2138468 0.9122110 -0.3494862
vn 0.1165216 0.7767519 -0.6189339
vn 0.2689858 0.8080008 -0.5241959
vn -0.0432090 0.9831736 -0.1774899
vn -0.1021798 0.7909542 -0.6032833
vn -0.2541376 0.7642784 -0.5926995
vn -0.3059741 0.8799139 -0.3634988
vn -0.2208620 0.7798435 -0.5857167
vn -0.2137366 0.7090626 -0.6719723
vn -0.3864427 0.8004403 -0.4582111
vn -0.1545931 0.7893841 -0.5941159
vn -0.0767944 0.8053172 -0.5878493
vn 0.0238689 0.8718483 -0.4891940
vn 0.1272581 0.8040504 -0.5807825
vn 0.3381614 0.7618046 -0.5525401
vn 0.4339783 0.7211424 -0.5400152
vn 0.5239133 0.6780223 -0.5155586
vn 0.2000018 0.8830609 -0.4245028
vn 0.2687540 0.9614000 -0.0590026
vn 0.0012052 0.9862060 -0.1655181
vn -0.1706663 0.9849676 0.0266788
vn -0.0607696 0.9948940 0.0805796
vn -0.2810283 0.9589256 0.0385329
vn -0.3504778 0.9306210 -0.1054032
vn -0.2607995 0.8592250 -0.4401318
vn -0.3618318 0.8580545 -0.3644450
vn -0.4199599 0.9068888 0.0344439
vn -0.4437107 0.8936490 0.0671732
vn -0.4639250 0.8805775 -0.0967312
vn -0.2157275 0.8088968 -0.5469438
vn -0.2282891 0.9363864 -0.2665795
vn -0.3746658 0.8564321 -0.3551755
vn 0.0229756 0.9964721 0.0807181
vn 0.3644526 0.9297049 0.0531324
vn 0.5932115 0.7985025 -0.1024391
vn 0.3535603 0.9233978 0.1494379
vn 0.4366350 0.8822288 0.1761310
vn 0.6723420 0.6644469 -0.3262920
vn 0.6157326 0.5959213 -0.5155105
vn 0.4779527 0.6410157 -0.6005499
vn 0.3371127 0.7075797 -0.6210362
vn 0.0087946 0.9686190 -0.2483945
vn -0.2545251 0.9583290 0.1297013
vn -0.3200741 0.9432178 0.0888416
vn -0.3156176 0.9192811 -0.2351760
vn -0.0378224 0.9987822 -0.0316781
vn 0.3084555 0.9414510 0.1361075
vn 0.5566684 0.8294127 0.0468494
vn 0.2255174 0.9632193 0.1461183
vn 0.3606417 0.8979667 0.2521772
vn 0.3852167 0.6065465 0.6954923
vn 0.6057212 0.5632100 0.5620466
vn 0.5451789 0.5379885 0.6429217
vn 0.6023206 0.4692145 0.6457923
vn 0.5699214 0.4243616 0.7036382
vn 0.5643330 0.4482220 0.6932714
vn 0.4581997 0.5113884 0.7270040
vn 0.3504235 0.4882377 0.7992667
vn 0.0772669 0.4893314 0.8686683
vn 0.4495495 0.5352631 0.7151214
vn 0.1504247 0.5611871 0.8139051
vn 0.2911765 0.7454962 0.5995429
vn 0.1254255 0.9357826 0.3295138
vn -0.0445013 0.9354057 0.3507646
vn -0.0297637 0.9899070 0.1385575
vn 0.4235383 0.8565839 0.2947531
vn 0.5015827 0.8650443 0.0106396
vn 0.6044831 0.7423248 0.2890572
vn 0.6076637 0.7058554 0.3640232
vn 0.5877512 0.7930839 0.1598950
vn 0.4269427 0.7296988 0.5340970
vn -0.0286894 0.6734593 0.7386674
vn -0.1809203 0.8285772 0.5298373
vn -0.5505853 0.3853913 0.7404926
vn 0.1061168 0.5502229 0.8282475
vn -0.2643670 0.3341215 0.9046949
vn 0.2308755 0.4924469 0.8391618
vn 0.5793008 0.5061255 0.6389426
vn 0.5993046 0.5985470 0.5315783
vn 0.5154275 0.5104328 0.6883261
vn -0.2044629 0.9538477 0.2199308
vn -0.1804048 0.9036839 0.3883421
vn -0.3370569 0.7936226 0.5065134
vn -0.3268878 0.6481831 0.6877522
vn -0.1627581 0.6430523 0.7483272
vn -0.2320997 0.6696566 0.7054713
vn -0.4310201 0.6674880 0.6071915
vn -0.4657689 0.5988449 0.6514937
vn -0.4251919 0.7527069 0.5026372
vn -0.0612429 0.8364307 0.5446403
vn 0.2218152 0.8740068 0.4323310
vn 0.1919998 0.9756327 0.1061928
vn 0.3662424 0.8623716 -0.3495450
vn 0.5451124 0.7202630 -0.4290380
vn 0.1238969 0.9606037 -0.2487771
vn -0.1371796 0.9826907 -0.1245024
vn -0.3368920 0.9415393 0.0027539
vn -0.4199198 0.8979951 0.1314238
vn -0.3237804 0.9022433 0.2848215
vn 0.0312949 0.8986390 0.4375712
vn -0.4361364 0.7212107 0.5381823
vn -0.3625764 0.6241143 0.6921125
vn -0.4667187 0.6148188 0.6357449
vn -0.2798845 0.7573244 0.5900207
vn -0.3207139 0.8767702 0.3583526
vn -0.4208716 0.6718868 0.6094548
vn 0.3826662 0.7947401 0.4711208
vn 0.4678615 0.7504790 0.4667836
vn 0.3280026 0.7956753 0.5092299
vn -0.0595887 0.8139857 0.5778204
vn 0.4366038 0.7348989 0.5189419
vn 0.4125091 0.8562131 0.3110230
vn 0.5627125 0.7390471 0.3703567
vn -0.5517520 0.6212059 0.5564826
vn -0.8166645 0.3467433 0.4613330
vn -0.8991198 0.1770946 0.4002763
vn -0.9064292 0.1309896 0.4015319
vn -0.9240133 0.2531924 0.2865188
vn -0.9659136 0.2587386 -0.0080790
vn -0.9072243 0.4150611 0.0683248
vn -0.7811957 0.6083556 -0.1401315
vn -0.8473254 0.4911902 -0.2019204
vn -0.6145305 0.7656702 -0.1900039
vn -0.4722855 0.8795264 -0.0581361
vn -0.7868226 0.5716238 0.2327152
vn -0.3353086 0.9162560 0.2191872
vn -0.0817553 0.9792800 -0.1852750
vn 0.3897024 0.9049449 -0.1708999
vn 0.2377545 0.9706749 -0.0355404
vn -0.3600466 0.7700577 0.5266665
vn -0.6540090 0.7340752 0.1827726
vn -0.0549451 0.9576739 0.2825628
vn -0.0468243 0.9984433 0.0303061
vn -0.0902490 0.9931021 0.0748555
vn -0.1280539 0.9437169 0.3049602
vn 0.2878647 0.9488217 -0.1298897
vn 0.5431662 0.8230932 -0.1657954
vn -0.0943752 0.8055846 0.5849161
vn 0.0189889 0.7027633 0.7111703
vn 0.1842984 0.7170961 0.6721661
vn 0.4541880 0.7147232 0.5318684
vn 0.6403000 0.7623875 0.0937086
vn 0.5955811 0.7867048 -0.1624151
vn 0.4748030 0.8672593 -0.1497442
vn 0.2491111 0.9637006 0.0960455
vn 0.5396878 0.8414146 -0.0275419
vn 0.6162317 0.7790224 -0.1156830
vn 0.4282553 0.9036092 -0.0093740
vn 0.6261614 0.7674179 -0.1378102
vn 0.5813166 0.7834641 -0.2196700
vn 0.4123433 0.6272095 0.6607430
vn 0.1424728 0.6159785 0.7747722
vn -0.0494494 0.5617218 0.8258471
vn -0.5306235 0.3314615 0.7801102
vn -0.7090567 0.2311082 0.6662039
vn -0.7631142 0.1449269 0.6298039
vn -0.2368106 0.4397769 0.8663238
vn -0.4088272 0.2624677 0.8740544
vn 0.1372045 0.5121070 0.8478923
vn -0.8239552 0.1095608 0.5559624
vn -0.8351170 0.1798629 0.5198354
vn -0.7236898 0.2891307 0.6266390
vn -0.2752311 0.6288286 0.7272018
vn -0.0978272 0.7513264 0.6526396
vn 0.0649508 0.7220738 0.6887603
vn -0.4862253 0.4063279 0.7736166
vn -0.1601838 0.4677882 0.8692039
vn -0.6342077 0.1558586 0.7572904
vn -0.6875944 -0.0306868 0.7254462
vn -0.5358500 -0.0324090 0.8436909
vn -0.6756279 -0.1447691 0.7228892
vn -0.6167123 -0.2121937 0.7580500
vn -0.5905911 -0.3060805 0.7466705
vn -0.5019178 -0.2487274 0.8283798
vn -0.5985221 -0.0875763 0.7963050
vn -0.2705490 0.1249475 0.9545634
vn -0.5319617 0.0741638 0.8435144
vn -0.7767527 0.0681054 0.6261125
vn -0.7561132 0.0058305 0.6544149
vn -0.6859808 0.0572670 0.7253625
vn 0.0628965 0.7072646 0.7041455
vn -0.0125550 0.7402017 0.6722677
vn -0.1771216 0.6328784 0.7537194
vn -0.6009102 0.3931726 0.6959327
vn -0.7303318 0.3068405 0.6102987
vn -0.8983261 0.0231718 0.4387177
vn -0.4125592 0.4356847 0.7999836
vn -0.6528930 0.1532731 0.7417804
vn -0.1878649 0.4378140 0.8792188
vn -0.9487265 -0.2343542 0.2121229
vn -0.9269543 -0.2960075 0.2305108
vn -0.9211570 -0.3696281 0.1218396
vn -0.8854769 -0.4353036 0.1626083
vn -0.8333553 -0.4607130 0.3053891
vn -0.8326174 -0.4296744 0.3494686
vn -0.9081233 -0.4127956 0.0700849
vn -0.8995387 -0.4297858 0.0781945
vn -0.9156234 -0.4004846 0.0352972
vn -0.9141200 -0.4014818 0.0565411
vn -0.8942535 -0.4473181 0.0147381
vn -0.9010851 -0.4136383 0.1301882
vn -0.8632592 -0.4334002 0.2587428
vn -0.8522514 -0.4998572 0.1543060
vn -0.7698980 -0.4545745 0.4479053
vn -0.8585672 -0.3170480 0.4029181
vn -0.5968286 -0.0779049 0.7985778
vn -0.8041553 -0.1227683 0.5816032
vn -0.9446947 -0.1930643 0.2651000
vn -0.9358024 -0.3245232 0.1376900
vn -0.9067012 -0.1587612 0.3907528
vn -0.5685360 -0.4602142 0.6818868
vn -0.6334551 -0.5723373 0.5207347
vn -0.2352908 -0.4217003 0.8756752
vn 0.1268543 -0.3415828 0.9312514
vn 0.0384280 -0.4793844 0.8767633
vn 0.3933438 -0.2648363 0.8804217
vn 0.2083627 -0.1662229 0.9638231
vn 0.4279675 -0.0159878 0.9036527
vn 0.2691991 0.0100308 0.9630323
vn 0.5494538 -0.2185820 0.8064257
vn 0.5344996 -0.2568249 0.8052026
vn 0.6211347 -0.2074393 0.7557517
vn 0.6147249 -0.2352653 0.7528370
vn 0.6267303 -0.1679514 0.7609215
vn 0.4960790 -0.3039729 0.8133302
vn 0.5547169 -0.2993169 0.7763366
vn 0.1694082 -0.5664357 0.8065057
vn 0.4238174 -0.3657815 0.8286029
vn 0.1986611 -0.4266554 0.8823259
vn -0.2919206 -0.6017364 0.7434350
vn -0.0926235 -0.4546358 0.8858483
vn -0.3487623 -0.4331032 0.8311357
vn -0.5071513 -0.4648177 0.7257700
vn -0.5098395 -0.3788725 0.7723466
vn 0.1473715 -0.2082781 0.9669032
vn 0.3009070 0.0270663 0.9532693
vn 0.4406929 -0.0138759 0.8975507
vn 0.5455861 -0.1521600 0.8241257
vn 0.5237352 -0.1908982 0.8302164
vn 0.5134286 -0.0787499 0.8545113
vn 0.1217943 0.6493503 0.7506732
vn 0.1046768 0.5474566 0.8302614
vn 0.0244374 0.4068937 0.9131486
vn 0.1435016 0.5666683 0.8113534
vn 0.0986962 0.4463807 0.8893837
vn -0.1140809 0.2131835 0.9703290
vn -0.2902625 -0.0293606 0.9564966
vn -0.4554262 -0.2736109 0.8471860
vn 0.0254341 0.0043523 0.9996670
vn 0.3014118 0.1626836 0.9395132
vn 0.3398916 0.1843820 0.9222131
vn 0.0582241 0.0305387 0.9978363
vn -0.4386499 -0.2333593 0.8678305
vn -0.2648620 -0.0013095 0.9642854
vn -0.0451824 0.2574057 0.9652465
vn 0.1897993 0.3548469 0.9154561
vn 0.2967718 0.2845940 0.9115551
vn 0.2395422 0.3788717 0.8939104
vn 0.6289535 0.5787017 0.5191549
vn 0.6014596 0.5972211 0.5306349
vn 0.5483242 0.5869109 0.5957148
vn 0.4587366 0.5342914 0.7099954
vn 0.7047990 0.5563471 0.4401549
vn 0.7447048 0.5207048 0.4174702
vn 0.7156392 0.5099141 0.4773345
vn 0.3116061 0.4148556 0.8548664
vn 0.0998084 0.2125620 0.9720369
vn -0.1302928 -0.0348524 0.9908628
vn -0.3081009 -0.2528852 0.9171275
vn 0.4538771 0.2829192 0.8449570
vn 0.6737520 0.3201891 0.6659859
vn 0.7332921 0.4264478 0.5295517
vn 0.7892061 0.4623517 0.4042087
vn 0.7603775 0.4455847 0.4725254
vn 0.6897754 0.4479984 0.5687771
vn 0.1879342 0.2427529 0.9517099
vn -0.0924855 0.0698110 0.9932637
vn -0.1937395 0.0432686 0.9800984
vn 0.5512286 0.4162796 0.7230895
vn 0.3497993 0.3508125 0.8686605
vn 0.7174406 0.4870116 0.4980951
vn 0.6564046 0.5137889 0.5524074
vn 0.7549905 0.4846362 0.4417206
vn 0.7571311 0.5133521 0.4040075
vn -0.4114863 -0.4106258 0.8136741
vn -0.4543936 -0.5199399 0.7233180
vn -0.4512294 -0.5981586 0.6622675
vn -0.4071063 -0.6533914 0.6382352
vn -0.3671316 -0.5462643 0.7528676
vn -0.2561710 -0.5259279 0.8110340
vn -0.0100946 -0.3721753 0.9281076
vn -0.3188315 -0.6804752 0.6597727
vn -0.1794939 -0.6564937 0.7326650
vn 0.0033464 -0.5473673 0.8368858
vn 0.2091269 -0.3443523 0.9152526
vn -0.4504155 -0.6061264 0.6555431
vn -0.5891405 -0.5088608 0.6276736
vn -0.5715532 -0.5666826 0.5934625
vn -0.5201169 -0.5121764 0.6834864
vn -0.4731326 -0.4285732 0.7697211
vn -0.2946860 -0.3814261 0.8761703
vn 0.1467201 -0.0786632 0.9860453
vn 0.3426516 0.0380769 0.9386906
vn 0.5120910 0.2255349 0.8287924
vn -0.0025595 -0.2623026 0.9649823
vn 0.3569936 -0.0541042 0.9325386
vn -0.1328674 -0.4321469 0.8919615
vn -0.4728439 -0.6472889 0.5978593
vn -0.5141765 -0.5957448 0.6170175
vn -0.4158824 -0.5889183 0.6929770
vn 0.6578011 0.3409147 0.6716211
vn 0.7987977 0.2735312 0.5358198
vn 0.7191202 0.2829802 0.6346561
vn 0.7489594 0.0378012 0.6615367
vn 0.9069449 -0.1543226 0.3919637
vn 0.7300919 -0.2811465 0.6228342
vn 0.5690335 0.2102222 0.7949890
vn 0.3318401 0.0741887 0.9404138
vn 0.5196682 0.3379765 0.7846763
vn 0.7097086 -0.4614534 0.5323293
vn 0.7304001 -0.5583788 0.3933558
vn 0.7162837 -0.4998911 0.4868742
vn 0.7192429 -0.4527964 0.5269394
vn 0.5808984 -0.4795995 0.6576787
vn 0.6673912 -0.3497277 0.6574797
vn 0.7440959 -0.3872648 0.5443779
vn 0.7968941 -0.2334916 0.5571728
vn 0.6390380 -0.3138052 0.7022512
vn 0.3910250 -0.2289559 0.8914475
vn 0.4225077 -0.1093141 0.8997431
vn 0.1075409 -0.1482349 0.9830877
vn -0.0876555 -0.0858789 0.9924421
vn -0.0981117 -0.0391717 0.9944042
vn -0.1628514 -0.0257578 0.9863143
vn -0.0265827 -0.0917528 0.9954269
vn 0.1029314 0.0964031 0.9900058
vn 0.1083126 -0.0423762 0.9932133
vn 0.5399754 -0.3363498 0.7715539
vn 0.4265374 -0.3084828 0.8502378
vn 0.2852362 -0.1834381 0.9407395
vn -0.0246356 -0.2153544 0.9762252
vn 0.2926314 -0.1212486 0.9485071
vn 0.5231138 0.0127999 0.8521667
vn 0.5385991 0.1381129 0.8311653
vn 0.7708808 0.3448054 0.5355857
vn 0.6196790 0.1543732 0.7695238
vn 0.6208020 0.2743531 0.7343945
vn 0.6059290 0.3413269 0.7185722
vn 0.6375197 0.3984242 0.6594140
vn 0.6119523 0.4068912 0.6781991
vn 0.5100069 0.3636895 0.7795017
vn 0.3130799 0.2644650 0.9121618
vn 0.0813487 0.1476514 0.9856883
vn 0.6117948 0.4009158 0.6818898
vn 0.7884363 0.4209952 0.4484766
vn 0.7429508 0.2934675 0.6015821
vn 0.7300424 0.4068434 0.5491052
vn 0.7859161 0.3744189 0.4920837
vn 0.3463337 0.6458981 -0.6803445
vn 0.6175541 0.6412731 -0.4554072
vn 0.5127956 0.6946965 -0.5044180
vn 0.6162281 0.6931845 -0.3738425
vn 0.6834919 0.6756327 -0.2763318
vn 0.6671489 0.6803064 -0.3034725
vn 0.3771018 0.6940529 -0.6132575
vn 0.1977971 0.6226434 -0.7570941
vn -0.1517369 0.5110171 -0.8460718
vn 0.6825042 0.6677988 -0.2970400
vn 0.5887000 0.6990106 -0.4059759
vn 0.6656359 0.6496480 -0.3672687
vn 0.6070749 0.5961698 -0.5253967
vn 0.2987828 0.4955224 -0.8155896
vn 0.5005766 0.4625276 -0.7317727
vn 0.7279464 0.5868927 -0.3544728
vn 0.7721984 0.5195653 -0.3657344
vn 0.7260840 0.5636209 -0.3938700
vn 0.5918621 0.5175941 -0.6178961
vn 0.4899859 0.3736417 -0.7875949
vn 0.1429717 0.3226590 -0.9356550
vn -0.4430284 -0.0208546 -0.8962650
vn -0.5566751 -0.2084871 -0.8041430
vn -0.6997619 -0.2052540 -0.6842544
vn -0.2605052 0.2188330 -0.9403452
vn -0.5578808 0.1076609 -0.8229083
vn -0.0275040 0.4576118 -0.8887266
vn 0.6567039 0.6563230 -0.3714568
vn 0.6378508 0.6050255 -0.4765401
vn 0.4742200 0.6370424 -0.6076943
vn 0.3868835 0.2594624 -0.8848731
vn 0.1840394 0.1346386 -0.9736539
vn 0.3226704 0.0585369 -0.9446996
vn 0.3094636 -0.1040080 -0.9452061
vn 0.2802344 -0.1053903 -0.9541287
vn 0.3167626 -0.2272768 -0.9208728
vn 0.5020046 0.0016934 -0.8648633
vn 0.7049004 -0.0068363 -0.7092733
vn 0.7694944 0.2057865 -0.6045910
vn 0.3178197 -0.3147652 -0.8943789
vn 0.3390869 -0.2468171 -0.9078003
vn 0.3017962 -0.3685932 -0.8792372
vn 0.2736288 -0.3930477 -0.8778615
vn 0.3185575 -0.2964392 -0.9003582
vn 0.2486153 -0.3908118 -0.8862599
vn 0.2783270 -0.4626600 -0.8417124
vn 0.2840051 -0.5109683 -0.8113276
vn 0.3939072 -0.4749132 -0.7869527
vn 0.6860657 -0.3388948 -0.6437889
vn 0.8591158 -0.1918892 -0.4744455
vn 0.9284709 -0.0458653 -0.3685622
vn 0.9669180 0.1203083 -0.2249345
vn 0.9723068 0.1182464 -0.2015869
vn 0.9570780 0.1171001 -0.2651213
vn 0.9422496 0.0882730 -0.3230689
vn 0.9285723 0.1983381 -0.3137124
vn 0.8647775 0.0343694 -0.5009777
vn 0.3829180 -0.3281569 -0.8635316
vn 0.5031351 -0.3790040 -0.7766667
vn 0.6102782 -0.2182010 -0.7615437
vn 0.8894088 -0.0489051 -0.4544890
vn 0.7757295 -0.2872834 -0.5618826
vn 0.5452609 -0.4226707 -0.7239061
vn -0.0731568 -0.6966836 -0.7136386
vn -0.2740850 -0.7652862 -0.5824213
vn -0.4143960 -0.7239535 -0.5515136
vn 0.2090566 -0.5208385 -0.8276609
vn -0.1255473 -0.5471573 -0.8275607
vn 0.5047259 -0.2349398 -0.8306955
vn -0.5237326 -0.7111528 -0.4690052
vn -0.5012206 -0.7295772 -0.4652903
vn -0.4737030 -0.7124599 -0.5176933
vn -0.1383968 -0.6507161 -0.7466022
vn 0.2237923 -0.4749532 -0.8510796
vn 0.4225627 -0.3173386 -0.8489623
vn -0.3873744 -0.6706521 -0.6325874
vn -0.1868246 -0.5646354 -0.8039176
vn -0.5290859 -0.6304648 -0.5679632
vn -0.6032393 -0.5735301 -0.5542252
vn -0.5896228 -0.5078897 -0.6280071
vn -0.6367943 -0.5100426 -0.5782297
vn -0.6410303 -0.4362523 -0.6314777
vn -0.7047157 -0.3823187 -0.5976689
vn -0.6169944 -0.3412295 -0.7091406
vn -0.5380111 -0.4835371 -0.6904606
vn -0.2092921 -0.3661844 -0.9067005
vn -0.3750419 -0.5245933 -0.7642941
vn -0.5127061 -0.6758383 -0.5295046
vn -0.5737789 -0.6263924 -0.5276461
vn -0.4681129 -0.6188995 -0.6307406
vn 0.6747198 0.4131472 -0.6116065
vn 0.7959263 0.3649975 -0.4829887
vn 0.8650556 0.3230384 -0.3838294
vn 0.7940243 0.4614237 -0.3957445
vn 0.7977870 0.4483396 -0.4031469
vn 0.9010656 0.2779805 -0.3328777
vn 0.9191102 0.2138766 -0.3308978
vn 0.9210285 0.1119389 -0.3730632
vn 0.8462270 0.0917238 -0.5248682
vn 0.6960866 0.0446749 -0.7165666
vn 0.4208500 -0.0348004 -0.9064625
vn 0.0367710 -0.1254516 -0.9914181
vn -0.3183513 -0.1865731 -0.9294315
vn 0.3001846 0.1508012 -0.9418855
vn 0.6957501 0.3790385 -0.6101325
vn 0.8626327 0.3302916 -0.3831088
vn 0.7790353 0.2389428 -0.5796640
vn 0.8032424 0.3624380 -0.4726947
vn 0.1523987 0.5211564 -0.8397444
vn -0.1675447 0.4578728 -0.8730872
vn -0.4363832 0.3328528 -0.8359299
vn -0.6189978 0.1762155 -0.7653691
vn -0.5810805 0.1367048 -0.8022826
vn -0.7320897 -0.0804137 -0.6764454
vn -0.6166493 -0.0235571 -0.7868854
vn -0.7201419 0.0299721 -0.6931791
vn -0.7674229 -0.0901718 -0.6347686
vn -0.7814169 -0.1838050 -0.5963249
vn -0.7709567 -0.2559667 -0.5831868
vn -0.8184043 -0.1520816 -0.5541530
vn -0.7339761 -0.0787593 -0.6745933
vn -0.8026735 -0.1105386 -0.5860858
vn -0.6597952 -0.0425842 -0.7502379
vn 0.0492116 0.2633001 -0.9634580
vn -0.2387177 0.0789576 -0.9678737
vn 0.1773997 0.1998047 -0.9636428
vn 0.4197360 0.3572456 -0.8343844
vn 0.3116114 0.3077460 -0.8989943
vn -0.4582141 -0.1016892 -0.8830058
vn -0.5614648 -0.1959919 -0.8039555
vn -0.7201186 -0.1740880 -0.6716566
vn -0.7897386 -0.0367185 -0.6123436
vn -0.8161315 -0.1181890 -0.5656508
vn -0.7931560 -0.1074787 -0.5994597
vn -0.7336288 -0.3131367 -0.6031038
vn -0.6533135 -0.3605419 -0.6657259
vn -0.4954189 -0.3957316 -0.7732765
vn -0.2242205 -0.3968175 -0.8900905
vn -0.2523663 -0.1795691 -0.9508240
vn 0.3013488 0.0830544 -0.9498899
vn 0.0788786 0.0894759 -0.9928606
vn 0.1123764 -0.3367134 -0.9348773
vn 0.3816536 -0.2381326 -0.8931032
vn 0.5367325 -0.1457349 -0.8310713
vn 0.6135795 -0.0803507 -0.7855342
vn 0.5614989 -0.0457849 -0.8262099
vn 0.5362844 -0.0164687 -0.8438767
vn 0.5236954 0.0006474 -0.8519054
vn 0.4396081 0.0110900 -0.8981212
vn 0.2644303 -0.0765591 -0.9613612
vn 0.3124524 -0.0094055 -0.9498868
vn 0.1408054 -0.0631468 -0.9880214
vn -0.2174627 -0.2545407 -0.9422946
vn -0.0805891 -0.1519514 -0.9850970
vn 0.3537466 0.0698675 -0.9327282
vn 0.3845928 0.1557805 -0.9098466
vn 0.4280270 0.1312699 -0.8941818
vn 0.3403695 -0.0956342 -0.9354158
vn 0.4922276 0.0256713 -0.8700879
vn 0.4260988 0.0558501 -0.9029510
vn -0.3542368 -0.2638127 -0.8971729
vn -0.7320422 -0.4280214 -0.5300112
vn -0.6413693 -0.3576451 -0.6787749
vn -0.8461055 -0.3865311 -0.3670139
vn -0.9186415 -0.3950670 -0.0044637
vn -0.9289893 -0.3607008 -0.0829078
vn -0.5178832 -0.2465606 -0.8191489
vn -0.3519903 -0.0857480 -0.9320677
vn -0.0234420 0.0101840 -0.9996733
vn -0.9396193 -0.3244319 0.1089017
vn -0.9170189 -0.3261788 0.2295294
vn -0.9291596 -0.3053821 0.2083369
vn -0.9234424 -0.3154208 0.2185496
vn -0.9294451 -0.3552981 0.0994737
vn -0.9230790 -0.3708297 0.1020314
vn -0.9490394 -0.2658299 0.1692888
vn -0.9742408 -0.1944957 0.1141324
vn -0.9828706 -0.1828612 -0.0229588
vn -0.9016188 0.0039174 -0.4325138
vn -0.8021284 0.2664539 -0.5344083
vn -0.4002064 0.2878854 -0.8700326
vn 0.1288795 0.4074509 -0.9040873
vn 0.1923932 0.5122708 -0.8369967
vn 0.3709089 0.4087003 -0.8339009
vn 0.0053467 0.2730680 -0.9619799
vn 0.2513825 0.2703506 -0.9293640
vn -0.1643381 0.1009941 -0.9812203
vn -0.9380778 -0.2990032 -0.1749487
vn -0.9375602 -0.1855435 -0.2942014
vn -0.7273469 -0.1627678 -0.6666881
vn -0.7119729 -0.2050675 -0.6715965
vn -0.2496396 0.0526553 -0.9669062
vn 0.2993398 0.2524159 -0.9201532
vn -0.5599100 -0.0182950 -0.8283514
vn -0.1525266 0.2285820 -0.9615019
vn 0.4009857 0.2389881 -0.8843615
vn 0.3067642 0.1401342 -0.9414128
vn 0.0548643 -0.0341874 -0.9979084
vn 0.1827453 0.0895168 -0.9790765
vn 0.2913674 0.2013227 -0.9351867
vn 0.3735057 0.2874890 -0.8819544
vn 0.4263886 0.3425587 -0.8371656
vn 0.4461268 0.3660616 -0.8166821
vn 0.4252935 0.3601105 -0.8303288
vn 0.2542774 0.3487544 -0.9020606
vn 0.3958900 0.3082615 -0.8650121
vn 0.4162499 0.3083663 -0.8553632
vn 0.3560263 0.3513480 -0.8659098
vn 0.4253543 -0.1209069 0.8969143
vn 0.5898324 -0.0955348 0.8018546
vn 0.5137176 -0.0332220 0.8573159
vn 0.4969620 -0.0367045 0.8669957
vn 0.4177046 -0.1380471 0.8980344
vn 0.3937732 -0.1043007 0.9132710
vn 0.4309346 -0.0085817 0.9023424
vn 0.3818330 -0.0629751 0.9220834
vn 0.1178396 -0.1064866 0.9873067
vn 0.1924449 -0.2328882 0.9532723
vn -0.1765682 -0.3238029 0.9295028
vn -0.1083782 -0.4146003 0.9035269
vn -0.4276764 -0.5989938 0.6769781
vn -0.7026226 -0.4863221 0.5194347
vn -0.6283757 -0.7119576 0.3134651
vn 0.0376442 -0.6303898 0.7753655
vn 0.2606699 -0.8498473 0.4580510
vn 0.4597603 -0.5443222 0.7016650
vn 0.6791067 -0.4755613 0.5591560
vn 0.7776719 -0.5886320 0.2207684
vn 0.7346116 -0.5347314 0.4176220
vn 0.5678046 -0.7851236 0.2473436
vn 0.4945014 -0.8666811 -0.0658201
vn 0.1264352 -0.9903305 0.0570937
vn 0.5150272 -0.5376705 0.6675757
vn 0.0407726 -0.5412490 0.8398733
vn 0.4100894 -0.2371740 0.8806675
vn 0.4235473 -0.1473908 0.8938029
vn 0.5258176 -0.2841407 0.8017356
vn 0.5010698 -0.1253417 0.8562818
vn -0.6767451 -0.7352254 -0.0382052
vn -0.7546640 -0.6536864 -0.0563586
vn -0.6497123 -0.7068913 -0.2796043
vn -0.6311738 -0.6720880 -0.3871916
vn -0.5814144 -0.7023738 -0.4106438
vn -0.6726994 -0.6593154 -0.3358255
vn -0.6208827 -0.7062085 -0.3402560
vn -0.7043071 -0.6928486 -0.1546360
vn -0.5084686 -0.8189764 -0.2659649
vn -0.7581859 -0.6502722 -0.0479596
vn -0.6289628 -0.7716918 -0.0943270
vn -0.7359184 -0.5700396 0.3653477
vn -0.6420613 -0.5044321 0.5773262
vn -0.5463264 -0.5905958 0.5939058
vn -0.5917036 -0.5313899 0.6062273
vn -0.7240321 -0.4285700 0.5404676
vn -0.7529355 -0.4540509 0.4763674
vn -0.7719164 -0.3993350 0.4946480
vn -0.7727107 -0.4345351 0.4627065
vn -0.7577926 -0.5697815 0.3179612
vn -0.7039953 -0.5425837 0.4582506
vn -0.5010647 -0.7205303 0.4793436
vn -0.2531670 -0.9565920 0.1443543
vn -0.0679963 -0.8772866 0.4751259
vn -0.6356891 -0.5868071 0.5015544
vn -0.4902594 -0.7519782 0.4406524
vn -0.7409131 -0.6203919 0.2572192
vn -0.8286315 -0.5590486 0.0288865
vn -0.8187919 -0.4270222 0.3837080
vn -0.8284826 -0.5457940 0.1254016
vn 0.4361554 -0.8205843 0.3693371
vn 0.6761878 -0.7267200 -0.1210293
vn 0.7095947 -0.6657102 0.2308791
vn 0.7789283 -0.6177889 0.1077384
vn 0.7578991 -0.5534057 -0.3454433
vn 0.6385334 -0.7683842 -0.0431371
vn 0.6580114 -0.5557377 0.5081108
vn 0.5600715 -0.4808184 0.6746359
vn 0.5916036 -0.4990760 0.6331890
vn 0.1678230 -0.9619944 -0.2154117
vn 0.0339963 -0.8326398 -0.5527705
vn -0.1766581 -0.9427250 -0.2829514
vn -0.2223659 -0.9219475 -0.3171217
vn -0.1849891 -0.8624348 -0.4711532
vn -0.0771859 -0.9202908 -0.3835456
vn -0.3044739 -0.9516892 0.0397907
vn -0.3209502 -0.8984575 0.2996081
vn -0.3714808 -0.8312263 0.4135999
vn -0.3874370 -0.7010404 0.5986944
vn -0.4499589 -0.7068702 0.5457760
vn -0.3353326 -0.7297538 0.5958283
vn -0.0692616 -0.9495919 0.3057417
vn -0.2039449 -0.9780636 0.0424040
vn 0.3139070 -0.9462595 -0.0778160
vn 0.2108215 -0.7358004 0.6435465
vn 0.7222455 -0.5480481 0.4219060
vn 0.4283078 -0.5198765 0.7391081
vn 0.2219483 -0.8920950 0.3935804
vn -0.1915396 -0.7812977 0.5940425
vn 0.2579056 -0.6343938 0.7287175
vn -0.4689375 -0.8830512 0.0178392
vn -0.2997434 -0.9367370 -0.1807697
vn -0.1956581 -0.9701923 -0.1429851
vn -0.0391103 -0.9950831 0.0909941
vn 0.4540290 -0.8833787 0.1161886
vn -0.1279178 -0.9633523 0.2357739
vn -0.0173926 -0.7933996 0.6084525
vn 0.1575484 -0.7521618 0.6398680
vn 0.4116876 -0.6460085 0.6427957
vn 0.6541229 -0.5721904 0.4946932
vn 0.8006904 -0.5387772 0.2619428
vn 0.8199886 -0.5695738 0.0566075
vn 0.7262153 -0.6847170 -0.0614326
vn 0.8061523 -0.5916073 0.0109205
vn 0.7248130 -0.6846131 0.0771430
vn 0.3177829 -0.9476809 0.0302484
vn 0.6815101 -0.7132124 0.1639270
vn 0.5868331 -0.8096979 -0.0040226
vn 0.6434225 -0.0416243 -0.7643788
vn 0.5544288 -0.1770482 -0.8131806
vn 0.6500949 -0.0299117 -0.7592641
vn 0.6444428 -0.0229303 -0.7643087
vn 0.4733877 -0.1668491 -0.8649078
vn 0.6251789 -0.0322910 -0.7798132
vn 0.6435296 -0.0190903 -0.7651832
vn 0.5768391 -0.1096167 -0.8094695
vn 0.5594191 -0.0784754 -0.8251617
vn 0.5929992 -0.0792498 -0.8012936
vn 0.2638835 -0.2460591 -0.9326416
vn 0.5471457 -0.1967042 -0.8135964
vn 0.4717349 -0.4312612 -0.7690773
vn -0.0462072 -0.6200228 -0.7832220
vn 0.3134913 -0.7748336 -0.5489591
vn 0.6849383 -0.3263695 -0.6514158
vn 0.7034877 -0.5732935 -0.4200471
vn 0.6762336 -0.4000448 -0.6186051
vn 0.4880525 -0.6145530 -0.6197817
vn 0.0859227 -0.9591838 -0.2694135
vn 0.0246313 -0.8638581 -0.5031327
vn -0.4791875 -0.8548215 -0.1991469
vn -0.6739920 -0.7275086 0.1283199
vn -0.7107688 -0.7018505 0.0470488
vn 0.0028846 -0.7151169 -0.6989989
vn 0.0127305 -0.5577977 -0.8298793
vn 0.4091364 -0.3352003 -0.8486744
vn 0.6611517 -0.0747119 -0.7465230
vn 0.6367498 -0.2578473 -0.7266805
vn 0.6032860 -0.1641322 -0.7804528
vn 0.0727644 -0.9867895 -0.1447478
vn -0.2860135 -0.9472075 -0.1448941
vn -0.1156137 -0.9815170 0.1525052
vn -0.2348993 -0.9384266 0.2533333
vn -0.3424095 -0.9169637 0.2047762
vn -0.3205706 -0.9289048 0.1853924
vn 0.1838659 -0.9432722 0.2764615
vn 0.6258025 -0.7792340 0.0341416
vn 0.6189155 -0.7680682 0.1643620
vn -0.3632532 -0.9308655 -0.0391995
vn -0.3371931 -0.9414287 0.0035801
vn -0.3295065 -0.8918390 -0.3099171
vn -0.2540557 -0.8491623 -0.4630109
vn -0.1280797 -0.8837167 -0.4501559
vn -0.1658401 -0.8148805 -0.5553979
vn 0.2124973 -0.7215788 -0.6589150
vn 0.6253626 -0.5165053 -0.5849307
vn 0.7661071 -0.4369603 -0.4713233
vn 0.7438610 -0.5168000 -0.4237790
vn 0.5664223 -0.7111095 -0.4165202
vn 0.7708722 -0.4076571 -0.4894606
vn 0.7763657 -0.4726884 -0.4169197
vn 0.7990973 -0.4840511 -0.3565643
vn -0.0852449 -0.9840681 -0.1560233
vn 0.3903761 -0.7021922 -0.5954264
vn 0.5676127 -0.7611498 -0.3137941
vn 0.1427634 -0.9144392 -0.3787077
vn -0.3806515 -0.8934502 -0.2384348
vn -0.6805161 -0.7289935 -0.0739345
vn -0.7903505 -0.6090424 0.0664336
vn -0.4488322 -0.7449946 -0.4934904
vn -0.5118296 -0.6220402 -0.5925339
vn -0.2204054 -0.7258316 -0.6516056
vn -0.8018055 -0.5640907 0.1972551
vn -0.7510963 -0.5754449 0.3236009
vn -0.6630739 -0.6120383 0.4309781
vn -0.5652976 -0.6415943 0.5184549
vn -0.7042961 -0.7099044 -0.0016222
vn -0.5465691 -0.7369191 -0.3977592
vn -0.6080703 -0.6286879 -0.4847701
vn -0.5650629 -0.5037508 -0.6534057
vn -0.5587712 -0.5001875 -0.6615038
vn -0.7139868 -0.5034549 -0.4865759
vn -0.8250250 -0.5629362 -0.0493612
vn -0.8229420 -0.5468149 0.1541426
vn -0.7637879 -0.6195042 0.1812253
vn -0.7527770 -0.5653865 -0.3371422
vn -0.6597951 -0.7086106 -0.2500829
vn -0.6181286 -0.5672200 -0.5442228
vn -0.7510650 -0.6109941 -0.2501750
vn -0.6472569 -0.5586205 -0.5186537
vn -0.6294815 -0.5534061 -0.5454308
vn 0.5546466 -0.8187865 -0.1481753
vn 0.6430394 -0.7615580 0.0808066
vn 0.7124558 -0.7008181 0.0355055
vn 0.6882480 -0.7100336 -0.1488856
vn 0.5718326 -0.8083412 -0.1399718
vn 0.7305832 -0.6341518 -0.2531791
vn 0.6079286 -0.5957159 -0.5249242
vn 0.4212360 -0.6908959 -0.5875568
vn 0.2379657 -0.7323645 -0.6379769
vn -0.0370563 -0.8523441 -0.5216669
vn -0.3606187 -0.9089288 -0.2092906
vn -0.5466777 -0.8357527 0.0515849
vn -0.6266438 -0.7658618 0.1441293
vn -0.3115690 -0.9490092 0.0480248
vn 0.1971058 -0.9774219 -0.0761298
vn 0.5725881 -0.8170854 -0.0671883
vn 0.1650446 -0.9737722 -0.1566140
vn 0.3647836 -0.9310799 0.0048025
vn -0.8380723 0.2444478 0.4877296
vn -0.8221667 0.2618876 0.5054274
vn -0.6354213 0.4933904 0.5939745
vn -0.3485497 0.7390102 0.5765215
vn -0.4130004 0.8148104 0.4068349
vn -0.1634308 0.8734919 0.4585873
vn -0.3041297 0.8290091 0.4693070
vn -0.0303618 0.9887942 0.1461653
vn -0.2705867 0.9619041 0.0390293
vn -0.1413300 0.9353069 0.3243869
vn -0.0901951 0.9938821 -0.0637439
vn -0.2540236 0.9502927 0.1800440
vn -0.4777549 0.8784922 -0.0012781
vn -0.2677205 0.8249355 -0.4978023
vn -0.7348070 0.6412835 -0.2209394
vn -0.5045483 0.7774027 0.3756010
vn -0.7610000 0.4615392 0.4559172
vn -0.4753654 0.7773260 0.4120583
vn -0.4445312 0.8889522 0.1102537
vn -0.7627409 0.6196066 -0.1852403
vn -0.3867773 0.8941018 -0.2257992
vn -0.3723120 0.8897495 -0.2640634
vn -0.6941505 0.6915924 -0.1996371
vn -0.3687888 0.9282311 -0.0488039
vn -0.1240836 0.9661777 -0.2260617
vn -0.0108576 0.9707618 -0.2397993
vn 0.0052071 0.9952441 -0.0972730
vn -0.1025771 0.8992700 0.4251957
vn -0.1907408 0.9279459 0.3202099
vn -0.0317791 0.9723240 0.2314651
vn -0.8701696 0.2791944 -0.4060239
vn -0.5839421 0.2872860 -0.7592617
vn -0.8598371 -0.0315266 -0.5095942
vn -0.7944595 -0.2269647 -0.5633126
vn -0.7111258 -0.2082106 -0.6715270
vn -0.7291479 -0.3333340 -0.5976887
vn -0.9548589 -0.2436103 -0.1699954
vn -0.9417040 -0.3080219 0.1353369
vn -0.9316918 -0.2464042 0.2668994
vn -0.6833163 -0.3814728 -0.6225411
vn -0.7811980 -0.4142124 -0.4670736
vn -0.6638196 -0.3923595 -0.6367084
vn -0.6720078 -0.3810492 -0.6349859
vn -0.8672298 -0.4334363 -0.2450418
vn -0.7166195 -0.3686872 -0.5920525
vn -0.6076508 -0.2827758 -0.7421579
vn -0.6331073 -0.1534152 -0.7587087
vn -0.7860863 -0.2122066 -0.5805486
vn -0.9892990 -0.1331767 -0.0595943
vn -0.9805261 0.0056237 0.1963084
vn -0.9113911 -0.0582365 0.4074001
vn -0.8491571 -0.0209573 0.5277243
vn -0.8926162 0.1014646 0.4392508
vn -0.9621980 0.0026418 0.2723379
vn -0.8527256 -0.1532471 0.4993739
vn -0.8291855 -0.2557018 0.4970593
vn -0.8934560 -0.2626281 0.3643664
vn -0.7913528 -0.3535371 -0.4987708
vn -0.9018739 -0.2803150 -0.3287050
vn -0.9458993 -0.3178262 -0.0652767
vn -0.9481070 0.0155372 -0.3175716
vn -0.8867288 0.1003227 -0.4512730
vn -0.8601941 0.0020263 -0.5099627
vn -0.9244606 -0.0399474 -0.3791792
vn -0.9824811 0.0056555 -0.1862766
vn -0.9921740 -0.1243193 -0.0116380
vn -0.8700477 -0.1161824 -0.4790811
vn -0.8990697 -0.2188892 -0.3791584
vn -0.8501927 -0.2093413 -0.4830616
vn -0.8917753 -0.2262784 0.3918354
vn -0.7888164 -0.1651129 0.5920359
vn -0.7493487 -0.3128438 0.5836139
vn -0.7057484 -0.3903902 0.5911976
vn -0.6856206 -0.3524318 0.6369586
vn -0.7556246 -0.4486873 0.4771910
vn -0.7369170 -0.4199380 0.5297220
vn -0.7503675 -0.4399107 0.4933834
vn -0.7832914 -0.4175564 0.4605445
vn -0.8486281 -0.3663692 0.3815809
vn -0.8144712 -0.2573930 0.5199860
vn -0.9280466 -0.2422492 0.2829220
vn -0.9891971 -0.0095825 0.1462780
vn -0.8532398 0.3283753 0.4051562
vn -0.9390047 0.3421223 -0.0349646
vn -0.9771329 -0.2019687 -0.0664825
vn -0.9210854 -0.1784535 -0.3460578
vn -0.9361485 -0.2596097 -0.2371261
vn -0.9476723 -0.2783908 0.1562556
vn -0.8869178 -0.3703889 0.2760232
vn -0.9540536 -0.2919296 -0.0675194
vn -0.9674721 0.2040935 0.1494780
vn -0.9270791 -0.1158083 0.3565287
vn -0.8603360 -0.2719146 0.4311432
vn -0.8978047 0.1182128 0.4242315
vn -0.9276336 0.0934333 0.3616159
vn -0.8470699 -0.3298966 0.4167023
vn -0.9107551 -0.3005821 0.2831528
vn -0.9872207 -0.1585114 -0.0164125
vn -0.9244842 -0.2760073 -0.2629619
vn -0.8782422 -0.2927848 -0.3781108
vn -0.8858235 -0.2159997 -0.4106833
vn -0.9174783 -0.0293667 -0.3967003
vn -0.8945665 0.2991220 -0.3320796
vn -0.9006108 0.2337860 -0.3663935
vn -0.9869577 0.1530292 -0.0499659
vn -0.9017255 -0.3266864 0.2831381
vn -0.9372671 -0.3095162 -0.1604063
vn -0.9745692 -0.1878843 0.1221248
vn -0.4899921 -0.6352990 0.5969111
vn -0.4637096 -0.6464111 0.6059093
vn -0.4460183 -0.6603448 0.6041626
vn -0.4405375 -0.7460822 0.4992876
vn -0.4018456 -0.9091004 0.1098028
vn -0.4627569 -0.8556855 0.2316429
vn -0.4701871 -0.6695883 0.5749571
vn -0.5281427 -0.6824973 0.5052352
vn -0.5271219 -0.7658809 0.3681969
vn -0.4886486 -0.8675770 -0.0923731
vn -0.4452700 -0.8494879 -0.2830280
vn -0.5369188 -0.8002279 -0.2671209
vn -0.6323431 -0.7280014 -0.2648702
vn -0.6819757 -0.7311525 0.0180309
vn -0.7593146 -0.6419484 -0.1065066
vn -0.6488308 -0.7258117 -0.2285080
vn -0.7724891 -0.6180199 -0.1459864
vn -0.7167080 -0.6770590 0.1670954
vn -0.6969260 -0.5411266 0.4706125
vn -0.7703605 -0.4379660 0.4633902
vn -0.7376439 -0.5470248 0.3957845
vn -0.7635684 -0.6387383 -0.0947454
vn -0.7504401 -0.5239722 -0.4028557
vn -0.4885457 -0.5278185 -0.6947883
vn -0.7017520 -0.6884773 0.1831477
vn -0.5928688 -0.7891237 -0.1605936
vn -0.6110422 -0.6937473 0.3812376
vn -0.5402842 -0.7660921 0.3481320
vn -0.6210530 -0.6546835 0.4309092
vn -0.5528674 -0.6405525 0.5329447
vn -0.8480726 -0.4970358 0.1836526
vn -0.6830561 -0.3385706 0.6471509
vn -0.8180363 -0.2999812 0.4907423
vn -0.7085494 -0.1338516 0.6928502
vn -0.5067052 -0.0700566 0.8592682
vn -0.6094807 -0.0453534 0.7915026
vn -0.9340177 -0.2300635 0.2732795
vn -0.9909725 -0.1331569 0.0155772
vn -0.9448383 -0.2618556 -0.1967540
vn -0.5606042 -0.0344390 0.8273674
vn -0.5310430 -0.0968913 0.8417870
vn -0.5687688 -0.0949555 0.8169979
vn -0.6209281 -0.2120225 0.7546488
vn -0.7147465 -0.3327573 0.6151504
vn -0.6619088 -0.1172870 0.7403516
vn -0.8342266 -0.0449312 0.5495882
vn -0.9926578 0.0169177 0.1197677
vn -0.9509802 0.0621133 -0.3029499
vn -0.8817778 0.1017868 -0.4605512
vn -0.9452638 0.1574960 -0.2857819
vn -0.9230806 0.0525664 -0.3809973
vn -0.9140366 -0.0027908 -0.4056221
vn -0.9753955 -0.0306700 -0.2183185
vn -0.7475422 -0.0209836 0.6638828
vn -0.8985969 0.0024994 0.4387681
vn -0.9673310 -0.0313952 0.2515653
vn -0.9552678 0.1723725 0.2403148
vn -0.8691877 0.1232881 0.4788661
vn -0.9387170 0.0808588 0.3350705
vn -0.9804257 0.0239721 -0.1954245
vn -0.9073443 0.0960501 0.4092686
vn -0.9779598 0.0297357 0.2066648
vn -0.8994459 0.0633476 0.4324166
vn -0.6995397 -0.0504588 -0.7128100
vn -0.4970700 -0.1226982 -0.8589916
vn -0.5683715 -0.2350683 -0.7884775
vn -0.8595932 -0.3630708 -0.3595541
vn -0.4522557 -0.1280611 -0.8826467
vn -0.5420011 -0.1700990 -0.8229831
vn -0.3965824 -0.0749457 -0.9149347
vn -0.4015484 -0.0780088 -0.9125094
vn -0.3347932 -0.1242700 -0.9340613
vn -0.4560380 -0.1309757 -0.8802697
vn -0.5492154 -0.2305910 -0.8032374
vn -0.3510966 -0.2571926 -0.9003239
vn -0.6618536 -0.3707163 -0.6515515
vn -0.8079072 -0.1756255 -0.5625314
vn -0.9820778 -0.1648543 0.0913576
vn -0.9844898 -0.0741485 -0.1590029
vn -0.7991020 -0.0006757 -0.6011951
vn -0.5635185 -0.0393756 -0.8251645
vn -0.9118678 -0.0105180 -0.4103493
vn -0.8216950 -0.5235347 -0.2252304
vn -0.8662817 -0.3852547 -0.3180172
vn -0.9005734 -0.2381282 -0.3636791
vn -0.8052329 -0.5033969 -0.3133553
vn -0.8818807 -0.4714026 -0.0081204
vn -0.9354384 -0.0895511 -0.3419585
vn -0.9720898 0.0501210 -0.2291927
vn -0.9882627 0.1519092 -0.0161396
vn -0.9634467 0.0839649 0.2544018
vn -0.9153132 -0.0128686 0.4025372
vn -0.9027984 -0.1228505 0.4121442
vn -0.9237494 -0.2572307 0.2837593
vn -0.9100794 -0.4143297 -0.0092919
vn -0.8466438 -0.3458261 0.4044733
vn -0.8439257 -0.3662467 0.3919857
vn -0.9698407 -0.1978818 -0.1423086
vn -0.9404931 -0.1350144 0.3118393
vn -0.9406129 -0.2979801 0.1626506
vn 0.6440051 0.5779303 -0.5012524
vn 0.6501636 0.5716349 -0.5005206
vn 0.7131677 0.4891948 -0.5020759
vn 0.7491713 0.4307272 -0.5032062
vn 0.7771538 0.5121866 -0.3656457
vn 0.7771524 0.4018307 -0.4843204
vn 0.7871254 0.4808435 -0.3862942
vn 0.8456550 0.5233839 -0.1045798
vn 0.7806594 0.6249564 0.0006420
vn 0.8065784 0.3996173 -0.4355885
vn 0.8517070 0.5181581 -0.0781497
vn 0.8405749 0.4185681 -0.3438524
vn 0.8718592 0.4490619 -0.1954611
vn 0.7920993 0.5019499 0.3473112
vn 0.8802189 0.4744257 0.0116141
vn 0.7988226 0.3484226 -0.4903919
vn 0.7838653 0.3297265 -0.5261518
vn 0.8074287 0.3419575 -0.4807536
vn 0.8876787 0.4541097 -0.0762298
vn 0.8266934 0.4876502 0.2806694
vn 0.7755300 0.4995209 0.3860468
vn 0.7259452 0.5137287 0.4572596
vn 0.7756222 0.5077392 0.3749814
vn 0.7900888 0.5444194 0.2817219
vn 0.7352127 0.5265594 0.4268460
vn 0.6990067 0.5751750 0.4249276
vn 0.8055950 0.5427939 0.2374688
vn 0.7895147 0.3549072 -0.5007069
vn 0.8418656 0.3791781 -0.3840395
vn 0.8621745 0.4413984 -0.2486413
vn 0.8444770 0.4743442 0.2487089
vn 0.6360507 0.4201409 0.6472412
vn 0.7689438 0.4394546 0.4643329
vn 0.6823955 0.3755804 0.6271170
vn 0.5605042 0.3074604 0.7689624
vn 0.6074810 0.2892643 0.7397926
vn 0.8845453 0.4326669 0.1742956
vn 0.9145889 0.3822586 -0.1319297
vn 0.8635707 0.3802857 -0.3311019
vn 0.5482214 0.1806494 0.8165899
vn 0.5605127 0.1062959 0.8212958
vn 0.4975415 0.0492258 0.8660423
vn 0.4472462 -0.0988095 0.8889362
vn 0.5377063 -0.2040432 0.8180699
vn 0.3970231 -0.2607750 0.8799824
vn 0.5160018 -0.0189357 0.8563782
vn 0.5890767 -0.1200315 0.7991127
vn 0.7590142 0.0614189 0.6481706
vn 0.9826720 0.1349477 0.1270621
vn 0.9921872 0.0046414 -0.1246718
vn 0.9294268 0.1622580 -0.3314185
vn 0.8723650 0.1877775 -0.4513524
vn 0.9250681 0.0833507 -0.3705424
vn 0.9448193 0.2416313 -0.2212031
vn 0.8592055 0.2538396 -0.4442199
vn 0.8151644 0.3121153 -0.4879458
vn 0.8844593 0.3155834 -0.3437132
vn 0.7284490 0.2691676 0.6300086
vn 0.8811862 0.2237660 0.4164608
vn 0.9323462 0.3361754 0.1331042
vn 0.9337013 0.2484999 0.2577784
vn 0.9207080 0.0826494 0.3813999
vn 0.8769469 0.2088304 0.4328441
vn 0.9352467 0.1812445 0.3040791
vn 0.9932317 0.0046601 0.1160568
vn 0.9880674 0.1388237 -0.0667146
vn 0.8597696 0.2949715 0.4168789
vn 0.8653109 0.3607292 0.3480107
vn 0.8071329 0.3726632 0.4578849
vn 0.8617526 0.0568222 -0.5041367
vn 0.7176774 -0.1291372 -0.6842972
vn 0.6468128 -0.0339257 -0.7618938
vn 0.4872160 -0.1142231 -0.8657792
vn 0.3799314 -0.2491695 -0.8908236
vn 0.3881309 -0.1926501 -0.9012438
vn 0.5893786 0.0195229 -0.8076210
vn 0.5493217 0.0507472 -0.8340686
vn 0.6903729 0.1489546 -0.7079532
vn 0.7878750 0.2674970 -0.5547056
vn 0.7168852 0.2557679 -0.6485818
vn 0.8659001 0.3715356 -0.3349303
vn 0.8905267 0.4504423 -0.0637488
vn 0.8670605 0.4437306 -0.2265154
vn 0.8479498 0.4932406 0.1941517
vn 0.8929206 0.4405700 0.0926872
vn 0.8043048 0.4402288 0.3991145
vn 0.8810050 0.4100982 0.2359016
vn 0.9385484 0.2216482 -0.2645733
vn 0.8636347 0.2606603 -0.4314988
vn 0.9394995 0.3425456 0.0018034
vn 0.8664718 0.4121424 -0.2817185
vn 0.8140711 0.3586417 -0.4567980
vn 0.7858818 0.3404247 -0.5162372
vn 0.7852272 0.3378067 -0.5189459
vn 0.8220811 0.3723517 -0.4307398
vn 0.8104591 0.3587140 -0.4631202
vn 0.8803058 0.3862656 -0.2754279
vn 0.9332304 0.3590240 0.0135209
vn 0.8736085 0.4173156 0.2503117
vn 0.8047334 0.4337433 0.4053035
vn 0.7625829 0.4414987 0.4728069
vn 0.7506116 0.4558112 0.4783496
vn 0.7588582 0.4784506 0.4418363
vn 0.7533347 0.4727963 0.4571110
vn 0.8732933 0.4785726 0.0912527
vn 0.8422384 0.4066299 -0.3539585
vn 0.8556398 0.4763118 0.2025035
vn 0.8789824 0.4522168 -0.1512944
vn 0.2295228 -0.8415407 -0.4890078
vn 0.1823187 -0.8455768 -0.5017566
vn 0.5649353 -0.6415968 -0.5188464
vn 0.8460725 -0.3737271 -0.3801175
vn 0.8502676 -0.5234667 -0.0550234
vn 0.9851945 -0.1279327 -0.1141275
vn 0.8117609 -0.3443808 -0.4716419
vn 0.9121101 -0.1056259 -0.3961040
vn 0.8415456 -0.4384479 -0.3155382
vn 0.9881434 -0.0043252 0.1534732
vn 0.9382669 -0.1053105 0.3294919
vn 0.9397732 -0.0199382 0.3412167
vn 0.8949993 -0.1614967 0.4158066
vn 0.9661684 -0.1260389 0.2250174
vn 0.8499329 -0.4149851 0.3246558
vn 0.9322556 -0.1212328 0.3408844
vn 0.8489025 -0.4618764 0.2569724
vn 0.9946519 -0.0342406 -0.0974433
vn 0.8944688 0.0029738 -0.4471206
vn 0.7915751 -0.2849270 -0.5405788
vn 0.8985003 -0.0205797 -0.4384903
vn 0.9918490 -0.0459410 -0.1188488
vn 0.9300431 -0.3286181 0.1644081
vn 0.9125974 -0.0088259 0.4087640
vn 0.9660338 0.0572699 -0.2519897
vn 0.9997681 -0.0163753 -0.0139868
vn 0.9446234 0.0280728 -0.3269535
vn 0.9770804 0.0733468 -0.1998352
vn 0.9430640 0.1207373 -0.3099237
vn 0.9185190 0.0705606 -0.3890297
vn 0.7361248 -0.6765319 0.0206120
vn 0.7308241 -0.4943329 -0.4706710
vn 0.5531308 -0.7597483 -0.3418023
vn 0.4136673 -0.6973563 -0.5852979
vn 0.2677415 -0.5418441 -0.7966928
vn 0.3450678 -0.5979352 -0.7234651
vn 0.5357330 -0.8220047 -0.1931279
vn 0.6395987 -0.7682372 -0.0269285
vn 0.5370054 -0.8250118 0.1760134
vn 0.3243242 -0.4993269 -0.8034217
vn 0.2022518 -0.4702355 -0.8590534
vn 0.3316092 -0.4076627 -0.8507917
vn 0.3544544 -0.3226490 -0.8776444
vn 0.2713241 -0.3640322 -0.8909903
vn 0.5156438 -0.2921165 -0.8054684
vn 0.7569817 -0.2708515 -0.5946580
vn 0.9570949 -0.2319672 -0.1736678
vn 0.9563349 -0.1708544 0.2371336
vn 0.9091210 -0.1270621 0.3966789
vn 0.9641690 -0.1090282 0.2418489
vn 0.8735178 -0.3710871 0.3150570
vn 0.7489906 -0.5734542 0.3319087
vn 0.7781561 -0.6081634 0.1568768
vn 0.5253648 -0.5711060 -0.6307375
vn 0.7674878 -0.4499734 -0.4566031
vn 0.7299823 -0.6336534 -0.2561430
vn 0.9738355 -0.0998464 -0.2041447
vn 0.9033250 -0.1059685 -0.4156617
vn 0.9517128 -0.1516028 -0.2669445
vn 0.9450978 -0.2276967 0.2344021
vn 0.8781471 -0.3290089 -0.3472908
vn 0.8067516 -0.5707689 -0.1528877
vn 0.7707368 -0.5187175 -0.3699959
vn 0.6489566 -0.2616739 0.7144103
vn 0.3950894 -0.2798356 0.8749837
vn 0.3136415 -0.3341366 0.8888092
vn 0.3955680 -0.4264597 0.8134237
vn 0.2519068 -0.4117699 0.8757788
vn 0.1919702 -0.5231982 0.8303078
vn 0.2118747 -0.4859975 0.8478889
vn 0.2005283 -0.5555588 0.8069342
vn 0.1304566 -0.5371559 0.8333334
vn 0.2349445 -0.6161750 0.7517509
vn 0.3561210 -0.6523894 0.6690037
vn 0.3941337 -0.3986676 0.8280838
vn 0.6277667 -0.5978082 0.4985321
vn 0.4639067 -0.7730781 0.4325978
vn 0.5945934 -0.7976680 -0.1009183
vn 0.6502558 -0.7469426 0.1387232
vn 0.6886313 -0.4358974 0.5794656
vn 0.3947645 -0.5332790 0.7481807
vn 0.6918528 -0.6141636 0.3796614
vn 0.6231680 -0.7012369 0.3463068
vn 0.4857653 -0.8131374 0.3206863
vn 0.4957723 -0.8153092 0.2991334
vn 0.5664658 -0.7290188 0.3842501
vn 0.6158639 -0.7865484 0.0453139
vn 0.6093578 -0.7459395 0.2688072
vn 0.7816296 -0.5953433 0.1860687
vn 0.9340011 -0.3570217 0.0133233
vn 0.7939505 -0.5700689 -0.2113388
vn 0.6401681 -0.6908294 -0.3360648
vn 0.5560209 -0.7467074 -0.3650601
vn 0.5791005 -0.7523022 -0.3141400
vn 0.7443962 -0.6514866 -0.1464222
vn 0.6509208 -0.5857591 -0.4828958
vn 0.6194212 -0.6601486 -0.4248779
vn 0.5017560 -0.8573509 0.1148491
vn 0.5248685 -0.8118258 -0.2558360
vn 0.4900479 -0.8611318 -0.1352961
vn -0.0709914 0.5563419 0.8279154
vn -0.2681199 0.4481484 0.8528040
vn -0.4380929 0.3067320 0.8449794
vn -0.5516518 0.3485563 0.7577524
vn -0.7917832 0.1602578 0.5894038
vn -0.5567704 0.1756451 0.8118839
vn -0.6346829 0.0918334 0.7672968
vn -0.7001542 0.0707830 0.7104744
vn -0.7770336 0.1151087 0.6188447
vn -0.7736799 -0.0685703 0.6298551
vn -0.7868307 -0.1208275 0.6052257
vn -0.8267594 -0.0820579 0.5565388
vn -0.8487601 0.0389632 0.5273406
vn -0.6045649 0.3822152 0.6988654
vn -0.7518455 0.3290142 0.5713825
vn -0.4241008 0.6485713 0.6320553
vn 0.0141401 0.7966258 0.6043073
vn -0.8160054 0.2567597 0.5178896
vn -0.8655285 0.1067625 0.4893488
vn -0.7403358 0.1001634 0.6647331
vn -0.8469106 -0.0054486 0.5317074
vn -0.8355374 0.0809260 0.5434412
vn -0.8658233 0.2165538 0.4510593
vn -0.9236696 0.3346999 0.1865754
vn -0.9116572 0.4006811 -0.0913009
vn -0.8812299 0.3972454 -0.2561833
vn -0.9303361 0.3328174 0.1539717
vn -0.7513924 0.6427805 0.1491401
vn -0.8004274 0.3111934 0.5123228
vn -0.9000654 0.3570097 -0.2498525
vn -0.9521819 0.3026537 -0.0418370
vn -0.9259019 0.2546677 0.2790163
vn -0.7691109 0.6380824 -0.0363206
vn -0.3029830 0.9033907 -0.3034575
vn -0.0690205 0.9528505 -0.2954861
vn -0.0386904 0.9851678 -0.1671746
vn -0.1230288 0.9914241 0.0440708
vn -0.2930593 0.8994025 0.3243324
vn -0.0551667 0.9944235 0.0898804
vn -0.0464439 0.8858542 0.4616334
vn -0.2699676 0.9545752 0.1261098
vn -0.7657975 0.5426388 -0.3451047
vn -0.3925679 0.8398745 -0.3748350
vn -0.5581768 0.7991517 -0.2231485
vn -0.4949195 0.6383748 0.5895187
vn -0.6410586 0.2775051 0.7155661
vn -0.7131716 -0.0335100 0.7001881
vn -0.7483496 -0.2433032 0.6170709
vn -0.4638932 0.2827840 0.8395453
vn -0.3520709 0.3816157 0.8546435
vn -0.1330880 0.5262552 0.8398470
vn -0.7729928 -0.3678747 0.5168658
vn -0.7960855 -0.4321558 0.4236616
vn -0.8184014 -0.4567756 0.3486764
vn -0.8738112 -0.3761300 0.3081886
vn -0.9046814 -0.1890587 0.3818487
vn -0.8126311 0.1520341 0.5625979
vn -0.4691746 0.5425427 0.6967946
vn -0.1009754 0.7354935 0.6699652
vn 0.0757110 0.7884837 0.6103780
vn -0.1909413 0.6718618 0.7156417
vn 0.0232195 0.7016700 0.7121236
vn -0.2723632 0.5394305 0.7967641
vn -0.7659291 -0.1736126 0.6190406
vn -0.8147959 -0.0309353 0.5789220
vn -0.6159119 0.1810721 0.7667238
vn -0.8242245 -0.0079538 0.5662073
vn -0.7606102 0.0419383 0.6478528
vn -0.4379034 0.3723888 0.8182708
vn -0.7544848 -0.0902647 0.6500808
vn -0.6453673 0.0148204 0.7637286
vn -0.0296897 0.6656108 0.7457083
vn 0.0298102 0.7530278 0.6573130
vn -0.1466502 0.7584524 0.6350147
vn -0.0051333 0.6376016 0.7703492
vn 0.0922323 0.6126002 0.7849931
vn 0.1389368 0.6660961 0.7328114
vn 0.1347420 0.7420822 0.6566267
vn 0.0899927 0.7913268 0.6047340
vn -0.0305865 0.7112864 0.7022366
vn -0.3689434 0.3945237 0.8415651
vn -0.0518698 0.4848199 0.8730746
vn 0.1324277 0.5896971 0.7966933
vn -0.1575842 0.4037299 0.9012044
vn 0.6837881 0.5167209 0.5152022
vn 0.6698193 0.4793265 0.5670875
vn 0.5206559 0.4179796 0.7444532
vn 0.6129825 0.4441883 0.6534135
vn 0.3610216 0.3766289 0.8531202
vn 0.1775332 0.2810330 0.9431343
vn -0.1292570 0.1336933 0.9825572
vn -0.2403401 0.0603615 0.9688102
vn -0.2110691 0.0391954 0.9766850
vn -0.2524525 0.1179524 0.9603931
vn -0.1571428 0.2574124 0.9534385
vn -0.2404241 0.2185870 0.9457357
vn -0.2066200 0.3725532 0.9047167
vn -0.0486223 0.6440218 0.7634604
vn -0.1534145 0.5786764 0.8009979
vn -0.0919021 0.7921022 0.6034302
vn -0.0284445 0.9314349 0.3627945
vn -0.0949523 0.5572857 0.8248737
vn 0.0570579 0.3938993 0.9173809
vn 0.0746172 0.2591872 0.9629404
vn -0.1882617 0.2265931 0.9556218
vn 0.0350336 0.2918038 0.9558364
vn -0.0704150 0.0418803 0.9966382
vn 0.1862960 0.0481550 0.9813128
vn 0.5135035 0.0362290 0.8573224
vn 0.7596176 -0.0047180 0.6503529
vn 0.6156408 0.2090369 0.7597960
vn 0.8442087 0.3238701 0.4271064
vn 0.6893987 0.3818314 0.6155764
vn 0.8537752 -0.0624033 0.5168886
vn 0.8326961 -0.1237783 0.5397185
vn 0.7117066 -0.1732007 0.6807902
vn 0.7203696 -0.0001595 0.6935904
vn 0.6983593 0.1524090 0.6993324
vn 0.6539797 0.2661132 0.7081627
vn 0.6041803 0.3386336 0.7213137
vn 0.5675543 0.3811872 0.7297798
vn 0.5587041 0.4116818 0.7199776
vn 0.7086863 0.3945449 0.5848914
vn 0.7863151 0.4623745 0.4097785
vn 0.8482206 0.3787125 0.3702682
vn 0.8862601 0.1089409 0.4501943
vn 0.8332781 0.2042401 0.5137447
vn 0.8828977 0.2603585 0.3907749
vn 0.5838807 0.4464607 0.6780532
vn 0.6382954 0.4939144 0.5904469
vn 0.7039445 0.5513815 0.4477060
vn 0.7521651 0.6069259 0.2566877
vn 0.4956317 0.4928908 0.7151279
vn 0.3738776 0.5303606 0.7608766
vn 0.4605958 0.5207061 0.7188301
vn 0.7589293 0.6494359 0.0475332
vn 0.7200450 0.6788163 -0.1440265
vn 0.6454526 0.7027390 -0.2992472
vn 0.5307855 0.8316384 0.1632307
vn 0.2574925 0.7527535 0.6058545
vn 0.0451823 0.6429884 0.7645420
vn -0.0545741 0.6726900 0.7379091
vn -0.0569606 0.8357948 0.5460793
vn -0.0145497 0.9440184 0.3295719
vn 0.1038842 0.7313110 0.6740863
vn 0.3026824 0.7792496 0.5487744
vn 0.2512714 0.6157847 0.7467743
vn 0.5418397 0.6450904 0.5387654
vn 0.2871430 0.6478275 0.7055979
vn 0.3202011 0.5713738 0.7556475
vn -0.0171232 0.1621070 0.9866246
vn 0.3859346 0.3864194 0.8376960
vn 0.7117650 0.5252746 0.4663444
vn 0.0574055 0.3260737 0.9435998
vn 0.1374967 0.5226282 0.8414003
vn 0.7796463 0.5397617 0.3175041
vn 0.6942101 0.5103777 0.5075303
vn 0.5495825 0.4426379 0.7085413
vn 0.5765115 0.5237778 0.6271294
vn 0.5730642 0.6434396 0.5075263
vn 0.4851394 0.7714578 0.4116949
vn 0.3142064 0.8739771 0.3707269
vn 0.1151918 0.9240214 0.3645754
vn 0.1867398 0.8495943 0.4932725
vn 0.1911857 0.7122068 0.6754328
vn 0.6836579 0.6331165 0.3630087
vn 0.6105722 0.7150951 0.3403537
vn 0.4778492 0.7113161 0.5154508
vn 0.0749249 0.3684159 -0.9266369
vn -0.3718336 0.0958766 -0.9233350
vn -0.5828804 -0.1147228 -0.8044185
vn -0.0000800 0.2505667 -0.9680993
vn -0.1247096 0.2081623 -0.9701113
vn -0.5982078 -0.2058231 -0.7744574
vn -0.4084723 -0.1320648 -0.9031662
vn 0.0382069 0.1942340 -0.9802109
vn 0.2666507 0.4635496 -0.8449965
vn -0.3739465 0.0466527 -0.9262761
vn -0.4916480 0.3581504 -0.7937320
vn -0.6707985 -0.0072656 -0.7416041
vn -0.8117722 0.0588623 -0.5810002
vn -0.9380329 0.2089662 -0.2764552
vn -0.8642846 0.2153749 -0.4545611
vn -0.8354768 0.4436961 -0.3242101
vn -0.9112265 0.4073120 -0.0613452
vn -0.6226356 0.3810280 -0.6834783
vn -0.3356119 0.2631711 -0.9044919
vn -0.5766532 -0.1358608 -0.8056134
vn -0.6528875 -0.0773959 -0.7534904
vn -0.4944400 0.0157727 -0.8690686
vn 0.1886731 0.6007351 -0.7768654
vn -0.1323135 0.6611558 -0.7384891
vn -0.6652940 0.5200013 -0.5357075
vn -0.9712719 0.1688803 -0.1676617
vn -0.4970173 0.7310733 -0.4674459
vn -0.6842008 0.6840542 -0.2528617
vn -0.3415068 0.8694598 -0.3569493
vn -0.9939452 -0.0946562 0.0557962
vn -0.9596301 -0.2572763 0.1136613
vn -0.9277591 -0.3725175 0.0222200
vn -0.9257860 -0.3621326 -0.1085368
vn -0.9065070 -0.3065264 -0.2903217
vn -0.8413451 -0.1717961 -0.5124691
vn -0.6928383 0.0572044 -0.7188204
vn -0.4661116 0.3280326 -0.8216658
vn -0.2342195 0.5531657 -0.7994679
vn -0.5797949 0.4740470 -0.6626593
vn -0.3487632 0.8148808 -0.4629617
vn -0.7126258 0.6155850 -0.3364811
vn -0.9976375 0.0617239 -0.0301590
vn -0.9831281 -0.0602266 -0.1727192
vn -0.9362363 0.3097633 -0.1658560
vn -0.0596010 0.7032240 -0.7084658
vn 0.0390049 0.8002774 -0.5983600
vn 0.0479080 0.8742192 -0.4831621
vn -0.0839365 0.9364112 -0.3407179
vn 0.1483693 0.7327480 -0.6641287
vn 0.0192668 0.6398830 -0.7682308
vn 0.1509281 0.7401426 -0.6552935
vn -0.4392937 0.8921422 -0.1053724
vn -0.7979063 0.5793378 0.1664732
vn -0.9047392 0.3049330 0.2974269
vn -0.9403632 0.3184581 -0.1195888
vn -0.8194315 0.2441859 -0.5185608
vn -0.7383978 0.1579571 -0.6556053
vn -0.8289999 0.1441682 -0.5403469
vn -0.9487698 0.2230771 -0.2237689
vn -0.9455810 0.3249887 -0.0160900
vn -0.8887557 0.1727934 -0.4245654
vn -0.8801314 0.3813335 -0.2827603
vn -0.5137834 0.4068488 -0.7553150
vn -0.3323909 0.6980161 -0.6342632
vn -0.6265686 0.3146330 -0.7130343
vn -0.2933405 0.4817151 -0.8257735
vn 0.0973870 0.6861605 -0.7209019
vn -0.1295550 0.8771692 -0.4623739
vn -0.2462551 0.9394704 -0.2382306
vn -0.1679913 0.7546288 -0.6342825
vn -0.6157376 0.6705178 -0.4138515
vn -0.1956496 0.9439717 -0.2657793
vn -0.0440632 0.8507973 -0.5236434
vn 0.0213506 0.7098124 -0.7040671
vn 0.1213434 0.8095237 -0.5744103
vn -0.0497969 0.9048608 -0.4227851
vn -0.6760412 0.7240804 -0.1366599
vn -0.9443217 0.3273960 0.0326861
vn -0.9641950 0.2647415 0.0154904
vn -0.9566731 0.2906420 -0.0174327
vn -0.8893220 0.4325179 -0.1484405
vn -0.2459590 0.9594158 -0.1379331
vn -0.3863667 0.9182967 -0.0863245
vn -0.5721324 0.8153710 -0.0885138
vn 0.7253760 0.5918243 -0.3515304
vn 0.7576959 0.5305817 -0.3799736
vn 0.6839060 0.4485239 -0.5754119
vn 0.7164567 0.6294313 -0.3008422
vn 0.6561111 0.6757047 -0.3360675
vn 0.3747513 0.3066909 -0.8749298
vn 0.0098918 0.1994370 -0.9798607
vn -0.1631362 0.2312213 -0.9591263
vn -0.2043666 0.3809498 -0.9017270
vn -0.1668252 0.1747651 -0.9703744
vn -0.1862466 0.1796379 -0.9659412
vn -0.1698111 0.2229132 -0.9599343
vn -0.1345592 0.3329057 -0.9333100
vn -0.1503516 0.2774143 -0.9489129
vn -0.0387185 0.4383483 -0.8979709
vn 0.1103030 0.4918237 -0.8636798
vn 0.0448554 0.3308921 -0.9426019
vn 0.2990541 0.6484808 -0.7000280
vn 0.5183184 0.7064391 -0.4819646
vn 0.4178602 0.4773195 -0.7730194
vn 0.0556125 0.4185487 -0.9064901
vn 0.4645414 0.6407580 -0.6112532
vn -0.1642682 0.6286285 -0.7601593
vn -0.0562947 0.8883572 -0.4556889
vn 0.0774541 0.9939661 -0.0776682
vn 0.1970168 0.9667747 0.1628838
vn 0.2112138 0.8938264 -0.3955542
vn 0.4703470 0.8407705 -0.2681020
vn 0.2757583 0.6498334 -0.7082895
vn 0.3303983 0.9227329 0.1984969
vn 0.5026174 0.8644754 0.0076217
vn 0.6251470 0.7172202 -0.3078741
vn 0.6764710 0.7357404 0.0327571
vn 0.6549724 0.6930663 0.3011149
vn 0.6522919 0.6491028 0.3913833
vn 0.7035318 0.6238325 0.3404056
vn 0.7863099 0.5942840 0.1689475
vn 0.8426692 0.5290108 -0.1002803
vn 0.7485768 0.6618576 0.0397147
vn 0.6868243 0.5874491 -0.4279906
vn 0.6520241 0.7500805 -0.1106517
vn 0.4202715 0.8710133 0.2543770
vn 0.5687819 0.7520944 0.3329283
vn 0.5377882 0.8304427 0.1454261
vn 0.8196876 0.4250187 -0.3840199
vn 0.7381885 0.3186006 -0.5946187
vn 0.6507637 0.2308628 -0.7233319
vn 0.5790214 0.1503961 -0.8013209
vn 0.5804436 0.2126704 -0.7860385
vn 0.4582391 0.1569937 -0.8748542
vn 0.4915666 0.2056397 -0.8462119
vn 0.5184243 0.0583289 -0.8531319
vn 0.4577202 -0.0530257 -0.8875137
vn 0.3910430 -0.1756580 -0.9034543
vn 0.3923174 -0.1546589 -0.9067346
vn 0.3798600 -0.1172081 -0.9175885
vn 0.3376381 -0.0607468 -0.9393138
vn 0.2614018 0.0128723 -0.9651442
vn 0.1650649 0.1005823 -0.9811406
vn 0.0791997 0.2034695 -0.9758727
vn 0.2438253 0.1097190 -0.9635927
vn 0.2241673 0.1703423 -0.9595481
vn 0.3513891 0.1300939 -0.9271469
vn 0.4864944 0.0706451 -0.8708229
vn 0.4133151 0.0015830 -0.9105867
vn 0.4370437 0.0948583 -0.8944242
vn -0.1116419 0.3852646 -0.9160280
vn 0.0561473 0.4002263 -0.9146947
vn 0.2644808 0.4088202 -0.8734506
vn -0.1006732 0.2411335 -0.9652562
vn -0.1050401 0.1951985 -0.9751226
vn 0.4671600 0.4071001 -0.7848764
vn 0.6292913 0.4039276 -0.6639540
vn 0.7438101 0.4094547 -0.5282929
vn 0.5497604 0.2762398 -0.7883242
vn 0.3687000 0.2078506 -0.9060124
vn 0.2093454 0.1946603 -0.9582702
vn 0.0730580 0.2081224 -0.9753705
vn -0.0038909 0.2431045 -0.9699923
vn -0.0654205 0.2412772 -0.9682487
vn -0.0987425 0.2113252 -0.9724153
vn 0.2317817 0.2678037 -0.9351783
vn 0.2103307 0.2115165 -0.9544746
vn 0.0394348 0.2080127 -0.9773309
vn 0.6209005 -0.0194437 -0.7836482
vn 0.5527323 -0.0486531 -0.8319374
vn 0.3967525 -0.1614573 -0.9036144
vn 0.5477149 -0.0325737 -0.8360307
vn 0.4202634 -0.0715656 -0.9045756
vn 0.0694963 -0.3967860 -0.9152765
vn -0.4443085 -0.6634025 -0.6020690
vn -0.7311412 -0.6755266 -0.0953741
vn -0.7880006 -0.5877721 0.1832458
vn -0.7184503 -0.6358441 -0.2820131
vn -0.8198937 -0.5716243 -0.0319362
vn -0.6644938 -0.5730891 -0.4796008
vn -0.5729600 -0.4962716 -0.6522510
vn -0.7759706 -0.5194566 -0.3578192
vn -0.4612634 -0.4181490 -0.7825519
vn -0.3440316 -0.3419134 -0.8744927
vn -0.6163599 -0.4302604 -0.6595274
vn -0.0400388 -0.2329600 -0.9716617
vn 0.2253853 -0.1382020 -0.9644178
vn 0.1354360 -0.2772697 -0.9511985
vn -0.2284933 -0.4075007 -0.8841572
vn 0.1863055 -0.1971543 -0.9625074
vn -0.8101066 -0.5347977 0.2402475
vn -0.8337281 -0.5521710 0.0021308
vn -0.6157404 -0.5450786 -0.5689931
vn -0.3616450 -0.5264389 -0.7694641
vn -0.7101209 -0.6003025 -0.3679201
vn -0.3914673 -0.5549686 -0.7340049
vn -0.7841488 -0.6104038 -0.1118830
vn -0.3811808 -0.6706589 -0.6363316
vn -0.5265585 -0.8341269 -0.1642208
vn -0.5457432 -0.7545759 0.3643892
vn -0.5218199 -0.8431776 0.1294431
vn -0.4797394 -0.8586046 -0.1806883
vn -0.4118244 -0.7736215 -0.4815708
vn -0.3380546 -0.6319318 -0.6974104
vn -0.2806160 -0.4906285 -0.8249474
vn -0.2492698 -0.3743097 -0.8931723
vn -0.1778441 -0.4676859 -0.8658183
vn -0.2646888 -0.4751476 -0.8391511
vn -0.1946857 -0.4835939 -0.8533665
vn -0.2580142 -0.5895354 -0.7654258
vn -0.2815253 -0.6829897 -0.6739944
vn -0.1950738 -0.5225011 -0.8300234
vn -0.2492376 -0.2866648 -0.9250426
vn -0.2893513 -0.2273474 -0.9298328
vn -0.3861933 -0.2000638 -0.9004606
vn -0.5574160 -0.2140493 -0.8021660
vn -0.5958147 -0.3378274 -0.7286134
vn -0.9102791 -0.4119479 -0.0411208
vn -0.8314775 -0.4700637 -0.2961171
vn -0.7712306 -0.2687137 -0.5770584
vn -0.9075358 -0.3259957 -0.2647745
vn -0.9350958 -0.3537284 -0.0217261
vn -0.9261908 -0.3317989 0.1791094
vn -0.9136354 -0.3343728 0.2312252
vn -0.9130852 -0.3622167 0.1872821
vn -0.9114617 -0.4058003 0.0675544
vn -0.8847165 -0.4488671 -0.1256786
vn -0.7977295 -0.4656823 -0.3831026
vn -0.9013056 -0.4144498 0.1260139
vn -0.8875737 -0.4279049 0.1706174
vn -0.8979910 -0.3920699 0.1997333
vn -0.9271074 -0.3425464 -0.1520981
vn -0.9170944 -0.3441487 0.2012451
vn -0.9224976 -0.3671141 0.1192708
vn -0.8105891 -0.5291723 0.2508425
vn -0.8179664 -0.5228990 0.2398073
vn -0.8155786 -0.5730248 0.0804621
vn -0.8242516 -0.5263999 0.2085962
vn -0.8433489 -0.5221188 0.1271007
vn -0.7073099 -0.6164781 -0.3459298
vn -0.4198683 -0.4905412 -0.7635967
vn -0.2549806 -0.3534800 -0.9000205
vn -0.6432327 -0.5016335 -0.5784597
vn -0.8695965 -0.4883805 0.0727083
vn -0.8701284 -0.4502710 0.2003312
vn -0.8813155 -0.4679004 0.0659721
vn -0.8382911 -0.4874126 -0.2443296
vn -0.8576317 -0.5024938 -0.1093973
vn -0.8575407 -0.5141202 0.0174466
vn -0.8325877 -0.5247057 0.1774306
vn -0.8507319 -0.4826805 0.2080258
vn -0.8444749 -0.4930591 0.2091767
vn 0.1250401 -0.5295332 -0.8390230
vn -0.3746075 -0.7180713 -0.5865517
vn -0.4952082 -0.7372242 -0.4596405
vn 0.0325137 -0.5312561 -0.8465871
vn -0.0725240 -0.5055122 -0.8597660
vn -0.4144200 -0.7659436 -0.4915145
vn -0.1150454 -0.7800261 -0.6150803
vn 0.4884772 -0.5726422 -0.6583851
vn 0.8908569 -0.1502838 -0.4287060
vn 0.0804588 -0.7390941 -0.6687797
vn 0.3062464 -0.5957648 -0.7424806
vn -0.2345168 -0.7327152 -0.6388507
vn -0.3934720 -0.6498998 -0.6502385
vn -0.2990558 -0.5956813 -0.7454726
vn -0.4144988 -0.5653295 -0.7131573
vn -0.3035060 -0.5380939 -0.7863454
vn -0.3360559 -0.6691692 -0.6627812
vn -0.2496311 -0.4746347 -0.8440416
vn -0.1717903 -0.4740620 -0.8635701
vn -0.4804032 -0.7291889 -0.4873359
vn -0.4506609 -0.7006258 -0.5531982
vn -0.4389005 -0.6516631 -0.6186288
vn 0.9668684 0.0797194 -0.2425082
vn 0.9715798 0.1255237 -0.2006901
vn 0.9363198 -0.0156897 -0.3507978
vn 0.6640892 -0.3413621 -0.6651747
vn 0.9436329 0.1394179 -0.3001991
vn 0.8428526 0.1417203 -0.5191482
vn 0.9131313 0.2366110 -0.3319737
vn 0.3157897 -0.5039610 -0.8039279
vn 0.1915217 -0.5027498 -0.8429484
vn 0.1975907 -0.4481806 -0.8718326
vn 0.1597528 -0.4766177 -0.8644736
vn 0.1498026 -0.4791442 -0.8648584
vn 0.1946315 -0.4481962 -0.8724900
vn 0.3373515 -0.3696700 -0.8657586
vn 0.6069352 -0.2266980 -0.7617334
vn 0.8808154 -0.0639190 -0.4691253
vn 0.5634029 -0.0333475 -0.8255090
vn 0.7441079 0.2529727 -0.6183108
vn 0.6679509 0.0883418 -0.7389434
vn 0.3962872 -0.4114380 -0.8207772
vn 0.2264876 -0.4192982 -0.8791430
vn 0.5366573 -0.1911391 -0.8218667
vn 0.9917807 0.0031747 -0.1279102
vn 0.9922950 -0.0418882 0.1166018
vn 0.9495271 -0.1687215 0.2644455
vn 0.8686333 -0.3762240 0.3223845
vn 0.9851219 -0.1714774 0.0114184
vn 0.8378383 -0.5331640 -0.1173165
vn 0.9373361 -0.1075062 -0.3314264
vn 0.6987653 -0.6713673 0.2469676
vn 0.3701988 -0.9288848 -0.0112242
vn 0.0373498 -0.9560246 -0.2908985
vn -0.1171566 -0.9931091 0.0029320
vn -0.2018137 -0.9628531 0.1794025
vn -0.2451662 -0.9503794 0.1915005
vn -0.2821798 -0.9569843 0.0674958
vn -0.3201555 -0.9323989 -0.1677282
vn -0.3429866 -0.8270742 -0.4453184
vn -0.1269119 -0.9708910 -0.2031354
vn 0.1679939 -0.8066947 -0.5665877
vn 0.3433337 -0.9146328 -0.2134687
vn 0.5516074 -0.7811265 0.2925245
vn 0.0579817 -0.9723834 0.2260721
vn 0.4566124 -0.8805300 0.1271696
vn 0.9339929 -0.0045311 -0.3572627
vn 0.9210654 0.1403504 -0.3632359
vn 0.8646042 0.2557019 -0.4325229
vn 0.8109356 -0.1555238 -0.5640885
vn 0.4969580 -0.3532660 -0.7926133
vn 0.8058264 0.3023686 -0.5091336
vn 0.8073421 0.2682731 -0.5255742
vn 0.8947896 0.1615461 -0.4162385
vn 0.8810189 0.1556290 -0.4467498
vn 0.8078134 -0.0363113 -0.5883188
vn 0.4934233 -0.4026685 -0.7709679
vn -0.0157174 -0.6569350 -0.7537834
vn -0.3040647 -0.6887629 -0.6581416
vn -0.1712841 -0.5836679 -0.7937213
vn 0.0965648 -0.4956833 -0.8631184
vn 0.7977382 0.1776696 -0.5762355
vn 0.6918943 -0.0314434 -0.7213138
vn 0.6074607 -0.1346309 -0.7828576
vn 0.5969841 -0.1521855 0.7876862
vn 0.5138956 -0.2522293 0.8199340
vn 0.3168533 -0.3947980 0.8624027
vn 0.4701296 -0.1981263 0.8600722
vn 0.2107393 -0.2787825 0.9369468
vn -0.0227831 -0.5521130 0.8334580
vn -0.4083332 -0.6367009 0.6541223
vn -0.6669961 -0.6222547 0.4097748
vn -0.7900865 -0.5738415 0.2155672
vn -0.6963746 -0.6146587 0.3704823
vn -0.8275382 -0.5152053 0.2230336
vn -0.7320640 -0.5465840 0.4066058
vn -0.7530193 -0.4294782 0.4985082
vn -0.8420912 -0.3073354 0.4432013
vn -0.7428933 -0.3351606 0.5794626
vn -0.7249671 -0.3454890 0.5958692
vn -0.8157672 -0.3894535 0.4276095
vn -0.5263951 -0.3510459 0.7743868
vn -0.1769015 -0.3440623 0.9221318
vn -0.0744087 -0.5350671 0.8415263
vn -0.5047654 -0.5446086 0.6697860
vn -0.1314203 -0.4446429 0.8860143
vn -0.8431371 -0.5298071 0.0917837
vn -0.8677499 -0.4962450 0.0274041
vn -0.8823087 -0.4704042 0.0158523
vn -0.8916130 -0.4488306 0.0598112
vn -0.8780364 -0.4723589 0.0770006
vn -0.8329232 -0.3875436 0.3950303
vn -0.8698005 -0.4395270 0.2241944
vn -0.8885566 -0.4275698 0.1662863
vn -0.8555247 -0.4005566 0.3280729
vn -0.7855066 -0.3646089 0.5000397
vn -0.6818800 -0.2497179 0.6875177
vn -0.5542259 -0.1372716 0.8209691
vn -0.4672535 -0.0802878 0.8804703
vn -0.4460260 -0.0926574 0.8902109
vn -0.4858607 -0.1786148 0.8555911
vn -0.5693749 -0.3510545 0.7433525
vn -0.4332282 -0.1220297 0.8929849
vn -0.4794652 -0.1627497 0.8623373
vn -0.5895507 -0.2045336 0.7814064
vn -0.8523514 -0.3886218 0.3499575
vn -0.6348658 -0.2080909 0.7440723
vn -0.7455326 -0.3020044 0.5941166
vn -0.6396265 -0.5948377 0.4868738
vn -0.6017569 -0.7904657 0.1142481
vn -0.4811906 -0.8583892 -0.1778300
vn -0.3812518 -0.8748601 -0.2987756
vn -0.5509801 -0.8190087 0.1601427
vn -0.5572812 -0.8161592 0.1527151
vn -0.5687245 -0.6021374 0.5603419
vn -0.3516737 -0.9032215 -0.2460012
vn -0.4089196 -0.9123884 0.0182260
vn -0.4939776 -0.7767727 0.3906537
vn -0.4873848 -0.8715333 -0.0537201
vn -0.4522563 -0.8175145 -0.3565589
vn -0.4944227 -0.7693444 -0.4045434
vn -0.6171671 -0.7339439 -0.2836038
vn -0.7613121 -0.6471305 -0.0403237
vn -0.8336930 -0.5045277 0.2245168
vn -0.7108998 -0.7031563 0.0138810
vn -0.7476649 -0.5372634 0.3903143
vn -0.6250366 -0.7749650 0.0935868
vn -0.3639017 -0.8721541 -0.3269905
vn -0.4068197 -0.8355764 -0.3692015
vn -0.4638075 -0.8624183 -0.2027742
vn -0.8450020 -0.5287187 0.0801760
vn -0.8742853 -0.4663165 0.1348117
vn -0.8224153 -0.3533540 0.4458409
vn -0.8626667 -0.4874856 0.1347734
vn -0.8802250 -0.3954043 0.2624107
vn -0.5906104 -0.2116844 0.7786970
vn -0.4538489 -0.2070003 0.8667018
vn -0.5023958 -0.3549817 0.7884076
vn -0.4995956 -0.3544080 0.7904424
vn -0.5744209 -0.3486111 0.7406152
vn -0.7013508 -0.3346546 0.6293753
vn -0.8057052 -0.3224537 0.4968528
vn -0.8435423 -0.3361322 0.4188695
vn -0.8437123 -0.2525050 0.4736991
vn -0.8672824 -0.2874601 0.4064333
vn -0.7325501 -0.2535295 0.6317382
vn -0.6790855 -0.2326452 0.6962177
vn -0.8336944 -0.2749401 0.4789171
vn -0.0601849 -0.2934327 0.9540833
vn -0.2581605 -0.2587301 0.9308125
vn -0.3649738 -0.3099640 0.8779046
vn -0.5125569 -0.4123725 0.7531496
vn -0.6283328 -0.4396083 0.6418274
vn -0.3871683 -0.4775327 0.7887099
vn -0.3226269 -0.7434153 0.5858716
vn -0.1965932 -0.9484367 0.2486341
vn -0.1311284 -0.9913176 -0.0097321
vn -0.3573709 -0.8308396 0.4266048
vn -0.1397997 -0.9187902 0.3691619
vn -0.3889725 -0.7121065 0.5844696
vn -0.3218098 -0.5898305 0.7406339
vn 0.2395026 -0.5448576 0.8035973
vn -0.1574988 -0.4299106 0.8890282
vn 0.0918288 -0.2070470 0.9740118
vn 0.6052906 0.0673142 0.7931532
vn -0.3694910 -0.3901987 0.8433394
vn -0.5772465 -0.4397238 0.6880621
vn -0.5680189 -0.4384202 0.6965216
vn -0.5409688 -0.5224751 0.6590694
vn -0.6120907 -0.4353477 0.6601646
vn -0.1988672 -0.9796606 -0.0267771
vn -0.3504242 -0.9104661 0.2196688
vn -0.4082227 -0.7702569 0.4899577
vn -0.3532346 -0.7379569 0.5750173
vn -0.2320331 -0.8657246 0.4434879
vn 0.1356998 -0.7069888 0.6940839
vn 0.1700471 -0.9143619 0.3674592
vn -0.2358735 -0.8490639 0.4727094
vn -0.0499354 -0.9885430 0.1424402
vn 0.1388935 -0.9523332 -0.2716065
vn 0.4685252 -0.8768160 -0.1080641
vn 0.7847885 -0.6103616 0.1075437
vn 0.9168454 -0.2745707 0.2898369
vn 0.9073297 -0.0348159 0.4189758
vn 0.8399200 0.0821124 0.5364625
vn 0.7358517 0.0771596 0.6727323
vn 0.7602519 -0.0226374 0.6492338
vn 0.7899926 -0.0494723 0.6111171
vn 0.5617490 -0.3277657 0.7596102
vn -0.0543057 -0.7715850 0.6338040
vn 0.4978809 -0.6415262 0.5835740
vn 0.2344860 -0.6052573 0.7607101
vn 0.5813922 -0.0607712 0.8113507
vn 0.3943556 -0.2843978 0.8738429
vn 0.2618033 -0.4732503 0.8411261
vn 0.2259048 -0.5796732 0.7829087
vn 0.7477568 -0.2297909 0.6229413
vn 0.9894291 -0.1286113 0.0670012
vn 0.9904125 0.0610000 0.1239437
vn 0.2655715 -0.6213385 0.7371636
vn 0.3526784 -0.6156104 0.7047281
vn 0.4647850 -0.5708591 0.6768270
vn 0.6017237 -0.6385892 0.4797212
vn 0.7746675 -0.5638324 0.2863274
vn 0.9293306 -0.3268141 0.1718638
vn 0.9835980 -0.0346957 0.1770063
vn 0.9447490 0.1549325 0.2888690
vn 0.8465468 0.1949725 0.4953224
vn 0.9987400 0.0356682 0.0353028
vn 0.9979874 0.0527069 -0.0352576
vn 0.9951702 -0.0490156 -0.0850513
vn 0.5789655 -0.6405050 0.5045317
vn 0.8473069 -0.5005372 0.1775765
vn 0.9335330 -0.3465962 0.0915823
vn -0.1013888 -0.9948015 0.0095000
vn 0.1884363 -0.9786036 0.0826246
vn 0.6926379 -0.6923511 0.2022439
vn 0.0900252 -0.9883826 0.1224554
vn 0.3832998 -0.8764712 0.2913410
vn 0.9363890 -0.1783235 0.3022853
vn 0.9013310 0.1151852 0.4175341
vn 0.7773437 0.1531778 0.6101421
vn 0.9573286 0.1491209 0.2475579
vn 0.9966911 0.0664389 -0.0468262
vn 0.9984598 0.0114368 -0.0542887
vn 0.9887797 0.0052318 0.1492893
vn 0.8695077 0.0391595 0.4923646
vn 0.8399265 -0.2241256 0.4942582
vn 0.6835833 -0.5819361 0.4405272
vn 0.9412079 -0.3347262 0.0456738
vn 0.9940436 -0.1044334 -0.0311597
vn 0.8756213 -0.4719311 0.1028031
f 1//1 644//644 643//643
f 644//644 164//164 645//645
f 645//645 163//163 643//643
f 644//644 645//645 643//643
f 164//164 647//647 646//646
f 647//647 44//44 648//648
f 648//648 165//165 646//646
f 647//647 648//648 646//646
f 165//165 650//650 649//649
f 650//650 43//43 651//651
f 651//651 163//163 649//649
f 650//650 651//651 649//649
f 164//164 646//646 645//645
f 646//646 165//165 649//649
f 649//649 163//163 645//645
f 646//646 649//649 645//645
f 44//44 653//653 652//652
f 653//653 167//167 654//654
f 654//654 166//166 652//652
f 653//653 654//654 652//652
f 167//167 656//656 655//655
f 656//656 14//14 657//657
f 657//657 168//168 655//655
f 656//656 657//657 655//655
f 168//168 659//659 658//658
f 659//659 45//45 660//660
f 660//660 166//166 658//658
f 659//659 660//660 658//658
f 167//167 655//655 654//654
f 655//655 168//168 658//658
f 658//658 166//166 654//654
f 655//655 658//658 654//654
f 45//45 662//662 661//661
f 662//662 170//170 663//663
f 663//663 169//169 661//661
f 662//662 663//663 661//661
f 170//170 665//665 664//664
f 665//665 13//13 666//666
f 666//666 171//171 664//664
f 665//665 666//666 664//664
f 171//171 668//668 667//667
f 668//668 43//43 669//669
f 669//669 169//169 667//667
f 668//668 669//669 667//667
f 170//170 664//664 663//663
f 664//664 171//171 667//667
f 667//667 169//169 663//663
f 664//664 667//667 663//663
f 44//44 652//652 648//648
f 652//652 166//166 670//670
f 670//670 165//165 648//648
f 652//652 670//670 648//648
f 166//166 660//660 671//671
f 660//660 45//45 661//661
f 661//661 169//169 671//671
f 660//660 661//661 671//671
f 169//169 669//669 672//672
f 669//669 43//43 650//650
f 650//650 165//165 672//672
f 669//669 650//650 672//672
f 166//166 671//671 670//670
f 671//671 169//169 672//672
f 672//672 165//165 670//670
f 671//671 672//672 670//670
f 14//14 674//674 673//673
f 674//674 173//173 675//675
f 675//675 172//172 673//673
f 674//674 675//675 673//673
f 173//173 677//677 676//676
f 677//677 47//47 678//678
f 678//678 174//174 676//676
f 677//677 678//678 676//676
f 174//174 680//680 679//679
f 680//680 46//46 681//681
f 681//681 172//172 679//679
f 680//680 681//681 679//679
f 173//173 676//676 675//675
f 676//676 174//174 679//679
f 679//679 172//172 675//675
f 676//676 679//679 675//675
f 47//47 683//683 682//682
f 683//683 176//176 684//684
f 684//684 175//175 682//682
f 683//683 684//684 682//682
f 176//176 686//686 685//685
f 686//686 4//4 687//687
f 687//687 177//177 685//685
f 686//686 687//687 685//685
f 177//177 689//689 688//688
f 689//689 48//48 690//690
f 690//690 175//175 688//688
f 689//689 690//690 688//688
f 176//176 685//685 684//684
f 685//685 177//177 688//688
f 688//688 175//175 684//684
f 685//685 688//688 684//684
f 48//48 692//692 691//691
f 692//692 179//179 693//693
f 693//693 178//178 691//691
f 692//692 693//693 691//691
f 179//179 695//695 694//694
f 695//695 15//15 696//696
f 696//696 180//180 694//694
f 695//695 696//696 694//694
f 180//180 698//698 697//697
f 698//698 46//46 699//699
f 699//699 178//178 697//697
f 698//698 699//699 697//697
f 179//179 694//694 693//693
f 694//694 180//180 697//697
f 697//697 178//178 693//693
f 694//694 697//697 693//693
f 47//47 682//682 678//678
f 682//682 175//175 700//700
f 700//700 174//174 678//678
f 682//682 700//700 678//678
f 175//175 690//690 701//701
f 690//690 48//48 691//691
f 691//691 178//178 701//701
f 690//690 691//691 701//701
f 178//178 699//699 702//702
f 699//699 46//46 680//680
f 680//680 174//174 702//702
f 699//699 680//680 702//702
f 175//175 701//701 700//700
f 701//701 178//178 702//702
f 702//702 174//174 700//700
f 701//701 702//702 700//700
f 15//15 704//704 703//703
f 704//704 182//182 705//705
f 705//705 181//181 703//703
f 704//704 705//705 703//703
f 182//182 707//707 706//706
f 707//707 50//50 708//708
f 708//708 183//183 706//706
f 707//707 708//708 706//706
f 183//183 710//710 709//709
f 710//710 49//49 711//711
f 711//711 181//181 709//709
f 710//710 711//711 709//709
f 182//182 706//706 705//705
f 706//706 183//183 709//709
f 709//709 181//181 705//705
f 706//706 709//709 705//705
f 50//50 713//713 712//712
f 713//713 185//185 714//714
f 714//714 184//184 712//712
f 713//713 714//714 712//712
f 185//185 716//716 715//715
f 716//716 6//6 717//717
f 717//717 186//186 715//715
f 716//716 717//717 715//715
f 186//186 719//719 718//718
f 719//719 51//51 720//720
f 720//720 184//184 718//718
f 719//719 720//720 718//718
f 185//185 715//715 714//714
f 715//715 186//186 718//718
f 718//718 184//184 714//714
f 715//715 718//718 714//714
f 51//51 722//722 721//721
f 722//722 188//188 723//723
f 723//723 187//187 721//721
f 722//722 723//723 721//721
f 188//188 725//725 724//724
f 725//725 13//13 726//726
f 726//726 189//189 724//724
f 725//725 726//726 724//724
f 189//189 728//728 727//727
f 728//728 49//49 729//729
f 729//729 187//187 727//727
f 728//728 729//729 727//727
f 188//188 724//724 723//723
f 724//724 189//189 727//727
f 727//727 187//187 723//723
f 724//724 727//727 723//723
f 50//50 712//712 708//708
f 712//712 184//184 730//730
f 730//730 183//183 708//708
f 712//712 730//730 708//708
f 184//184 720//720 731//731
f 720//720 51//51 721//721
f 721//721 187//187 731//731
f 720//720 721//721 731//731
f 187//187 729//729 732//732
f 729//729 49//49 710//710
f 710//710 183//183 732//732
f 729//729 710//710 732//732
f 184//184 731//731 730//730
f 731//731 187//187 732//732
f 732//732 183//183 730//730
f 731//731 732//732 730//730
f 14//14 673//673 657//657
f 673//673 172//172 733//733
f 733//733 168//168 657//657
f 673//673 733//733 657//657
f 172//172 681//681 734//734
f 681//681 46//46 735//735
f 735//735 190//190 734//734
f 681//681 735//735 734//734
f 190//190 737//737 736//736
f 737//737 45//45 659//659
f 659//659 168//168 736//736
f 737//737 659//659 736//736
f 172//172 734//734 733//733
f 734//734 190//190 736//736
f 736//736 168//168 733//733
f 734//734 736//736 733//733
f 46//46 698//698 738//738
f 698//698 180//180 739//739
f 739//739 191//191 738//738
f 698//698 739//739 738//738
f 180//180 696//696 740//740
f 696//696 15//15 703//703
f 703//703 181//181 740//740
f 696//696 703//703 740//740
f 181//181 711//711 741//741
f 711//711 49//49 742//742
f 742//742 191//191 741//741
f 711//711 742//742 741//741
f 180//180 740//740 739//739
f 740//740 181//181 741//741
f 741//741 191//191 739//739
f 740//740 741//741 739//739
f 49//49 728//728 743//743
f 728//728 189//189 744//744
f 744//744 192//192 743//743
f 728//728 744//744 743//743
f 189//189 726//726 745//745
f 726//726 13//13 665//665
f 665//665 170//170 745//745
f 726//726 665//665 745//745
f 170//170 662//662 746//746
f 662//662 45//45 747//747
f 747//747 192//192 746//746
f 662//662 747//747 746//746
f 189//189 745//745 744//744
f 745//745 170//170 746//746
f 746//746 192//192 744//744
f 745//745 746//746 744//744
f 46//46 738//738 735//735
f 738//738 191//191 748//748
f 748//748 190//190 735//735
f 738//738 748//748 735//735
f 191//191 742//742 749//749
f 742//742 49//49 743//743
f 743//743 192//192 749//749
f 742//742 743//743 749//749
f 192//192 747//747 750//750
f 747//747 45//45 737//737
f 737//737 190//190 750//750
f 747//747 737//737 750//750
f 191//191 749//749 748//748
f 749//749 192//192 750//750
f 750//750 190//190 748//748
f 749//749 750//750 748//748
f 2//2 752//752 751//751
f 752//752 194//194 753//753
f 753//753 193//193 751//751
f 752//752 753//753 751//751
f 194//194 755//755 754//754
f 755//755 53//53 756//756
f 756//756 195//195 754//754
f 755//755 756//756 754//754
f 195//195 758//758 757//757
f 758//758 52//52 759//759
f 759//759 193//193 757//757
f 758//758 759//759 757//757
f 194//194 754//754 753//753
f 754//754 195//195 757//757
f 757//757 193//193 753//753
f 754//754 757//757 753//753
f 53//53 761//761 760//760
f 761//761 197//197 762//762
f 762//762 196//196 760//760
f 761//761 762//762 760//760
f 197//197 764//764 763//763
f 764//764 17//17 765//765
f 765//765 198//198 763//763
f 764//764 765//765 763//763
f 198//198 767//767 766//766
f 767//767 54//54 768//768
f 768//768 196//196 766//766
f 767//767 768//768 766//766
f 197//197 763//763 762//762
f 763//763 198//198 766//766
f 766//766 196//196 762//762
f 763//763 766//766 762//762
f 54//54 770//770 769//769
f 770//770 200//200 771//771
f 771//771 199//199 769//769
f 770//770 771//771 769//769
f 200//200 773//773 772//772
f 773//773 16//16 774//774
f 774//774 201//201 772//772
f 773//773 774//774 772//772
f 201//201 776//776 775//775
f 776//776 52//52 777//777
f 777//777 199//199 775//775
f 776//776 777//777 775//775
f 200//200 772//772 771//771
f 772//772 201//201 775//775
f 775//775 199//199 771//771
f 772//772 775//775 771//771
f 53//53 760//760 756//756
f 760//760 196//196 778//778
f 778//778 195//195 756//756
f 760//760 778//778 756//756
f 196//196 768//768 779//779
f 768//768 54//54 769//769
f 769//769 199//199 779//779
f 768//768 769//769 779//779
f 199//199 777//777 780//780
f 777//777 52//52 758//758
f 758//758 195//195 780//780
f 777//777 758//758 780//780
f 196//196 779//779 778//778
f 779//779 199//199 780//780
f 780//780 195//195 778//778
f 779//779 780//780 778//778
f 17//17 782//782 781//781
f 782//782 203//203 783//783
f 783//783 202//202 781//781
f 782//782 783//783 781//781
f 203//203 785//785 784//784
f 785//785 56//56 786//786
f 786//786 204//204 784//784
f 785//785 786//786 784//784
f 204//204 788//788 787//787
f 788//788 55//55 789//789
f 789//789 202//202 787//787
f 788//788 789//789 787//787
f 203//203 784//784 783//783
f 784//784 204//204 787//787
f 787//787 202//202 783//783
f 784//784 787//787 783//783
f 56//56 791//791 790//790
f 791//791 206//206 792//792
f 792//792 205//205 790//790
f 791//791 792//792 790//790
f 206//206 794//794 793//793
f 794//794 6//6 716//716
f 716//716 185//185 793//793
f 794//794 716//716 793//793
f 185//185 713//713 795//795
f 713//713 50//50 796//796
f 796//796 205//205 795//795
f 713//713 796//796 795//795
f 206//206 793//793 792//792
f 793//793 185//185 795//795
f 795//795 205//205 792//792
f 793//793 795//795 792//792
f 50//50 707//707 797//797
f 707//707 182//182 798//798
f 798//798 207//207 797//797
f 707//707 798//798 797//797
f 182//182 704//704 799//799
f 704//704 15//15 800//800
f 800//800 208//208 799//799
f 704//704 800//800 799//799
f 208//208 802//802 801//801
f 802//802 55//55 803//803
f 803//803 207//207 801//801
f 802//802 803//803 801//801
f 182//182 799//799 798//798
f 799//799 208//208 801//801
f 801//801 207//207 798//798
f 799//799 801//801 798//798
f 56//56 790//790 786//786
f 790//790 205//205 804//804
f 804//804 204//204 786//786
f 790//790 804//804 786//786
f 205//205 796//796 805//805
f 796//796 50//50 797//797
f 797//797 207//207 805//805
f 796//796 797//797 805//805
f 207//207 803//803 806//806
f 803//803 55//55 788//788
f 788//788 204//204 806//806
f 803//803 788//788 806//806
f 205//205 805//805 804//804
f 805//805 207//207 806//806
f 806//806 204//204 804//804
f 805//805 806//806 804//804
f 15//15 695//695 807//807
f 695//695 179//179 808//808
f 808//808 209//209 807//807
f 695//695 808//808 807//807
f 179//179 692//692 809//809
f 692//692 48//48 810//810
f 810//810 210//210 809//809
f 692//692 810//810 809//809
f 210//210 812//812 811//811
f 812//812 57//57 813//813
f 813//813 209//209 811//811
f 812//812 813//813 811//811
f 179//179 809//809 808//808
f 809//809 210//210 811//811
f 811//811 209//209 808//808
f 809//809 811//811 808//808
f 48//48 689//689 814//814
f 689//689 177//177 815//815
f 815//815 211//211 814//814
f 689//689 815//815 814//814
f 177//177 687//687 816//816
f 687//687 4//4 817//817
f 817//817 212//212 816//816
f 687//687 817//817 816//816
f 212//212 819//819 818//818
f 819//819 58//58 820//820
f 820//820 211//211 818//818
f 819//819 820//820 818//818
f 177//177 816//816 815//815
f 816//816 212//212 818//818
f 818//818 211//211 815//815
f 816//816 818//818 815//815
f 58//58 822//822 821//821
f 822//822 214//214 823//823
f 823//823 213//213 821//821
f 822//822 823//823 821//821
f 214//214 825//825 824//824
f 825//825 16//16 826//826
f 826//826 215//215 824//824
f 825//825 826//826 824//824
f 215//215 828//828 827//827
f 828//828 57//57 829//829
f 829//829 213//213 827//827
f 828//828 829//829 827//827
f 214//214 824//824 823//823
f 824//824 215//215 827//827
f 827//827 213//213 823//823
f 824//824 827//827 823//823
f 48//48 814//814 810//810
f 814//814 211//211 830//830
f 830//830 210//210 810//810
f 814//814 830//830 810//810
f 211//211 820//820 831//831
f 820//820 58//58 821//821
f 821//821 213//213 831//831
f 820//820 821//821 831//831
f 213//213 829//829 832//832
f 829//829 57//57 812//812
f 812//812 210//210 832//832
f 829//829 812//812 832//832
f 211//211 831//831 830//830
f 831//831 213//213 832//832
f 832//832 210//210 830//830
f 831//831 832//832 830//830
f 17//17 781//781 765//765
f 781//781 202//202 833//833
f 833//833 198//198 765//765
f 781//781 833//833 765//765
f 202//202 789//789 834//834
f 789//789 55//55 835//835
f 835//835 216//216 834//834
f 789//789 835//835 834//834
f 216//216 837//837 836//836
f 837//837 54//54 767//767
f 767//767 198//198 836//836
f 837//837 767//767 836//836
f 202//202 834//834 833//833
f 834//834 216//216 836//836
f 836//836 198//198 833//833
f 834//834 836//836 833//833
f 55//55 802//802 838//838
f 802//802 208//208 839//839
f 839//839 217//217 838//838
f 802//802 839//839 838//838
f 208//208 800//800 840//840
f 800//800 15//15 807//807
f 807//807 209//209 840//840
f 800//800 807//807 840//840
f 209//209 813//813 841//841
f 813//813 57//57 842//842
f 842//842 217//217 841//841
f 813//813 842//842 841//841
f 208//208 840//840 839//839
f 840//840 209//209 841//841
f 841//841 217//217 839//839
f 840//840 841//841 839//839
f 57//57 828//828 843//843
f 828//828 215//215 844//844
f 844//844 218//218 843//843
f 828//828 844//844 843//843
f 215//215 826//826 845//845
f 826//826 16//16 773//773
f 773//773 200//200 845//845
f 826//826 773//773 845//845
f 200//200 770//770 846//846
f 770//770 54//54 847//847
f 847//847 218//218 846//846
f 770//770 847//847 846//846
f 215//215 845//845 844//844
f 845//845 200//200 846//846
f 846//846 218//218 844//844
f 845//845 846//846 844//844
f 55//55 838//838 835//835
f 838//838 217//217 848//848
f 848//848 216//216 835//835
f 838//838 848//848 835//835
f 217//217 842//842 849//849
f 842//842 57//57 843//843
f 843//843 218//218 849//849
f 842//842 843//843 849//849
f 218//218 847//847 850//850
f 847//847 54//54 837//837
f 837//837 216//216 850//850
f 847//847 837//837 850//850
f 217//217 849//849 848//848
f 849//849 218//218 850//850
f 850//850 216//216 848//848
f 849//849 850//850 848//848
f 2//2 852//852 851//851
f 852//852 220//220 853//853
f 853//853 219//219 851//851
f 852//852 853//853 851//851
f 220//220 855//855 854//854
f 855//855 60//60 856//856
f 856//856 221//221 854//854
f 855//855 856//856 854//854
f 221//221 858//858 857//857
f 858//858 59//59 859//859
f 859//859 219//219 857//857
f 858//858 859//859 857//857
f 220//220 854//854 853//853
f 854//854 221//221 857//857
f 857//857 219//219 853//853
f 854//854 857//857 853//853
f 60//60 861//861 860//860
f 861//861 223//223 862//862
f 862//862 222//222 860//860
f 861//861 862//862 860//860
f 223//223 864//864 863//863
f 864//864 19//19 865//865
f 865//865 224//224 863//863
f 864//864 865//865 863//863
f 224//224 867//867 866//866
f 867//867 61//61 868//868
f 868//868 222//222 866//866
f 867//867 868//868 866//866
f 223//223 863//863 862//862
f 863//863 224//224 866//866
f 866//866 222//222 862//862
f 863//863 866//866 862//862
f 61//61 870//870 869//869
f 870//870 226//226 871//871
f 871//871 225//225 869//869
f 870//870 871//871 869//869
f 226//226 873//873 872//872
f 873//873 18//18 874//874
f 874//874 227//227 872//872
f 873//873 874//874 872//872
f 227//227 876//876 875//875
f 876//876 59//59 877//877
f 877//877 225//225 875//875
f 876//876 877//877 875//875
f 226//226 872//872 871//871
f 872//872 227//227 875//875
f 875//875 225//225 871//871
f 872//872 875//875 871//871
f 60//60 860//860 856//856
f 860//860 222//222 878//878
f 878//878 221//221 856//856
f 860//860 878//878 856//856
f 222//222 868//868 879//879
f 868//868 61//61 869//869
f 869//869 225//225 879//879
f 868//868 869//869 879//879
f 225//225 877//877 880//880
f 877//877 59//59 858//858
f 858//858 221//221 880//880
f 877//877 858//858 880//880
f 222//222 879//879 878//878
f 879//879 225//225 880//880
f 880//880 221//221 878//878
f 879//879 880//880 878//878
f 19//19 882//882 881//881
f 882//882 229//229 883//883
f 883//883 228//228 881//881
f 882//882 883//883 881//881
f 229//229 885//885 884//884
f 885//885 63//63 886//886
f 886//886 230//230 884//884
f 885//885 886//886 884//884
f 230//230 888//888 887//887
f 888//888 62//62 889//889
f 889//889 228//228 887//887
f 888//888 889//889 887//887
f 229//229 884//884 883//883
f 884//884 230//230 887//887
f 887//887 228//228 883//883
f 884//884 887//887 883//883
f 63//63 891//891 890//890
f 891//891 232//232 892//892
f 892//892 231//231 890//890
f 891//891 892//892 890//890
f 232//232 894//894 893//893
f 894//894 10//10 895//895
f 895//895 233//233 893//893
f 894//894 895//895 893//893
f 233//233 897//897 896//896
f 897//897 64//64 898//898
f 898//898 231//231 896//896
f 897//897 898//898 896//896
f 232//232 893//893 892//892
f 893//893 233//233 896//896
f 896//896 231//231 892//892
f 893//893 896//896 892//892
f 64//64 900//900 899//899
f 900//900 235//235 901//901
f 901//901 234//234 899//899
f 900//900 901//901 899//899
f 235//235 903//903 902//902
f 903//903 20//20 904//904
f 904//904 236//236 902//902
f 903//903 904//904 902//902
f 236//236 906//906 905//905
f 906//906 62//62 907//907
f 907//907 234//234 905//905
f 906//906 907//907 905//905
f 235//235 902//902 901//901
f 902//902 236//236 905//905
f 905//905 234//234 901//901
f 902//902 905//905 901//901
f 63//63 890//890 886//886
f 890//890 231//231 908//908
f 908//908 230//230 886//886
f 890//890 908//908 886//886
f 231//231 898//898 909//909
f 898//898 64//64 899//899
f 899//899 234//234 909//909
f 898//898 899//899 909//909
f 234//234 907//907 910//910
f 907//907 62//62 888//888
f 888//888 230//230 910//910
f 907//907 888//888 910//910
f 231//231 909//909 908//908
f 909//909 234//234 910//910
f 910//910 230//230 908//908
f 909//909 910//910 908//908
f 20//20 912//912 911//911
f 912//912 238//238 913//913
f 913//913 237//237 911//911
f 912//912 913//913 911//911
f 238//238 915//915 914//914
f 915//915 66//66 916//916
f 916//916 239//239 914//914
f 915//915 916//916 914//914
f 239//239 918//918 917//917
f 918//918 65//65 919//919
f 919//919 237//237 917//917
f 918//918 919//919 917//917
f 238//238 914//914 913//913
f 914//914 239//239 917//917
f 917//917 237//237 913//913
f 914//914 917//917 913//913
f 66//66 921//921 920//920
f 921//921 241//241 922//922
f 922//922 240//240 920//920
f 921//921 922//922 920//920
f 241//241 924//924 923//923
f 924//924 3//3 925//925
f 925//925 242//242 923//923
f 924//924 925//925 923//923
f 242//242 927//927 926//926
f 927//927 67//67 928//928
f 928//928 240//240 926//926
f 927//927 928//928 926//926
f 241//241 923//923 922//922
f 923//923 242//242 926//926
f 926//926 240//240 922//922
f 923//923 926//926 922//922
f 67//67 930//930 929//929
f 930//930 244//244 931//931
f 931//931 243//243 929//929
f 930//930 931//931 929//929
f 244//244 933//933 932//932
f 933//933 18//18 934//934
f 934//934 245//245 932//932
f 933//933 934//934 932//932
f 245//245 936//936 935//935
f 936//936 65//65 937//937
f 937//937 243//243 935//935
f 936//936 937//937 935//935
f 244//244 932//932 931//931
f 932//932 245//245 935//935
f 935//935 243//243 931//931
f 932//932 935//935 931//931
f 66//66 920//920 916//916
f 920//920 240//240 938//938
f 938//938 239//239 916//916
f 920//920 938//938 916//916
f 240//240 928//928 939//939
f 928//928 67//67 929//929
f 929//929 243//243 939//939
f 928//928 929//929 939//939
f 243//243 937//937 940//940
f 937//937 65//65 918//918
f 918//918 239//239 940//940
f 937//937 918//918 940//940
f 240//240 939//939 938//938
f 939//939 243//243 940//940
f 940//940 239//239 938//938
f 939//939 940//940 938//938
f 19//19 881//881 865//865
f 881//881 228//228 941//941
f 941//941 224//224 865//865
f 881//881 941//941 865//865
f 228//228 889//889 942//942
f 889//889 62//62 943//943
f 943//943 246//246 942//942
f 889//889 943//943 942//942
f 246//246 945//945 944//944
f 945//945 61//61 867//867
f 867//867 224//224 944//944
f 945//945 867//867 944//944
f 228//228 942//942 941//941
f 942//942 246//246 944//944
f 944//944 224//224 941//941
f 942//942 944//944 941//941
f 62//62 906//906 946//946
f 906//906 236//236 947//947
f 947//947 247//247 946//946
f 906//906 947//947 946//946
f 236//236 904//904 948//948
f 904//904 20//20 911//911
f 911//911 237//237 948//948
f 904//904 911//911 948//948
f 237//237 919//919 949//949
f 919//919 65//65 950//950
f 950//950 247//247 949//949
f 919//919 950//950 949//949
f 236//236 948//948 947//947
f 948//948 237//237 949//949
f 949//949 247//247 947//947
f 948//948 949//949 947//947
f 65//65 936//936 951//951
f 936//936 245//245 952//952
f 952//952 248//248 951//951
f 936//936 952//952 951//951
f 245//245 934//934 953//953
f 934//934 18//18 873//873
f 873//873 226//226 953//953
f 934//934 873//873 953//953
f 226//226 870//870 954//954
f 870//870 61//61 955//955
f 955//955 248//248 954//954
f 870//870 955//955 954//954
f 245//245 953//953 952//952
f 953//953 226//226 954//954
f 954//954 248//248 952//952
f 953//953 954//954 952//952
f 62//62 946//946 943//943
f 946//946 247//247 956//956
f 956//956 246//246 943//943
f 946//946 956//956 943//943
f 247//247 950//950 957//957
f 950//950 65//65 951//951
f 951//951 248//248 957//957
f 950//950 951//951 957//957
f 248//248 955//955 958//958
f 955//955 61//61 945//945
f 945//945 246//246 958//958
f 955//955 945//945 958//958
f 247//247 957//957 956//956
f 957//957 248//248 958//958
f 958//958 246//246 956//956
f 957//957 958//958 956//956
f 2//2 851//851 959//959
f 851//851 219//219 960//960
f 960//960 249//249 959//959
f 851//851 960//960 959//959
f 219//219 859//859 961//961
f 859//859 59//59 962//962
f 962//962 250//250 961//961
f 859//859 962//962 961//961
f 250//250 964//964 963//963
f 964//964 68//68 965//965
f 965//965 249//249 963//963
f 964//964 965//965 963//963
f 219//219 961//961 960//960
f 961//961 250//250 963//963
f 963//963 249//249 960//960
f 961//961 963//963 960//960
f 59//59 876//876 966//966
f 876//876 227//227 967//967
f 967//967 251//251 966//966
f 876//876 967//967 966//966
f 227//227 874//874 968//968
f 874//874 18//18 969//969
f 969//969 252//252 968//968
f 874//874 969//969 968//968
f 252//252 971//971 970//970
f 971//971 69//69 972//972
f 972//972 251//251 970//970
f 971//971 972//972 970//970
f 227//227 968//968 967//967
f 968//968 252//252 970//970
f 970//970 251//251 967//967
f 968//968 970//970 967//967
f 69//69 974//974 973//973
f 974//974 254//254 975//975
f 975//975 253//253 973//973
f 974//974 975//975 973//973
f 254//254 977//977 976//976
f 977//977 21//21 978//978
f 978//978 255//255 976//976
f 977//977 978//978 976//976
f 255//255 980//980 979//979
f 980//980 68//68 981//981
f 981//981 253//253 979//979
f 980//980 981//981 979//979
f 254//254 976//976 975//975
f 976//976 255//255 979//979
f 979//979 253//253 975//975
f 976//976 979//979 975//975
f 59//59 966//966 962//962
f 966//966 251//251 982//982
f 982//982 250//250 962//962
f 966//966 982//982 962//962
f 251//251 972//972 983//983
f 972//972 69//69 973//973
f 973//973 253//253 983//983
f 972//972 973//973 983//983
f 253//253 981//981 984//984
f 981//981 68//68 964//964
f 964//964 250//250 984//984
f 981//981 964//964 984//984
f 251//251 983//983 982//982
f 983//983 253//253 984//984
f 984//984 250//250 982//982
f 983//983 984//984 982//982
f 18//18 933//933 985//985
f 933//933 244//244 986//986
f 986//986 256//256 985//985
f 933//933 986//986 985//985
f 244//244 930//930 987//987
f 930//930 67//67 988//988
f 988//988 257//257 987//987
f 930//930 988//988 987//987
f 257//257 990//990 989//989
f 990//990 70//70 991//991
f 991//991 256//256 989//989
f 990//990 991//991 989//989
f 244//244 987//987 986//986
f 987//987 257//257 989//989
f 989//989 256//256 986//986
f 987//987 989//989 986//986
f 67//67 927//927 992//992
f 927//927 242//242 993//993
f 993//993 258//258 992//992
f 927//927 993//993 992//992
f 242//242 925//925 994//994
f 925//925 3//3 995//995
f 995//995 259//259 994//994
f 925//925 995//995 994//994
f 259//259 997//997 996//996
f 997//997 71//71 998//998
f 998//998 258//258 996//996
f 997//997 998//998 996//996
f 242//242 994//994 993//993
f 994//994 259//259 996//996
f 996//996 258//258 993//993
f 994//994 996//996 993//993
f 71//71 1000//1000 999//999
f 1000//1000 261//261 1001//1001
f 1001//1001 260//260 999//999
f 1000//1000 1001//1001 999//999
f 261//261 1003//1003 1002//1002
f 1003//1003 22//22 1004//1004
f 1004//1004 262//262 1002//1002
f 1003//1003 1004//1004 1002//1002
f 262//262 1006//1006 1005//1005
f 1006//1006 70//70 1007//1007
f 1007//1007 260//260 1005//1005
f 1006//1006 1007//1007 1005//1005
f 261//261 1002//1002 1001//1001
f 1002//1002 262//262 1005//1005
f 1005//1005 260//260 1001//1001
f 1002//1002 1005//1005 1001//1001
f 67//67 992//992 988//988
f 992//992 258//258 1008//1008
f 1008//1008 257//257 988//988
f 992//992 1008//1008 988//988
f 258//258 998//998 1009//1009
f 998//998 71//71 999//999
f 999//999 260//260 1009//1009
f 998//998 999//999 1009//1009
f 260//260 1007//1007 1010//1010
f 1007//1007 70//70 990//990
f 990//990 257//257 1010//1010
f 1007//1007 990//990 1010//1010
f 258//258 1009//1009 1008//1008
f 1009//1009 260//260 1010//1010
f 1010//1010 257//257 1008//1008
f 1009//1009 1010//1010 1008//1008
f 22//22 1012//1012 1011//1011
f 1012//1012 264//264 1013//1013
f 1013//1013 263//263 1011//1011
f 1012//1012 1013//1013 1011//1011
f 264//264 1015//1015 1014//1014
f 1015//1015 73//73 1016//1016
f 1016//1016 265//265 1014//1014
f 1015//1015 1016//1016 1014//1014
f 265//265 1018//1018 1017//1017
f 1018//1018 72//72 1019//1019
f 1019//1019 263//263 1017//1017
f 1018//1018 1019//1019 1017//1017
f 264//264 1014//1014 1013//1013
f 1014//1014 265//265 1017//1017
f 1017//1017 263//263 1013//1013
f 1014//1014 1017//1017 1013//1013
f 73//73 1021//1021 1020//1020
f 1021//1021 267//267 1022//1022
f 1022//1022 266//266 1020//1020
f 1021//1021 1022//1022 1020//1020
f 267//267 1024//1024 1023//1023
f 1024//1024 9//9 1025//1025
f 1025//1025 268//268 1023//1023
f 1024//1024 1025//1025 1023//1023
f 268//268 1027//1027 1026//1026
f 1027//1027 74//74 1028//1028
f 1028//1028 266//266 1026//1026
f 1027//1027 1028//1028 1026//1026
f 267//267 1023//1023 1022//1022
f 1023//1023 268//268 1026//1026
f 1026//1026 266//266 1022//1022
f 1023//1023 1026//1026 1022//1022
f 74//74 1030//1030 1029//1029
f 1030//1030 270//270 1031//1031
f 1031//1031 269//269 1029//1029
f 1030//1030 1031//1031 1029//1029
f 270//270 1033//1033 1032//1032
f 1033//1033 21//21 1034//1034
f 1034//1034 271//271 1032//1032
f 1033//1033 1034//1034 1032//1032
f 271//271 1036//1036 1035//1035
f 1036//1036 72//72 1037//1037
f 1037//1037 269//269 1035//1035
f 1036//1036 1037//1037 1035//1035
f 270//270 1032//1032 1031//1031
f 1032//1032 271//271 1035//1035
f 1035//1035 269//269 1031//1031
f 1032//1032 1035//1035 1031//1031
f 73//73 1020//1020 1016//1016
f 1020//1020 266//266 1038//1038
f 1038//1038 265//265 1016//1016
f 1020//1020 1038//1038 1016//1016
f 266//266 1028//1028 1039//1039
f 1028//1028 74//74 1029//1029
f 1029//1029 269//269 1039//1039
f 1028//1028 1029//1029 1039//1039
f 269//269 1037//1037 1040//1040
f 1037//1037 72//72 1018//1018
f 1018//1018 265//265 1040//1040
f 1037//1037 1018//1018 1040//1040
f 266//266 1039//1039 1038//1038
f 1039//1039 269//269 1040//1040
f 1040//1040 265//265 1038//1038
f 1039//1039 1040//1040 1038//1038
f 18//18 985//985 969//969
f 985//985 256//256 1041//1041
f 1041//1041 252//252 969//969
f 985//985 1041//1041 969//969
f 256//256 991//991 1042//1042
f 991//991 70//70 1043//1043
f 1043//1043 272//272 1042//1042
f 991//991 1043//1043 1042//1042
f 272//272 1045//1045 1044//1044
f 1045//1045 69//69 971//971
f 971//971 252//252 1044//1044
f 1045//1045 971//971 1044//1044
f 256//256 1042//1042 1041//1041
f 1042//1042 272//272 1044//1044
f 1044//1044 252//252 1041//1041
f 1042//1042 1044//1044 1041//1041
f 70//70 1006//1006 1046//1046
f 1006//1006 262//262 1047//1047
f 1047//1047 273//273 1046//1046
f 1006//1006 1047//1047 1046//1046
f 262//262 1004//1004 1048//1048
f 1004//1004 22//22 1011//1011
f 1011//1011 263//263 1048//1048
f 1004//1004 1011//1011 1048//1048
f 263//263 1019//1019 1049//1049
f 1019//1019 72//72 1050//1050
f 1050//1050 273//273 1049//1049
f 1019//1019 1050//1050 1049//1049
f 262//262 1048//1048 1047//1047
f 1048//1048 263//263 1049//1049
f 1049//1049 273//273 1047//1047
f 1048//1048 1049//1049 1047//1047
f 72//72 1036//1036 1051//1051
f 1036//1036 271//271 1052//1052
f 1052//1052 274//274 1051//1051
f 1036//1036 1052//1052 1051//1051
f 271//271 1034//1034 1053//1053
f 1034//1034 21//21 977//977
f 977//977 254//254 1053//1053
f 1034//1034 977//977 1053//1053
f 254//254 974//974 1054//1054
f 974//974 69//69 1055//1055
f 1055//1055 274//274 1054//1054
f 974//974 1055//1055 1054//1054
f 271//271 1053//1053 1052//1052
f 1053//1053 254//254 1054//1054
f 1054//1054 274//274 1052//1052
f 1053//1053 1054//1054 1052//1052
f 70//70 1046//1046 1043//1043
f 1046//1046 273//273 1056//1056
f 1056//1056 272//272 1043//1043
f 1046//1046 1056//1056 1043//1043
f 273//273 1050//1050 1057//1057
f 1050//1050 72//72 1051//1051
f 1051//1051 274//274 1057//1057
f 1050//1050 1051//1051 1057//1057
f 274//274 1055//1055 1058//1058
f 1055//1055 69//69 1045//1045
f 1045//1045 272//272 1058//1058
f 1055//1055 1045//1045 1058//1058
f 273//273 1057//1057 1056//1056
f 1057//1057 274//274 1058//1058
f 1058//1058 272//272 1056//1056
f 1057//1057 1058//1058 1056//1056
f 1//1 1060//1060 1059//1059
f 1060//1060 276//276 1061//1061
f 1061//1061 275//275 1059//1059
f 1060//1060 1061//1061 1059//1059
f 276//276 1063//1063 1062//1062
f 1063//1063 76//76 1064//1064
f 1064//1064 277//277 1062//1062
f 1063//1063 1064//1064 1062//1062
f 277//277 1066//1066 1065//1065
f 1066//1066 75//75 1067//1067
f 1067//1067 275//275 1065//1065
f 1066//1066 1067//1067 1065//1065
f 276//276 1062//1062 1061//1061
f 1062//1062 277//277 1065//1065
f 1065//1065 275//275 1061//1061
f 1062//1062 1065//1065 1061//1061
f 76//76 1069//1069 1068//1068
f 1069//1069 279//279 1070//1070
f 1070//1070 278//278 1068//1068
f 1069//1069 1070//1070 1068//1068
f 279//279 1072//1072 1071//1071
f 1072//1072 24//24 1073//1073
f 1073//1073 280//280 1071//1071
f 1072//1072 1073//1073 1071//1071
f 280//280 1075//1075 1074//1074
f 1075//1075 77//77 1076//1076
f 1076//1076 278//278 1074//1074
f 1075//1075 1076//1076 1074//1074
f 279//279 1071//1071 1070//1070
f 1071//1071 280//280 1074//1074
f 1074//1074 278//278 1070//1070
f 1071//1071 1074//1074 1070//1070
f 77//77 1078//1078 1077//1077
f 1078//1078 282//282 1079//1079
f 1079//1079 281//281 1077//1077
f 1078//1078 1079//1079 1077//1077
f 282//282 1081//1081 1080//1080
f 1081//1081 23//23 1082//1082
f 1082//1082 283//283 1080//1080
f 1081//1081 1082//1082 1080//1080
f 283//283 1084//1084 1083//1083
f 1084//1084 75//75 1085//1085
f 1085//1085 281//281 1083//1083
f 1084//1084 1085//1085 1083//1083
f 282//282 1080//1080 1079//1079
f 1080//1080 283//283 1083//1083
f 1083//1083 281//281 1079//1079
f 1080//1080 1083//1083 1079//1079
f 76//76 1068//1068 1064//1064
f 1068//1068 278//278 1086//1086
f 1086//1086 277//277 1064//1064
f 1068//1068 1086//1086 1064//1064
f 278//278 1076//1076 1087//1087
f 1076//1076 77//77 1077//1077
f 1077//1077 281//281 1087//1087
f 1076//1076 1077//1077 1087//1087
f 281//281 1085//1085 1088//1088
f 1085//1085 75//75 1066//1066
f 1066//1066 277//277 1088//1088
f 1085//1085 1066//1066 1088//1088
f 278//278 1087//1087 1086//1086
f 1087//1087 281//281 1088//1088
f 1088//1088 277//277 1086//1086
f 1087//1087 1088//1088 1086//1086
f 24//24 1090//1090 1089//1089
f 1090//1090 285//285 1091//1091
f 1091//1091 284//284 1089//1089
f 1090//1090 1091//1091 1089//1089
f 285//285 1093//1093 1092//1092
f 1093//1093 79//79 1094//1094
f 1094//1094 286//286 1092//1092
f 1093//1093 1094//1094 1092//1092
f 286//286 1096//1096 1095//1095
f 1096//1096 78//78 1097//1097
f 1097//1097 284//284 1095//1095
f 1096//1096 1097//1097 1095//1095
f 285//285 1092//1092 1091//1091
f 1092//1092 286//286 1095//1095
f 1095//1095 284//284 1091//1091
f 1092//1092 1095//1095 1091//1091
f 79//79 1099//1099 1098//1098
f 1099//1099 288//288 1100//1100
f 1100//1100 287//287 1098//1098
f 1099//1099 1100//1100 1098//1098
f 288//288 1102//1102 1101//1101
f 1102//1102 12//12 1103//1103
f 1103//1103 289//289 1101//1101
f 1102//1102 1103//1103 1101//1101
f 289//289 1105//1105 1104//1104
f 1105//1105 80//80 1106//1106
f 1106//1106 287//287 1104//1104
f 1105//1105 1106//1106 1104//1104
f 288//288 1101//1101 1100//1100
f 1101//1101 289//289 1104//1104
f 1104//1104 287//287 1100//1100
f 1101//1101 1104//1104 1100//1100
f 80//80 1108//1108 1107//1107
f 1108//1108 291//291 1109//1109
f 1109//1109 290//290 1107//1107
f 1108//1108 1109//1109 1107//1107
f 291//291 1111//1111 1110//1110
f 1111//1111 25//25 1112//1112
f 1112//1112 292//292 1110//1110
f 1111//1111 1112//1112 1110//1110
f 292//292 1114//1114 1113//1113
f 1114//1114 78//78 1115//1115
f 1115//1115 290//290 1113//1113
f 1114//1114 1115//1115 1113//1113
f 291//291 1110//1110 1109//1109
f 1110//1110 292//292 1113//1113
f 1113//1113 290//290 1109//1109
f 1110//1110 1113//1113 1109//1109
f 79//79 1098//1098 1094//1094
f 1098//1098 287//287 1116//1116
f 1116//1116 286//286 1094//1094
f 1098//1098 1116//1116 1094//1094
f 287//287 1106//1106 1117//1117
f 1106//1106 80//80 1107//1107
f 1107//1107 290//290 1117//1117
f 1106//1106 1107//1107 1117//1117
f 290//290 1115//1115 1118//1118
f 1115//1115 78//78 1096//1096
f 1096//1096 286//286 1118//1118
f 1115//1115 1096//1096 1118//1118
f 287//287 1117//1117 1116//1116
f 1117//1117 290//290 1118//1118
f 1118//1118 286//286 1116//1116
f 1117//1117 1118//1118 1116//1116
f 25//25 1120//1120 1119//1119
f 1120//1120 294//294 1121//1121
f 1121//1121 293//293 1119//1119
f 1120//1120 1121//1121 1119//1119
f 294//294 1123//1123 1122//1122
f 1123//1123 82//82 1124//1124
f 1124//1124 295//295 1122//1122
f 1123//1123 1124//1124 1122//1122
f 295//295 1126//1126 1125//1125
f 1126//1126 81//81 1127//1127
f 1127//1127 293//293 1125//1125
f 1126//1126 1127//1127 1125//1125
f 294//294 1122//1122 1121//1121
f 1122//1122 295//295 1125//1125
f 1125//1125 293//293 1121//1121
f 1122//1122 1125//1125 1121//1121
f 82//82 1129//1129 1128//1128
f 1129//1129 297//297 1130//1130
f 1130//1130 296//296 1128//1128
f 1129//1129 1130//1130 1128//1128
f 297//297 1132//1132 1131//1131
f 1132//1132 8//8 1133//1133
f 1133//1133 298//298 1131//1131
f 1132//1132 1133//1133 1131//1131
f 298//298 1135//1135 1134//1134
f 1135//1135 83//83 1136//1136
f 1136//1136 296//296 1134//1134
f 1135//1135 1136//1136 1134//1134
f 297//297 1131//1131 1130//1130
f 1131//1131 298//298 1134//1134
f 1134//1134 296//296 1130//1130
f 1131//1131 1134//1134 1130//1130
f 83//83 1138//1138 1137//1137
f 1138//1138 300//300 1139//1139
f 1139//1139 299//299 1137//1137
f 1138//1138 1139//1139 1137//1137
f 300//300 1141//1141 1140//1140
f 1141//1141 23//23 1142//1142
f 1142//1142 301//301 1140//1140
f 1141//1141 1142//1142 1140//1140
f 301//301 1144//1144 1143//1143
f 1144//1144 81//81 1145//1145
f 1145//1145 299//299 1143//1143
f 1144//1144 1145//1145 1143//1143
f 300//300 1140//1140 1139//1139
f 1140//1140 301//301 1143//1143
f 1143//1143 299//299 1139//1139
f 1140//1140 1143//1143 1139//1139
f 82//82 1128//1128 1124//1124
f 1128//1128 296//296 1146//1146
f 1146//1146 295//295 1124//1124
f 1128//1128 1146//1146 1124//1124
f 296//296 1136//1136 1147//1147
f 1136//1136 83//83 1137//1137
f 1137//1137 299//299 1147//1147
f 1136//1136 1137//1137 1147//1147
f 299//299 1145//1145 1148//1148
f 1145//1145 81//81 1126//1126
f 1126//1126 295//295 1148//1148
f 1145//1145 1126//1126 1148//1148
f 296//296 1147//1147 1146//1146
f 1147//1147 299//299 1148//1148
f 1148//1148 295//295 1146//1146
f 1147//1147 1148//1148 1146//1146
f 24//24 1089//1089 1073//1073
f 1089//1089 284//284 1149//1149
f 1149//1149 280//280 1073//1073
f 1089//1089 1149//1149 1073//1073
f 284//284 1097//1097 1150//1150
f 1097//1097 78//78 1151//1151
f 1151//1151 302//302 1150//1150
f 1097//1097 1151//1151 1150//1150
f 302//302 1153//1153 1152//1152
f 1153//1153 77//77 1075//1075
f 1075//1075 280//280 1152//1152
f 1153//1153 1075//1075 1152//1152
f 284//284 1150//1150 1149//1149
f 1150//1150 302//302 1152//1152
f 1152//1152 280//280 1149//1149
f 1150//1150 1152//1152 1149//1149
f 78//78 1114//1114 1154//1154
f 1114//1114 292//292 1155//1155
f 1155//1155 303//303 1154//1154
f 1114//1114 1155//1155 1154//1154
f 292//292 1112//1112 1156//1156
f 1112//1112 25//25 1119//1119
f 1119//1119 293//293 1156//1156
f 1112//1112 1119//1119 1156//1156
f 293//293 1127//1127 1157//1157
f 1127//1127 81//81 1158//1158
f 1158//1158 303//303 1157//1157
f 1127//1127 1158//1158 1157//1157
f 292//292 1156//1156 1155//1155
f 1156//1156 293//293 1157//1157
f 1157//1157 303//303 1155//1155
f 1156//1156 1157//1157 1155//1155
f 81//81 1144//1144 1159//1159
f 1144//1144 301//301 1160//1160
f 1160//1160 304//304 1159//1159
f 1144//1144 1160//1160 1159//1159
f 301//301 1142//1142 1161//1161
f 1142//1142 23//23 1081//1081
f 1081//1081 282//282 1161//1161
f 1142//1142 1081//1081 1161//1161
f 282//282 1078//1078 1162//1162
f 1078//1078 77//77 1163//1163
f 1163//1163 304//304 1162//1162
f 1078//1078 1163//1163 1162//1162
f 301//301 1161//1161 1160//1160
f 1161//1161 282//282 1162//1162
f 1162//1162 304//304 1160//1160
f 1161//1161 1162//1162 1160//1160
f 78//78 1154//1154 1151//1151
f 1154//1154 303//303 1164//1164
f 1164//1164 302//302 1151//1151
f 1154//1154 1164//1164 1151//1151
f 303//303 1158//1158 1165//1165
f 1158//1158 81//81 1159//1159
f 1159//1159 304//304 1165//1165
f 1158//1158 1159//1159 1165//1165
f 304//304 1163//1163 1166//1166
f 1163//1163 77//77 1153//1153
f 1153//1153 302//302 1166//1166
f 1163//1163 1153//1153 1166//1166
f 303//303 1165//1165 1164//1164
f 1165//1165 304//304 1166//1166
f 1166//1166 302//302 1164//1164
f 1165//1165 1166//1166 1164//1164
f 1//1 1059//1059 1167//1167
f 1059//1059 275//275 1168//1168
f 1168//1168 305//305 1167//1167
f 1059//1059 1168//1168 1167//1167
f 275//275 1067//1067 1169//1169
f 1067//1067 75//75 1170//1170
f 1170//1170 306//306 1169//1169
f 1067//1067 1170//1170 1169//1169
f 306//306 1172//1172 1171//1171
f 1172//1172 84//84 1173//1173
f 1173//1173 305//305 1171//1171
f 1172//1172 1173//1173 1171//1171
f 275//275 1169//1169 1168//1168
f 1169//1169 306//306 1171//1171
f 1171//1171 305//305 1168//1168
f 1169//1169 1171//1171 1168//1168
f 75//75 1084//1084 1174//1174
f 1084//1084 283//283 1175//1175
f 1175//1175 307//307 1174//1174
f 1084//1084 1175//1175 1174//1174
f 283//283 1082//1082 1176//1176
f 1082//1082 23//23 1177//1177
f 1177//1177 308//308 1176//1176
f 1082//1082 1177//1177 1176//1176
f 308//308 1179//1179 1178//1178
f 1179//1179 85//85 1180//1180
f 1180//1180 307//307 1178//1178
f 1179//1179 1180//1180 1178//1178
f 283//283 1176//1176 1175//1175
f 1176//1176 308//308 1178//1178
f 1178//1178 307//307 1175//1175
f 1176//1176 1178//1178 1175//1175
f 85//85 1182//1182 1181//1181
f 1182//1182 310//310 1183//1183
f 1183//1183 309//309 1181//1181
f 1182//1182 1183//1183 1181//1181
f 310//310 1185//1185 1184//1184
f 1185//1185 26//26 1186//1186
f 1186//1186 311//311 1184//1184
f 1185//1185 1186//1186 1184//1184
f 311//311 1188//1188 1187//1187
f 1188//1188 84//84 1189//1189
f 1189//1189 309//309 1187//1187
f 1188//1188 1189//1189 1187//1187
f 310//310 1184//1184 1183//1183
f 1184//1184 311//311 1187//1187
f 1187//1187 309//309 1183//1183
f 1184//1184 1187//1187 1183//1183
f 75//75 1174//1174 1170//1170
f 1174//1174 307//307 1190//1190
f 1190//1190 306//306 1170//1170
f 1174//1174 1190//1190 1170//1170
f 307//307 1180//1180 1191//1191
f 1180//1180 85//85 1181//1181
f 1181//1181 309//309 1191//1191
f 1180//1180 1181//1181 1191//1191
f 309//309 1189//1189 1192//1192
f 1189//1189 84//84 1172//1172
f 1172//1172 306//306 1192//1192
f 1189//1189 1172//1172 1192//1192
f 307//307 1191//1191 1190//1190
f 1191//1191 309//309 1192//1192
f 1192//1192 306//306 1190//1190
f 1191//1191 1192//1192 1190//1190
f 23//23 1141//1141 1193//1193
f 1141//1141 300//300 1194//1194
f 1194//1194 312//312 1193//1193
f 1141//1141 1194//1194 1193//1193
f 300//300 1138//1138 1195//1195
f 1138//1138 83//83 1196//1196
f 1196//1196 313//313 1195//1195
f 1138//1138 1196//1196 1195//1195
f 313//313 1198//1198 1197//1197
f 1198//1198 86//86 1199//1199
f 1199//1199 312//312 1197//1197
f 1198//1198 1199//1199 1197//1197
f 300//300 1195//1195 1194//1194
f 1195//1195 313//313 1197//1197
f 1197//1197 312//312 1194//1194
f 1195//1195 1197//1197 1194//1194
f 83//83 1135//1135 1200//1200
f 1135//1135 298//298 1201//1201
f 1201//1201 314//314 1200//1200
f 1135//1135 1201//1201 1200//1200
f 298//298 1133//1133 1202//1202
f 1133//1133 8//8 1203//1203
f 1203//1203 315//315 1202//1202
f 1133//1133 1203//1203 1202//1202
f 315//315 1205//1205 1204//1204
f 1205//1205 87//87 1206//1206
f 1206//1206 314//314 1204//1204
f 1205//1205 1206//1206 1204//1204
f 298//298 1202//1202 1201//1201
f 1202//1202 315//315 1204//1204
f 1204//1204 314//314 1201//1201
f 1202//1202 1204//1204 1201//1201
f 87//87 1208//1208 1207//1207
f 1208//1208 317//317 1209//1209
f 1209//1209 316//316 1207//1207
f 1208//1208 1209//1209 1207//1207
f 317//317 1211//1211 1210//1210
f 1211//1211 27//27 1212//1212
f 1212//1212 318//318 1210//1210
f 1211//1211 1212//1212 1210//1210
f 318//318 1214//1214 1213//1213
f 1214//1214 86//86 1215//1215
f 1215//1215 316//316 1213//1213
f 1214//1214 1215//1215 1213//1213
f 317//317 1210//1210 1209//1209
f 1210//1210 318//318 1213//1213
f 1213//1213 316//316 1209//1209
f 1210//1210 1213//1213 1209//1209
f 83//83 1200//1200 1196//1196
f 1200//1200 314//314 1216//1216
f 1216//1216 313//313 1196//1196
f 1200//1200 1216//1216 1196//1196
f 314//314 1206//1206 1217//1217
f 1206//1206 87//87 1207//1207
f 1207//1207 316//316 1217//1217
f 1206//1206 1207//1207 1217//1217
f 316//316 1215//1215 1218//1218
f 1215//1215 86//86 1198//1198
f 1198//1198 313//313 1218//1218
f 1215//1215 1198//1198 1218//1218
f 314//314 1217//1217 1216//1216
f 1217//1217 316//316 1218//1218
f 1218//1218 313//313 1216//1216
f 1217//1217 1218//1218 1216//1216
f 27//27 1220//1220 1219//1219
f 1220//1220 320//320 1221//1221
f 1221//1221 319//319 1219//1219
f 1220//1220 1221//1221 1219//1219
f 320//320 1223//1223 1222//1222
f 1223//1223 89//89 1224//1224
f 1224//1224 321//321 1222//1222
f 1223//1223 1224//1224 1222//1222
f 321//321 1226//1226 1225//1225
f 1226//1226 88//88 1227//1227
f 1227//1227 319//319 1225//1225
f 1226//1226 1227//1227 1225//1225
f 320//320 1222//1222 1221//1221
f 1222//1222 321//321 1225//1225
f 1225//1225 319//319 1221//1221
f 1222//1222 1225//1225 1221//1221
f 89//89 1229//1229 1228//1228
f 1229//1229 323//323 1230//1230
f 1230//1230 322//322 1228//1228
f 1229//1229 1230//1230 1228//1228
f 323//323 1232//1232 1231//1231
f 1232//1232 11//11 1233//1233
f 1233//1233 324//324 1231//1231
f 1232//1232 1233//1233 1231//1231
f 324//324 1235//1235 1234//1234
f 1235//1235 90//90 1236//1236
f 1236//1236 322//322 1234//1234
f 1235//1235 1236//1236 1234//1234
f 323//323 1231//1231 1230//1230
f 1231//1231 324//324 1234//1234
f 1234//1234 322//322 1230//1230
f 1231//1231 1234//1234 1230//1230
f 90//90 1238//1238 1237//1237
f 1238//1238 326//326 1239//1239
f 1239//1239 325//325 1237//1237
f 1238//1238 1239//1239 1237//1237
f 326//326 1241//1241 1240//1240
f 1241//1241 26//26 1242//1242
f 1242//1242 327//327 1240//1240
f 1241//1241 1242//1242 1240//1240
f 327//327 1244//1244 1243//1243
f 1244//1244 88//88 1245//1245
f 1245//1245 325//325 1243//1243
f 1244//1244 1245//1245 1243//1243
f 326//326 1240//1240 1239//1239
f 1240//1240 327//327 1243//1243
f 1243//1243 325//325 1239//1239
f 1240//1240 1243//1243 1239//1239
f 89//89 1228//1228 1224//1224
f 1228//1228 322//322 1246//1246
f 1246//1246 321//321 1224//1224
f 1228//1228 1246//1246 1224//1224
f 322//322 1236//1236 1247//1247
f 1236//1236 90//90 1237//1237
f 1237//1237 325//325 1247//1247
f 1236//1236 1237//1237 1247//1247
f 325//325 1245//1245 1248//1248
f 1245//1245 88//88 1226//1226
f 1226//1226 321//321 1248//1248
f 1245//1245 1226//1226 1248//1248
f 322//322 1247//1247 1246//1246
f 1247//1247 325//325 1248//1248
f 1248//1248 321//321 1246//1246
f 1247//1247 1248//1248 1246//1246
f 23//23 1193//1193 1177//1177
f 1193//1193 312//312 1249//1249
f 1249//1249 308//308 1177//1177
f 1193//1193 1249//1249 1177//1177
f 312//312 1199//1199 1250//1250
f 1199//1199 86//86 1251//1251
f 1251//1251 328//328 1250//1250
f 1199//1199 1251//1251 1250//1250
f 328//328 1253//1253 1252//1252
f 1253//1253 85//85 1179//1179
f 1179//1179 308//308 1252//1252
f 1253//1253 1179//1179 1252//1252
f 312//312 1250//1250 1249//1249
f 1250//1250 328//328 1252//1252
f 1252//1252 308//308 1249//1249
f 1250//1250 1252//1252 1249//1249
f 86//86 1214//1214 1254//1254
f 1214//1214 318//318 1255//1255
f 1255//1255 329//329 1254//1254
f 1214//1214 1255//1255 1254//1254
f 318//318 1212//1212 1256//1256
f 1212//1212 27//27 1219//1219
f 1219//1219 319//319 1256//1256
f 1212//1212 1219//1219 1256//1256
f 319//319 1227//1227 1257//1257
f 1227//1227 88//88 1258//1258
f 1258//1258 329//329 1257//1257
f 1227//1227 1258//1258 1257//1257
f 318//318 1256//1256 1255//1255
f 1256//1256 319//319 1257//1257
f 1257//1257 329//329 1255//1255
f 1256//1256 1257//1257 1255//1255
f 88//88 1244//1244 1259//1259
f 1244//1244 327//327 1260//1260
f 1260//1260 330//330 1259//1259
f 1244//1244 1260//1260 1259//1259
f 327//327 1242//1242 1261//1261
f 1242//1242 26//26 1185//1185
f 1185//1185 310//310 1261//1261
f 1242//1242 1185//1185 1261//1261
f 310//310 1182//1182 1262//1262
f 1182//1182 85//85 1263//1263
f 1263//1263 330//330 1262//1262
f 1182//1182 1263//1263 1262//1262
f 327//327 1261//1261 1260//1260
f 1261//1261 310//310 1262//1262
f 1262//1262 330//330 1260//1260
f 1261//1261 1262//1262 1260//1260
f 86//86 1254//1254 1251//1251
f 1254//1254 329//329 1264//1264
f 1264//1264 328//328 1251//1251
f 1254//1254 1264//1264 1251//1251
f 329//329 1258//1258 1265//1265
f 1258//1258 88//88 1259//1259
f 1259//1259 330//330 1265//1265
f 1258//1258 1259//1259 1265//1265
f 330//330 1263//1263 1266//1266
f 1263//1263 85//85 1253//1253
f 1253//1253 328//328 1266//1266
f 1263//1263 1253//1253 1266//1266
f 329//329 1265//1265 1264//1264
f 1265//1265 330//330 1266//1266
f 1266//1266 328//328 1264//1264
f 1265//1265 1266//1266 1264//1264
f 3//3 1268//1268 1267//1267
f 1268//1268 332//332 1269//1269
f 1269//1269 331//331 1267//1267
f 1268//1268 1269//1269 1267//1267
f 332//332 1271//1271 1270//1270
f 1271//1271 92//92 1272//1272
f 1272//1272 333//333 1270//1270
f 1271//1271 1272//1272 1270//1270
f 333//333 1274//1274 1273//1273
f 1274//1274 91//91 1275//1275
f 1275//1275 331//331 1273//1273
f 1274//1274 1275//1275 1273//1273
f 332//332 1270//1270 1269//1269
f 1270//1270 333//333 1273//1273
f 1273//1273 331//331 1269//1269
f 1270//1270 1273//1273 1269//1269
f 92//92 1277//1277 1276//1276
f 1277//1277 335//335 1278//1278
f 1278//1278 334//334 1276//1276
f 1277//1277 1278//1278 1276//1276
f 335//335 1280//1280 1279//1279
f 1280//1280 29//29 1281//1281
f 1281//1281 336//336 1279//1279
f 1280//1280 1281//1281 1279//1279
f 336//336 1283//1283 1282//1282
f 1283//1283 93//93 1284//1284
f 1284//1284 334//334 1282//1282
f 1283//1283 1284//1284 1282//1282
f 335//335 1279//1279 1278//1278
f 1279//1279 336//336 1282//1282
f 1282//1282 334//334 1278//1278
f 1279//1279 1282//1282 1278//1278
f 93//93 1286//1286 1285//1285
f 1286//1286 338//338 1287//1287
f 1287//1287 337//337 1285//1285
f 1286//1286 1287//1287 1285//1285
f 338//338 1289//1289 1288//1288
f 1289//1289 28//28 1290//1290
f 1290//1290 339//339 1288//1288
f 1289//1289 1290//1290 1288//1288
f 339//339 1292//1292 1291//1291
f 1292//1292 91//91 1293//1293
f 1293//1293 337//337 1291//1291
f 1292//1292 1293//1293 1291//1291
f 338//338 1288//1288 1287//1287
f 1288//1288 339//339 1291//1291
f 1291//1291 337//337 1287//1287
f 1288//1288 1291//1291 1287//1287
f 92//92 1276//1276 1272//1272
f 1276//1276 334//334 1294//1294
f 1294//1294 333//333 1272//1272
f 1276//1276 1294//1294 1272//1272
f 334//334 1284//1284 1295//1295
f 1284//1284 93//93 1285//1285
f 1285//1285 337//337 1295//1295
f 1284//1284 1285//1285 1295//1295
f 337//337 1293//1293 1296//1296
f 1293//1293 91//91 1274//1274
f 1274//1274 333//333 1296//1296
f 1293//1293 1274//1274 1296//1296
f 334//334 1295//1295 1294//1294
f 1295//1295 337//337 1296//1296
f 1296//1296 333//333 1294//1294
f 1295//1295 1296//1296 1294//1294
f 29//29 1298//1298 1297//1297
f 1298//1298 341//341 1299//1299
f 1299//1299 340//340 1297//1297
f 1298//1298 1299//1299 1297//1297
f 341//341 1301//1301 1300//1300
f 1301//1301 95//95 1302//1302
f 1302//1302 342//342 1300//1300
f 1301//1301 1302//1302 1300//1300
f 342//342 1304//1304 1303//1303
f 1304//1304 94//94 1305//1305
f 1305//1305 340//340 1303//1303
f 1304//1304 1305//1305 1303//1303
f 341//341 1300//1300 1299//1299
f 1300//1300 342//342 1303//1303
f 1303//1303 340//340 1299//1299
f 1300//1300 1303//1303 1299//1299
f 95//95 1307//1307 1306//1306
f 1307//1307 344//344 1308//1308
f 1308//1308 343//343 1306//1306
f 1307//1307 1308//1308 1306//1306
f 344//344 1310//1310 1309//1309
f 1310//1310 5//5 1311//1311
f 1311//1311 345//345 1309//1309
f 1310//1310 1311//1311 1309//1309
f 345//345 1313//1313 1312//1312
f 1313//1313 96//96 1314//1314
f 1314//1314 343//343 1312//1312
f 1313//1313 1314//1314 1312//1312
f 344//344 1309//1309 1308//1308
f 1309//1309 345//345 1312//1312
f 1312//1312 343//343 1308//1308
f 1309//1309 1312//1312 1308//1308
f 96//96 1316//1316 1315//1315
f 1316//1316 347//347 1317//1317
f 1317//1317 346//346 1315//1315
f 1316//1316 1317//1317 1315//1315
f 347//347 1319//1319 1318//1318
f 1319//1319 30//30 1320//1320
f 1320//1320 348//348 1318//1318
f 1319//1319 1320//1320 1318//1318
f 348//348 1322//1322 1321//1321
f 1322//1322 94//94 1323//1323
f 1323//1323 346//346 1321//1321
f 1322//1322 1323//1323 1321//1321
f 347//347 1318//1318 1317//1317
f 1318//1318 348//348 1321//1321
f 1321//1321 346//346 1317//1317
f 1318//1318 1321//1321 1317//1317
f 95//95 1306//1306 1302//1302
f 1306//1306 343//343 1324//1324
f 1324//1324 342//342 1302//1302
f 1306//1306 1324//1324 1302//1302
f 343//343 1314//1314 1325//1325
f 1314//1314 96//96 1315//1315
f 1315//1315 346//346 1325//1325
f 1314//1314 1315//1315 1325//1325
f 346//346 1323//1323 1326//1326
f 1323//1323 94//94 1304//1304
f 1304//1304 342//342 1326//1326
f 1323//1323 1304//1304 1326//1326
f 343//343 1325//1325 1324//1324
f 1325//1325 346//346 1326//1326
f 1326//1326 342//342 1324//1324
f 1325//1325 1326//1326 1324//1324
f 30//30 1328//1328 1327//1327
f 1328//1328 350//350 1329//1329
f 1329//1329 349//349 1327//1327
f 1328//1328 1329//1329 1327//1327
f 350//350 1331//1331 1330//1330
f 1331//1331 98//98 1332//1332
f 1332//1332 351//351 1330//1330
f 1331//1331 1332//1332 1330//1330
f 351//351 1334//1334 1333//1333
f 1334//1334 97//97 1335//1335
f 1335//1335 349//349 1333//1333
f 1334//1334 1335//1335 1333//1333
f 350//350 1330//1330 1329//1329
f 1330//1330 351//351 1333//1333
f 1333//1333 349//349 1329//1329
f 1330//1330 1333//1333 1329//1329
f 98//98 1337//1337 1336//1336
f 1337//1337 353//353 1338//1338
f 1338//1338 352//352 1336//1336
f 1337//1337 1338//1338 1336//1336
f 353//353 1340//1340 1339//1339
f 1340//1340 7//7 1341//1341
f 1341//1341 354//354 1339//1339
f 1340//1340 1341//1341 1339//1339
f 354//354 1343//1343 1342//1342
f 1343//1343 99//99 1344//1344
f 1344//1344 352//352 1342//1342
f 1343//1343 1344//1344 1342//1342
f 353//353 1339//1339 1338//1338
f 1339//1339 354//354 1342//1342
f 1342//1342 352//352 1338//1338
f 1339//1339 1342//1342 1338//1338
f 99//99 1346//1346 1345//1345
f 1346//1346 356//356 1347//1347
f 1347//1347 355//355 1345//1345
f 1346//1346 1347//1347 1345//1345
f 356//356 1349//1349 1348//1348
f 1349//1349 28//28 1350//1350
f 1350//1350 357//357 1348//1348
f 1349//1349 1350//1350 1348//1348
f 357//357 1352//1352 1351//1351
f 1352//1352 97//97 1353//1353
f 1353//1353 355//355 1351//1351
f 1352//1352 1353//1353 1351//1351
f 356//356 1348//1348 1347//1347
f 1348//1348 357//357 1351//1351
f 1351//1351 355//355 1347//1347
f 1348//1348 1351//1351 1347//1347
f 98//98 1336//1336 1332//1332
f 1336//1336 352//352 1354//1354
f 1354//1354 351//351 1332//1332
f 1336//1336 1354//1354 1332//1332
f 352//352 1344//1344 1355//1355
f 1344//1344 99//99 1345//1345
f 1345//1345 355//355 1355//1355
f 1344//1344 1345//1345 1355//1355
f 355//355 1353//1353 1356//1356
f 1353//1353 97//97 1334//1334
f 1334//1334 351//351 1356//1356
f 1353//1353 1334//1334 1356//1356
f 352//352 1355//1355 1354//1354
f 1355//1355 355//355 1356//1356
f 1356//1356 351//351 1354//1354
f 1355//1355 1356//1356 1354//1354
f 29//29 1297//1297 1281//1281
f 1297//1297 340//340 1357//1357
f 1357//1357 336//336 1281//1281
f 1297//1297 1357//1357 1281//1281
f 340//340 1305//1305 1358//1358
f 1305//1305 94//94 1359//1359
f 1359//1359 358//358 1358//1358
f 1305//1305 1359//1359 1358//1358
f 358//358 1361//1361 1360//1360
f 1361//1361 93//93 1283//1283
f 1283//1283 336//336 1360//1360
f 1361//1361 1283//1283 1360//1360
f 340//340 1358//1358 1357//1357
f 1358//1358 358//358 1360//1360
f 1360//1360 336//336 1357//1357
f 1358//1358 1360//1360 1357//1357
f 94//94 1322//1322 1362//1362
f 1322//1322 348//348 1363//1363
f 1363//1363 359//359 1362//1362
f 1322//1322 1363//1363 1362//1362
f 348//348 1320//1320 1364//1364
f 1320//1320 30//30 1327//1327
f 1327//1327 349//349 1364//1364
f 1320//1320 1327//1327 1364//1364
f 349//349 1335//1335 1365//1365
f 1335//1335 97//97 1366//1366
f 1366//1366 359//359 1365//1365
f 1335//1335 1366//1366 1365//1365
f 348//348 1364//1364 1363//1363
f 1364//1364 349//349 1365//1365
f 1365//1365 359//359 1363//1363
f 1364//1364 1365//1365 1363//1363
f 97//97 1352//1352 1367//1367
f 1352//1352 357//357 1368//1368
f 1368//1368 360//360 1367//1367
f 1352//1352 1368//1368 1367//1367
f 357//357 1350//1350 1369//1369
f 1350//1350 28//28 1289//1289
f 1289//1289 338//338 1369//1369
f 1350//1350 1289//1289 1369//1369
f 338//338 1286//1286 1370//1370
f 1286//1286 93//93 1371//1371
f 1371//1371 360//360 1370//1370
f 1286//1286 1371//1371 1370//1370
f 357//357 1369//1369 1368//1368
f 1369//1369 338//338 1370//1370
f 1370//1370 360//360 1368//1368
f 1369//1369 1370//1370 1368//1368
f 94//94 1362//1362 1359//1359
f 1362//1362 359//359 1372//1372
f 1372//1372 358//358 1359//1359
f 1362//1362 1372//1372 1359//1359
f 359//359 1366//1366 1373//1373
f 1366//1366 97//97 1367//1367
f 1367//1367 360//360 1373//1373
f 1366//1366 1367//1367 1373//1373
f 360//360 1371//1371 1374//1374
f 1371//1371 93//93 1361//1361
f 1361//1361 358//358 1374//1374
f 1371//1371 1361//1361 1374//1374
f 359//359 1373//1373 1372//1372
f 1373//1373 360//360 1374//1374
f 1374//1374 358//358 1372//1372
f 1373//1373 1374//1374 1372//1372
f 8//8 1376//1376 1375//1375
f 1376//1376 362//362 1377//1377
f 1377//1377 361//361 1375//1375
f 1376//1376 1377//1377 1375//1375
f 362//362 1379//1379 1378//1378
f 1379//1379 101//101 1380//1380
f 1380//1380 363//363 1378//1378
f 1379//1379 1380//1380 1378//1378
f 363//363 1382//1382 1381//1381
f 1382//1382 100//100 1383//1383
f 1383//1383 361//361 1381//1381
f 1382//1382 1383//1383 1381//1381
f 362//362 1378//1378 1377//1377
f 1378//1378 363//363 1381//1381
f 1381//1381 361//361 1377//1377
f 1378//1378 1381//1381 1377//1377
f 101//101 1385//1385 1384//1384
f 1385//1385 365//365 1386//1386
f 1386//1386 364//364 1384//1384
f 1385//1385 1386//1386 1384//1384
f 365//365 1388//1388 1387//1387
f 1388//1388 32//32 1389//1389
f 1389//1389 366//366 1387//1387
f 1388//1388 1389//1389 1387//1387
f 366//366 1391//1391 1390//1390
f 1391//1391 102//102 1392//1392
f 1392//1392 364//364 1390//1390
f 1391//1391 1392//1392 1390//1390
f 365//365 1387//1387 1386//1386
f 1387//1387 366//366 1390//1390
f 1390//1390 364//364 1386//1386
f 1387//1387 1390//1390 1386//1386
f 102//102 1394//1394 1393//1393
f 1394//1394 368//368 1395//1395
f 1395//1395 367//367 1393//1393
f 1394//1394 1395//1395 1393//1393
f 368//368 1397//1397 1396//1396
f 1397//1397 31//31 1398//1398
f 1398//1398 369//369 1396//1396
f 1397//1397 1398//1398 1396//1396
f 369//369 1400//1400 1399//1399
f 1400//1400 100//100 1401//1401
f 1401//1401 367//367 1399//1399
f 1400//1400 1401//1401 1399//1399
f 368//368 1396//1396 1395//1395
f 1396//1396 369//369 1399//1399
f 1399//1399 367//367 1395//1395
f 1396//1396 1399//1399 1395//1395
f 101//101 1384//1384 1380//1380
f 1384//1384 364//364 1402//1402
f 1402//1402 363//363 1380//1380
f 1384//1384 1402//1402 1380//1380
f 364//364 1392//1392 1403//1403
f 1392//1392 102//102 1393//1393
f 1393//1393 367//367 1403//1403
f 1392//1392 1393//1393 1403//1403
f 367//367 1401//1401 1404//1404
f 1401//1401 100//100 1382//1382
f 1382//1382 363//363 1404//1404
f 1401//1401 1382//1382 1404//1404
f 364//364 1403//1403 1402//1402
f 1403//1403 367//367 1404//1404
f 1404//1404 363//363 1402//1402
f 1403//1403 1404//1404 1402//1402
f 32//32 1406//1406 1405//1405
f 1406//1406 371//371 1407//1407
f 1407//1407 370//370 1405//1405
f 1406//1406 1407//1407 1405//1405
f 371//371 1409//1409 1408//1408
f 1409//1409 104//104 1410//1410
f 1410//1410 372//372 1408//1408
f 1409//1409 1410//1410 1408//1408
f 372//372 1412//1412 1411//1411
f 1412//1412 103//103 1413//1413
f 1413//1413 370//370 1411//1411
f 1412//1412 1413//1413 1411//1411
f 371//371 1408//1408 1407//1407
f 1408//1408 372//372 1411//1411
f 1411//1411 370//370 1407//1407
f 1408//1408 1411//1411 1407//1407
f 104//104 1415//1415 1414//1414
f 1415//1415 374//374 1416//1416
f 1416//1416 373//373 1414//1414
f 1415//1415 1416//1416 1414//1414
f 374//374 1418//1418 1417//1417
f 1418//1418 7//7 1340//1340
f 1340//1340 353//353 1417//1417
f 1418//1418 1340//1340 1417//1417
f 353//353 1337//1337 1419//1419
f 1337//1337 98//98 1420//1420
f 1420//1420 373//373 1419//1419
f 1337//1337 1420//1420 1419//1419
f 374//374 1417//1417 1416//1416
f 1417//1417 353//353 1419//1419
f 1419//1419 373//373 1416//1416
f 1417//1417 1419//1419 1416//1416
f 98//98 1331//1331 1421//1421
f 1331//1331 350//350 1422//1422
f 1422//1422 375//375 1421//1421
f 1331//1331 1422//1422 1421//1421
f 350//350 1328//1328 1423//1423
f 1328//1328 30//30 1424//1424
f 1424//1424 376//376 1423//1423
f 1328//1328 1424//1424 1423//1423
f 376//376 1426//1426 1425//1425
f 1426//1426 103//103 1427//1427
f 1427//1427 375//375 1425//1425
f 1426//1426 1427//1427 1425//1425
f 350//350 1423//1423 1422//1422
f 1423//1423 376//376 1425//1425
f 1425//1425 375//375 1422//1422
f 1423//1423 1425//1425 1422//1422
f 104//104 1414//1414 1410//1410
f 1414//1414 373//373 1428//1428
f 1428//1428 372//372 1410//1410
f 1414//1414 1428//1428 1410//1410
f 373//373 1420//1420 1429//1429
f 1420//1420 98//98 1421//1421
f 1421//1421 375//375 1429//1429
f 1420//1420 1421//1421 1429//1429
f 375//375 1427//1427 1430//1430
f 1427//1427 103//103 1412//1412
f 1412//1412 372//372 1430//1430
f 1427//1427 1412//1412 1430//1430
f 373//373 1429//1429 1428//1428
f 1429//1429 375//375 1430//1430
f 1430//1430 372//372 1428//1428
f 1429//1429 1430//1430 1428//1428
f 30//30 1319//1319 1431//1431
f 1319//1319 347//347 1432//1432
f 1432//1432 377//377 1431//1431
f 1319//1319 1432//1432 1431//1431
f 347//347 1316//1316 1433//1433
f 1316//1316 96//96 1434//1434
f 1434//1434 378//378 1433//1433
f 1316//1316 1434//1434 1433//1433
f 378//378 1436//1436 1435//1435
f 1436//1436 105//105 1437//1437
f 1437//1437 377//377 1435//1435
f 1436//1436 1437//1437 1435//1435
f 347//347 1433//1433 1432//1432
f 1433//1433 378//378 1435//1435
f 1435//1435 377//377 1432//1432
f 1433//1433 1435//1435 1432//1432
f 96//96 1313//1313 1438//1438
f 1313//1313 345//345 1439//1439
f 1439//1439 379//379 1438//1438
f 1313//1313 1439//1439 1438//1438
f 345//345 1311//1311 1440//1440
f 1311//1311 5//5 1441//1441
f 1441//1441 380//380 1440//1440
f 1311//1311 1441//1441 1440//1440
f 380//380 1443//1443 1442//1442
f 1443//1443 106//106 1444//1444
f 1444//1444 379//379 1442//1442
f 1443//1443 1444//1444 1442//1442
f 345//345 1440//1440 1439//1439
f 1440//1440 380//380 1442//1442
f 1442//1442 379//379 1439//1439
f 1440//1440 1442//1442 1439//1439
f 106//106 1446//1446 1445//1445
f 1446//1446 382//382 1447//1447
f 1447//1447 381//381 1445//1445
f 1446//1446 1447//1447 1445//1445
f 382//382 1449//1449 1448//1448
f 1449//1449 31//31 1450//1450
f 1450//1450 383//383 1448//1448
f 1449//1449 1450//1450 1448//1448
f 383//383 1452//1452 1451//1451
f 1452//1452 105//105 1453//1453
f 1453//1453 381//381 1451//1451
f 1452//1452 1453//1453 1451//1451
f 382//382 1448//1448 1447//1447
f 1448//1448 383//383 1451//1451
f 1451//1451 381//381 1447//1447
f 1448//1448 1451//1451 1447//1447
f 96//96 1438//1438 1434//1434
f 1438//1438 379//379 1454//1454
f 1454//1454 378//378 1434//1434
f 1438//1438 1454//1454 1434//1434
f 379//379 1444//1444 1455//1455
f 1444//1444 106//106 1445//1445
f 1445//1445 381//381 1455//1455
f 1444//1444 1445//1445 1455//1455
f 381//381 1453//1453 1456//1456
f 1453//1453 105//105 1436//1436
f 1436//1436 378//378 1456//1456
f 1453//1453 1436//1436 1456//1456
f 379//379 1455//1455 1454//1454
f 1455//1455 381//381 1456//1456
f 1456//1456 378//378 1454//1454
f 1455//1455 1456//1456 1454//1454
f 32//32 1405//1405 1389//1389
f 1405//1405 370//370 1457//1457
f 1457//1457 366//366 1389//1389
f 1405//1405 1457//1457 1389//1389
f 370//370 1413//1413 1458//1458
f 1413//1413 103//103 1459//1459
f 1459//1459 384//384 1458//1458
f 1413//1413 1459//1459 1458//1458
f 384//384 1461//1461 1460//1460
f 1461//1461 102//102 1391//1391
f 1391//1391 366//366 1460//1460
f 1461//1461 1391//1391 1460//1460
f 370//370 1458//1458 1457//1457
f 1458//1458 384//384 1460//1460
f 1460//1460 366//366 1457//1457
f 1458//1458 1460//1460 1457//1457
f 103//103 1426//1426 1462//1462
f 1426//1426 376//376 1463//1463
f 1463//1463 385//385 1462//1462
f 1426//1426 1463//1463 1462//1462
f 376//376 1424//1424 1464//1464
f 1424//1424 30//30 1431//1431
f 1431//1431 377//377 1464//1464
f 1424//1424 1431//1431 1464//1464
f 377//377 1437//1437 1465//1465
f 1437//1437 105//105 1466//1466
f 1466//1466 385//385 1465//1465
f 1437//1437 1466//1466 1465//1465
f 376//376 1464//1464 1463//1463
f 1464//1464 377//377 1465//1465
f 1465//1465 385//385 1463//1463
f 1464//1464 1465//1465 1463//1463
f 105//105 1452//1452 1467//1467
f 1452//1452 383//383 1468//1468
f 1468//1468 386//386 1467//1467
f 1452//1452 1468//1468 1467//1467
f 383//383 1450//1450 1469//1469
f 1450//1450 31//31 1397//1397
f 1397//1397 368//368 1469//1469
f 1450//1450 1397//1397 1469//1469
f 368//368 1394//1394 1470//1470
f 1394//1394 102//102 1471//1471
f 1471//1471 386//386 1470//1470
f 1394//1394 1471//1471 1470//1470
f 383//383 1469//1469 1468//1468
f 1469//1469 368//368 1470//1470
f 1470//1470 386//386 1468//1468
f 1469//1469 1470//1470 1468//1468
f 103//103 1462//1462 1459//1459
f 1462//1462 385//385 1472//1472
f 1472//1472 384//384 1459//1459
f 1462//1462 1472//1472 1459//1459
f 385//385 1466//1466 1473//1473
f 1466//1466 105//105 1467//1467
f 1467//1467 386//386 1473//1473
f 1466//1466 1467//1467 1473//1473
f 386//386 1471//1471 1474//1474
f 1471//1471 102//102 1461//1461
f 1461//1461 384//384 1474//1474
f 1471//1471 1461//1461 1474//1474
f 385//385 1473//1473 1472//1472
f 1473//1473 386//386 1474//1474
f 1474//1474 384//384 1472//1472
f 1473//1473 1474//1474 1472//1472
f 4//4 1476//1476 1475//1475
f 1476//1476 388//388 1477//1477
f 1477//1477 387//387 1475//1475
f 1476//1476 1477//1477 1475//1475
f 388//388 1479//1479 1478//1478
f 1479//1479 108//108 1480//1480
f 1480//1480 389//389 1478//1478
f 1479//1479 1480//1480 1478//1478
f 389//389 1482//1482 1481//1481
f 1482//1482 107//107 1483//1483
f 1483//1483 387//387 1481//1481
f 1482//1482 1483//1483 1481//1481
f 388//388 1478//1478 1477//1477
f 1478//1478 389//389 1481//1481
f 1481//1481 387//387 1477//1477
f 1478//1478 1481//1481 1477//1477
f 108//108 1485//1485 1484//1484
f 1485//1485 391//391 1486//1486
f 1486//1486 390//390 1484//1484
f 1485//1485 1486//1486 1484//1484
f 391//391 1488//1488 1487//1487
f 1488//1488 34//34 1489//1489
f 1489//1489 392//392 1487//1487
f 1488//1488 1489//1489 1487//1487
f 392//392 1491//1491 1490//1490
f 1491//1491 109//109 1492//1492
f 1492//1492 390//390 1490//1490
f 1491//1491 1492//1492 1490//1490
f 391//391 1487//1487 1486//1486
f 1487//1487 392//392 1490//1490
f 1490//1490 390//390 1486//1486
f 1487//1487 1490//1490 1486//1486
f 109//109 1494//1494 1493//1493
f 1494//1494 394//394 1495//1495
f 1495//1495 393//393 1493//1493
f 1494//1494 1495//1495 1493//1493
f 394//394 1497//1497 1496//1496
f 1497//1497 33//33 1498//1498
f 1498//1498 395//395 1496//1496
f 1497//1497 1498//1498 1496//1496
f 395//395 1500//1500 1499//1499
f 1500//1500 107//107 1501//1501
f 1501//1501 393//393 1499//1499
f 1500//1500 1501//1501 1499//1499
f 394//394 1496//1496 1495//1495
f 1496//1496 395//395 1499//1499
f 1499//1499 393//393 1495//1495
f 1496//1496 1499//1499 1495//1495
f 108//108 1484//1484 1480//1480
f 1484//1484 390//390 1502//1502
f 1502//1502 389//389 1480//1480
f 1484//1484 1502//1502 1480//1480
f 390//390 1492//1492 1503//1503
f 1492//1492 109//109 1493//1493
f 1493//1493 393//393 1503//1503
f 1492//1492 1493//1493 1503//1503
f 393//393 1501//1501 1504//1504
f 1501//1501 107//107 1482//1482
f 1482//1482 389//389 1504//1504
f 1501//1501 1482//1482 1504//1504
f 390//390 1503//1503 1502//1502
f 1503//1503 393//393 1504//1504
f 1504//1504 389//389 1502//1502
f 1503//1503 1504//1504 1502//1502
f 34//34 1506//1506 1505//1505
f 1506//1506 397//397 1507//1507
f 1507//1507 396//396 1505//1505
f 1506//1506 1507//1507 1505//1505
f 397//397 1509//1509 1508//1508
f 1509//1509 111//111 1510//1510
f 1510//1510 398//398 1508//1508
f 1509//1509 1510//1510 1508//1508
f 398//398 1512//1512 1511//1511
f 1512//1512 110//110 1513//1513
f 1513//1513 396//396 1511//1511
f 1512//1512 1513//1513 1511//1511
f 397//397 1508//1508 1507//1507
f 1508//1508 398//398 1511//1511
f 1511//1511 396//396 1507//1507
f 1508//1508 1511//1511 1507//1507
f 111//111 1515//1515 1514//1514
f 1515//1515 400//400 1516//1516
f 1516//1516 399//399 1514//1514
f 1515//1515 1516//1516 1514//1514
f 400//400 1518//1518 1517//1517
f 1518//1518 11//11 1519//1519
f 1519//1519 401//401 1517//1517
f 1518//1518 1519//1519 1517//1517
f 401//401 1521//1521 1520//1520
f 1521//1521 112//112 1522//1522
f 1522//1522 399//399 1520//1520
f 1521//1521 1522//1522 1520//1520
f 400//400 1517//1517 1516//1516
f 1517//1517 401//401 1520//1520
f 1520//1520 399//399 1516//1516
f 1517//1517 1520//1520 1516//1516
f 112//112 1524//1524 1523//1523
f 1524//1524 403//403 1525//1525
f 1525//1525 402//402 1523//1523
f 1524//1524 1525//1525 1523//1523
f 403//403 1527//1527 1526//1526
f 1527//1527 35//35 1528//1528
f 1528//1528 404//404 1526//1526
f 1527//1527 1528//1528 1526//1526
f 404//404 1530//1530 1529//1529
f 1530//1530 110//110 1531//1531
f 1531//1531 402//402 1529//1529
f 1530//1530 1531//1531 1529//1529
f 403//403 1526//1526 1525//1525
f 1526//1526 404//404 1529//1529
f 1529//1529 402//402 1525//1525
f 1526//1526 1529//1529 1525//1525
f 111//111 1514//1514 1510//1510
f 1514//1514 399//399 1532//1532
f 1532//1532 398//398 1510//1510
f 1514//1514 1532//1532 1510//1510
f 399//399 1522//1522 1533//1533
f 1522//1522 112//112 1523//1523
f 1523//1523 402//402 1533//1533
f 1522//1522 1523//1523 1533//1533
f 402//402 1531//1531 1534//1534
f 1531//1531 110//110 1512//1512
f 1512//1512 398//398 1534//1534
f 1531//1531 1512//1512 1534//1534
f 399//399 1533//1533 1532//1532
f 1533//1533 402//402 1534//1534
f 1534//1534 398//398 1532//1532
f 1533//1533 1534//1534 1532//1532
f 35//35 1536//1536 1535//1535
f 1536//1536 406//406 1537//1537
f 1537//1537 405//405 1535//1535
f 1536//1536 1537//1537 1535//1535
f 406//406 1539//1539 1538//1538
f 1539//1539 114//114 1540//1540
f 1540//1540 407//407 1538//1538
f 1539//1539 1540//1540 1538//1538
f 407//407 1542//1542 1541//1541
f 1542//1542 113//113 1543//1543
f 1543//1543 405//405 1541//1541
f 1542//1542 1543//1543 1541//1541
f 406//406 1538//1538 1537//1537
f 1538//1538 407//407 1541//1541
f 1541//1541 405//405 1537//1537
f 1538//1538 1541//1541 1537//1537
f 114//114 1545//1545 1544//1544
f 1545//1545 409//409 1546//1546
f 1546//1546 408//408 1544//1544
f 1545//1545 1546//1546 1544//1544
f 409//409 1548//1548 1547//1547
f 1548//1548 10//10 1549//1549
f 1549//1549 410//410 1547//1547
f 1548//1548 1549//1549 1547//1547
f 410//410 1551//1551 1550//1550
f 1551//1551 115//115 1552//1552
f 1552//1552 408//408 1550//1550
f 1551//1551 1552//1552 1550//1550
f 409//409 1547//1547 1546//1546
f 1547//1547 410//410 1550//1550
f 1550//1550 408//408 1546//1546
f 1547//1547 1550//1550 1546//1546
f 115//115 1554//1554 1553//1553
f 1554//1554 412//412 1555//1555
f 1555//1555 411//411 1553//1553
f 1554//1554 1555//1555 1553//1553
f 412//412 1557//1557 1556//1556
f 1557//1557 33//33 1558//1558
f 1558//1558 413//413 1556//1556
f 1557//1557 1558//1558 1556//1556
f 413//413 1560//1560 1559//1559
f 1560//1560 113//113 1561//1561
f 1561//1561 411//411 1559//1559
f 1560//1560 1561//1561 1559//1559
f 412//412 1556//1556 1555//1555
f 1556//1556 413//413 1559//1559
f 1559//1559 411//411 1555//1555
f 1556//1556 1559//1559 1555//1555
f 114//114 1544//1544 1540//1540
f 1544//1544 408//408 1562//1562
f 1562//1562 407//407 1540//1540
f 1544//1544 1562//1562 1540//1540
f 408//408 1552//1552 1563//1563
f 1552//1552 115//115 1553//1553
f 1553//1553 411//411 1563//1563
f 1552//1552 1553//1553 1563//1563
f 411//411 1561//1561 1564//1564
f 1561//1561 113//113 1542//1542
f 1542//1542 407//407 1564//1564
f 1561//1561 1542//1542 1564//1564
f 408//408 1563//1563 1562//1562
f 1563//1563 411//411 1564//1564
f 1564//1564 407//407 1562//1562
f 1563//1563 1564//1564 1562//1562
f 34//34 1505//1505 1489//1489
f 1505//1505 396//396 1565//1565
f 1565//1565 392//392 1489//1489
f 1505//1505 1565//1565 1489//1489
f 396//396 1513//1513 1566//1566
f 1513//1513 110//110 1567//1567
f 1567//1567 414//414 1566//1566
f 1513//1513 1567//1567 1566//1566
f 414//414 1569//1569 1568//1568
f 1569//1569 109//109 1491//1491
f 1491//1491 392//392 1568//1568
f 1569//1569 1491//1491 1568//1568
f 396//396 1566//1566 1565//1565
f 1566//1566 414//414 1568//1568
f 1568//1568 392//392 1565//1565
f 1566//1566 1568//1568 1565//1565
f 110//110 1530//1530 1570//1570
f 1530//1530 404//404 1571//1571
f 1571//1571 415//415 1570//1570
f 1530//1530 1571//1571 1570//1570
f 404//404 1528//1528 1572//1572
f 1528//1528 35//35 1535//1535
f 1535//1535 405//405 1572//1572
f 1528//1528 1535//1535 1572//1572
f 405//405 1543//1543 1573//1573
f 1543//1543 113//113 1574//1574
f 1574//1574 415//415 1573//1573
f 1543//1543 1574//1574 1573//1573
f 404//404 1572//1572 1571//1571
f 1572//1572 405//405 1573//1573
f 1573//1573 415//415 1571//1571
f 1572//1572 1573//1573 1571//1571
f 113//113 1560//1560 1575//1575
f 1560//1560 413//413 1576//1576
f 1576//1576 416//416 1575//1575
f 1560//1560 1576//1576 1575//1575
f 413//413 1558//1558 1577//1577
f 1558//1558 33//33 1497//1497
f 1497//1497 394//394 1577//1577
f 1558//1558 1497//1497 1577//1577
f 394//394 1494//1494 1578//1578
f 1494//1494 109//109 1579//1579
f 1579//1579 416//416 1578//1578
f 1494//1494 1579//1579 1578//1578
f 413//413 1577//1577 1576//1576
f 1577//1577 394//394 1578//1578
f 1578//1578 416//416 1576//1576
f 1577//1577 1578//1578 1576//1576
f 110//110 1570//1570 1567//1567
f 1570//1570 415//415 1580//1580
f 1580//1580 414//414 1567//1567
f 1570//1570 1580//1580 1567//1567
f 415//415 1574//1574 1581//1581
f 1574//1574 113//113 1575//1575
f 1575//1575 416//416 1581//1581
f 1574//1574 1575//1575 1581//1581
f 416//416 1579//1579 1582//1582
f 1579//1579 109//109 1569//1569
f 1569//1569 414//414 1582//1582
f 1579//1579 1569//1569 1582//1582
f 415//415 1581//1581 1580//1580
f 1581//1581 416//416 1582//1582
f 1582//1582 414//414 1580//1580
f 1581//1581 1582//1582 1580//1580
f 5//5 1584//1584 1583//1583
f 1584//1584 418//418 1585//1585
f 1585//1585 417//417 1583//1583
f 1584//1584 1585//1585 1583//1583
f 418//418 1587//1587 1586//1586
f 1587//1587 117//117 1588//1588
f 1588//1588 419//419 1586//1586
f 1587//1587 1588//1588 1586//1586
f 419//419 1590//1590 1589//1589
f 1590//1590 116//116 1591//1591
f 1591//1591 417//417 1589//1589
f 1590//1590 1591//1591 1589//1589
f 418//418 1586//1586 1585//1585
f 1586//1586 419//419 1589//1589
f 1589//1589 417//417 1585//1585
f 1586//1586 1589//1589 1585//1585
f 117//117 1593//1593 1592//1592
f 1593//1593 421//421 1594//1594
f 1594//1594 420//420 1592//1592
f 1593//1593 1594//1594 1592//1592
f 421//421 1596//1596 1595//1595
f 1596//1596 37//37 1597//1597
f 1597//1597 422//422 1595//1595
f 1596//1596 1597//1597 1595//1595
f 422//422 1599//1599 1598//1598
f 1599//1599 118//118 1600//1600
f 1600//1600 420//420 1598//1598
f 1599//1599 1600//1600 1598//1598
f 421//421 1595//1595 1594//1594
f 1595//1595 422//422 1598//1598
f 1598//1598 420//420 1594//1594
f 1595//1595 1598//1598 1594//1594
f 118//118 1602//1602 1601//1601
f 1602//1602 424//424 1603//1603
f 1603//1603 423//423 1601//1601
f 1602//1602 1603//1603 1601//1601
f 424//424 1605//1605 1604//1604
f 1605//1605 36//36 1606//1606
f 1606//1606 425//425 1604//1604
f 1605//1605 1606//1606 1604//1604
f 425//425 1608//1608 1607//1607
f 1608//1608 116//116 1609//1609
f 1609//1609 423//423 1607//1607
f 1608//1608 1609//1609 1607//1607
f 424//424 1604//1604 1603//1603
f 1604//1604 425//425 1607//1607
f 1607//1607 423//423 1603//1603
f 1604//1604 1607//1607 1603//1603
f 117//117 1592//1592 1588//1588
f 1592//1592 420//420 1610//1610
f 1610//1610 419//419 1588//1588
f 1592//1592 1610//1610 1588//1588
f 420//420 1600//1600 1611//1611
f 1600//1600 118//118 1601//1601
f 1601//1601 423//423 1611//1611
f 1600//1600 1601//1601 1611//1611
f 423//423 1609//1609 1612//1612
f 1609//1609 116//116 1590//1590
f 1590//1590 419//419 1612//1612
f 1609//1609 1590//1590 1612//1612
f 420//420 1611//1611 1610//1610
f 1611//1611 423//423 1612//1612
f 1612//1612 419//419 1610//1610
f 1611//1611 1612//1612 1610//1610
f 37//37 1614//1614 1613//1613
f 1614//1614 427//427 1615//1615
f 1615//1615 426//426 1613//1613
f 1614//1614 1615//1615 1613//1613
f 427//427 1617//1617 1616//1616
f 1617//1617 120//120 1618//1618
f 1618//1618 428//428 1616//1616
f 1617//1617 1618//1618 1616//1616
f 428//428 1620//1620 1619//1619
f 1620//1620 119//119 1621//1621
f 1621//1621 426//426 1619//1619
f 1620//1620 1621//1621 1619//1619
f 427//427 1616//1616 1615//1615
f 1616//1616 428//428 1619//1619
f 1619//1619 426//426 1615//1615
f 1616//1616 1619//1619 1615//1615
f 120//120 1623//1623 1622//1622
f 1623//1623 430//430 1624//1624
f 1624//1624 429//429 1622//1622
f 1623//1623 1624//1624 1622//1622
f 430//430 1626//1626 1625//1625
f 1626//1626 10//10 1548//1548
f 1548//1548 409//409 1625//1625
f 1626//1626 1548//1548 1625//1625
f 409//409 1545//1545 1627//1627
f 1545//1545 114//114 1628//1628
f 1628//1628 429//429 1627//1627
f 1545//1545 1628//1628 1627//1627
f 430//430 1625//1625 1624//1624
f 1625//1625 409//409 1627//1627
f 1627//1627 429//429 1624//1624
f 1625//1625 1627//1627 1624//1624
f 114//114 1539//1539 1629//1629
f 1539//1539 406//406 1630//1630
f 1630//1630 431//431 1629//1629
f 1539//1539 1630//1630 1629//1629
f 406//406 1536//1536 1631//1631
f 1536//1536 35//35 1632//1632
f 1632//1632 432//432 1631//1631
f 1536//1536 1632//1632 1631//1631
f 432//432 1634//1634 1633//1633
f 1634//1634 119//119 1635//1635
f 1635//1635 431//431 1633//1633
f 1634//1634 1635//1635 1633//1633
f 406//406 1631//1631 1630//1630
f 1631//1631 432//432 1633//1633
f 1633//1633 431//431 1630//1630
f 1631//1631 1633//1633 1630//1630
f 120//120 1622//1622 1618//1618
f 1622//1622 429//429 1636//1636
f 1636//1636 428//428 1618//1618
f 1622//1622 1636//1636 1618//1618
f 429//429 1628//1628 1637//1637
f 1628//1628 114//114 1629//1629
f 1629//1629 431//431 1637//1637
f 1628//1628 1629//1629 1637//1637
f 431//431 1635//1635 1638//1638
f 1635//1635 119//119 1620//1620
f 1620//1620 428//428 1638//1638
f 1635//1635 1620//1620 1638//1638
f 429//429 1637//1637 1636//1636
f 1637//1637 431//431 1638//1638
f 1638//1638 428//428 1636//1636
f 1637//1637 1638//1638 1636//1636
f 35//35 1527//1527 1639//1639
f 1527//1527 403//403 1640//1640
f 1640//1640 433//433 1639//1639
f 1527//1527 1640//1640 1639//1639
f 403//403 1524//1524 1641//1641
f 1524//1524 112//112 1642//1642
f 1642//1642 434//434 1641//1641
f 1524//1524 1642//1642 1641//1641
f 434//434 1644//1644 1643//1643
f 1644//1644 121//121 1645//1645
f 1645//1645 433//433 1643//1643
f 1644//1644 1645//1645 1643//1643
f 403//403 1641//1641 1640//1640
f 1641//1641 434//434 1643//1643
f 1643//1643 433//433 1640//1640
f 1641//1641 1643//1643 1640//1640
f 112//112 1521//1521 1646//1646
f 1521//1521 401//401 1647//1647
f 1647//1647 435//435 1646//1646
f 1521//1521 1647//1647 1646//1646
f 401//401 1519//1519 1648//1648
f 1519//1519 11//11 1649//1649
f 1649//1649 436//436 1648//1648
f 1519//1519 1649//1649 1648//1648
f 436//436 1651//1651 1650//1650
f 1651//1651 122//122 1652//1652
f 1652//1652 435//435 1650//1650
f 1651//1651 1652//1652 1650//1650
f 401//401 1648//1648 1647//1647
f 1648//1648 436//436 1650//1650
f 1650//1650 435//435 1647//1647
f 1648//1648 1650//1650 1647//1647
f 122//122 1654//1654 1653//1653
f 1654//1654 438//438 1655//1655
f 1655//1655 437//437 1653//1653
f 1654//1654 1655//1655 1653//1653
f 438//438 1657//1657 1656//1656
f 1657//1657 36//36 1658//1658
f 1658//1658 439//439 1656//1656
f 1657//1657 1658//1658 1656//1656
f 439//439 1660//1660 1659//1659
f 1660//1660 121//121 1661//1661
f 1661//1661 437//437 1659//1659
f 1660//1660 1661//1661 1659//1659
f 438//438 1656//1656 1655//1655
f 1656//1656 439//439 1659//1659
f 1659//1659 437//437 1655//1655
f 1656//1656 1659//1659 1655//1655
f 112//112 1646//1646 1642//1642
f 1646//1646 435//435 1662//1662
f 1662//1662 434//434 1642//1642
f 1646//1646 1662//1662 1642//1642
f 435//435 1652//1652 1663//1663
f 1652//1652 122//122 1653//1653
f 1653//1653 437//437 1663//1663
f 1652//1652 1653//1653 1663//1663
f 437//437 1661//1661 1664//1664
f 1661//1661 121//121 1644//1644
f 1644//1644 434//434 1664//1664
f 1661//1661 1644//1644 1664//1664
f 435//435 1663//1663 1662//1662
f 1663//1663 437//437 1664//1664
f 1664//1664 434//434 1662//1662
f 1663//1663 1664//1664 1662//1662
f 37//37 1613//1613 1597//1597
f 1613//1613 426//426 1665//1665
f 1665//1665 422//422 1597//1597
f 1613//1613 1665//1665 1597//1597
f 426//426 1621//1621 1666//1666
f 1621//1621 119//119 1667//1667
f 1667//1667 440//440 1666//1666
f 1621//1621 1667//1667 1666//1666
f 440//440 1669//1669 1668//1668
f 1669//1669 118//118 1599//1599
f 1599//1599 422//422 1668//1668
f 1669//1669 1599//1599 1668//1668
f 426//426 1666//1666 1665//1665
f 1666//1666 440//440 1668//1668
f 1668//1668 422//422 1665//1665
f 1666//1666 1668//1668 1665//1665
f 119//119 1634//1634 1670//1670
f 1634//1634 432//432 1671//1671
f 1671//1671 441//441 1670//1670
f 1634//1634 1671//1671 1670//1670
f 432//432 1632//1632 1672//1672
f 1632//1632 35//35 1639//1639
f 1639//1639 433//433 1672//1672
f 1632//1632 1639//1639 1672//1672
f 433//433 1645//1645 1673//1673
f 1645//1645 121//121 1674//1674
f 1674//1674 441//441 1673//1673
f 1645//1645 1674//1674 1673//1673
f 432//432 1672//1672 1671//1671
f 1672//1672 433//433 1673//1673
f 1673//1673 441//441 1671//1671
f 1672//1672 1673//1673 1671//1671
f 121//121 1660//1660 1675//1675
f 1660//1660 439//439 1676//1676
f 1676//1676 442//442 1675//1675
f 1660//1660 1676//1676 1675//1675
f 439//439 1658//1658 1677//1677
f 1658//1658 36//36 1605//1605
f 1605//1605 424//424 1677//1677
f 1658//1658 1605//1605 1677//1677
f 424//424 1602//1602 1678//1678
f 1602//1602 118//118 1679//1679
f 1679//1679 442//442 1678//1678
f 1602//1602 1679//1679 1678//1678
f 439//439 1677//1677 1676//1676
f 1677//1677 424//424 1678//1678
f 1678//1678 442//442 1676//1676
f 1677//1677 1678//1678 1676//1676
f 119//119 1670//1670 1667//1667
f 1670//1670 441//441 1680//1680
f 1680//1680 440//440 1667//1667
f 1670//1670 1680//1680 1667//1667
f 441//441 1674//1674 1681//1681
f 1674//1674 121//121 1675//1675
f 1675//1675 442//442 1681//1681
f 1674//1674 1675//1675 1681//1681
f 442//442 1679//1679 1682//1682
f 1679//1679 118//118 1669//1669
f 1669//1669 440//440 1682//1682
f 1679//1679 1669//1669 1682//1682
f 441//441 1681//1681 1680//1680
f 1681//1681 442//442 1682//1682
f 1682//1682 440//440 1680//1680
f 1681//1681 1682//1682 1680//1680
f 6//6 1684//1684 1683//1683
f 1684//1684 444//444 1685//1685
f 1685//1685 443//443 1683//1683
f 1684//1684 1685//1685 1683//1683
f 444//444 1687//1687 1686//1686
f 1687//1687 124//124 1688//1688
f 1688//1688 445//445 1686//1686
f 1687//1687 1688//1688 1686//1686
f 445//445 1690//1690 1689//1689
f 1690//1690 123//123 1691//1691
f 1691//1691 443//443 1689//1689
f 1690//1690 1691//1691 1689//1689
f 444//444 1686//1686 1685//1685
f 1686//1686 445//445 1689//1689
f 1689//1689 443//443 1685//1685
f 1686//1686 1689//1689 1685//1685
f 124//124 1693//1693 1692//1692
f 1693//1693 447//447 1694//1694
f 1694//1694 446//446 1692//1692
f 1693//1693 1694//1694 1692//1692
f 447//447 1696//1696 1695//1695
f 1696//1696 39//39 1697//1697
f 1697//1697 448//448 1695//1695
f 1696//1696 1697//1697 1695//1695
f 448//448 1699//1699 1698//1698
f 1699//1699 125//125 1700//1700
f 1700//1700 446//446 1698//1698
f 1699//1699 1700//1700 1698//1698
f 447//447 1695//1695 1694//1694
f 1695//1695 448//448 1698//1698
f 1698//1698 446//446 1694//1694
f 1695//1695 1698//1698 1694//1694
f 125//125 1702//1702 1701//1701
f 1702//1702 450//450 1703//1703
f 1703//1703 449//449 1701//1701
f 1702//1702 1703//1703 1701//1701
f 450//450 1705//1705 1704//1704
f 1705//1705 38//38 1706//1706
f 1706//1706 451//451 1704//1704
f 1705//1705 1706//1706 1704//1704
f 451//451 1708//1708 1707//1707
f 1708//1708 123//123 1709//1709
f 1709//1709 449//449 1707//1707
f 1708//1708 1709//1709 1707//1707
f 450//450 1704//1704 1703//1703
f 1704//1704 451//451 1707//1707
f 1707//1707 449//449 1703//1703
f 1704//1704 1707//1707 1703//1703
f 124//124 1692//1692 1688//1688
f 1692//1692 446//446 1710//1710
f 1710//1710 445//445 1688//1688
f 1692//1692 1710//1710 1688//1688
f 446//446 1700//1700 1711//1711
f 1700//1700 125//125 1701//1701
f 1701//1701 449//449 1711//1711
f 1700//1700 1701//1701 1711//1711
f 449//449 1709//1709 1712//1712
f 1709//1709 123//123 1690//1690
f 1690//1690 445//445 1712//1712
f 1709//1709 1690//1690 1712//1712
f 446//446 1711//1711 1710//1710
f 1711//1711 449//449 1712//1712
f 1712//1712 445//445 1710//1710
f 1711//1711 1712//1712 1710//1710
f 39//39 1714//1714 1713//1713
f 1714//1714 453//453 1715//1715
f 1715//1715 452//452 1713//1713
f 1714//1714 1715//1715 1713//1713
f 453//453 1717//1717 1716//1716
f 1717//1717 127//127 1718//1718
f 1718//1718 454//454 1716//1716
f 1717//1717 1718//1718 1716//1716
f 454//454 1720//1720 1719//1719
f 1720//1720 126//126 1721//1721
f 1721//1721 452//452 1719//1719
f 1720//1720 1721//1721 1719//1719
f 453//453 1716//1716 1715//1715
f 1716//1716 454//454 1719//1719
f 1719//1719 452//452 1715//1715
f 1716//1716 1719//1719 1715//1715
f 127//127 1723//1723 1722//1722
f 1723//1723 456//456 1724//1724
f 1724//1724 455//455 1722//1722
f 1723//1723 1724//1724 1722//1722
f 456//456 1726//1726 1725//1725
f 1726//1726 9//9 1727//1727
f 1727//1727 457//457 1725//1725
f 1726//1726 1727//1727 1725//1725
f 457//457 1729//1729 1728//1728
f 1729//1729 128//128 1730//1730
f 1730//1730 455//455 1728//1728
f 1729//1729 1730//1730 1728//1728
f 456//456 1725//1725 1724//1724
f 1725//1725 457//457 1728//1728
f 1728//1728 455//455 1724//1724
f 1725//1725 1728//1728 1724//1724
f 128//128 1732//1732 1731//1731
f 1732//1732 459//459 1733//1733
f 1733//1733 458//458 1731//1731
f 1732//1732 1733//1733 1731//1731
f 459//459 1735//1735 1734//1734
f 1735//1735 40//40 1736//1736
f 1736//1736 460//460 1734//1734
f 1735//1735 1736//1736 1734//1734
f 460//460 1738//1738 1737//1737
f 1738//1738 126//126 1739//1739
f 1739//1739 458//458 1737//1737
f 1738//1738 1739//1739 1737//1737
f 459//459 1734//1734 1733//1733
f 1734//1734 460//460 1737//1737
f 1737//1737 458//458 1733//1733
f 1734//1734 1737//1737 1733//1733
f 127//127 1722//1722 1718//1718
f 1722//1722 455//455 1740//1740
f 1740//1740 454//454 1718//1718
f 1722//1722 1740//1740 1718//1718
f 455//455 1730//1730 1741//1741
f 1730//1730 128//128 1731//1731
f 1731//1731 458//458 1741//1741
f 1730//1730 1731//1731 1741//1741
f 458//458 1739//1739 1742//1742
f 1739//1739 126//126 1720//1720
f 1720//1720 454//454 1742//1742
f 1739//1739 1720//1720 1742//1742
f 455//455 1741//1741 1740//1740
f 1741//1741 458//458 1742//1742
f 1742//1742 454//454 1740//1740
f 1741//1741 1742//1742 1740//1740
f 40//40 1744//1744 1743//1743
f 1744//1744 462//462 1745//1745
f 1745//1745 461//461 1743//1743
f 1744//1744 1745//1745 1743//1743
f 462//462 1747//1747 1746//1746
f 1747//1747 130//130 1748//1748
f 1748//1748 463//463 1746//1746
f 1747//1747 1748//1748 1746//1746
f 463//463 1750//1750 1749//1749
f 1750//1750 129//129 1751//1751
f 1751//1751 461//461 1749//1749
f 1750//1750 1751//1751 1749//1749
f 462//462 1746//1746 1745//1745
f 1746//1746 463//463 1749//1749
f 1749//1749 461//461 1745//1745
f 1746//1746 1749//1749 1745//1745
f 130//130 1753//1753 1752//1752
f 1753//1753 465//465 1754//1754
f 1754//1754 464//464 1752//1752
f 1753//1753 1754//1754 1752//1752
f 465//465 1756//1756 1755//1755
f 1756//1756 12//12 1757//1757
f 1757//1757 466//466 1755//1755
f 1756//1756 1757//1757 1755//1755
f 466//466 1759//1759 1758//1758
f 1759//1759 131//131 1760//1760
f 1760//1760 464//464 1758//1758
f 1759//1759 1760//1760 1758//1758
f 465//465 1755//1755 1754//1754
f 1755//1755 466//466 1758//1758
f 1758//1758 464//464 1754//1754
f 1755//1755 1758//1758 1754//1754
f 131//131 1762//1762 1761//1761
f 1762//1762 468//468 1763//1763
f 1763//1763 467//467 1761//1761
f 1762//1762 1763//1763 1761//1761
f 468//468 1765//1765 1764//1764
f 1765//1765 38//38 1766//1766
f 1766//1766 469//469 1764//1764
f 1765//1765 1766//1766 1764//1764
f 469//469 1768//1768 1767//1767
f 1768//1768 129//129 1769//1769
f 1769//1769 467//467 1767//1767
f 1768//1768 1769//1769 1767//1767
f 468//468 1764//1764 1763//1763
f 1764//1764 469//469 1767//1767
f 1767//1767 467//467 1763//1763
f 1764//1764 1767//1767 1763//1763
f 130//130 1752//1752 1748//1748
f 1752//1752 464//464 1770//1770
f 1770//1770 463//463 1748//1748
f 1752//1752 1770//1770 1748//1748
f 464//464 1760//1760 1771//1771
f 1760//1760 131//131 1761//1761
f 1761//1761 467//467 1771//1771
f 1760//1760 1761//1761 1771//1771
f 467//467 1769//1769 1772//1772
f 1769//1769 129//129 1750//1750
f 1750//1750 463//463 1772//1772
f 1769//1769 1750//1750 1772//1772
f 464//464 1771//1771 1770//1770
f 1771//1771 467//467 1772//1772
f 1772//1772 463//463 1770//1770
f 1771//1771 1772//1772 1770//1770
f 39//39 1713//1713 1697//1697
f 1713//1713 452//452 1773//1773
f 1773//1773 448//448 1697//1697
f 1713//1713 1773//1773 1697//1697
f 452//452 1721//1721 1774//1774
f 1721//1721 126//126 1775//1775
f 1775//1775 470//470 1774//1774
f 1721//1721 1775//1775 1774//1774
f 470//470 1777//1777 1776//1776
f 1777//1777 125//125 1699//1699
f 1699//1699 448//448 1776//1776
f 1777//1777 1699//1699 1776//1776
f 452//452 1774//1774 1773//1773
f 1774//1774 470//470 1776//1776
f 1776//1776 448//448 1773//1773
f 1774//1774 1776//1776 1773//1773
f 126//126 1738//1738 1778//1778
f 1738//1738 460//460 1779//1779
f 1779//1779 471//471 1778//1778
f 1738//1738 1779//1779 1778//1778
f 460//460 1736//1736 1780//1780
f 1736//1736 40//40 1743//1743
f 1743//1743 461//461 1780//1780
f 1736//1736 1743//1743 1780//1780
f 461//461 1751//1751 1781//1781
f 1751//1751 129//129 1782//1782
f 1782//1782 471//471 1781//1781
f 1751//1751 1782//1782 1781//1781
f 460//460 1780//1780 1779//1779
f 1780//1780 461//461 1781//1781
f 1781//1781 471//471 1779//1779
f 1780//1780 1781//1781 1779//1779
f 129//129 1768//1768 1783//1783
f 1768//1768 469//469 1784//1784
f 1784//1784 472//472 1783//1783
f 1768//1768 1784//1784 1783//1783
f 469//469 1766//1766 1785//1785
f 1766//1766 38//38 1705//1705
f 1705//1705 450//450 1785//1785
f 1766//1766 1705//1705 1785//1785
f 450//450 1702//1702 1786//1786
f 1702//1702 125//125 1787//1787
f 1787//1787 472//472 1786//1786
f 1702//1702 1787//1787 1786//1786
f 469//469 1785//1785 1784//1784
f 1785//1785 450//450 1786//1786
f 1786//1786 472//472 1784//1784
f 1785//1785 1786//1786 1784//1784
f 126//126 1778//1778 1775//1775
f 1778//1778 471//471 1788//1788
f 1788//1788 470//470 1775//1775
f 1778//1778 1788//1788 1775//1775
f 471//471 1782//1782 1789//1789
f 1782//1782 129//129 1783//1783
f 1783//1783 472//472 1789//1789
f 1782//1782 1783//1783 1789//1789
f 472//472 1787//1787 1790//1790
f 1787//1787 125//125 1777//1777
f 1777//1777 470//470 1790//1790
f 1787//1787 1777//1777 1790//1790
f 471//471 1789//1789 1788//1788
f 1789//1789 472//472 1790//1790
f 1790//1790 470//470 1788//1788
f 1789//1789 1790//1790 1788//1788
f 7//7 1792//1792 1791//1791
f 1792//1792 474//474 1793//1793
f 1793//1793 473//473 1791//1791
f 1792//1792 1793//1793 1791//1791
f 474//474 1795//1795 1794//1794
f 1795//1795 133//133 1796//1796
f 1796//1796 475//475 1794//1794
f 1795//1795 1796//1796 1794//1794
f 475//475 1798//1798 1797//1797
f 1798//1798 132//132 1799//1799
f 1799//1799 473//473 1797//1797
f 1798//1798 1799//1799 1797//1797
f 474//474 1794//1794 1793//1793
f 1794//1794 475//475 1797//1797
f 1797//1797 473//473 1793//1793
f 1794//1794 1797//1797 1793//1793
f 133//133 1801//1801 1800//1800
f 1801//1801 477//477 1802//1802
f 1802//1802 476//476 1800//1800
f 1801//1801 1802//1802 1800//1800
f 477//477 1804//1804 1803//1803
f 1804//1804 42//42 1805//1805
f 1805//1805 478//478 1803//1803
f 1804//1804 1805//1805 1803//1803
f 478//478 1807//1807 1806//1806
f 1807//1807 134//134 1808//1808
f 1808//1808 476//476 1806//1806
f 1807//1807 1808//1808 1806//1806
f 477//477 1803//1803 1802//1802
f 1803//1803 478//478 1806//1806
f 1806//1806 476//476 1802//1802
f 1803//1803 1806//1806 1802//1802
f 134//134 1810//1810 1809//1809
f 1810//1810 480//480 1811//1811
f 1811//1811 479//479 1809//1809
f 1810//1810 1811//1811 1809//1809
f 480//480 1813//1813 1812//1812
f 1813//1813 41//41 1814//1814
f 1814//1814 481//481 1812//1812
f 1813//1813 1814//1814 1812//1812
f 481//481 1816//1816 1815//1815
f 1816//1816 132//132 1817//1817
f 1817//1817 479//479 1815//1815
f 1816//1816 1817//1817 1815//1815
f 480//480 1812//1812 1811//1811
f 1812//1812 481//481 1815//1815
f 1815//1815 479//479 1811//1811
f 1812//1812 1815//1815 1811//1811
f 133//133 1800//1800 1796//1796
f 1800//1800 476//476 1818//1818
f 1818//1818 475//475 1796//1796
f 1800//1800 1818//1818 1796//1796
f 476//476 1808//1808 1819//1819
f 1808//1808 134//134 1809//1809
f 1809//1809 479//479 1819//1819
f 1808//1808 1809//1809 1819//1819
f 479//479 1817//1817 1820//1820
f 1817//1817 132//132 1798//1798
f 1798//1798 475//475 1820//1820
f 1817//1817 1798//1798 1820//1820
f 476//476 1819//1819 1818//1818
f 1819//1819 479//479 1820//1820
f 1820//1820 475//475 1818//1818
f 1819//1819 1820//1820 1818//1818
f 42//42 1822//1822 1821//1821
f 1822//1822 483//483 1823//1823
f 1823//1823 482//482 1821//1821
f 1822//1822 1823//1823 1821//1821
f 483//483 1825//1825 1824//1824
f 1825//1825 136//136 1826//1826
f 1826//1826 484//484 1824//1824
f 1825//1825 1826//1826 1824//1824
f 484//484 1828//1828 1827//1827
f 1828//1828 135//135 1829//1829
f 1829//1829 482//482 1827//1827
f 1828//1828 1829//1829 1827//1827
f 483//483 1824//1824 1823//1823
f 1824//1824 484//484 1827//1827
f 1827//1827 482//482 1823//1823
f 1824//1824 1827//1827 1823//1823
f 136//136 1831//1831 1830//1830
f 1831//1831 486//486 1832//1832
f 1832//1832 485//485 1830//1830
f 1831//1831 1832//1832 1830//1830
f 486//486 1834//1834 1833//1833
f 1834//1834 12//12 1756//1756
f 1756//1756 465//465 1833//1833
f 1834//1834 1756//1756 1833//1833
f 465//465 1753//1753 1835//1835
f 1753//1753 130//130 1836//1836
f 1836//1836 485//485 1835//1835
f 1753//1753 1836//1836 1835//1835
f 486//486 1833//1833 1832//1832
f 1833//1833 465//465 1835//1835
f 1835//1835 485//485 1832//1832
f 1833//1833 1835//1835 1832//1832
f 130//130 1747//1747 1837//1837
f 1747//1747 462//462 1838//1838
f 1838//1838 487//487 1837//1837
f 1747//1747 1838//1838 1837//1837
f 462//462 1744//1744 1839//1839
f 1744//1744 40//40 1840//1840
f 1840//1840 488//488 1839//1839
f 1744//1744 1840//1840 1839//1839
f 488//488 1842//1842 1841//1841
f 1842//1842 135//135 1843//1843
f 1843//1843 487//487 1841//1841
f 1842//1842 1843//1843 1841//1841
f 462//462 1839//1839 1838//1838
f 1839//1839 488//488 1841//1841
f 1841//1841 487//487 1838//1838
f 1839//1839 1841//1841 1838//1838
f 136//136 1830//1830 1826//1826
f 1830//1830 485//485 1844//1844
f 1844//1844 484//484 1826//1826
f 1830//1830 1844//1844 1826//1826
f 485//485 1836//1836 1845//1845
f 1836//1836 130//130 1837//1837
f 1837//1837 487//487 1845//1845
f 1836//1836 1837//1837 1845//1845
f 487//487 1843//1843 1846//1846
f 1843//1843 135//135 1828//1828
f 1828//1828 484//484 1846//1846
f 1843//1843 1828//1828 1846//1846
f 485//485 1845//1845 1844//1844
f 1845//1845 487//487 1846//1846
f 1846//1846 484//484 1844//1844
f 1845//1845 1846//1846 1844//1844
f 40//40 1735//1735 1847//1847
f 1735//1735 459//459 1848//1848
f 1848//1848 489//489 1847//1847
f 1735//1735 1848//1848 1847//1847
f 459//459 1732//1732 1849//1849
f 1732//1732 128//128 1850//1850
f 1850//1850 490//490 1849//1849
f 1732//1732 1850//1850 1849//1849
f 490//490 1852//1852 1851//1851
f 1852//1852 137//137 1853//1853
f 1853//1853 489//489 1851//1851
f 1852//1852 1853//1853 1851//1851
f 459//459 1849//1849 1848//1848
f 1849//1849 490//490 1851//1851
f 1851//1851 489//489 1848//1848
f 1849//1849 1851//1851 1848//1848
f 128//128 1729//1729 1854//1854
f 1729//1729 457//457 1855//1855
f 1855//1855 491//491 1854//1854
f 1729//1729 1855//1855 1854//1854
f 457//457 1727//1727 1856//1856
f 1727//1727 9//9 1857//1857
f 1857//1857 492//492 1856//1856
f 1727//1727 1857//1857 1856//1856
f 492//492 1859//1859 1858//1858
f 1859//1859 138//138 1860//1860
f 1860//1860 491//491 1858//1858
f 1859//1859 1860//1860 1858//1858
f 457//457 1856//1856 1855//1855
f 1856//1856 492//492 1858//1858
f 1858//1858 491//491 1855//1855
f 1856//1856 1858//1858 1855//1855
f 138//138 1862//1862 1861//1861
f 1862//1862 494//494 1863//1863
f 1863//1863 493//493 1861//1861
f 1862//1862 1863//1863 1861//1861
f 494//494 1865//1865 1864//1864
f 1865//1865 41//41 1866//1866
f 1866//1866 495//495 1864//1864
f 1865//1865 1866//1866 1864//1864
f 495//495 1868//1868 1867//1867
f 1868//1868 137//137 1869//1869
f 1869//1869 493//493 1867//1867
f 1868//1868 1869//1869 1867//1867
f 494//494 1864//1864 1863//1863
f 1864//1864 495//495 1867//1867
f 1867//1867 493//493 1863//1863
f 1864//1864 1867//1867 1863//1863
f 128//128 1854//1854 1850//1850
f 1854//1854 491//491 1870//1870
f 1870//1870 490//490 1850//1850
f 1854//1854 1870//1870 1850//1850
f 491//491 1860//1860 1871//1871
f 1860//1860 138//138 1861//1861
f 1861//1861 493//493 1871//1871
f 1860//1860 1861//1861 1871//1871
f 493//493 1869//1869 1872//1872
f 1869//1869 137//137 1852//1852
f 1852//1852 490//490 1872//1872
f 1869//1869 1852//1852 1872//1872
f 491//491 1871//1871 1870//1870
f 1871//1871 493//493 1872//1872
f 1872//1872 490//490 1870//1870
f 1871//1871 1872//1872 1870//1870
f 42//42 1821//1821 1805//1805
f 1821//1821 482//482 1873//1873
f 1873//1873 478//478 1805//1805
f 1821//1821 1873//1873 1805//1805
f 482//482 1829//1829 1874//1874
f 1829//1829 135//135 1875//1875
f 1875//1875 496//496 1874//1874
f 1829//1829 1875//1875 1874//1874
f 496//496 1877//1877 1876//1876
f 1877//1877 134//134 1807//1807
f 1807//1807 478//478 1876//1876
f 1877//1877 1807//1807 1876//1876
f 482//482 1874//1874 1873//1873
f 1874//1874 496//496 1876//1876
f 1876//1876 478//478 1873//1873
f 1874//1874 1876//1876 1873//1873
f 135//135 1842//1842 1878//1878
f 1842//1842 488//488 1879//1879
f 1879//1879 497//497 1878//1878
f 1842//1842 1879//1879 1878//1878
f 488//488 1840//1840 1880//1880
f 1840//1840 40//40 1847//1847
f 1847//1847 489//489 1880//1880
f 1840//1840 1847//1847 1880//1880
f 489//489 1853//1853 1881//1881
f 1853//1853 137//137 1882//1882
f 1882//1882 497//497 1881//1881
f 1853//1853 1882//1882 1881//1881
f 488//488 1880//1880 1879//1879
f 1880//1880 489//489 1881//1881
f 1881//1881 497//497 1879//1879
f 1880//1880 1881//1881 1879//1879
f 137//137 1868//1868 1883//1883
f 1868//1868 495//495 1884//1884
f 1884//1884 498//498 1883//1883
f 1868//1868 1884//1884 1883//1883
f 495//495 1866//1866 1885//1885
f 1866//1866 41//41 1813//1813
f 1813//1813 480//480 1885//1885
f 1866//1866 1813//1813 1885//1885
f 480//480 1810//1810 1886//1886
f 1810//1810 134//134 1887//1887
f 1887//1887 498//498 1886//1886
f 1810//1810 1887//1887 1886//1886
f 495//495 1885//1885 1884//1884
f 1885//1885 480//480 1886//1886
f 1886//1886 498//498 1884//1884
f 1885//1885 1886//1886 1884//1884
f 135//135 1878//1878 1875//1875
f 1878//1878 497//497 1888//1888
f 1888//1888 496//496 1875//1875
f 1878//1878 1888//1888 1875//1875
f 497//497 1882//1882 1889//1889
f 1882//1882 137//137 1883//1883
f 1883//1883 498//498 1889//1889
f 1882//1882 1883//1883 1889//1889
f 498//498 1887//1887 1890//1890
f 1887//1887 134//134 1877//1877
f 1877//1877 496//496 1890//1890
f 1887//1887 1877//1877 1890//1890
f 497//497 1889//1889 1888//1888
f 1889//1889 498//498 1890//1890
f 1890//1890 496//496 1888//1888
f 1889//1889 1890//1890 1888//1888
f 2//2 751//751 852//852
f 751//751 193//193 1891//1891
f 1891//1891 220//220 852//852
f 751//751 1891//1891 852//852
f 193//193 759//759 1892//1892
f 759//759 52//52 1893//1893
f 1893//1893 499//499 1892//1892
f 759//759 1893//1893 1892//1892
f 499//499 1895//1895 1894//1894
f 1895//1895 60//60 855//855
f 855//855 220//220 1894//1894
f 1895//1895 855//855 1894//1894
f 193//193 1892//1892 1891//1891
f 1892//1892 499//499 1894//1894
f 1894//1894 220//220 1891//1891
f 1892//1892 1894//1894 1891//1891
f 52//52 776//776 1896//1896
f 776//776 201//201 1897//1897
f 1897//1897 500//500 1896//1896
f 776//776 1897//1897 1896//1896
f 201//201 774//774 1898//1898
f 774//774 16//16 1899//1899
f 1899//1899 501//501 1898//1898
f 774//774 1899//1899 1898//1898
f 501//501 1901//1901 1900//1900
f 1901//1901 139//139 1902//1902
f 1902//1902 500//500 1900//1900
f 1901//1901 1902//1902 1900//1900
f 201//201 1898//1898 1897//1897
f 1898//1898 501//501 1900//1900
f 1900//1900 500//500 1897//1897
f 1898//1898 1900//1900 1897//1897
f 139//139 1904//1904 1903//1903
f 1904//1904 503//503 1905//1905
f 1905//1905 502//502 1903//1903
f 1904//1904 1905//1905 1903//1903
f 503//503 1907//1907 1906//1906
f 1907//1907 19//19 864//864
f 864//864 223//223 1906//1906
f 1907//1907 864//864 1906//1906
f 223//223 861//861 1908//1908
f 861//861 60//60 1909//1909
f 1909//1909 502//502 1908//1908
f 861//861 1909//1909 1908//1908
f 503//503 1906//1906 1905//1905
f 1906//1906 223//223 1908//1908
f 1908//1908 502//502 1905//1905
f 1906//1906 1908//1908 1905//1905
f 52//52 1896//1896 1893//1893
f 1896//1896 500//500 1910//1910
f 1910//1910 499//499 1893//1893
f 1896//1896 1910//1910 1893//1893
f 500//500 1902//1902 1911//1911
f 1902//1902 139//139 1903//1903
f 1903//1903 502//502 1911//1911
f 1902//1902 1903//1903 1911//1911
f 502//502 1909//1909 1912//1912
f 1909//1909 60//60 1895//1895
f 1895//1895 499//499 1912//1912
f 1909//1909 1895//1895 1912//1912
f 500//500 1911//1911 1910//1910
f 1911//1911 502//502 1912//1912
f 1912//1912 499//499 1910//1910
f 1911//1911 1912//1912 1910//1910
f 16//16 825//825 1913//1913
f 825//825 214//214 1914//1914
f 1914//1914 504//504 1913//1913
f 825//825 1914//1914 1913//1913
f 214//214 822//822 1915//1915
f 822//822 58//58 1916//1916
f 1916//1916 505//505 1915//1915
f 822//822 1916//1916 1915//1915
f 505//505 1918//1918 1917//1917
f 1918//1918 140//140 1919//1919
f 1919//1919 504//504 1917//1917
f 1918//1918 1919//1919 1917//1917
f 214//214 1915//1915 1914//1914
f 1915//1915 505//505 1917//1917
f 1917//1917 504//504 1914//1914
f 1915//1915 1917//1917 1914//1914
f 58//58 819//819 1920//1920
f 819//819 212//212 1921//1921
f 1921//1921 506//506 1920//1920
f 819//819 1921//1921 1920//1920
f 212//212 817//817 1922//1922
f 817//817 4//4 1475//1475
f 1475//1475 387//387 1922//1922
f 817//817 1475//1475 1922//1922
f 387//387 1483//1483 1923//1923
f 1483//1483 107//107 1924//1924
f 1924//1924 506//506 1923//1923
f 1483//1483 1924//1924 1923//1923
f 212//212 1922//1922 1921//1921
f 1922//1922 387//387 1923//1923
f 1923//1923 506//506 1921//1921
f 1922//1922 1923//1923 1921//1921
f 107//107 1500//1500 1925//1925
f 1500//1500 395//395 1926//1926
f 1926//1926 507//507 1925//1925
f 1500//1500 1926//1926 1925//1925
f 395//395 1498//1498 1927//1927
f 1498//1498 33//33 1928//1928
f 1928//1928 508//508 1927//1927
f 1498//1498 1928//1928 1927//1927
f 508//508 1930//1930 1929//1929
f 1930//1930 140//140 1931//1931
f 1931//1931 507//507 1929//1929
f 1930//1930 1931//1931 1929//1929
f 395//395 1927//1927 1926//1926
f 1927//1927 508//508 1929//1929
f 1929//1929 507//507 1926//1926
f 1927//1927 1929//1929 1926//1926
f 58//58 1920//1920 1916//1916
f 1920//1920 506//506 1932//1932
f 1932//1932 505//505 1916//1916
f 1920//1920 1932//1932 1916//1916
f 506//506 1924//1924 1933//1933
f 1924//1924 107//107 1925//1925
f 1925//1925 507//507 1933//1933
f 1924//1924 1925//1925 1933//1933
f 507//507 1931//1931 1934//1934
f 1931//1931 140//140 1918//1918
f 1918//1918 505//505 1934//1934
f 1931//1931 1918//1918 1934//1934
f 506//506 1933//1933 1932//1932
f 1933//1933 507//507 1934//1934
f 1934//1934 505//505 1932//1932
f 1933//1933 1934//1934 1932//1932
f 33//33 1557//1557 1935//1935
f 1557//1557 412//412 1936//1936
f 1936//1936 509//509 1935//1935
f 1557//1557 1936//1936 1935//1935
f 412//412 1554//1554 1937//1937
f 1554//1554 115//115 1938//1938
f 1938//1938 510//510 1937//1937
f 1554//1554 1938//1938 1937//1937
f 510//510 1940//1940 1939//1939
f 1940//1940 141//141 1941//1941
f 1941//1941 509//509 1939//1939
f 1940//1940 1941//1941 1939//1939
f 412//412 1937//1937 1936//1936
f 1937//1937 510//510 1939//1939
f 1939//1939 509//509 1936//1936
f 1937//1937 1939//1939 1936//1936
f 115//115 1551//1551 1942//1942
f 1551//1551 410//410 1943//1943
f 1943//1943 511//511 1942//1942
f 1551//1551 1943//1943 1942//1942
f 410//410 1549//1549 1944//1944
f 1549//1549 10//10 894//894
f 894//894 232//232 1944//1944
f 1549//1549 894//894 1944//1944
f 232//232 891//891 1945//1945
f 891//891 63//63 1946//1946
f 1946//1946 511//511 1945//1945
f 891//891 1946//1946 1945//1945
f 410//410 1944//1944 1943//1943
f 1944//1944 232//232 1945//1945
f 1945//1945 511//511 1943//1943
f 1944//1944 1945//1945 1943//1943
f 63//63 885//885 1947//1947
f 885//885 229//229 1948//1948
f 1948//1948 512//512 1947//1947
f 885//885 1948//1948 1947//1947
f 229//229 882//882 1949//1949
f 882//882 19//19 1950//1950
f 1950//1950 513//513 1949//1949
f 882//882 1950//1950 1949//1949
f 513//513 1952//1952 1951//1951
f 1952//1952 141//141 1953//1953
f 1953//1953 512//512 1951//1951
f 1952//1952 1953//1953 1951//1951
f 229//229 1949//1949 1948//1948
f 1949//1949 513//513 1951//1951
f 1951//1951 512//512 1948//1948
f 1949//1949 1951//1951 1948//1948
f 115//115 1942//1942 1938//1938
f 1942//1942 511//511 1954//1954
f 1954//1954 510//510 1938//1938
f 1942//1942 1954//1954 1938//1938
f 511//511 1946//1946 1955//1955
f 1946//1946 63//63 1947//1947
f 1947//1947 512//512 1955//1955
f 1946//1946 1947//1947 1955//1955
f 512//512 1953//1953 1956//1956
f 1953//1953 141//141 1940//1940
f 1940//1940 510//510 1956//1956
f 1953//1953 1940//1940 1956//1956
f 511//511 1955//1955 1954//1954
f 1955//1955 512//512 1956//1956
f 1956//1956 510//510 1954//1954
f 1955//1955 1956//1956 1954//1954
f 16//16 1913//1913 1899//1899
f 1913//1913 504//504 1957//1957
f 1957//1957 501//501 1899//1899
f 1913//1913 1957//1957 1899//1899
f 504//504 1919//1919 1958//1958
f 1919//1919 140//140 1959//1959
f 1959//1959 514//514 1958//1958
f 1919//1919 1959//1959 1958//1958
f 514//514 1961//1961 1960//1960
f 1961//1961 139//139 1901//1901
f 1901//1901 501//501 1960//1960
f 1961//1961 1901//1901 1960//1960
f 504//504 1958//1958 1957//1957
f 1958//1958 514//514 1960//1960
f 1960//1960 501//501 1957//1957
f 1958//1958 1960//1960 1957//1957
f 140//140 1930//1930 1962//1962
f 1930//1930 508//508 1963//1963
f 1963//1963 515//515 1962//1962
f 1930//1930 1963//1963 1962//1962
f 508//508 1928//1928 1964//1964
f 1928//1928 33//33 1935//1935
f 1935//1935 509//509 1964//1964
f 1928//1928 1935//1935 1964//1964
f 509//509 1941//1941 1965//1965
f 1941//1941 141//141 1966//1966
f 1966//1966 515//515 1965//1965
f 1941//1941 1966//1966 1965//1965
f 508//508 1964//1964 1963//1963
f 1964//1964 509//509 1965//1965
f 1965//1965 515//515 1963//1963
f 1964//1964 1965//1965 1963//1963
f 141//141 1952//1952 1967//1967
f 1952//1952 513//513 1968//1968
f 1968//1968 516//516 1967//1967
f 1952//1952 1968//1968 1967//1967
f 513//513 1950//1950 1969//1969
f 1950//1950 19//19 1907//1907
f 1907//1907 503//503 1969//1969
f 1950//1950 1907//1907 1969//1969
f 503//503 1904//1904 1970//1970
f 1904//1904 139//139 1971//1971
f 1971//1971 516//516 1970//1970
f 1904//1904 1971//1971 1970//1970
f 513//513 1969//1969 1968//1968
f 1969//1969 503//503 1970//1970
f 1970//1970 516//516 1968//1968
f 1969//1969 1970//1970 1968//1968
f 140//140 1962//1962 1959//1959
f 1962//1962 515//515 1972//1972
f 1972//1972 514//514 1959//1959
f 1962//1962 1972//1972 1959//1959
f 515//515 1966//1966 1973//1973
f 1966//1966 141//141 1967//1967
f 1967//1967 516//516 1973//1973
f 1966//1966 1967//1967 1973//1973
f 516//516 1971//1971 1974//1974
f 1971//1971 139//139 1961//1961
f 1961//1961 514//514 1974//1974
f 1971//1971 1961//1961 1974//1974
f 515//515 1973//1973 1972//1972
f 1973//1973 516//516 1974//1974
f 1974//1974 514//514 1972//1972
f 1973//1973 1974//1974 1972//1972
f 2//2 959//959 752//752
f 959//959 249//249 1975//1975
f 1975//1975 194//194 752//752
f 959//959 1975//1975 752//752
f 249//249 965//965 1976//1976
f 965//965 68//68 1977//1977
f 1977//1977 517//517 1976//1976
f 965//965 1977//1977 1976//1976
f 517//517 1979//1979 1978//1978
f 1979//1979 53//53 755//755
f 755//755 194//194 1978//1978
f 1979//1979 755//755 1978//1978
f 249//249 1976//1976 1975//1975
f 1976//1976 517//517 1978//1978
f 1978//1978 194//194 1975//1975
f 1976//1976 1978//1978 1975//1975
f 68//68 980//980 1980//1980
f 980//980 255//255 1981//1981
f 1981//1981 518//518 1980//1980
f 980//980 1981//1981 1980//1980
f 255//255 978//978 1982//1982
f 978//978 21//21 1983//1983
f 1983//1983 519//519 1982//1982
f 978//978 1983//1983 1982//1982
f 519//519 1985//1985 1984//1984
f 1985//1985 142//142 1986//1986
f 1986//1986 518//518 1984//1984
f 1985//1985 1986//1986 1984//1984
f 255//255 1982//1982 1981//1981
f 1982//1982 519//519 1984//1984
f 1984//1984 518//518 1981//1981
f 1982//1982 1984//1984 1981//1981
f 142//142 1988//1988 1987//1987
f 1988//1988 521//521 1989//1989
f 1989//1989 520//520 1987//1987
f 1988//1988 1989//1989 1987//1987
f 521//521 1991//1991 1990//1990
f 1991//1991 17//17 764//764
f 764//764 197//197 1990//1990
f 1991//1991 764//764 1990//1990
f 197//197 761//761 1992//1992
f 761//761 53//53 1993//1993
f 1993//1993 520//520 1992//1992
f 761//761 1993//1993 1992//1992
f 521//521 1990//1990 1989//1989
f 1990//1990 197//197 1992//1992
f 1992//1992 520//520 1989//1989
f 1990//1990 1992//1992 1989//1989
f 68//68 1980//1980 1977//1977
f 1980//1980 518//518 1994//1994
f 1994//1994 517//517 1977//1977
f 1980//1980 1994//1994 1977//1977
f 518//518 1986//1986 1995//1995
f 1986//1986 142//142 1987//1987
f 1987//1987 520//520 1995//1995
f 1986//1986 1987//1987 1995//1995
f 520//520 1993//1993 1996//1996
f 1993//1993 53//53 1979//1979
f 1979//1979 517//517 1996//1996
f 1993//1993 1979//1979 1996//1996
f 518//518 1995//1995 1994//1994
f 1995//1995 520//520 1996//1996
f 1996//1996 517//517 1994//1994
f 1995//1995 1996//1996 1994//1994
f 21//21 1033//1033 1997//1997
f 1033//1033 270//270 1998//1998
f 1998//1998 522//522 1997//1997
f 1033//1033 1998//1998 1997//1997
f 270//270 1030//1030 1999//1999
f 1030//1030 74//74 2000//2000
f 2000//2000 523//523 1999//1999
f 1030//1030 2000//2000 1999//1999
f 523//523 2002//2002 2001//2001
f 2002//2002 143//143 2003//2003
f 2003//2003 522//522 2001//2001
f 2002//2002 2003//2003 2001//2001
f 270//270 1999//1999 1998//1998
f 1999//1999 523//523 2001//2001
f 2001//2001 522//522 1998//1998
f 1999//1999 2001//2001 1998//1998
f 74//74 1027//1027 2004//2004
f 1027//1027 268//268 2005//2005
f 2005//2005 524//524 2004//2004
f 1027//1027 2005//2005 2004//2004
f 268//268 1025//1025 2006//2006
f 1025//1025 9//9 1726//1726
f 1726//1726 456//456 2006//2006
f 1025//1025 1726//1726 2006//2006
f 456//456 1723//1723 2007//2007
f 1723//1723 127//127 2008//2008
f 2008//2008 524//524 2007//2007
f 1723//1723 2008//2008 2007//2007
f 268//268 2006//2006 2005//2005
f 2006//2006 456//456 2007//2007
f 2007//2007 524//524 2005//2005
f 2006//2006 2007//2007 2005//2005
f 127//127 1717//1717 2009//2009
f 1717//1717 453//453 2010//2010
f 2010//2010 525//525 2009//2009
f 1717//1717 2010//2010 2009//2009
f 453//453 1714//1714 2011//2011
f 1714//1714 39//39 2012//2012
f 2012//2012 526//526 2011//2011
f 1714//1714 2012//2012 2011//2011
f 526//526 2014//2014 2013//2013
f 2014//2014 143//143 2015//2015
f 2015//2015 525//525 2013//2013
f 2014//2014 2015//2015 2013//2013
f 453//453 2011//2011 2010//2010
f 2011//2011 526//526 2013//2013
f 2013//2013 525//525 2010//2010
f 2011//2011 2013//2013 2010//2010
f 74//74 2004//2004 2000//2000
f 2004//2004 524//524 2016//2016
f 2016//2016 523//523 2000//2000
f 2004//2004 2016//2016 2000//2000
f 524//524 2008//2008 2017//2017
f 2008//2008 127//127 2009//2009
f 2009//2009 525//525 2017//2017
f 2008//2008 2009//2009 2017//2017
f 525//525 2015//2015 2018//2018
f 2015//2015 143//143 2002//2002
f 2002//2002 523//523 2018//2018
f 2015//2015 2002//2002 2018//2018
f 524//524 2017//2017 2016//2016
f 2017//2017 525//525 2018//2018
f 2018//2018 523//523 2016//2016
f 2017//2017 2018//2018 2016//2016
f 39//39 1696//1696 2019//2019
f 1696//1696 447//447 2020//2020
f 2020//2020 527//527 2019//2019
f 1696//1696 2020//2020 2019//2019
f 447//447 1693//1693 2021//2021
f 1693//1693 124//124 2022//2022
f 2022//2022 528//528 2021//2021
f 1693//1693 2022//2022 2021//2021
f 528//528 2024//2024 2023//2023
f 2024//2024 144//144 2025//2025
f 2025//2025 527//527 2023//2023
f 2024//2024 2025//2025 2023//2023
f 447//447 2021//2021 2020//2020
f 2021//2021 528//528 2023//2023
f 2023//2023 527//527 2020//2020
f 2021//2021 2023//2023 2020//2020
f 124//124 1687//1687 2026//2026
f 1687//1687 444//444 2027//2027
f 2027//2027 529//529 2026//2026
f 1687//1687 2027//2027 2026//2026
f 444//444 1684//1684 2028//2028
f 1684//1684 6//6 794//794
f 794//794 206//206 2028//2028
f 1684//1684 794//794 2028//2028
f 206//206 791//791 2029//2029
f 791//791 56//56 2030//2030
f 2030//2030 529//529 2029//2029
f 791//791 2030//2030 2029//2029
f 444//444 2028//2028 2027//2027
f 2028//2028 206//206 2029//2029
f 2029//2029 529//529 2027//2027
f 2028//2028 2029//2029 2027//2027
f 56//56 785//785 2031//2031
f 785//785 203//203 2032//2032
f 2032//2032 530//530 2031//2031
f 785//785 2032//2032 2031//2031
f 203//203 782//782 2033//2033
f 782//782 17//17 2034//2034
f 2034//2034 531//531 2033//2033
f 782//782 2034//2034 2033//2033
f 531//531 2036//2036 2035//2035
f 2036//2036 144//144 2037//2037
f 2037//2037 530//530 2035//2035
f 2036//2036 2037//2037 2035//2035
f 203//203 2033//2033 2032//2032
f 2033//2033 531//531 2035//2035
f 2035//2035 530//530 2032//2032
f 2033//2033 2035//2035 2032//2032
f 124//124 2026//2026 2022//2022
f 2026//2026 529//529 2038//2038
f 2038//2038 528//528 2022//2022
f 2026//2026 2038//2038 2022//2022
f 529//529 2030//2030 2039//2039
f 2030//2030 56//56 2031//2031
f 2031//2031 530//530 2039//2039
f 2030//2030 2031//2031 2039//2039
f 530//530 2037//2037 2040//2040
f 2037//2037 144//144 2024//2024
f 2024//2024 528//528 2040//2040
f 2037//2037 2024//2024 2040//2040
f 529//529 2039//2039 2038//2038
f 2039//2039 530//530 2040//2040
f 2040//2040 528//528 2038//2038
f 2039//2039 2040//2040 2038//2038
f 21//21 1997//1997 1983//1983
f 1997//1997 522//522 2041//2041
f 2041//2041 519//519 1983//1983
f 1997//1997 2041//2041 1983//1983
f 522//522 2003//2003 2042//2042
f 2003//2003 143//143 2043//2043
f 2043//2043 532//532 2042//2042
f 2003//2003 2043//2043 2042//2042
f 532//532 2045//2045 2044//2044
f 2045//2045 142//142 1985//1985
f 1985//1985 519//519 2044//2044
f 2045//2045 1985//1985 2044//2044
f 522//522 2042//2042 2041//2041
f 2042//2042 532//532 2044//2044
f 2044//2044 519//519 2041//2041
f 2042//2042 2044//2044 2041//2041
f 143//143 2014//2014 2046//2046
f 2014//2014 526//526 2047//2047
f 2047//2047 533//533 2046//2046
f 2014//2014 2047//2047 2046//2046
f 526//526 2012//2012 2048//2048
f 2012//2012 39//39 2019//2019
f 2019//2019 527//527 2048//2048
f 2012//2012 2019//2019 2048//2048
f 527//527 2025//2025 2049//2049
f 2025//2025 144//144 2050//2050
f 2050//2050 533//533 2049//2049
f 2025//2025 2050//2050 2049//2049
f 526//526 2048//2048 2047//2047
f 2048//2048 527//527 2049//2049
f 2049//2049 533//533 2047//2047
f 2048//2048 2049//2049 2047//2047
f 144//144 2036//2036 2051//2051
f 2036//2036 531//531 2052//2052
f 2052//2052 534//534 2051//2051
f 2036//2036 2052//2052 2051//2051
f 531//531 2034//2034 2053//2053
f 2034//2034 17//17 1991//1991
f 1991//1991 521//521 2053//2053
f 2034//2034 1991//1991 2053//2053
f 521//521 1988//1988 2054//2054
f 1988//1988 142//142 2055//2055
f 2055//2055 534//534 2054//2054
f 1988//1988 2055//2055 2054//2054
f 531//531 2053//2053 2052//2052
f 2053//2053 521//521 2054//2054
f 2054//2054 534//534 2052//2052
f 2053//2053 2054//2054 2052//2052
f 143//143 2046//2046 2043//2043
f 2046//2046 533//533 2056//2056
f 2056//2056 532//532 2043//2043
f 2046//2046 2056//2056 2043//2043
f 533//533 2050//2050 2057//2057
f 2050//2050 144//144 2051//2051
f 2051//2051 534//534 2057//2057
f 2050//2050 2051//2051 2057//2057
f 534//534 2055//2055 2058//2058
f 2055//2055 142//142 2045//2045
f 2045//2045 532//532 2058//2058
f 2055//2055 2045//2045 2058//2058
f 533//533 2057//2057 2056//2056
f 2057//2057 534//534 2058//2058
f 2058//2058 532//532 2056//2056
f 2057//2057 2058//2058 2056//2056
f 1//1 1167//1167 644//644
f 1167//1167 305//305 2059//2059
f 2059//2059 164//164 644//644
f 1167//1167 2059//2059 644//644
f 305//305 1173//1173 2060//2060
f 1173//1173 84//84 2061//2061
f 2061//2061 535//535 2060//2060
f 1173//1173 2061//2061 2060//2060
f 535//535 2063//2063 2062//2062
f 2063//2063 44//44 647//647
f 647//647 164//164 2062//2062
f 2063//2063 647//647 2062//2062
f 305//305 2060//2060 2059//2059
f 2060//2060 535//535 2062//2062
f 2062//2062 164//164 2059//2059
f 2060//2060 2062//2062 2059//2059
f 84//84 1188//1188 2064//2064
f 1188//1188 311//311 2065//2065
f 2065//2065 536//536 2064//2064
f 1188//1188 2065//2065 2064//2064
f 311//311 1186//1186 2066//2066
f 1186//1186 26//26 2067//2067
f 2067//2067 537//537 2066//2066
f 1186//1186 2067//2067 2066//2066
f 537//537 2069//2069 2068//2068
f 2069//2069 145//145 2070//2070
f 2070//2070 536//536 2068//2068
f 2069//2069 2070//2070 2068//2068
f 311//311 2066//2066 2065//2065
f 2066//2066 537//537 2068//2068
f 2068//2068 536//536 2065//2065
f 2066//2066 2068//2068 2065//2065
f 145//145 2072//2072 2071//2071
f 2072//2072 539//539 2073//2073
f 2073//2073 538//538 2071//2071
f 2072//2072 2073//2073 2071//2071
f 539//539 2075//2075 2074//2074
f 2075//2075 14//14 656//656
f 656//656 167//167 2074//2074
f 2075//2075 656//656 2074//2074
f 167//167 653//653 2076//2076
f 653//653 44//44 2077//2077
f 2077//2077 538//538 2076//2076
f 653//653 2077//2077 2076//2076
f 539//539 2074//2074 2073//2073
f 2074//2074 167//167 2076//2076
f 2076//2076 538//538 2073//2073
f 2074//2074 2076//2076 2073//2073
f 84//84 2064//2064 2061//2061
f 2064//2064 536//536 2078//2078
f 2078//2078 535//535 2061//2061
f 2064//2064 2078//2078 2061//2061
f 536//536 2070//2070 2079//2079
f 2070//2070 145//145 2071//2071
f 2071//2071 538//538 2079//2079
f 2070//2070 2071//2071 2079//2079
f 538//538 2077//2077 2080//2080
f 2077//2077 44//44 2063//2063
f 2063//2063 535//535 2080//2080
f 2077//2077 2063//2063 2080//2080
f 536//536 2079//2079 2078//2078
f 2079//2079 538//538 2080//2080
f 2080//2080 535//535 2078//2078
f 2079//2079 2080//2080 2078//2078
f 26//26 1241//1241 2081//2081
f 1241//1241 326//326 2082//2082
f 2082//2082 540//540 2081//2081
f 1241//1241 2082//2082 2081//2081
f 326//326 1238//1238 2083//2083
f 1238//1238 90//90 2084//2084
f 2084//2084 541//541 2083//2083
f 1238//1238 2084//2084 2083//2083
f 541//541 2086//2086 2085//2085
f 2086//2086 146//146 2087//2087
f 2087//2087 540//540 2085//2085
f 2086//2086 2087//2087 2085//2085
f 326//326 2083//2083 2082//2082
f 2083//2083 541//541 2085//2085
f 2085//2085 540//540 2082//2082
f 2083//2083 2085//2085 2082//2082
f 90//90 1235//1235 2088//2088
f 1235//1235 324//324 2089//2089
f 2089//2089 542//542 2088//2088
f 1235//1235 2089//2089 2088//2088
f 324//324 1233//1233 2090//2090
f 1233//1233 11//11 1518//1518
f 1518//1518 400//400 2090//2090
f 1233//1233 1518//1518 2090//2090
f 400//400 1515//1515 2091//2091
f 1515//1515 111//111 2092//2092
f 2092//2092 542//542 2091//2091
f 1515//1515 2092//2092 2091//2091
f 324//324 2090//2090 2089//2089
f 2090//2090 400//400 2091//2091
f 2091//2091 542//542 2089//2089
f 2090//2090 2091//2091 2089//2089
f 111//111 1509//1509 2093//2093
f 1509//1509 397//397 2094//2094
f 2094//2094 543//543 2093//2093
f 1509//1509 2094//2094 2093//2093
f 397//397 1506//1506 2095//2095
f 1506//1506 34//34 2096//2096
f 2096//2096 544//544 2095//2095
f 1506//1506 2096//2096 2095//2095
f 544//544 2098//2098 2097//2097
f 2098//2098 146//146 2099//2099
f 2099//2099 543//543 2097//2097
f 2098//2098 2099//2099 2097//2097
f 397//397 2095//2095 2094//2094
f 2095//2095 544//544 2097//2097
f 2097//2097 543//543 2094//2094
f 2095//2095 2097//2097 2094//2094
f 90//90 2088//2088 2084//2084
f 2088//2088 542//542 2100//2100
f 2100//2100 541//541 2084//2084
f 2088//2088 2100//2100 2084//2084
f 542//542 2092//2092 2101//2101
f 2092//2092 111//111 2093//2093
f 2093//2093 543//543 2101//2101
f 2092//2092 2093//2093 2101//2101
f 543//543 2099//2099 2102//2102
f 2099//2099 146//146 2086//2086
f 2086//2086 541//541 2102//2102
f 2099//2099 2086//2086 2102//2102
f 542//542 2101//2101 2100//2100
f 2101//2101 543//543 2102//2102
f 2102//2102 541//541 2100//2100
f 2101//2101 2102//2102 2100//2100
f 34//34 1488//1488 2103//2103
f 1488//1488 391//391 2104//2104
f 2104//2104 545//545 2103//2103
f 1488//1488 2104//2104 2103//2103
f 391//391 1485//1485 2105//2105
f 1485//1485 108//108 2106//2106
f 2106//2106 546//546 2105//2105
f 1485//1485 2106//2106 2105//2105
f 546//546 2108//2108 2107//2107
f 2108//2108 147//147 2109//2109
f 2109//2109 545//545 2107//2107
f 2108//2108 2109//2109 2107//2107
f 391//391 2105//2105 2104//2104
f 2105//2105 546//546 2107//2107
f 2107//2107 545//545 2104//2104
f 2105//2105 2107//2107 2104//2104
f 108//108 1479//1479 2110//2110
f 1479//1479 388//388 2111//2111
f 2111//2111 547//547 2110//2110
f 1479//1479 2111//2111 2110//2110
f 388//388 1476//1476 2112//2112
f 1476//1476 4//4 686//686
f 686//686 176//176 2112//2112
f 1476//1476 686//686 2112//2112
f 176//176 683//683 2113//2113
f 683//683 47//47 2114//2114
f 2114//2114 547//547 2113//2113
f 683//683 2114//2114 2113//2113
f 388//388 2112//2112 2111//2111
f 2112//2112 176//176 2113//2113
f 2113//2113 547//547 2111//2111
f 2112//2112 2113//2113 2111//2111
f 47//47 677//677 2115//2115
f 677//677 173//173 2116//2116
f 2116//2116 548//548 2115//2115
f 677//677 2116//2116 2115//2115
f 173//173 674//674 2117//2117
f 674//674 14//14 2118//2118
f 2118//2118 549//549 2117//2117
f 674//674 2118//2118 2117//2117
f 549//549 2120//2120 2119//2119
f 2120//2120 147//147 2121//2121
f 2121//2121 548//548 2119//2119
f 2120//2120 2121//2121 2119//2119
f 173//173 2117//2117 2116//2116
f 2117//2117 549//549 2119//2119
f 2119//2119 548//548 2116//2116
f 2117//2117 2119//2119 2116//2116
f 108//108 2110//2110 2106//2106
f 2110//2110 547//547 2122//2122
f 2122//2122 546//546 2106//2106
f 2110//2110 2122//2122 2106//2106
f 547//547 2114//2114 2123//2123
f 2114//2114 47//47 2115//2115
f 2115//2115 548//548 2123//2123
f 2114//2114 2115//2115 2123//2123
f 548//548 2121//2121 2124//2124
f 2121//2121 147//147 2108//2108
f 2108//2108 546//546 2124//2124
f 2121//2121 2108//2108 2124//2124
f 547//547 2123//2123 2122//2122
f 2123//2123 548//548 2124//2124
f 2124//2124 546//546 2122//2122
f 2123//2123 2124//2124 2122//2122
f 26//26 2081//2081 2067//2067
f 2081//2081 540//540 2125//2125
f 2125//2125 537//537 2067//2067
f 2081//2081 2125//2125 2067//2067
f 540//540 2087//2087 2126//2126
f 2087//2087 146//146 2127//2127
f 2127//2127 550//550 2126//2126
f 2087//2087 2127//2127 2126//2126
f 550//550 2129//2129 2128//2128
f 2129//2129 145//145 2069//2069
f 2069//2069 537//537 2128//2128
f 2129//2129 2069//2069 2128//2128
f 540//540 2126//2126 2125//2125
f 2126//2126 550//550 2128//2128
f 2128//2128 537//537 2125//2125
f 2126//2126 2128//2128 2125//2125
f 146//146 2098//2098 2130//2130
f 2098//2098 544//544 2131//2131
f 2131//2131 551//551 2130//2130
f 2098//2098 2131//2131 2130//2130
f 544//544 2096//2096 2132//2132
f 2096//2096 34//34 2103//2103
f 2103//2103 545//545 2132//2132
f 2096//2096 2103//2103 2132//2132
f 545//545 2109//2109 2133//2133
f 2109//2109 147//147 2134//2134
f 2134//2134 551//551 2133//2133
f 2109//2109 2134//2134 2133//2133
f 544//544 2132//2132 2131//2131
f 2132//2132 545//545 2133//2133
f 2133//2133 551//551 2131//2131
f 2132//2132 2133//2133 2131//2131
f 147//147 2120//2120 2135//2135
f 2120//2120 549//549 2136//2136
f 2136//2136 552//552 2135//2135
f 2120//2120 2136//2136 2135//2135
f 549//549 2118//2118 2137//2137
f 2118//2118 14//14 2075//2075
f 2075//2075 539//539 2137//2137
f 2118//2118 2075//2075 2137//2137
f 539//539 2072//2072 2138//2138
f 2072//2072 145//145 2139//2139
f 2139//2139 552//552 2138//2138
f 2072//2072 2139//2139 2138//2138
f 549//549 2137//2137 2136//2136
f 2137//2137 539//539 2138//2138
f 2138//2138 552//552 2136//2136
f 2137//2137 2138//2138 2136//2136
f 146//146 2130//2130 2127//2127
f 2130//2130 551//551 2140//2140
f 2140//2140 550//550 2127//2127
f 2130//2130 2140//2140 2127//2127
f 551//551 2134//2134 2141//2141
f 2134//2134 147//147 2135//2135
f 2135//2135 552//552 2141//2141
f 2134//2134 2135//2135 2141//2141
f 552//552 2139//2139 2142//2142
f 2139//2139 145//145 2129//2129
f 2129//2129 550//550 2142//2142
f 2139//2139 2129//2129 2142//2142
f 551//551 2141//2141 2140//2140
f 2141//2141 552//552 2142//2142
f 2142//2142 550//550 2140//2140
f 2141//2141 2142//2142 2140//2140
f 1//1 643//643 1060//1060
f 643//643 163//163 2143//2143
f 2143//2143 276//276 1060//1060
f 643//643 2143//2143 1060//1060
f 163//163 651//651 2144//2144
f 651//651 43//43 2145//2145
f 2145//2145 553//553 2144//2144
f 651//651 2145//2145 2144//2144
f 553//553 2147//2147 2146//2146
f 2147//2147 76//76 1063//1063
f 1063//1063 276//276 2146//2146
f 2147//2147 1063//1063 2146//2146
f 163//163 2144//2144 2143//2143
f 2144//2144 553//553 2146//2146
f 2146//2146 276//276 2143//2143
f 2144//2144 2146//2146 2143//2143
f 43//43 668//668 2148//2148
f 668//668 171//171 2149//2149
f 2149//2149 554//554 2148//2148
f 668//668 2149//2149 2148//2148
f 171//171 666//666 2150//2150
f 666//666 13//13 2151//2151
f 2151//2151 555//555 2150//2150
f 666//666 2151//2151 2150//2150
f 555//555 2153//2153 2152//2152
f 2153//2153 148//148 2154//2154
f 2154//2154 554//554 2152//2152
f 2153//2153 2154//2154 2152//2152
f 171//171 2150//2150 2149//2149
f 2150//2150 555//555 2152//2152
f 2152//2152 554//554 2149//2149
f 2150//2150 2152//2152 2149//2149
f 148//148 2156//2156 2155//2155
f 2156//2156 557//557 2157//2157
f 2157//2157 556//556 2155//2155
f 2156//2156 2157//2157 2155//2155
f 557//557 2159//2159 2158//2158
f 2159//2159 24//24 1072//1072
f 1072//1072 279//279 2158//2158
f 2159//2159 1072//1072 2158//2158
f 279//279 1069//1069 2160//2160
f 1069//1069 76//76 2161//2161
f 2161//2161 556//556 2160//2160
f 1069//1069 2161//2161 2160//2160
f 557//557 2158//2158 2157//2157
f 2158//2158 279//279 2160//2160
f 2160//2160 556//556 2157//2157
f 2158//2158 2160//2160 2157//2157
f 43//43 2148//2148 2145//2145
f 2148//2148 554//554 2162//2162
f 2162//2162 553//553 2145//2145
f 2148//2148 2162//2162 2145//2145
f 554//554 2154//2154 2163//2163
f 2154//2154 148//148 2155//2155
f 2155//2155 556//556 2163//2163
f 2154//2154 2155//2155 2163//2163
f 556//556 2161//2161 2164//2164
f 2161//2161 76//76 2147//2147
f 2147//2147 553//553 2164//2164
f 2161//2161 2147//2147 2164//2164
f 554//554 2163//2163 2162//2162
f 2163//2163 556//556 2164//2164
f 2164//2164 553//553 2162//2162
f 2163//2163 2164//2164 2162//2162
f 13//13 725//725 2165//2165
f 725//725 188//188 2166//2166
f 2166//2166 558//558 2165//2165
f 725//725 2166//2166 2165//2165
f 188//188 722//722 2167//2167
f 722//722 51//51 2168//2168
f 2168//2168 559//559 2167//2167
f 722//722 2168//2168 2167//2167
f 559//559 2170//2170 2169//2169
f 2170//2170 149//149 2171//2171
f 2171//2171 558//558 2169//2169
f 2170//2170 2171//2171 2169//2169
f 188//188 2167//2167 2166//2166
f 2167//2167 559//559 2169//2169
f 2169//2169 558//558 2166//2166
f 2167//2167 2169//2169 2166//2166
f 51//51 719//719 2172//2172
f 719//719 186//186 2173//2173
f 2173//2173 560//560 2172//2172
f 719//719 2173//2173 2172//2172
f 186//186 717//717 2174//2174
f 717//717 6//6 1683//1683
f 1683//1683 443//443 2174//2174
f 717//717 1683//1683 2174//2174
f 443//443 1691//1691 2175//2175
f 1691//1691 123//123 2176//2176
f 2176//2176 560//560 2175//2175
f 1691//1691 2176//2176 2175//2175
f 186//186 2174//2174 2173//2173
f 2174//2174 443//443 2175//2175
f 2175//2175 560//560 2173//2173
f 2174//2174 2175//2175 2173//2173
f 123//123 1708//1708 2177//2177
f 1708//1708 451//451 2178//2178
f 2178//2178 561//561 2177//2177
f 1708//1708 2178//2178 2177//2177
f 451//451 1706//1706 2179//2179
f 1706//1706 38//38 2180//2180
f 2180//2180 562//562 2179//2179
f 1706//1706 2180//2180 2179//2179
f 562//562 2182//2182 2181//2181
f 2182//2182 149//149 2183//2183
f 2183//2183 561//561 2181//2181
f 2182//2182 2183//2183 2181//2181
f 451//451 2179//2179 2178//2178
f 2179//2179 562//562 2181//2181
f 2181//2181 561//561 2178//2178
f 2179//2179 2181//2181 2178//2178
f 51//51 2172//2172 2168//2168
f 2172//2172 560//560 2184//2184
f 2184//2184 559//559 2168//2168
f 2172//2172 2184//2184 2168//2168
f 560//560 2176//2176 2185//2185
f 2176//2176 123//123 2177//2177
f 2177//2177 561//561 2185//2185
f 2176//2176 2177//2177 2185//2185
f 561//561 2183//2183 2186//2186
f 2183//2183 149//149 2170//2170
f 2170//2170 559//559 2186//2186
f 2183//2183 2170//2170 2186//2186
f 560//560 2185//2185 2184//2184
f 2185//2185 561//561 2186//2186
f 2186//2186 559//559 2184//2184
f 2185//2185 2186//2186 2184//2184
f 38//38 1765//1765 2187//2187
f 1765//1765 468//468 2188//2188
f 2188//2188 563//563 2187//2187
f 1765//1765 2188//2188 2187//2187
f 468//468 1762//1762 2189//2189
f 1762//1762 131//131 2190//2190
f 2190//2190 564//564 2189//2189
f 1762//1762 2190//2190 2189//2189
f 564//564 2192//2192 2191//2191
f 2192//2192 150//150 2193//2193
f 2193//2193 563//563 2191//2191
f 2192//2192 2193//2193 2191//2191
f 468//468 2189//2189 2188//2188
f 2189//2189 564//564 2191//2191
f 2191//2191 563//563 2188//2188
f 2189//2189 2191//2191 2188//2188
f 131//131 1759//1759 2194//2194
f 1759//1759 466//466 2195//2195
f 2195//2195 565//565 2194//2194
f 1759//1759 2195//2195 2194//2194
f 466//466 1757//1757 2196//2196
f 1757//1757 12//12 1102//1102
f 1102//1102 288//288 2196//2196
f 1757//1757 1102//1102 2196//2196
f 288//288 1099//1099 2197//2197
f 1099//1099 79//79 2198//2198
f 2198//2198 565//565 2197//2197
f 1099//1099 2198//2198 2197//2197
f 466//466 2196//2196 2195//2195
f 2196//2196 288//288 2197//2197
f 2197//2197 565//565 2195//2195
f 2196//2196 2197//2197 2195//2195
f 79//79 1093//1093 2199//2199
f 1093//1093 285//285 2200//2200
f 2200//2200 566//566 2199//2199
f 1093//1093 2200//2200 2199//2199
f 285//285 1090//1090 2201//2201
f 1090//1090 24//24 2202//2202
f 2202//2202 567//567 2201//2201
f 1090//1090 2202//2202 2201//2201
f 567//567 2204//2204 2203//2203
f 2204//2204 150//150 2205//2205
f 2205//2205 566//566 2203//2203
f 2204//2204 2205//2205 2203//2203
f 285//285 2201//2201 2200//2200
f 2201//2201 567//567 2203//2203
f 2203//2203 566//566 2200//2200
f 2201//2201 2203//2203 2200//2200
f 131//131 2194//2194 2190//2190
f 2194//2194 565//565 2206//2206
f 2206//2206 564//564 2190//2190
f 2194//2194 2206//2206 2190//2190
f 565//565 2198//2198 2207//2207
f 2198//2198 79//79 2199//2199
f 2199//2199 566//566 2207//2207
f 2198//2198 2199//2199 2207//2207
f 566//566 2205//2205 2208//2208
f 2205//2205 150//150 2192//2192
f 2192//2192 564//564 2208//2208
f 2205//2205 2192//2192 2208//2208
f 565//565 2207//2207 2206//2206
f 2207//2207 566//566 2208//2208
f 2208//2208 564//564 2206//2206
f 2207//2207 2208//2208 2206//2206
f 13//13 2165//2165 2151//2151
f 2165//2165 558//558 2209//2209
f 2209//2209 555//555 2151//2151
f 2165//2165 2209//2209 2151//2151
f 558//558 2171//2171 2210//2210
f 2171//2171 149//149 2211//2211
f 2211//2211 568//568 2210//2210
f 2171//2171 2211//2211 2210//2210
f 568//568 2213//2213 2212//2212
f 2213//2213 148//148 2153//2153
f 2153//2153 555//555 2212//2212
f 2213//2213 2153//2153 2212//2212
f 558//558 2210//2210 2209//2209
f 2210//2210 568//568 2212//2212
f 2212//2212 555//555 2209//2209
f 2210//2210 2212//2212 2209//2209
f 149//149 2182//2182 2214//2214
f 2182//2182 562//562 2215//2215
f 2215//2215 569//569 2214//2214
f 2182//2182 2215//2215 2214//2214
f 562//562 2180//2180 2216//2216
f 2180//2180 38//38 2187//2187
f 2187//2187 563//563 2216//2216
f 2180//2180 2187//2187 2216//2216
f 563//563 2193//2193 2217//2217
f 2193//2193 150//150 2218//2218
f 2218//2218 569//569 2217//2217
f 2193//2193 2218//2218 2217//2217
f 562//562 2216//2216 2215//2215
f 2216//2216 563//563 2217//2217
f 2217//2217 569//569 2215//2215
f 2216//2216 2217//2217 2215//2215
f 150//150 2204//2204 2219//2219
f 2204//2204 567//567 2220//2220
f 2220//2220 570//570 2219//2219
f 2204//2204 2220//2220 2219//2219
f 567//567 2202//2202 2221//2221
f 2202//2202 24//24 2159//2159
f 2159//2159 557//557 2221//2221
f 2202//2202 2159//2159 2221//2221
f 557//557 2156//2156 2222//2222
f 2156//2156 148//148 2223//2223
f 2223//2223 570//570 2222//2222
f 2156//2156 2223//2223 2222//2222
f 567//567 2221//2221 2220//2220
f 2221//2221 557//557 2222//2222
f 2222//2222 570//570 2220//2220
f 2221//2221 2222//2222 2220//2220
f 149//149 2214//2214 2211//2211
f 2214//2214 569//569 2224//2224
f 2224//2224 568//568 2211//2211
f 2214//2214 2224//2224 2211//2211
f 569//569 2218//2218 2225//2225
f 2218//2218 150//150 2219//2219
f 2219//2219 570//570 2225//2225
f 2218//2218 2219//2219 2225//2225
f 570//570 2223//2223 2226//2226
f 2223//2223 148//148 2213//2213
f 2213//2213 568//568 2226//2226
f 2223//2223 2213//2213 2226//2226
f 569//569 2225//2225 2224//2224
f 2225//2225 570//570 2226//2226
f 2226//2226 568//568 2224//2224
f 2225//2225 2226//2226 2224//2224
f 8//8 1375//1375 1203//1203
f 1375//1375 361//361 2227//2227
f 2227//2227 315//315 1203//1203
f 1375//1375 2227//2227 1203//1203
f 361//361 1383//1383 2228//2228
f 1383//1383 100//100 2229//2229
f 2229//2229 571//571 2228//2228
f 1383//1383 2229//2229 2228//2228
f 571//571 2231//2231 2230//2230
f 2231//2231 87//87 1205//1205
f 1205//1205 315//315 2230//2230
f 2231//2231 1205//1205 2230//2230
f 361//361 2228//2228 2227//2227
f 2228//2228 571//571 2230//2230
f 2230//2230 315//315 2227//2227
f 2228//2228 2230//2230 2227//2227
f 100//100 1400//1400 2232//2232
f 1400//1400 369//369 2233//2233
f 2233//2233 572//572 2232//2232
f 1400//1400 2233//2233 2232//2232
f 369//369 1398//1398 2234//2234
f 1398//1398 31//31 2235//2235
f 2235//2235 573//573 2234//2234
f 1398//1398 2235//2235 2234//2234
f 573//573 2237//2237 2236//2236
f 2237//2237 151//151 2238//2238
f 2238//2238 572//572 2236//2236
f 2237//2237 2238//2238 2236//2236
f 369//369 2234//2234 2233//2233
f 2234//2234 573//573 2236//2236
f 2236//2236 572//572 2233//2233
f 2234//2234 2236//2236 2233//2233
f 151//151 2240//2240 2239//2239
f 2240//2240 575//575 2241//2241
f 2241//2241 574//574 2239//2239
f 2240//2240 2241//2241 2239//2239
f 575//575 2243//2243 2242//2242
f 2243//2243 27//27 1211//1211
f 1211//1211 317//317 2242//2242
f 2243//2243 1211//1211 2242//2242
f 317//317 1208//1208 2244//2244
f 1208//1208 87//87 2245//2245
f 2245//2245 574//574 2244//2244
f 1208//1208 2245//2245 2244//2244
f 575//575 2242//2242 2241//2241
f 2242//2242 317//317 2244//2244
f 2244//2244 574//574 2241//2241
f 2242//2242 2244//2244 2241//2241
f 100//100 2232//2232 2229//2229
f 2232//2232 572//572 2246//2246
f 2246//2246 571//571 2229//2229
f 2232//2232 2246//2246 2229//2229
f 572//572 2238//2238 2247//2247
f 2238//2238 151//151 2239//2239
f 2239//2239 574//574 2247//2247
f 2238//2238 2239//2239 2247//2247
f 574//574 2245//2245 2248//2248
f 2245//2245 87//87 2231//2231
f 2231//2231 571//571 2248//2248
f 2245//2245 2231//2231 2248//2248
f 572//572 2247//2247 2246//2246
f 2247//2247 574//574 2248//2248
f 2248//2248 571//571 2246//2246
f 2247//2247 2248//2248 2246//2246
f 31//31 1449//1449 2249//2249
f 1449//1449 382//382 2250//2250
f 2250//2250 576//576 2249//2249
f 1449//1449 2250//2250 2249//2249
f 382//382 1446//1446 2251//2251
f 1446//1446 106//106 2252//2252
f 2252//2252 577//577 2251//2251
f 1446//1446 2252//2252 2251//2251
f 577//577 2254//2254 2253//2253
f 2254//2254 152//152 2255//2255
f 2255//2255 576//576 2253//2253
f 2254//2254 2255//2255 2253//2253
f 382//382 2251//2251 2250//2250
f 2251//2251 577//577 2253//2253
f 2253//2253 576//576 2250//2250
f 2251//2251 2253//2253 2250//2250
f 106//106 1443//1443 2256//2256
f 1443//1443 380//380 2257//2257
f 2257//2257 578//578 2256//2256
f 1443//1443 2257//2257 2256//2256
f 380//380 1441//1441 2258//2258
f 1441//1441 5//5 1583//1583
f 1583//1583 417//417 2258//2258
f 1441//1441 1583//1583 2258//2258
f 417//417 1591//1591 2259//2259
f 1591//1591 116//116 2260//2260
f 2260//2260 578//578 2259//2259
f 1591//1591 2260//2260 2259//2259
f 380//380 2258//2258 2257//2257
f 2258//2258 417//417 2259//2259
f 2259//2259 578//578 2257//2257
f 2258//2258 2259//2259 2257//2257
f 116//116 1608//1608 2261//2261
f 1608//1608 425//425 2262//2262
f 2262//2262 579//579 2261//2261
f 1608//1608 2262//2262 2261//2261
f 425//425 1606//1606 2263//2263
f 1606//1606 36//36 2264//2264
f 2264//2264 580//580 2263//2263
f 1606//1606 2264//2264 2263//2263
f 580//580 2266//2266 2265//2265
f 2266//2266 152//152 2267//2267
f 2267//2267 579//579 2265//2265
f 2266//2266 2267//2267 2265//2265
f 425//425 2263//2263 2262//2262
f 2263//2263 580//580 2265//2265
f 2265//2265 579//579 2262//2262
f 2263//2263 2265//2265 2262//2262
f 106//106 2256//2256 2252//2252
f 2256//2256 578//578 2268//2268
f 2268//2268 577//577 2252//2252
f 2256//2256 2268//2268 2252//2252
f 578//578 2260//2260 2269//2269
f 2260//2260 116//116 2261//2261
f 2261//2261 579//579 2269//2269
f 2260//2260 2261//2261 2269//2269
f 579//579 2267//2267 2270//2270
f 2267//2267 152//152 2254//2254
f 2254//2254 577//577 2270//2270
f 2267//2267 2254//2254 2270//2270
f 578//578 2269//2269 2268//2268
f 2269//2269 579//579 2270//2270
f 2270//2270 577//577 2268//2268
f 2269//2269 2270//2270 2268//2268
f 36//36 1657//1657 2271//2271
f 1657//1657 438//438 2272//2272
f 2272//2272 581//581 2271//2271
f 1657//1657 2272//2272 2271//2271
f 438//438 1654//1654 2273//2273
f 1654//1654 122//122 2274//2274
f 2274//2274 582//582 2273//2273
f 1654//1654 2274//2274 2273//2273
f 582//582 2276//2276 2275//2275
f 2276//2276 153//153 2277//2277
f 2277//2277 581//581 2275//2275
f 2276//2276 2277//2277 2275//2275
f 438//438 2273//2273 2272//2272
f 2273//2273 582//582 2275//2275
f 2275//2275 581//581 2272//2272
f 2273//2273 2275//2275 2272//2272
f 122//122 1651//1651 2278//2278
f 1651//1651 436//436 2279//2279
f 2279//2279 583//583 2278//2278
f 1651//1651 2279//2279 2278//2278
f 436//436 1649//1649 2280//2280
f 1649//1649 11//11 1232//1232
f 1232//1232 323//323 2280//2280
f 1649//1649 1232//1232 2280//2280
f 323//323 1229//1229 2281//2281
f 1229//1229 89//89 2282//2282
f 2282//2282 583//583 2281//2281
f 1229//1229 2282//2282 2281//2281
f 436//436 2280//2280 2279//2279
f 2280//2280 323//323 2281//2281
f 2281//2281 583//583 2279//2279
f 2280//2280 2281//2281 2279//2279
f 89//89 1223//1223 2283//2283
f 1223//1223 320//320 2284//2284
f 2284//2284 584//584 2283//2283
f 1223//1223 2284//2284 2283//2283
f 320//320 1220//1220 2285//2285
f 1220//1220 27//27 2286//2286
f 2286//2286 585//585 2285//2285
f 1220//1220 2286//2286 2285//2285
f 585//585 2288//2288 2287//2287
f 2288//2288 153//153 2289//2289
f 2289//2289 584//584 2287//2287
f 2288//2288 2289//2289 2287//2287
f 320//320 2285//2285 2284//2284
f 2285//2285 585//585 2287//2287
f 2287//2287 584//584 2284//2284
f 2285//2285 2287//2287 2284//2284
f 122//122 2278//2278 2274//2274
f 2278//2278 583//583 2290//2290
f 2290//2290 582//582 2274//2274
f 2278//2278 2290//2290 2274//2274
f 583//583 2282//2282 2291//2291
f 2282//2282 89//89 2283//2283
f 2283//2283 584//584 2291//2291
f 2282//2282 2283//2283 2291//2291
f 584//584 2289//2289 2292//2292
f 2289//2289 153//153 2276//2276
f 2276//2276 582//582 2292//2292
f 2289//2289 2276//2276 2292//2292
f 583//583 2291//2291 2290//2290
f 2291//2291 584//584 2292//2292
f 2292//2292 582//582 2290//2290
f 2291//2291 2292//2292 2290//2290
f 31//31 2249//2249 2235//2235
f 2249//2249 576//576 2293//2293
f 2293//2293 573//573 2235//2235
f 2249//2249 2293//2293 2235//2235
f 576//576 2255//2255 2294//2294
f 2255//2255 152//152 2295//2295
f 2295//2295 586//586 2294//2294
f 2255//2255 2295//2295 2294//2294
f 586//586 2297//2297 2296//2296
f 2297//2297 151//151 2237//2237
f 2237//2237 573//573 2296//2296
f 2297//2297 2237//2237 2296//2296
f 576//576 2294//2294 2293//2293
f 2294//2294 586//586 2296//2296
f 2296//2296 573//573 2293//2293
f 2294//2294 2296//2296 2293//2293
f 152//152 2266//2266 2298//2298
f 2266//2266 580//580 2299//2299
f 2299//2299 587//587 2298//2298
f 2266//2266 2299//2299 2298//2298
f 580//580 2264//2264 2300//2300
f 2264//2264 36//36 2271//2271
f 2271//2271 581//581 2300//2300
f 2264//2264 2271//2271 2300//2300
f 581//581 2277//2277 2301//2301
f 2277//2277 153//153 2302//2302
f 2302//2302 587//587 2301//2301
f 2277//2277 2302//2302 2301//2301
f 580//580 2300//2300 2299//2299
f 2300//2300 581//581 2301//2301
f 2301//2301 587//587 2299//2299
f 2300//2300 2301//2301 2299//2299
f 153//153 2288//2288 2303//2303
f 2288//2288 585//585 2304//2304
f 2304//2304 588//588 2303//2303
f 2288//2288 2304//2304 2303//2303
f 585//585 2286//2286 2305//2305
f 2286//2286 27//27 2243//2243
f 2243//2243 575//575 2305//2305
f 2286//2286 2243//2243 2305//2305
f 575//575 2240//2240 2306//2306
f 2240//2240 151//151 2307//2307
f 2307//2307 588//588 2306//2306
f 2240//2240 2307//2307 2306//2306
f 585//585 2305//2305 2304//2304
f 2305//2305 575//575 2306//2306
f 2306//2306 588//588 2304//2304
f 2305//2305 2306//2306 2304//2304
f 152//152 2298//2298 2295//2295
f 2298//2298 587//587 2308//2308
f 2308//2308 586//586 2295//2295
f 2298//2298 2308//2308 2295//2295
f 587//587 2302//2302 2309//2309
f 2302//2302 153//153 2303//2303
f 2303//2303 588//588 2309//2309
f 2302//2302 2303//2303 2309//2309
f 588//588 2307//2307 2310//2310
f 2307//2307 151//151 2297//2297
f 2297//2297 586//586 2310//2310
f 2307//2307 2297//2297 2310//2310
f 587//587 2309//2309 2308//2308
f 2309//2309 588//588 2310//2310
f 2310//2310 586//586 2308//2308
f 2309//2309 2310//2310 2308//2308
f 8//8 1132//1132 1376//1376
f 1132//1132 297//297 2311//2311
f 2311//2311 362//362 1376//1376
f 1132//1132 2311//2311 1376//1376
f 297//297 1129//1129 2312//2312
f 1129//1129 82//82 2313//2313
f 2313//2313 589//589 2312//2312
f 1129//1129 2313//2313 2312//2312
f 589//589 2315//2315 2314//2314
f 2315//2315 101//101 1379//1379
f 1379//1379 362//362 2314//2314
f 2315//2315 1379//1379 2314//2314
f 297//297 2312//2312 2311//2311
f 2312//2312 589//589 2314//2314
f 2314//2314 362//362 2311//2311
f 2312//2312 2314//2314 2311//2311
f 82//82 1123//1123 2316//2316
f 1123//1123 294//294 2317//2317
f 2317//2317 590//590 2316//2316
f 1123//1123 2317//2317 2316//2316
f 294//294 1120//1120 2318//2318
f 1120//1120 25//25 2319//2319
f 2319//2319 591//591 2318//2318
f 1120//1120 2319//2319 2318//2318
f 591//591 2321//2321 2320//2320
f 2321//2321 154//154 2322//2322
f 2322//2322 590//590 2320//2320
f 2321//2321 2322//2322 2320//2320
f 294//294 2318//2318 2317//2317
f 2318//2318 591//591 2320//2320
f 2320//2320 590//590 2317//2317
f 2318//2318 2320//2320 2317//2317
f 154//154 2324//2324 2323//2323
f 2324//2324 593//593 2325//2325
f 2325//2325 592//592 2323//2323
f 2324//2324 2325//2325 2323//2323
f 593//593 2327//2327 2326//2326
f 2327//2327 32//32 1388//1388
f 1388//1388 365//365 2326//2326
f 2327//2327 1388//1388 2326//2326
f 365//365 1385//1385 2328//2328
f 1385//1385 101//101 2329//2329
f 2329//2329 592//592 2328//2328
f 1385//1385 2329//2329 2328//2328
f 593//593 2326//2326 2325//2325
f 2326//2326 365//365 2328//2328
f 2328//2328 592//592 2325//2325
f 2326//2326 2328//2328 2325//2325
f 82//82 2316//2316 2313//2313
f 2316//2316 590//590 2330//2330
f 2330//2330 589//589 2313//2313
f 2316//2316 2330//2330 2313//2313
f 590//590 2322//2322 2331//2331
f 2322//2322 154//154 2323//2323
f 2323//2323 592//592 2331//2331
f 2322//2322 2323//2323 2331//2331
f 592//592 2329//2329 2332//2332
f 2329//2329 101//101 2315//2315
f 2315//2315 589//589 2332//2332
f 2329//2329 2315//2315 2332//2332
f 590//590 2331//2331 2330//2330
f 2331//2331 592//592 2332//2332
f 2332//2332 589//589 2330//2330
f 2331//2331 2332//2332 2330//2330
f 25//25 1111//1111 2333//2333
f 1111//1111 291//291 2334//2334
f 2334//2334 594//594 2333//2333
f 1111//1111 2334//2334 2333//2333
f 291//291 1108//1108 2335//2335
f 1108//1108 80//80 2336//2336
f 2336//2336 595//595 2335//2335
f 1108//1108 2336//2336 2335//2335
f 595//595 2338//2338 2337//2337
f 2338//2338 155//155 2339//2339
f 2339//2339 594//594 2337//2337
f 2338//2338 2339//2339 2337//2337
f 291//291 2335//2335 2334//2334
f 2335//2335 595//595 2337//2337
f 2337//2337 594//594 2334//2334
f 2335//2335 2337//2337 2334//2334
f 80//80 1105//1105 2340//2340
f 1105//1105 289//289 2341//2341
f 2341//2341 596//596 2340//2340
f 1105//1105 2341//2341 2340//2340
f 289//289 1103//1103 2342//2342
f 1103//1103 12//12 1834//1834
f 1834//1834 486//486 2342//2342
f 1103//1103 1834//1834 2342//2342
f 486//486 1831//1831 2343//2343
f 1831//1831 136//136 2344//2344
f 2344//2344 596//596 2343//2343
f 1831//1831 2344//2344 2343//2343
f 289//289 2342//2342 2341//2341
f 2342//2342 486//486 2343//2343
f 2343//2343 596//596 2341//2341
f 2342//2342 2343//2343 2341//2341
f 136//136 1825//1825 2345//2345
f 1825//1825 483//483 2346//2346
f 2346//2346 597//597 2345//2345
f 1825//1825 2346//2346 2345//2345
f 483//483 1822//1822 2347//2347
f 1822//1822 42//42 2348//2348
f 2348//2348 598//598 2347//2347
f 1822//1822 2348//2348 2347//2347
f 598//598 2350//2350 2349//2349
f 2350//2350 155//155 2351//2351
f 2351//2351 597//597 2349//2349
f 2350//2350 2351//2351 2349//2349
f 483//483 2347//2347 2346//2346
f 2347//2347 598//598 2349//2349
f 2349//2349 597//597 2346//2346
f 2347//2347 2349//2349 2346//2346
f 80//80 2340//2340 2336//2336
f 2340//2340 596//596 2352//2352
f 2352//2352 595//595 2336//2336
f 2340//2340 2352//2352 2336//2336
f 596//596 2344//2344 2353//2353
f 2344//2344 136//136 2345//2345
f 2345//2345 597//597 2353//2353
f 2344//2344 2345//2345 2353//2353
f 597//597 2351//2351 2354//2354
f 2351//2351 155//155 2338//2338
f 2338//2338 595//595 2354//2354
f 2351//2351 2338//2338 2354//2354
f 596//596 2353//2353 2352//2352
f 2353//2353 597//597 2354//2354
f 2354//2354 595//595 2352//2352
f 2353//2353 2354//2354 2352//2352
f 42//42 1804//1804 2355//2355
f 1804//1804 477//477 2356//2356
f 2356//2356 599//599 2355//2355
f 1804//1804 2356//2356 2355//2355
f 477//477 1801//1801 2357//2357
f 1801//1801 133//133 2358//2358
f 2358//2358 600//600 2357//2357
f 1801//1801 2358//2358 2357//2357
f 600//600 2360//2360 2359//2359
f 2360//2360 156//156 2361//2361
f 2361//2361 599//599 2359//2359
f 2360//2360 2361//2361 2359//2359
f 477//477 2357//2357 2356//2356
f 2357//2357 600//600 2359//2359
f 2359//2359 599//599 2356//2356
f 2357//2357 2359//2359 2356//2356
f 133//133 1795//1795 2362//2362
f 1795//1795 474//474 2363//2363
f 2363//2363 601//601 2362//2362
f 1795//1795 2363//2363 2362//2362
f 474//474 1792//1792 2364//2364
f 1792//1792 7//7 1418//1418
f 1418//1418 374//374 2364//2364
f 1792//1792 1418//1418 2364//2364
f 374//374 1415//1415 2365//2365
f 1415//1415 104//104 2366//2366
f 2366//2366 601//601 2365//2365
f 1415//1415 2366//2366 2365//2365
f 474//474 2364//2364 2363//2363
f 2364//2364 374//374 2365//2365
f 2365//2365 601//601 2363//2363
f 2364//2364 2365//2365 2363//2363
f 104//104 1409//1409 2367//2367
f 1409//1409 371//371 2368//2368
f 2368//2368 602//602 2367//2367
f 1409//1409 2368//2368 2367//2367
f 371//371 1406//1406 2369//2369
f 1406//1406 32//32 2370//2370
f 2370//2370 603//603 2369//2369
f 1406//1406 2370//2370 2369//2369
f 603//603 2372//2372 2371//2371
f 2372//2372 156//156 2373//2373
f 2373//2373 602//602 2371//2371
f 2372//2372 2373//2373 2371//2371
f 371//371 2369//2369 2368//2368
f 2369//2369 603//603 2371//2371
f 2371//2371 602//602 2368//2368
f 2369//2369 2371//2371 2368//2368
f 133//133 2362//2362 2358//2358
f 2362//2362 601//601 2374//2374
f 2374//2374 600//600 2358//2358
f 2362//2362 2374//2374 2358//2358
f 601//601 2366//2366 2375//2375
f 2366//2366 104//104 2367//2367
f 2367//2367 602//602 2375//2375
f 2366//2366 2367//2367 2375//2375
f 602//602 2373//2373 2376//2376
f 2373//2373 156//156 2360//2360
f 2360//2360 600//600 2376//2376
f 2373//2373 2360//2360 2376//2376
f 601//601 2375//2375 2374//2374
f 2375//2375 602//602 2376//2376
f 2376//2376 600//600 2374//2374
f 2375//2375 2376//2376 2374//2374
f 25//25 2333//2333 2319//2319
f 2333//2333 594//594 2377//2377
f 2377//2377 591//591 2319//2319
f 2333//2333 2377//2377 2319//2319
f 594//594 2339//2339 2378//2378
f 2339//2339 155//155 2379//2379
f 2379//2379 604//604 2378//2378
f 2339//2339 2379//2379 2378//2378
f 604//604 2381//2381 2380//2380
f 2381//2381 154//154 2321//2321
f 2321//2321 591//591 2380//2380
f 2381//2381 2321//2321 2380//2380
f 594//594 2378//2378 2377//2377
f 2378//2378 604//604 2380//2380
f 2380//2380 591//591 2377//2377
f 2378//2378 2380//2380 2377//2377
f 155//155 2350//2350 2382//2382
f 2350//2350 598//598 2383//2383
f 2383//2383 605//605 2382//2382
f 2350//2350 2383//2383 2382//2382
f 598//598 2348//2348 2384//2384
f 2348//2348 42//42 2355//2355
f 2355//2355 599//599 2384//2384
f 2348//2348 2355//2355 2384//2384
f 599//599 2361//2361 2385//2385
f 2361//2361 156//156 2386//2386
f 2386//2386 605//605 2385//2385
f 2361//2361 2386//2386 2385//2385
f 598//598 2384//2384 2383//2383
f 2384//2384 599//599 2385//2385
f 2385//2385 605//605 2383//2383
f 2384//2384 2385//2385 2383//2383
f 156//156 2372//2372 2387//2387
f 2372//2372 603//603 2388//2388
f 2388//2388 606//606 2387//2387
f 2372//2372 2388//2388 2387//2387
f 603//603 2370//2370 2389//2389
f 2370//2370 32//32 2327//2327
f 2327//2327 593//593 2389//2389
f 2370//2370 2327//2327 2389//2389
f 593//593 2324//2324 2390//2390
f 2324//2324 154//154 2391//2391
f 2391//2391 606//606 2390//2390
f 2324//2324 2391//2391 2390//2390
f 603//603 2389//2389 2388//2388
f 2389//2389 593//593 2390//2390
f 2390//2390 606//606 2388//2388
f 2389//2389 2390//2390 2388//2388
f 155//155 2382//2382 2379//2379
f 2382//2382 605//605 2392//2392
f 2392//2392 604//604 2379//2379
f 2382//2382 2392//2392 2379//2379
f 605//605 2386//2386 2393//2393
f 2386//2386 156//156 2387//2387
f 2387//2387 606//606 2393//2393
f 2386//2386 2387//2387 2393//2393
f 606//606 2391//2391 2394//2394
f 2391//2391 154//154 2381//2381
f 2381//2381 604//604 2394//2394
f 2391//2391 2381//2381 2394//2394
f 605//605 2393//2393 2392//2392
f 2393//2393 606//606 2394//2394
f 2394//2394 604//604 2392//2392
f 2393//2393 2394//2394 2392//2392
f 3//3 924//924 1268//1268
f 924//924 241//241 2395//2395
f 2395//2395 332//332 1268//1268
f 924//924 2395//2395 1268//1268
f 241//241 921//921 2396//2396
f 921//921 66//66 2397//2397
f 2397//2397 607//607 2396//2396
f 921//921 2397//2397 2396//2396
f 607//607 2399//2399 2398//2398
f 2399//2399 92//92 1271//1271
f 1271//1271 332//332 2398//2398
f 2399//2399 1271//1271 2398//2398
f 241//241 2396//2396 2395//2395
f 2396//2396 607//607 2398//2398
f 2398//2398 332//332 2395//2395
f 2396//2396 2398//2398 2395//2395
f 66//66 915//915 2400//2400
f 915//915 238//238 2401//2401
f 2401//2401 608//608 2400//2400
f 915//915 2401//2401 2400//2400
f 238//238 912//912 2402//2402
f 912//912 20//20 2403//2403
f 2403//2403 609//609 2402//2402
f 912//912 2403//2403 2402//2402
f 609//609 2405//2405 2404//2404
f 2405//2405 157//157 2406//2406
f 2406//2406 608//608 2404//2404
f 2405//2405 2406//2406 2404//2404
f 238//238 2402//2402 2401//2401
f 2402//2402 609//609 2404//2404
f 2404//2404 608//608 2401//2401
f 2402//2402 2404//2404 2401//2401
f 157//157 2408//2408 2407//2407
f 2408//2408 611//611 2409//2409
f 2409//2409 610//610 2407//2407
f 2408//2408 2409//2409 2407//2407
f 611//611 2411//2411 2410//2410
f 2411//2411 29//29 1280//1280
f 1280//1280 335//335 2410//2410
f 2411//2411 1280//1280 2410//2410
f 335//335 1277//1277 2412//2412
f 1277//1277 92//92 2413//2413
f 2413//2413 610//610 2412//2412
f 1277//1277 2413//2413 2412//2412
f 611//611 2410//2410 2409//2409
f 2410//2410 335//335 2412//2412
f 2412//2412 610//610 2409//2409
f 2410//2410 2412//2412 2409//2409
f 66//66 2400//2400 2397//2397
f 2400//2400 608//608 2414//2414
f 2414//2414 607//607 2397//2397
f 2400//2400 2414//2414 2397//2397
f 608//608 2406//2406 2415//2415
f 2406//2406 157//157 2407//2407
f 2407//2407 610//610 2415//2415
f 2406//2406 2407//2407 2415//2415
f 610//610 2413//2413 2416//2416
f 2413//2413 92//92 2399//2399
f 2399//2399 607//607 2416//2416
f 2413//2413 2399//2399 2416//2416
f 608//608 2415//2415 2414//2414
f 2415//2415 610//610 2416//2416
f 2416//2416 607//607 2414//2414
f 2415//2415 2416//2416 2414//2414
f 20//20 903//903 2417//2417
f 903//903 235//235 2418//2418
f 2418//2418 612//612 2417//2417
f 903//903 2418//2418 2417//2417
f 235//235 900//900 2419//2419
f 900//900 64//64 2420//2420
f 2420//2420 613//613 2419//2419
f 900//900 2420//2420 2419//2419
f 613//613 2422//2422 2421//2421
f 2422//2422 158//158 2423//2423
f 2423//2423 612//612 2421//2421
f 2422//2422 2423//2423 2421//2421
f 235//235 2419//2419 2418//2418
f 2419//2419 613//613 2421//2421
f 2421//2421 612//612 2418//2418
f 2419//2419 2421//2421 2418//2418
f 64//64 897//897 2424//2424
f 897//897 233//233 2425//2425
f 2425//2425 614//614 2424//2424
f 897//897 2425//2425 2424//2424
f 233//233 895//895 2426//2426
f 895//895 10//10 1626//1626
f 1626//1626 430//430 2426//2426
f 895//895 1626//1626 2426//2426
f 430//430 1623//1623 2427//2427
f 1623//1623 120//120 2428//2428
f 2428//2428 614//614 2427//2427
f 1623//1623 2428//2428 2427//2427
f 233//233 2426//2426 2425//2425
f 2426//2426 430//430 2427//2427
f 2427//2427 614//614 2425//2425
f 2426//2426 2427//2427 2425//2425
f 120//120 1617//1617 2429//2429
f 1617//1617 427//427 2430//2430
f 2430//2430 615//615 2429//2429
f 1617//1617 2430//2430 2429//2429
f 427//427 1614//1614 2431//2431
f 1614//1614 37//37 2432//2432
f 2432//2432 616//616 2431//2431
f 1614//1614 2432//2432 2431//2431
f 616//616 2434//2434 2433//2433
f 2434//2434 158//158 2435//2435
f 2435//2435 615//615 2433//2433
f 2434//2434 2435//2435 2433//2433
f 427//427 2431//2431 2430//2430
f 2431//2431 616//616 2433//2433
f 2433//2433 615//615 2430//2430
f 2431//2431 2433//2433 2430//2430
f 64//64 2424//2424 2420//2420
f 2424//2424 614//614 2436//2436
f 2436//2436 613//613 2420//2420
f 2424//2424 2436//2436 2420//2420
f 614//614 2428//2428 2437//2437
f 2428//2428 120//120 2429//2429
f 2429//2429 615//615 2437//2437
f 2428//2428 2429//2429 2437//2437
f 615//615 2435//2435 2438//2438
f 2435//2435 158//158 2422//2422
f 2422//2422 613//613 2438//2438
f 2435//2435 2422//2422 2438//2438
f 614//614 2437//2437 2436//2436
f 2437//2437 615//615 2438//2438
f 2438//2438 613//613 2436//2436
f 2437//2437 2438//2438 2436//2436
f 37//37 1596//1596 2439//2439
f 1596//1596 421//421 2440//2440
f 2440//2440 617//617 2439//2439
f 1596//1596 2440//2440 2439//2439
f 421//421 1593//1593 2441//2441
f 1593//1593 117//117 2442//2442
f 2442//2442 618//618 2441//2441
f 1593//1593 2442//2442 2441//2441
f 618//618 2444//2444 2443//2443
f 2444//2444 159//159 2445//2445
f 2445//2445 617//617 2443//2443
f 2444//2444 2445//2445 2443//2443
f 421//421 2441//2441 2440//2440
f 2441//2441 618//618 2443//2443
f 2443//2443 617//617 2440//2440
f 2441//2441 2443//2443 2440//2440
f 117//117 1587//1587 2446//2446
f 1587//1587 418//418 2447//2447
f 2447//2447 619//619 2446//2446
f 1587//1587 2447//2447 2446//2446
f 418//418 1584//1584 2448//2448
f 1584//1584 5//5 1310//1310
f 1310//1310 344//344 2448//2448
f 1584//1584 1310//1310 2448//2448
f 344//344 1307//1307 2449//2449
f 1307//1307 95//95 2450//2450
f 2450//2450 619//619 2449//2449
f 1307//1307 2450//2450 2449//2449
f 418//418 2448//2448 2447//2447
f 2448//2448 344//344 2449//2449
f 2449//2449 619//619 2447//2447
f 2448//2448 2449//2449 2447//2447
f 95//95 1301//1301 2451//2451
f 1301//1301 341//341 2452//2452
f 2452//2452 620//620 2451//2451
f 1301//1301 2452//2452 2451//2451
f 341//341 1298//1298 2453//2453
f 1298//1298 29//29 2454//2454
f 2454//2454 621//621 2453//2453
f 1298//1298 2454//2454 2453//2453
f 621//621 2456//2456 2455//2455
f 2456//2456 159//159 2457//2457
f 2457//2457 620//620 2455//2455
f 2456//2456 2457//2457 2455//2455
f 341//341 2453//2453 2452//2452
f 2453//2453 621//621 2455//2455
f 2455//2455 620//620 2452//2452
f 2453//2453 2455//2455 2452//2452
f 117//117 2446//2446 2442//2442
f 2446//2446 619//619 2458//2458
f 2458//2458 618//618 2442//2442
f 2446//2446 2458//2458 2442//2442
f 619//619 2450//2450 2459//2459
f 2450//2450 95//95 2451//2451
f 2451//2451 620//620 2459//2459
f 2450//2450 2451//2451 2459//2459
f 620//620 2457//2457 2460//2460
f 2457//2457 159//159 2444//2444
f 2444//2444 618//618 2460//2460
f 2457//2457 2444//2444 2460//2460
f 619//619 2459//2459 2458//2458
f 2459//2459 620//620 2460//2460
f 2460//2460 618//618 2458//2458
f 2459//2459 2460//2460 2458//2458
f 20//20 2417//2417 2403//2403
f 2417//2417 612//612 2461//2461
f 2461//2461 609//609 2403//2403
f 2417//2417 2461//2461 2403//2403
f 612//612 2423//2423 2462//2462
f 2423//2423 158//158 2463//2463
f 2463//2463 622//622 2462//2462
f 2423//2423 2463//2463 2462//2462
f 622//622 2465//2465 2464//2464
f 2465//2465 157//157 2405//2405
f 2405//2405 609//609 2464//2464
f 2465//2465 2405//2405 2464//2464
f 612//612 2462//2462 2461//2461
f 2462//2462 622//622 2464//2464
f 2464//2464 609//609 2461//2461
f 2462//2462 2464//2464 2461//2461
f 158//158 2434//2434 2466//2466
f 2434//2434 616//616 2467//2467
f 2467//2467 623//623 2466//2466
f 2434//2434 2467//2467 2466//2466
f 616//616 2432//2432 2468//2468
f 2432//2432 37//37 2439//2439
f 2439//2439 617//617 2468//2468
f 2432//2432 2439//2439 2468//2468
f 617//617 2445//2445 2469//2469
f 2445//2445 159//159 2470//2470
f 2470//2470 623//623 2469//2469
f 2445//2445 2470//2470 2469//2469
f 616//616 2468//2468 2467//2467
f 2468//2468 617//617 2469//2469
f 2469//2469 623//623 2467//2467
f 2468//2468 2469//2469 2467//2467
f 159//159 2456//2456 2471//2471
f 2456//2456 621//621 2472//2472
f 2472//2472 624//624 2471//2471
f 2456//2456 2472//2472 2471//2471
f 621//621 2454//2454 2473//2473
f 2454//2454 29//29 2411//2411
f 2411//2411 611//611 2473//2473
f 2454//2454 2411//2411 2473//2473
f 611//611 2408//2408 2474//2474
f 2408//2408 157//157 2475//2475
f 2475//2475 624//624 2474//2474
f 2408//2408 2475//2475 2474//2474
f 621//621 2473//2473 2472//2472
f 2473//2473 611//611 2474//2474
f 2474//2474 624//624 2472//2472
f 2473//2473 2474//2474 2472//2472
f 158//158 2466//2466 2463//2463
f 2466//2466 623//623 2476//2476
f 2476//2476 622//622 2463//2463
f 2466//2466 2476//2476 2463//2463
f 623//623 2470//2470 2477//2477
f 2470//2470 159//159 2471//2471
f 2471//2471 624//624 2477//2477
f 2470//2470 2471//2471 2477//2477
f 624//624 2475//2475 2478//2478
f 2475//2475 157//157 2465//2465
f 2465//2465 622//622 2478//2478
f 2475//2475 2465//2465 2478//2478
f 623//623 2477//2477 2476//2476
f 2477//2477 624//624 2478//2478
f 2478//2478 622//622 2476//2476
f 2477//2477 2478//2478 2476//2476
f 3//3 1267//1267 995//995
f 1267//1267 331//331 2479//2479
f 2479//2479 259//259 995//995
f 1267//1267 2479//2479 995//995
f 331//331 1275//1275 2480//2480
f 1275//1275 91//91 2481//2481
f 2481//2481 625//625 2480//2480
f 1275//1275 2481//2481 2480//2480
f 625//625 2483//2483 2482//2482
f 2483//2483 71//71 997//997
f 997//997 259//259 2482//2482
f 2483//2483 997//997 2482//2482
f 331//331 2480//2480 2479//2479
f 2480//2480 625//625 2482//2482
f 2482//2482 259//259 2479//2479
f 2480//2480 2482//2482 2479//2479
f 91//91 1292//1292 2484//2484
f 1292//1292 339//339 2485//2485
f 2485//2485 626//626 2484//2484
f 1292//1292 2485//2485 2484//2484
f 339//339 1290//1290 2486//2486
f 1290//1290 28//28 2487//2487
f 2487//2487 627//627 2486//2486
f 1290//1290 2487//2487 2486//2486
f 627//627 2489//2489 2488//2488
f 2489//2489 160//160 2490//2490
f 2490//2490 626//626 2488//2488
f 2489//2489 2490//2490 2488//2488
f 339//339 2486//2486 2485//2485
f 2486//2486 627//627 2488//2488
f 2488//2488 626//626 2485//2485
f 2486//2486 2488//2488 2485//2485
f 160//160 2492//2492 2491//2491
f 2492//2492 629//629 2493//2493
f 2493//2493 628//628 2491//2491
f 2492//2492 2493//2493 2491//2491
f 629//629 2495//2495 2494//2494
f 2495//2495 22//22 1003//1003
f 1003//1003 261//261 2494//2494
f 2495//2495 1003//1003 2494//2494
f 261//261 1000//1000 2496//2496
f 1000//1000 71//71 2497//2497
f 2497//2497 628//628 2496//2496
f 1000//1000 2497//2497 2496//2496
f 629//629 2494//2494 2493//2493
f 2494//2494 261//261 2496//2496
f 2496//2496 628//628 2493//2493
f 2494//2494 2496//2496 2493//2493
f 91//91 2484//2484 2481//2481
f 2484//2484 626//626 2498//2498
f 2498//2498 625//625 2481//2481
f 2484//2484 2498//2498 2481//2481
f 626//626 2490//2490 2499//2499
f 2490//2490 160//160 2491//2491
f 2491//2491 628//628 2499//2499
f 2490//2490 2491//2491 2499//2499
f 628//628 2497//2497 2500//2500
f 2497//2497 71//71 2483//2483
f 2483//2483 625//625 2500//2500
f 2497//2497 2483//2483 2500//2500
f 626//626 2499//2499 2498//2498
f 2499//2499 628//628 2500//2500
f 2500//2500 625//625 2498//2498
f 2499//2499 2500//2500 2498//2498
f 28//28 1349//1349 2501//2501
f 1349//1349 356//356 2502//2502
f 2502//2502 630//630 2501//2501
f 1349//1349 2502//2502 2501//2501
f 356//356 1346//1346 2503//2503
f 1346//1346 99//99 2504//2504
f 2504//2504 631//631 2503//2503
f 1346//1346 2504//2504 2503//2503
f 631//631 2506//2506 2505//2505
f 2506//2506 161//161 2507//2507
f 2507//2507 630//630 2505//2505
f 2506//2506 2507//2507 2505//2505
f 356//356 2503//2503 2502//2502
f 2503//2503 631//631 2505//2505
f 2505//2505 630//630 2502//2502
f 2503//2503 2505//2505 2502//2502
f 99//99 1343//1343 2508//2508
f 1343//1343 354//354 2509//2509
f 2509//2509 632//632 2508//2508
f 1343//1343 2509//2509 2508//2508
f 354//354 1341//1341 2510//2510
f 1341//1341 7//7 1791//1791
f 1791//1791 473//473 2510//2510
f 1341//1341 1791//1791 2510//2510
f 473//473 1799//1799 2511//2511
f 1799//1799 132//132 2512//2512
f 2512//2512 632//632 2511//2511
f 1799//1799 2512//2512 2511//2511
f 354//354 2510//2510 2509//2509
f 2510//2510 473//473 2511//2511
f 2511//2511 632//632 2509//2509
f 2510//2510 2511//2511 2509//2509
f 132//132 1816//1816 2513//2513
f 1816//1816 481//481 2514//2514
f 2514//2514 633//633 2513//2513
f 1816//1816 2514//2514 2513//2513
f 481//481 1814//1814 2515//2515
f 1814//1814 41//41 2516//2516
f 2516//2516 634//634 2515//2515
f 1814//1814 2516//2516 2515//2515
f 634//634 2518//2518 2517//2517
f 2518//2518 161//161 2519//2519
f 2519//2519 633//633 2517//2517
f 2518//2518 2519//2519 2517//2517
f 481//481 2515//2515 2514//2514
f 2515//2515 634//634 2517//2517
f 2517//2517 633//633 2514//2514
f 2515//2515 2517//2517 2514//2514
f 99//99 2508//2508 2504//2504
f 2508//2508 632//632 2520//2520
f 2520//2520 631//631 2504//2504
f 2508//2508 2520//2520 2504//2504
f 632//632 2512//2512 2521//2521
f 2512//2512 132//132 2513//2513
f 2513//2513 633//633 2521//2521
f 2512//2512 2513//2513 2521//2521
f 633//633 2519//2519 2522//2522
f 2519//2519 161//161 2506//2506
f 2506//2506 631//631 2522//2522
f 2519//2519 2506//2506 2522//2522
f 632//632 2521//2521 2520//2520
f 2521//2521 633//633 2522//2522
f 2522//2522 631//631 2520//2520
f 2521//2521 2522//2522 2520//2520
f 41//41 1865//1865 2523//2523
f 1865//1865 494//494 2524//2524
f 2524//2524 635//635 2523//2523
f 1865//1865 2524//2524 2523//2523
f 494//494 1862//1862 2525//2525
f 1862//1862 138//138 2526//2526
f 2526//2526 636//636 2525//2525
f 1862//1862 2526//2526 2525//2525
f 636//636 2528//2528 2527//2527
f 2528//2528 162//162 2529//2529
f 2529//2529 635//635 2527//2527
f 2528//2528 2529//2529 2527//2527
f 494//494 2525//2525 2524//2524
f 2525//2525 636//636 2527//2527
f 2527//2527 635//635 2524//2524
f 2525//2525 2527//2527 2524//2524
f 138//138 1859//1859 2530//2530
f 1859//1859 492//492 2531//2531
f 2531//2531 637//637 2530//2530
f 1859//1859 2531//2531 2530//2530
f 492//492 1857//1857 2532//2532
f 1857//1857 9//9 1024//1024
f 1024//1024 267//267 2532//2532
f 1857//1857 1024//1024 2532//2532
f 267//267 1021//1021 2533//2533
f 1021//1021 73//73 2534//2534
f 2534//2534 637//637 2533//2533
f 1021//1021 2534//2534 2533//2533
f 492//492 2532//2532 2531//2531
f 2532//2532 267//267 2533//2533
f 2533//2533 637//637 2531//2531
f 2532//2532 2533//2533 2531//2531
f 73//73 1015//1015 2535//2535
f 1015//1015 264//264 2536//2536
f 2536//2536 638//638 2535//2535
f 1015//1015 2536//2536 2535//2535
f 264//264 1012//1012 2537//2537
f 1012//1012 22//22 2538//2538
f 2538//2538 639//639 2537//2537
f 1012//1012 2538//2538 2537//2537
f 639//639 2540//2540 2539//2539
f 2540//2540 162//162 2541//2541
f 2541//2541 638//638 2539//2539
f 2540//2540 2541//2541 2539//2539
f 264//264 2537//2537 2536//2536
f 2537//2537 639//639 2539//2539
f 2539//2539 638//638 2536//2536
f 2537//2537 2539//2539 2536//2536
f 138//138 2530//2530 2526//2526
f 2530//2530 637//637 2542//2542
f 2542//2542 636//636 2526//2526
f 2530//2530 2542//2542 2526//2526
f 637//637 2534//2534 2543//2543
f 2534//2534 73//73 2535//2535
f 2535//2535 638//638 2543//2543
f 2534//2534 2535//2535 2543//2543
f 638//638 2541//2541 2544//2544
f 2541//2541 162//162 2528//2528
f 2528//2528 636//636 2544//2544
f 2541//2541 2528//2528 2544//2544
f 637//637 2543//2543 2542//2542
f 2543//2543 638//638 2544//2544
f 2544//2544 636//636 2542//2542
f 2543//2543 2544//2544 2542//2542
f 28//28 2501//2501 2487//2487
f 2501//2501 630//630 2545//2545
f 2545//2545 627//627 2487//2487
f 2501//2501 2545//2545 2487//2487
f 630//630 2507//2507 2546//2546
f 2507//2507 161//161 2547//2547
f 2547//2547 640//640 2546//2546
f 2507//2507 2547//2547 2546//2546
f 640//640 2549//2549 2548//2548
f 2549//2549 160//160 2489//2489
f 2489//2489 627//627 2548//2548
f 2549//2549 2489//2489 2548//2548
f 630//630 2546//2546 2545//2545
f 2546//2546 640//640 2548//2548
f 2548//2548 627//627 2545//2545
f 2546//2546 2548//2548 2545//2545
f 161//161 2518//2518 2550//2550
f 2518//2518 634//634 2551//2551
f 2551//2551 641//641 2550//2550
f 2518//2518 2551//2551 2550//2550
f 634//634 2516//2516 2552//2552
f 2516//2516 41//41 2523//2523
f 2523//2523 635//635 2552//2552
f 2516//2516 2523//2523 2552//2552
f 635//635 2529//2529 2553//2553
f 2529//2529 162//162 2554//2554
f 2554//2554 641//641 2553//2553
f 2529//2529 2554//2554 2553//2553
f 634//634 2552//2552 2551//2551
f 2552//2552 635//635 2553//2553
f 2553//2553 641//641 2551//2551
f 2552//2552 2553//2553 2551//2551
f 162//162 2540//2540 2555//2555
f 2540//2540 639//639 2556//2556
f 2556//2556 642//642 2555//2555
f 2540//2540 2556//2556 2555//2555
f 639//639 2538//2538 2557//2557
f 2538//2538 22//22 2495//2495
f 2495//2495 629//629 2557//2557
f 2538//2538 2495//2495 2557//2557
f 629//629 2492//2492 2558//2558
f 2492//2492 160//160 2559//2559
f 2559//2559 642//642 2558//2558
f 2492//2492 2559//2559 2558//2558
f 639//639 2557//2557 2556//2556
f 2557//2557 629//629 2558//2558
f 2558//2558 642//642 2556//2556
f 2557//2557 2558//2558 2556//2556
f 161//161 2550//2550 2547//2547
f 2550//2550 641//641 2560//2560
f 2560//2560 640//640 2547//2547
f 2550//2550 2560//2560 2547//2547
f 641//641 2554//2554 2561//2561
f 2554//2554 162//162 2555//2555
f 2555//2555 642//642 2561//2561
f 2554//2554 2555//2555 2561//2561
f 642//642 2559//2559 2562//2562
f 2559//2559 160//160 2549//2549
f 2549//2549 640//640 2562//2562
f 2559//2559 2549//2549 2562//2562
f 641//641 2561//2561 2560//2560
f 2561//2561 642//642 2562//2562
f 2562//2562 640//640 2560//2560
f 2561//2561 2562//2562 2560//2560
