solid OpenSCAD_Model
  facet normal 0.996195 0.0871544 0
    outer loop
      vertex 10 0 2
      vertex 9.84808 1.73648 0
      vertex 9.84808 1.73648 2
    endloop
  endfacet
  facet normal 0.996195 0.0871544 0
    outer loop
      vertex 9.84808 1.73648 0
      vertex 10 0 2
      vertex 10 0 0
    endloop
  endfacet
  facet normal 0.996195 0.0871544 0
    outer loop
      vertex 10 0 8
      vertex 9.84808 1.73648 6
      vertex 9.84808 1.73648 8
    endloop
  endfacet
  facet normal 0.996195 0.0871544 0
    outer loop
      vertex 9.84808 1.73648 6
      vertex 10 0 8
      vertex 10 0 6
    endloop
  endfacet
  facet normal -0.996195 0.0871544 0
    outer loop
      vertex -10 0 0
      vertex -9.84808 1.73648 2
      vertex -9.84808 1.73648 0
    endloop
  endfacet
  facet normal -0.996195 0.0871544 0
    outer loop
      vertex -9.84808 1.73648 2
      vertex -10 0 0
      vertex -10 0 2
    endloop
  endfacet
  facet normal -0.996195 0.0871544 0
    outer loop
      vertex -10 0 6
      vertex -9.84808 1.73648 8
      vertex -9.84808 1.73648 6
    endloop
  endfacet
  facet normal -0.996195 0.0871544 0
    outer loop
      vertex -9.84808 1.73648 8
      vertex -10 0 6
      vertex -10 0 8
    endloop
  endfacet
  facet normal 0.0871544 0.996195 -0
    outer loop
      vertex 1.73648 9.84808 0
      vertex 0 10 2
      vertex 1.73648 9.84808 2
    endloop
  endfacet
  facet normal 0.0871544 0.996195 0
    outer loop
      vertex 0 10 2
      vertex 1.73648 9.84808 0
      vertex 0 10 0
    endloop
  endfacet
  facet normal 0.0871544 0.996195 -0
    outer loop
      vertex 1.73648 9.84808 6
      vertex 0 10 8
      vertex 1.73648 9.84808 8
    endloop
  endfacet
  facet normal 0.0871544 0.996195 0
    outer loop
      vertex 0 10 8
      vertex 1.73648 9.84808 6
      vertex 0 10 6
    endloop
  endfacet
  facet normal -0.0871544 -0.996195 0
    outer loop
      vertex -1.73648 -9.84808 0
      vertex 0 -10 2
      vertex -1.73648 -9.84808 2
    endloop
  endfacet
  facet normal -0.0871544 -0.996195 -0
    outer loop
      vertex 0 -10 2
      vertex -1.73648 -9.84808 0
      vertex 0 -10 0
    endloop
  endfacet
  facet normal -0.0871544 -0.996195 0
    outer loop
      vertex -1.73648 -9.84808 6
      vertex 0 -10 8
      vertex -1.73648 -9.84808 8
    endloop
  endfacet
  facet normal -0.0871544 -0.996195 -0
    outer loop
      vertex 0 -10 8
      vertex -1.73648 -9.84808 6
      vertex 0 -10 6
    endloop
  endfacet
  facet normal -0.819153 -0.573576 0
    outer loop
      vertex -7.66044 -6.42788 0
      vertex -8.66025 -5 2
      vertex -8.66025 -5 0
    endloop
  endfacet
  facet normal -0.819153 -0.573576 0
    outer loop
      vertex -8.66025 -5 2
      vertex -7.66044 -6.42788 0
      vertex -7.66044 -6.42788 2
    endloop
  endfacet
  facet normal -0.819153 -0.573576 0
    outer loop
      vertex -7.66044 -6.42788 6
      vertex -8.66025 -5 8
      vertex -8.66025 -5 6
    endloop
  endfacet
  facet normal -0.819153 -0.573576 0
    outer loop
      vertex -8.66025 -5 8
      vertex -7.66044 -6.42788 6
      vertex -7.66044 -6.42788 8
    endloop
  endfacet
  facet normal 0.707107 0.707107 0
    outer loop
      vertex 7.66044 6.42788 2
      vertex 6.42788 7.66044 0
      vertex 6.42788 7.66044 2
    endloop
  endfacet
  facet normal 0.707107 0.707107 0
    outer loop
      vertex 6.42788 7.66044 0
      vertex 7.66044 6.42788 2
      vertex 7.66044 6.42788 0
    endloop
  endfacet
  facet normal 0.707107 0.707107 0
    outer loop
      vertex 7.66044 6.42788 8
      vertex 6.42788 7.66044 6
      vertex 6.42788 7.66044 8
    endloop
  endfacet
  facet normal 0.707107 0.707107 0
    outer loop
      vertex 6.42788 7.66044 6
      vertex 7.66044 6.42788 8
      vertex 7.66044 6.42788 6
    endloop
  endfacet
  facet normal -0.573576 0.819153 0
    outer loop
      vertex -5 8.66025 0
      vertex -6.42788 7.66044 2
      vertex -5 8.66025 2
    endloop
  endfacet
  facet normal -0.573576 0.819153 0
    outer loop
      vertex -6.42788 7.66044 2
      vertex -5 8.66025 0
      vertex -6.42788 7.66044 0
    endloop
  endfacet
  facet normal -0.573576 0.819153 0
    outer loop
      vertex -5 8.66025 6
      vertex -6.42788 7.66044 8
      vertex -5 8.66025 8
    endloop
  endfacet
  facet normal -0.573576 0.819153 0
    outer loop
      vertex -6.42788 7.66044 8
      vertex -5 8.66025 6
      vertex -6.42788 7.66044 6
    endloop
  endfacet
  facet normal -0.258818 0.965926 0
    outer loop
      vertex -1.73648 9.84808 0
      vertex -3.4202 9.39693 2
      vertex -1.73648 9.84808 2
    endloop
  endfacet
  facet normal -0.258818 0.965926 0
    outer loop
      vertex -3.4202 9.39693 2
      vertex -1.73648 9.84808 0
      vertex -3.4202 9.39693 0
    endloop
  endfacet
  facet normal -0.258818 0.965926 0
    outer loop
      vertex -1.73648 9.84808 6
      vertex -3.4202 9.39693 8
      vertex -1.73648 9.84808 8
    endloop
  endfacet
  facet normal -0.258818 0.965926 0
    outer loop
      vertex -3.4202 9.39693 8
      vertex -1.73648 9.84808 6
      vertex -3.4202 9.39693 6
    endloop
  endfacet
  facet normal 0.707107 -0.707107 0
    outer loop
      vertex 6.42788 -7.66044 8
      vertex 7.66044 -6.42788 6
      vertex 7.66044 -6.42788 8
    endloop
  endfacet
  facet normal 0.707107 -0.707107 0
    outer loop
      vertex 7.66044 -6.42788 6
      vertex 6.42788 -7.66044 8
      vertex 6.42788 -7.66044 6
    endloop
  endfacet
  facet normal 0.707107 -0.707107 0
    outer loop
      vertex 6.42788 -7.66044 2
      vertex 7.66044 -6.42788 0
      vertex 7.66044 -6.42788 2
    endloop
  endfacet
  facet normal 0.707107 -0.707107 0
    outer loop
      vertex 7.66044 -6.42788 0
      vertex 6.42788 -7.66044 2
      vertex 6.42788 -7.66044 0
    endloop
  endfacet
  facet normal 0 0 -1
    outer loop
      vertex 2.925 0 0
      vertex 10 0 0
      vertex 9.84808 -1.73648 0
    endloop
  endfacet
  facet normal 0 0 -1
    outer loop
      vertex 2.88056 -0.50792 0
      vertex 9.84808 -1.73648 0
      vertex 9.39693 -3.4202 0
    endloop
  endfacet
  facet normal 0 0 -1
    outer loop
      vertex 10 0 0
      vertex 2.925 0 0
      vertex 9.84808 1.73648 0
    endloop
  endfacet
  facet normal 0 0 -1
    outer loop
      vertex 2.7486 -1.00041 0
      vertex 9.39693 -3.4202 0
      vertex 8.66025 -5 0
    endloop
  endfacet
  facet normal 0 0 -1
    outer loop
      vertex 2.88056 0.50792 0
      vertex 9.84808 1.73648 0
      vertex 2.925 0 0
    endloop
  endfacet
  facet normal 0 0 -1
    outer loop
      vertex 2.53312 -1.4625 0
      vertex 8.66025 -5 0
      vertex 7.66044 -6.42788 0
    endloop
  endfacet
  facet normal -0 0 -1
    outer loop
      vertex 9.84808 1.73648 0
      vertex 2.88056 0.50792 0
      vertex 9.39693 3.4202 0
    endloop
  endfacet
  facet normal 0 0 -1
    outer loop
      vertex 2.24068 -1.88015 0
      vertex 7.66044 -6.42788 0
      vertex 6.42788 -7.66044 0
    endloop
  endfacet
  facet normal 0 0 -1
    outer loop
      vertex 2.7486 1.00041 0
      vertex 9.39693 3.4202 0
      vertex 2.88056 0.50792 0
    endloop
  endfacet
  facet normal 0 0 -1
    outer loop
      vertex 1.88015 -2.24068 0
      vertex 6.42788 -7.66044 0
      vertex 5 -8.66025 0
    endloop
  endfacet
  facet normal -0 0 -1
    outer loop
      vertex 9.39693 3.4202 0
      vertex 2.7486 1.00041 0
      vertex 8.66025 5 0
    endloop
  endfacet
  facet normal 0 0 -1
    outer loop
      vertex 1.4625 -2.53312 0
      vertex 5 -8.66025 0
      vertex 3.4202 -9.39693 0
    endloop
  endfacet
  facet normal 0 0 -1
    outer loop
      vertex 2.53312 1.4625 0
      vertex 8.66025 5 0
      vertex 2.7486 1.00041 0
    endloop
  endfacet
  facet normal -0 0 -1
    outer loop
      vertex 8.66025 5 0
      vertex 2.53312 1.4625 0
      vertex 7.66044 6.42788 0
    endloop
  endfacet
  facet normal 0 0 -1
    outer loop
      vertex 9.84808 -1.73648 0
      vertex 2.88056 -0.50792 0
      vertex 2.925 0 0
    endloop
  endfacet
  facet normal 0 0 -1
    outer loop
      vertex 9.39693 -3.4202 0
      vertex 2.7486 -1.00041 0
      vertex 2.88056 -0.50792 0
    endloop
  endfacet
  facet normal 0 0 -1
    outer loop
      vertex 8.66025 -5 0
      vertex 2.53312 -1.4625 0
      vertex 2.7486 -1.00041 0
    endloop
  endfacet
  facet normal 0 0 -1
    outer loop
      vertex 7.66044 -6.42788 0
      vertex 2.24068 -1.88015 0
      vertex 2.53312 -1.4625 0
    endloop
  endfacet
  facet normal 0 0 -1
    outer loop
      vertex 6.42788 -7.66044 0
      vertex 1.88015 -2.24068 0
      vertex 2.24068 -1.88015 0
    endloop
  endfacet
  facet normal 0 0 -1
    outer loop
      vertex 1.00041 -2.7486 0
      vertex 3.4202 -9.39693 0
      vertex 1.73648 -9.84808 0
    endloop
  endfacet
  facet normal 0 0 -1
    outer loop
      vertex 5 -8.66025 0
      vertex 1.4625 -2.53312 0
      vertex 1.88015 -2.24068 0
    endloop
  endfacet
  facet normal 0 0 -1
    outer loop
      vertex 3.4202 -9.39693 0
      vertex 1.00041 -2.7486 0
      vertex 1.4625 -2.53312 0
    endloop
  endfacet
  facet normal 0 0 -1
    outer loop
      vertex 1.73648 -9.84808 0
      vertex 0.50792 -2.88056 0
      vertex 1.00041 -2.7486 0
    endloop
  endfacet
  facet normal 0 0 -1
    outer loop
      vertex 0 -10 0
      vertex 0.50792 -2.88056 0
      vertex 1.73648 -9.84808 0
    endloop
  endfacet
  facet normal 0 0 -1
    outer loop
      vertex 0 -10 0
      vertex 0 -2.925 0
      vertex 0.50792 -2.88056 0
    endloop
  endfacet
  facet normal 0 0 -1
    outer loop
      vertex 0 -10 0
      vertex -0.50792 -2.88056 0
      vertex 0 -2.925 0
    endloop
  endfacet
  facet normal 0 0 -1
    outer loop
      vertex -1.73648 -9.84808 0
      vertex -0.50792 -2.88056 0
      vertex 0 -10 0
    endloop
  endfacet
  facet normal -0 0 -1
    outer loop
      vertex -0.50792 -2.88056 0
      vertex -1.73648 -9.84808 0
      vertex -1.00041 -2.7486 0
    endloop
  endfacet
  facet normal 0 0 -1
    outer loop
      vertex -3.4202 -9.39693 0
      vertex -1.00041 -2.7486 0
      vertex -1.73648 -9.84808 0
    endloop
  endfacet
  facet normal -0 0 -1
    outer loop
      vertex -1.00041 -2.7486 0
      vertex -3.4202 -9.39693 0
      vertex -1.4625 -2.53312 0
    endloop
  endfacet
  facet normal 0 0 -1
    outer loop
      vertex -5 -8.66025 0
      vertex -1.4625 -2.53312 0
      vertex -3.4202 -9.39693 0
    endloop
  endfacet
  facet normal -0 0 -1
    outer loop
      vertex -1.4625 -2.53312 0
      vertex -5 -8.66025 0
      vertex -1.88015 -2.24068 0
    endloop
  endfacet
  facet normal 0 0 -1
    outer loop
      vertex -6.42788 -7.66044 0
      vertex -1.88015 -2.24068 0
      vertex -5 -8.66025 0
    endloop
  endfacet
  facet normal -0 0 -1
    outer loop
      vertex -1.88015 -2.24068 0
      vertex -6.42788 -7.66044 0
      vertex -2.24068 -1.88015 0
    endloop
  endfacet
  facet normal -0 0 -1
    outer loop
      vertex -2.24068 -1.88015 0
      vertex -7.66044 -6.42788 0
      vertex -2.53312 -1.4625 0
    endloop
  endfacet
  facet normal 0 0 -1
    outer loop
      vertex -7.66044 -6.42788 0
      vertex -2.24068 -1.88015 0
      vertex -6.42788 -7.66044 0
    endloop
  endfacet
  facet normal 0 0 -1
    outer loop
      vertex 2.24068 1.88015 0
      vertex 7.66044 6.42788 0
      vertex 2.53312 1.4625 0
    endloop
  endfacet
  facet normal -0 0 -1
    outer loop
      vertex 7.66044 6.42788 0
      vertex 2.24068 1.88015 0
      vertex 6.42788 7.66044 0
    endloop
  endfacet
  facet normal 0 0 -1
    outer loop
      vertex 1.88015 2.24068 0
      vertex 6.42788 7.66044 0
      vertex 2.24068 1.88015 0
    endloop
  endfacet
  facet normal -0 0 -1
    outer loop
      vertex 6.42788 7.66044 0
      vertex 1.88015 2.24068 0
      vertex 5 8.66025 0
    endloop
  endfacet
  facet normal 0 0 -1
    outer loop
      vertex 1.4625 2.53312 0
      vertex 5 8.66025 0
      vertex 1.88015 2.24068 0
    endloop
  endfacet
  facet normal -0 0 -1
    outer loop
      vertex 5 8.66025 0
      vertex 1.4625 2.53312 0
      vertex 3.4202 9.39693 0
    endloop
  endfacet
  facet normal 0 0 -1
    outer loop
      vertex 1.00041 2.7486 0
      vertex 3.4202 9.39693 0
      vertex 1.4625 2.53312 0
    endloop
  endfacet
  facet normal -0 0 -1
    outer loop
      vertex 3.4202 9.39693 0
      vertex 1.00041 2.7486 0
      vertex 1.73648 9.84808 0
    endloop
  endfacet
  facet normal 0 0 -1
    outer loop
      vertex 0.50792 2.88056 0
      vertex 1.73648 9.84808 0
      vertex 1.00041 2.7486 0
    endloop
  endfacet
  facet normal 0 0 -1
    outer loop
      vertex 0 2.925 0
      vertex 1.73648 9.84808 0
      vertex 0.50792 2.88056 0
    endloop
  endfacet
  facet normal 0 0 -1
    outer loop
      vertex 0 2.925 0
      vertex 0 10 0
      vertex 1.73648 9.84808 0
    endloop
  endfacet
  facet normal 0 0 -1
    outer loop
      vertex -0.50792 2.88056 0
      vertex 0 10 0
      vertex 0 2.925 0
    endloop
  endfacet
  facet normal 0 0 -1
    outer loop
      vertex -1.73648 9.84808 0
      vertex -0.50792 2.88056 0
      vertex -1.00041 2.7486 0
    endloop
  endfacet
  facet normal 0 0 -1
    outer loop
      vertex -3.4202 9.39693 0
      vertex -1.00041 2.7486 0
      vertex -1.4625 2.53312 0
    endloop
  endfacet
  facet normal 0 0 -1
    outer loop
      vertex -0.50792 2.88056 0
      vertex -1.73648 9.84808 0
      vertex 0 10 0
    endloop
  endfacet
  facet normal 0 0 -1
    outer loop
      vertex -5 8.66025 0
      vertex -1.4625 2.53312 0
      vertex -1.88015 2.24068 0
    endloop
  endfacet
  facet normal 0 0 -1
    outer loop
      vertex -6.42788 7.66044 0
      vertex -1.88015 2.24068 0
      vertex -2.24068 1.88015 0
    endloop
  endfacet
  facet normal 0 0 -1
    outer loop
      vertex -7.66044 6.42788 0
      vertex -2.24068 1.88015 0
      vertex -2.53312 1.4625 0
    endloop
  endfacet
  facet normal 0 0 -1
    outer loop
      vertex -8.66025 5 0
      vertex -2.53312 1.4625 0
      vertex -2.7486 1.00041 0
    endloop
  endfacet
  facet normal 0 0 -1
    outer loop
      vertex -9.39693 3.4202 0
      vertex -2.7486 1.00041 0
      vertex -2.88056 0.50792 0
    endloop
  endfacet
  facet normal 0 0 -1
    outer loop
      vertex -1.00041 2.7486 0
      vertex -3.4202 9.39693 0
      vertex -1.73648 9.84808 0
    endloop
  endfacet
  facet normal 0 0 -1
    outer loop
      vertex -9.84808 1.73648 0
      vertex -2.88056 0.50792 0
      vertex -2.925 0 0
    endloop
  endfacet
  facet normal 0 0 -1
    outer loop
      vertex -8.66025 -5 0
      vertex -2.53312 -1.4625 0
      vertex -7.66044 -6.42788 0
    endloop
  endfacet
  facet normal -0 0 -1
    outer loop
      vertex -2.53312 -1.4625 0
      vertex -8.66025 -5 0
      vertex -2.7486 -1.00041 0
    endloop
  endfacet
  facet normal 0 0 -1
    outer loop
      vertex -1.4625 2.53312 0
      vertex -5 8.66025 0
      vertex -3.4202 9.39693 0
    endloop
  endfacet
  facet normal 0 0 -1
    outer loop
      vertex -9.39693 -3.4202 0
      vertex -2.7486 -1.00041 0
      vertex -8.66025 -5 0
    endloop
  endfacet
  facet normal 0 0 -1
    outer loop
      vertex -1.88015 2.24068 0
      vertex -6.42788 7.66044 0
      vertex -5 8.66025 0
    endloop
  endfacet
  facet normal -0 0 -1
    outer loop
      vertex -2.7486 -1.00041 0
      vertex -9.39693 -3.4202 0
      vertex -2.88056 -0.50792 0
    endloop
  endfacet
  facet normal 0 0 -1
    outer loop
      vertex -2.24068 1.88015 0
      vertex -7.66044 6.42788 0
      vertex -6.42788 7.66044 0
    endloop
  endfacet
  facet normal 0 0 -1
    outer loop
      vertex -9.84808 -1.73648 0
      vertex -2.88056 -0.50792 0
      vertex -9.39693 -3.4202 0
    endloop
  endfacet
  facet normal 0 0 -1
    outer loop
      vertex -2.53312 1.4625 0
      vertex -8.66025 5 0
      vertex -7.66044 6.42788 0
    endloop
  endfacet
  facet normal -0 0 -1
    outer loop
      vertex -2.88056 -0.50792 0
      vertex -9.84808 -1.73648 0
      vertex -2.925 0 0
    endloop
  endfacet
  facet normal 0 0 -1
    outer loop
      vertex -2.7486 1.00041 0
      vertex -9.39693 3.4202 0
      vertex -8.66025 5 0
    endloop
  endfacet
  facet normal 0 0 -1
    outer loop
      vertex -10 0 0
      vertex -2.925 0 0
      vertex -9.84808 -1.73648 0
    endloop
  endfacet
  facet normal 0 0 -1
    outer loop
      vertex -2.88056 0.50792 0
      vertex -9.84808 1.73648 0
      vertex -9.39693 3.4202 0
    endloop
  endfacet
  facet normal 0 0 -1
    outer loop
      vertex -2.925 0 0
      vertex -10 0 0
      vertex -9.84808 1.73648 0
    endloop
  endfacet
  facet normal 0.906306 0.422622 0
    outer loop
      vertex 9.39693 3.4202 8
      vertex 8.66025 5 6
      vertex 8.66025 5 8
    endloop
  endfacet
  facet normal 0.906306 0.422622 0
    outer loop
      vertex 8.66025 5 6
      vertex 9.39693 3.4202 8
      vertex 9.39693 3.4202 6
    endloop
  endfacet
  facet normal 0.906306 0.422622 0
    outer loop
      vertex 9.39693 3.4202 2
      vertex 8.66025 5 0
      vertex 8.66025 5 2
    endloop
  endfacet
  facet normal 0.906306 0.422622 0
    outer loop
      vertex 8.66025 5 0
      vertex 9.39693 3.4202 2
      vertex 9.39693 3.4202 0
    endloop
  endfacet
  facet normal 0.965926 0.258818 0
    outer loop
      vertex 9.84808 1.73648 2
      vertex 9.39693 3.4202 0
      vertex 9.39693 3.4202 2
    endloop
  endfacet
  facet normal 0.965926 0.258818 0
    outer loop
      vertex 9.39693 3.4202 0
      vertex 9.84808 1.73648 2
      vertex 9.84808 1.73648 0
    endloop
  endfacet
  facet normal 0.965926 0.258818 0
    outer loop
      vertex 9.84808 1.73648 8
      vertex 9.39693 3.4202 6
      vertex 9.39693 3.4202 8
    endloop
  endfacet
  facet normal 0.965926 0.258818 0
    outer loop
      vertex 9.39693 3.4202 6
      vertex 9.84808 1.73648 8
      vertex 9.84808 1.73648 6
    endloop
  endfacet
  facet normal 0.819153 0.573576 0
    outer loop
      vertex 8.66025 5 2
      vertex 7.66044 6.42788 0
      vertex 7.66044 6.42788 2
    endloop
  endfacet
  facet normal 0.819153 0.573576 0
    outer loop
      vertex 7.66044 6.42788 0
      vertex 8.66025 5 2
      vertex 8.66025 5 0
    endloop
  endfacet
  facet normal 0.819153 0.573576 0
    outer loop
      vertex 8.66025 5 8
      vertex 7.66044 6.42788 6
      vertex 7.66044 6.42788 8
    endloop
  endfacet
  facet normal 0.819153 0.573576 0
    outer loop
      vertex 7.66044 6.42788 6
      vertex 8.66025 5 8
      vertex 8.66025 5 6
    endloop
  endfacet
  facet normal 0.422622 0.906306 -0
    outer loop
      vertex 5 8.66025 0
      vertex 3.4202 9.39693 2
      vertex 5 8.66025 2
    endloop
  endfacet
  facet normal 0.422622 0.906306 0
    outer loop
      vertex 3.4202 9.39693 2
      vertex 5 8.66025 0
      vertex 3.4202 9.39693 0
    endloop
  endfacet
  facet normal 0.422622 0.906306 -0
    outer loop
      vertex 5 8.66025 6
      vertex 3.4202 9.39693 8
      vertex 5 8.66025 8
    endloop
  endfacet
  facet normal 0.422622 0.906306 0
    outer loop
      vertex 3.4202 9.39693 8
      vertex 5 8.66025 6
      vertex 3.4202 9.39693 6
    endloop
  endfacet
  facet normal 0.258818 0.965926 -0
    outer loop
      vertex 3.4202 9.39693 0
      vertex 1.73648 9.84808 2
      vertex 3.4202 9.39693 2
    endloop
  endfacet
  facet normal 0.258818 0.965926 0
    outer loop
      vertex 1.73648 9.84808 2
      vertex 3.4202 9.39693 0
      vertex 1.73648 9.84808 0
    endloop
  endfacet
  facet normal 0.258818 0.965926 -0
    outer loop
      vertex 3.4202 9.39693 6
      vertex 1.73648 9.84808 8
      vertex 3.4202 9.39693 8
    endloop
  endfacet
  facet normal 0.258818 0.965926 0
    outer loop
      vertex 1.73648 9.84808 8
      vertex 3.4202 9.39693 6
      vertex 1.73648 9.84808 6
    endloop
  endfacet
  facet normal 0.573576 0.819153 -0
    outer loop
      vertex 6.42788 7.66044 0
      vertex 5 8.66025 2
      vertex 6.42788 7.66044 2
    endloop
  endfacet
  facet normal 0.573576 0.819153 0
    outer loop
      vertex 5 8.66025 2
      vertex 6.42788 7.66044 0
      vertex 5 8.66025 0
    endloop
  endfacet
  facet normal 0.573576 0.819153 -0
    outer loop
      vertex 6.42788 7.66044 6
      vertex 5 8.66025 8
      vertex 6.42788 7.66044 8
    endloop
  endfacet
  facet normal 0.573576 0.819153 0
    outer loop
      vertex 5 8.66025 8
      vertex 6.42788 7.66044 6
      vertex 5 8.66025 6
    endloop
  endfacet
  facet normal -0.906306 0.422622 0
    outer loop
      vertex -9.39693 3.4202 0
      vertex -8.66025 5 2
      vertex -8.66025 5 0
    endloop
  endfacet
  facet normal -0.906306 0.422622 0
    outer loop
      vertex -8.66025 5 2
      vertex -9.39693 3.4202 0
      vertex -9.39693 3.4202 2
    endloop
  endfacet
  facet normal -0.906306 0.422622 0
    outer loop
      vertex -9.39693 3.4202 6
      vertex -8.66025 5 8
      vertex -8.66025 5 6
    endloop
  endfacet
  facet normal -0.906306 0.422622 0
    outer loop
      vertex -8.66025 5 8
      vertex -9.39693 3.4202 6
      vertex -9.39693 3.4202 8
    endloop
  endfacet
  facet normal -0.707107 0.707107 0
    outer loop
      vertex -7.66044 6.42788 0
      vertex -6.42788 7.66044 2
      vertex -6.42788 7.66044 0
    endloop
  endfacet
  facet normal -0.707107 0.707107 0
    outer loop
      vertex -6.42788 7.66044 2
      vertex -7.66044 6.42788 0
      vertex -7.66044 6.42788 2
    endloop
  endfacet
  facet normal -0.707107 0.707107 0
    outer loop
      vertex -7.66044 6.42788 6
      vertex -6.42788 7.66044 8
      vertex -6.42788 7.66044 6
    endloop
  endfacet
  facet normal -0.707107 0.707107 0
    outer loop
      vertex -6.42788 7.66044 8
      vertex -7.66044 6.42788 6
      vertex -7.66044 6.42788 8
    endloop
  endfacet
  facet normal -0.965926 0.258818 0
    outer loop
      vertex -9.84808 1.73648 0
      vertex -9.39693 3.4202 2
      vertex -9.39693 3.4202 0
    endloop
  endfacet
  facet normal -0.965926 0.258818 0
    outer loop
      vertex -9.39693 3.4202 2
      vertex -9.84808 1.73648 0
      vertex -9.84808 1.73648 2
    endloop
  endfacet
  facet normal -0.965926 0.258818 0
    outer loop
      vertex -9.84808 1.73648 6
      vertex -9.39693 3.4202 8
      vertex -9.39693 3.4202 6
    endloop
  endfacet
  facet normal -0.965926 0.258818 0
    outer loop
      vertex -9.39693 3.4202 8
      vertex -9.84808 1.73648 6
      vertex -9.84808 1.73648 8
    endloop
  endfacet
  facet normal 0 0 1
    outer loop
      vertex 2.925 0 8
      vertex 10 0 8
      vertex 9.84808 1.73648 8
    endloop
  endfacet
  facet normal 0 0 1
    outer loop
      vertex 2.88056 0.50792 8
      vertex 9.84808 1.73648 8
      vertex 9.39693 3.4202 8
    endloop
  endfacet
  facet normal 0 0 1
    outer loop
      vertex 10 0 8
      vertex 2.925 0 8
      vertex 9.84808 -1.73648 8
    endloop
  endfacet
  facet normal 0 0 1
    outer loop
      vertex 2.7486 1.00041 8
      vertex 9.39693 3.4202 8
      vertex 8.66025 5 8
    endloop
  endfacet
  facet normal -0 0 1
    outer loop
      vertex 2.88056 -0.50792 8
      vertex 9.84808 -1.73648 8
      vertex 2.925 0 8
    endloop
  endfacet
  facet normal 0 0 1
    outer loop
      vertex 2.53312 1.4625 8
      vertex 8.66025 5 8
      vertex 7.66044 6.42788 8
    endloop
  endfacet
  facet normal 0 0 1
    outer loop
      vertex 9.84808 -1.73648 8
      vertex 2.88056 -0.50792 8
      vertex 9.39693 -3.4202 8
    endloop
  endfacet
  facet normal 0 0 1
    outer loop
      vertex 2.24068 1.88015 8
      vertex 7.66044 6.42788 8
      vertex 6.42788 7.66044 8
    endloop
  endfacet
  facet normal -0 0 1
    outer loop
      vertex 2.7486 -1.00041 8
      vertex 9.39693 -3.4202 8
      vertex 2.88056 -0.50792 8
    endloop
  endfacet
  facet normal 0 0 1
    outer loop
      vertex 1.88015 2.24068 8
      vertex 6.42788 7.66044 8
      vertex 5 8.66025 8
    endloop
  endfacet
  facet normal 0 0 1
    outer loop
      vertex 9.39693 -3.4202 8
      vertex 2.7486 -1.00041 8
      vertex 8.66025 -5 8
    endloop
  endfacet
  facet normal 0 0 1
    outer loop
      vertex 1.4625 2.53312 8
      vertex 5 8.66025 8
      vertex 3.4202 9.39693 8
    endloop
  endfacet
  facet normal -0 0 1
    outer loop
      vertex 2.53312 -1.4625 8
      vertex 8.66025 -5 8
      vertex 2.7486 -1.00041 8
    endloop
  endfacet
  facet normal 0 0 1
    outer loop
      vertex 8.66025 -5 8
      vertex 2.53312 -1.4625 8
      vertex 7.66044 -6.42788 8
    endloop
  endfacet
  facet normal 0 0 1
    outer loop
      vertex 9.84808 1.73648 8
      vertex 2.88056 0.50792 8
      vertex 2.925 0 8
    endloop
  endfacet
  facet normal 0 0 1
    outer loop
      vertex 9.39693 3.4202 8
      vertex 2.7486 1.00041 8
      vertex 2.88056 0.50792 8
    endloop
  endfacet
  facet normal 0 0 1
    outer loop
      vertex 8.66025 5 8
      vertex 2.53312 1.4625 8
      vertex 2.7486 1.00041 8
    endloop
  endfacet
  facet normal 0 0 1
    outer loop
      vertex 7.66044 6.42788 8
      vertex 2.24068 1.88015 8
      vertex 2.53312 1.4625 8
    endloop
  endfacet
  facet normal 0 0 1
    outer loop
      vertex 6.42788 7.66044 8
      vertex 1.88015 2.24068 8
      vertex 2.24068 1.88015 8
    endloop
  endfacet
  facet normal 0 0 1
    outer loop
      vertex 1.00041 2.7486 8
      vertex 3.4202 9.39693 8
      vertex 1.73648 9.84808 8
    endloop
  endfacet
  facet normal 0 0 1
    outer loop
      vertex 5 8.66025 8
      vertex 1.4625 2.53312 8
      vertex 1.88015 2.24068 8
    endloop
  endfacet
  facet normal 0 0 1
    outer loop
      vertex 3.4202 9.39693 8
      vertex 1.00041 2.7486 8
      vertex 1.4625 2.53312 8
    endloop
  endfacet
  facet normal 0 0 1
    outer loop
      vertex 1.73648 9.84808 8
      vertex 0.50792 2.88056 8
      vertex 1.00041 2.7486 8
    endloop
  endfacet
  facet normal 0 0 1
    outer loop
      vertex 0 10 8
      vertex 0.50792 2.88056 8
      vertex 1.73648 9.84808 8
    endloop
  endfacet
  facet normal 0 0 1
    outer loop
      vertex 0 10 8
      vertex 0 2.925 8
      vertex 0.50792 2.88056 8
    endloop
  endfacet
  facet normal 0 0 1
    outer loop
      vertex 0 10 8
      vertex -0.50792 2.88056 8
      vertex 0 2.925 8
    endloop
  endfacet
  facet normal -0 0 1
    outer loop
      vertex -1.73648 9.84808 8
      vertex -0.50792 2.88056 8
      vertex 0 10 8
    endloop
  endfacet
  facet normal 0 0 1
    outer loop
      vertex -0.50792 2.88056 8
      vertex -1.73648 9.84808 8
      vertex -1.00041 2.7486 8
    endloop
  endfacet
  facet normal -0 0 1
    outer loop
      vertex -3.4202 9.39693 8
      vertex -1.00041 2.7486 8
      vertex -1.73648 9.84808 8
    endloop
  endfacet
  facet normal 0 0 1
    outer loop
      vertex -1.00041 2.7486 8
      vertex -3.4202 9.39693 8
      vertex -1.4625 2.53312 8
    endloop
  endfacet
  facet normal -0 0 1
    outer loop
      vertex -5 8.66025 8
      vertex -1.4625 2.53312 8
      vertex -3.4202 9.39693 8
    endloop
  endfacet
  facet normal 0 0 1
    outer loop
      vertex -1.4625 2.53312 8
      vertex -5 8.66025 8
      vertex -1.88015 2.24068 8
    endloop
  endfacet
  facet normal -0 0 1
    outer loop
      vertex -6.42788 7.66044 8
      vertex -1.88015 2.24068 8
      vertex -5 8.66025 8
    endloop
  endfacet
  facet normal 0 0 1
    outer loop
      vertex -1.88015 2.24068 8
      vertex -6.42788 7.66044 8
      vertex -2.24068 1.88015 8
    endloop
  endfacet
  facet normal 0 0 1
    outer loop
      vertex -2.24068 1.88015 8
      vertex -7.66044 6.42788 8
      vertex -2.53312 1.4625 8
    endloop
  endfacet
  facet normal -0 0 1
    outer loop
      vertex -7.66044 6.42788 8
      vertex -2.24068 1.88015 8
      vertex -6.42788 7.66044 8
    endloop
  endfacet
  facet normal -0 0 1
    outer loop
      vertex 2.24068 -1.88015 8
      vertex 7.66044 -6.42788 8
      vertex 2.53312 -1.4625 8
    endloop
  endfacet
  facet normal 0 0 1
    outer loop
      vertex 7.66044 -6.42788 8
      vertex 2.24068 -1.88015 8
      vertex 6.42788 -7.66044 8
    endloop
  endfacet
  facet normal -0 0 1
    outer loop
      vertex 1.88015 -2.24068 8
      vertex 6.42788 -7.66044 8
      vertex 2.24068 -1.88015 8
    endloop
  endfacet
  facet normal 0 0 1
    outer loop
      vertex 6.42788 -7.66044 8
      vertex 1.88015 -2.24068 8
      vertex 5 -8.66025 8
    endloop
  endfacet
  facet normal -0 0 1
    outer loop
      vertex 1.4625 -2.53312 8
      vertex 5 -8.66025 8
      vertex 1.88015 -2.24068 8
    endloop
  endfacet
  facet normal 0 0 1
    outer loop
      vertex 5 -8.66025 8
      vertex 1.4625 -2.53312 8
      vertex 3.4202 -9.39693 8
    endloop
  endfacet
  facet normal -0 0 1
    outer loop
      vertex 1.00041 -2.7486 8
      vertex 3.4202 -9.39693 8
      vertex 1.4625 -2.53312 8
    endloop
  endfacet
  facet normal 0 0 1
    outer loop
      vertex 3.4202 -9.39693 8
      vertex 1.00041 -2.7486 8
      vertex 1.73648 -9.84808 8
    endloop
  endfacet
  facet normal -0 0 1
    outer loop
      vertex 0.50792 -2.88056 8
      vertex 1.73648 -9.84808 8
      vertex 1.00041 -2.7486 8
    endloop
  endfacet
  facet normal -0 0 1
    outer loop
      vertex 0 -2.925 8
      vertex 1.73648 -9.84808 8
      vertex 0.50792 -2.88056 8
    endloop
  endfacet
  facet normal 0 0 1
    outer loop
      vertex 0 -2.925 8
      vertex 0 -10 8
      vertex 1.73648 -9.84808 8
    endloop
  endfacet
  facet normal 0 0 1
    outer loop
      vertex -0.50792 -2.88056 8
      vertex 0 -10 8
      vertex 0 -2.925 8
    endloop
  endfacet
  facet normal 0 0 1
    outer loop
      vertex -1.73648 -9.84808 8
      vertex -0.50792 -2.88056 8
      vertex -1.00041 -2.7486 8
    endloop
  endfacet
  facet normal 0 0 1
    outer loop
      vertex -3.4202 -9.39693 8
      vertex -1.00041 -2.7486 8
      vertex -1.4625 -2.53312 8
    endloop
  endfacet
  facet normal 0 0 1
    outer loop
      vertex -0.50792 -2.88056 8
      vertex -1.73648 -9.84808 8
      vertex 0 -10 8
    endloop
  endfacet
  facet normal 0 0 1
    outer loop
      vertex -5 -8.66025 8
      vertex -1.4625 -2.53312 8
      vertex -1.88015 -2.24068 8
    endloop
  endfacet
  facet normal 0 0 1
    outer loop
      vertex -6.42788 -7.66044 8
      vertex -1.88015 -2.24068 8
      vertex -2.24068 -1.88015 8
    endloop
  endfacet
  facet normal 0 0 1
    outer loop
      vertex -7.66044 -6.42788 8
      vertex -2.24068 -1.88015 8
      vertex -2.53312 -1.4625 8
    endloop
  endfacet
  facet normal 0 0 1
    outer loop
      vertex -8.66025 -5 8
      vertex -2.53312 -1.4625 8
      vertex -2.7486 -1.00041 8
    endloop
  endfacet
  facet normal 0 0 1
    outer loop
      vertex -9.39693 -3.4202 8
      vertex -2.7486 -1.00041 8
      vertex -2.88056 -0.50792 8
    endloop
  endfacet
  facet normal 0 0 1
    outer loop
      vertex -1.00041 -2.7486 8
      vertex -3.4202 -9.39693 8
      vertex -1.73648 -9.84808 8
    endloop
  endfacet
  facet normal 0 0 1
    outer loop
      vertex -9.84808 -1.73648 8
      vertex -2.88056 -0.50792 8
      vertex -2.925 0 8
    endloop
  endfacet
  facet normal -0 0 1
    outer loop
      vertex -8.66025 5 8
      vertex -2.53312 1.4625 8
      vertex -7.66044 6.42788 8
    endloop
  endfacet
  facet normal 0 0 1
    outer loop
      vertex -2.53312 1.4625 8
      vertex -8.66025 5 8
      vertex -2.7486 1.00041 8
    endloop
  endfacet
  facet normal 0 0 1
    outer loop
      vertex -1.4625 -2.53312 8
      vertex -5 -8.66025 8
      vertex -3.4202 -9.39693 8
    endloop
  endfacet
  facet normal -0 0 1
    outer loop
      vertex -9.39693 3.4202 8
      vertex -2.7486 1.00041 8
      vertex -8.66025 5 8
    endloop
  endfacet
  facet normal 0 0 1
    outer loop
      vertex -1.88015 -2.24068 8
      vertex -6.42788 -7.66044 8
      vertex -5 -8.66025 8
    endloop
  endfacet
  facet normal 0 0 1
    outer loop
      vertex -2.7486 1.00041 8
      vertex -9.39693 3.4202 8
      vertex -2.88056 0.50792 8
    endloop
  endfacet
  facet normal 0 0 1
    outer loop
      vertex -2.24068 -1.88015 8
      vertex -7.66044 -6.42788 8
      vertex -6.42788 -7.66044 8
    endloop
  endfacet
  facet normal -0 0 1
    outer loop
      vertex -9.84808 1.73648 8
      vertex -2.88056 0.50792 8
      vertex -9.39693 3.4202 8
    endloop
  endfacet
  facet normal 0 0 1
    outer loop
      vertex -2.53312 -1.4625 8
      vertex -8.66025 -5 8
      vertex -7.66044 -6.42788 8
    endloop
  endfacet
  facet normal 0 0 1
    outer loop
      vertex -2.88056 0.50792 8
      vertex -9.84808 1.73648 8
      vertex -2.925 0 8
    endloop
  endfacet
  facet normal 0 0 1
    outer loop
      vertex -2.7486 -1.00041 8
      vertex -9.39693 -3.4202 8
      vertex -8.66025 -5 8
    endloop
  endfacet
  facet normal 0 0 1
    outer loop
      vertex -10 0 8
      vertex -2.925 0 8
      vertex -9.84808 1.73648 8
    endloop
  endfacet
  facet normal 0 0 1
    outer loop
      vertex -2.88056 -0.50792 8
      vertex -9.84808 -1.73648 8
      vertex -9.39693 -3.4202 8
    endloop
  endfacet
  facet normal 0 0 1
    outer loop
      vertex -2.925 0 8
      vertex -10 0 8
      vertex -9.84808 -1.73648 8
    endloop
  endfacet
  facet normal -0.422622 0.906306 0
    outer loop
      vertex -3.4202 9.39693 0
      vertex -5 8.66025 2
      vertex -3.4202 9.39693 2
    endloop
  endfacet
  facet normal -0.422622 0.906306 0
    outer loop
      vertex -5 8.66025 2
      vertex -3.4202 9.39693 0
      vertex -5 8.66025 0
    endloop
  endfacet
  facet normal -0.422622 0.906306 0
    outer loop
      vertex -3.4202 9.39693 6
      vertex -5 8.66025 8
      vertex -3.4202 9.39693 8
    endloop
  endfacet
  facet normal -0.422622 0.906306 0
    outer loop
      vertex -5 8.66025 8
      vertex -3.4202 9.39693 6
      vertex -5 8.66025 6
    endloop
  endfacet
  facet normal -0.0871544 0.996195 0
    outer loop
      vertex 0 10 0
      vertex -1.73648 9.84808 2
      vertex 0 10 2
    endloop
  endfacet
  facet normal -0.0871544 0.996195 0
    outer loop
      vertex -1.73648 9.84808 2
      vertex 0 10 0
      vertex -1.73648 9.84808 0
    endloop
  endfacet
  facet normal -0.0871544 0.996195 0
    outer loop
      vertex 0 10 6
      vertex -1.73648 9.84808 8
      vertex 0 10 8
    endloop
  endfacet
  facet normal -0.0871544 0.996195 0
    outer loop
      vertex -1.73648 9.84808 8
      vertex 0 10 6
      vertex -1.73648 9.84808 6
    endloop
  endfacet
  facet normal 0.0871544 -0.996195 0
    outer loop
      vertex 0 -10 0
      vertex 1.73648 -9.84808 2
      vertex 0 -10 2
    endloop
  endfacet
  facet normal 0.0871544 -0.996195 0
    outer loop
      vertex 1.73648 -9.84808 2
      vertex 0 -10 0
      vertex 1.73648 -9.84808 0
    endloop
  endfacet
  facet normal 0.0871544 -0.996195 0
    outer loop
      vertex 0 -10 6
      vertex 1.73648 -9.84808 8
      vertex 0 -10 8
    endloop
  endfacet
  facet normal 0.0871544 -0.996195 0
    outer loop
      vertex 1.73648 -9.84808 8
      vertex 0 -10 6
      vertex 1.73648 -9.84808 6
    endloop
  endfacet
  facet normal -0.422622 -0.906306 0
    outer loop
      vertex -5 -8.66025 0
      vertex -3.4202 -9.39693 2
      vertex -5 -8.66025 2
    endloop
  endfacet
  facet normal -0.422622 -0.906306 -0
    outer loop
      vertex -3.4202 -9.39693 2
      vertex -5 -8.66025 0
      vertex -3.4202 -9.39693 0
    endloop
  endfacet
  facet normal -0.422622 -0.906306 0
    outer loop
      vertex -5 -8.66025 6
      vertex -3.4202 -9.39693 8
      vertex -5 -8.66025 8
    endloop
  endfacet
  facet normal -0.422622 -0.906306 -0
    outer loop
      vertex -3.4202 -9.39693 8
      vertex -5 -8.66025 6
      vertex -3.4202 -9.39693 6
    endloop
  endfacet
  facet normal -0.707107 -0.707107 0
    outer loop
      vertex -6.42788 -7.66044 0
      vertex -7.66044 -6.42788 2
      vertex -7.66044 -6.42788 0
    endloop
  endfacet
  facet normal -0.707107 -0.707107 0
    outer loop
      vertex -7.66044 -6.42788 2
      vertex -6.42788 -7.66044 0
      vertex -6.42788 -7.66044 2
    endloop
  endfacet
  facet normal -0.707107 -0.707107 0
    outer loop
      vertex -6.42788 -7.66044 6
      vertex -7.66044 -6.42788 8
      vertex -7.66044 -6.42788 6
    endloop
  endfacet
  facet normal -0.707107 -0.707107 0
    outer loop
      vertex -7.66044 -6.42788 8
      vertex -6.42788 -7.66044 6
      vertex -6.42788 -7.66044 8
    endloop
  endfacet
  facet normal -0.258818 -0.965926 0
    outer loop
      vertex -3.4202 -9.39693 0
      vertex -1.73648 -9.84808 2
      vertex -3.4202 -9.39693 2
    endloop
  endfacet
  facet normal -0.258818 -0.965926 -0
    outer loop
      vertex -1.73648 -9.84808 2
      vertex -3.4202 -9.39693 0
      vertex -1.73648 -9.84808 0
    endloop
  endfacet
  facet normal -0.258818 -0.965926 0
    outer loop
      vertex -3.4202 -9.39693 6
      vertex -1.73648 -9.84808 8
      vertex -3.4202 -9.39693 8
    endloop
  endfacet
  facet normal -0.258818 -0.965926 -0
    outer loop
      vertex -1.73648 -9.84808 8
      vertex -3.4202 -9.39693 6
      vertex -1.73648 -9.84808 6
    endloop
  endfacet
  facet normal -0.906306 -0.422622 0
    outer loop
      vertex -8.66025 -5 0
      vertex -9.39693 -3.4202 2
      vertex -9.39693 -3.4202 0
    endloop
  endfacet
  facet normal -0.906306 -0.422622 0
    outer loop
      vertex -9.39693 -3.4202 2
      vertex -8.66025 -5 0
      vertex -8.66025 -5 2
    endloop
  endfacet
  facet normal -0.906306 -0.422622 0
    outer loop
      vertex -8.66025 -5 6
      vertex -9.39693 -3.4202 8
      vertex -9.39693 -3.4202 6
    endloop
  endfacet
  facet normal -0.906306 -0.422622 0
    outer loop
      vertex -9.39693 -3.4202 8
      vertex -8.66025 -5 6
      vertex -8.66025 -5 8
    endloop
  endfacet
  facet normal -0.996195 -0.0871544 0
    outer loop
      vertex -9.84808 -1.73648 0
      vertex -10 0 2
      vertex -10 0 0
    endloop
  endfacet
  facet normal -0.996195 -0.0871544 0
    outer loop
      vertex -10 0 2
      vertex -9.84808 -1.73648 0
      vertex -9.84808 -1.73648 2
    endloop
  endfacet
  facet normal -0.996195 -0.0871544 0
    outer loop
      vertex -9.84808 -1.73648 6
      vertex -10 0 8
      vertex -10 0 6
    endloop
  endfacet
  facet normal -0.996195 -0.0871544 0
    outer loop
      vertex -10 0 8
      vertex -9.84808 -1.73648 6
      vertex -9.84808 -1.73648 8
    endloop
  endfacet
  facet normal -0.819153 0.573576 0
    outer loop
      vertex -8.66025 5 6
      vertex -7.66044 6.42788 8
      vertex -7.66044 6.42788 6
    endloop
  endfacet
  facet normal -0.819153 0.573576 0
    outer loop
      vertex -7.66044 6.42788 8
      vertex -8.66025 5 6
      vertex -8.66025 5 8
    endloop
  endfacet
  facet normal -0.819153 0.573576 0
    outer loop
      vertex -8.66025 5 0
      vertex -7.66044 6.42788 2
      vertex -7.66044 6.42788 0
    endloop
  endfacet
  facet normal -0.819153 0.573576 0
    outer loop
      vertex -7.66044 6.42788 2
      vertex -8.66025 5 0
      vertex -8.66025 5 2
    endloop
  endfacet
  facet normal 0.258818 -0.965926 0
    outer loop
      vertex 1.73648 -9.84808 0
      vertex 3.4202 -9.39693 2
      vertex 1.73648 -9.84808 2
    endloop
  endfacet
  facet normal 0.258818 -0.965926 0
    outer loop
      vertex 3.4202 -9.39693 2
      vertex 1.73648 -9.84808 0
      vertex 3.4202 -9.39693 0
    endloop
  endfacet
  facet normal 0.258818 -0.965926 0
    outer loop
      vertex 1.73648 -9.84808 6
      vertex 3.4202 -9.39693 8
      vertex 1.73648 -9.84808 8
    endloop
  endfacet
  facet normal 0.258818 -0.965926 0
    outer loop
      vertex 3.4202 -9.39693 8
      vertex 1.73648 -9.84808 6
      vertex 3.4202 -9.39693 6
    endloop
  endfacet
  facet normal 0.422622 -0.906306 0
    outer loop
      vertex 3.4202 -9.39693 0
      vertex 5 -8.66025 2
      vertex 3.4202 -9.39693 2
    endloop
  endfacet
  facet normal 0.422622 -0.906306 0
    outer loop
      vertex 5 -8.66025 2
      vertex 3.4202 -9.39693 0
      vertex 5 -8.66025 0
    endloop
  endfacet
  facet normal 0.422622 -0.906306 0
    outer loop
      vertex 3.4202 -9.39693 6
      vertex 5 -8.66025 8
      vertex 3.4202 -9.39693 8
    endloop
  endfacet
  facet normal 0.422622 -0.906306 0
    outer loop
      vertex 5 -8.66025 8
      vertex 3.4202 -9.39693 6
      vertex 5 -8.66025 6
    endloop
  endfacet
  facet normal 0.906306 -0.422622 0
    outer loop
      vertex 8.66025 -5 2
      vertex 9.39693 -3.4202 0
      vertex 9.39693 -3.4202 2
    endloop
  endfacet
  facet normal 0.906306 -0.422622 0
    outer loop
      vertex 9.39693 -3.4202 0
      vertex 8.66025 -5 2
      vertex 8.66025 -5 0
    endloop
  endfacet
  facet normal 0.906306 -0.422622 0
    outer loop
      vertex 8.66025 -5 8
      vertex 9.39693 -3.4202 6
      vertex 9.39693 -3.4202 8
    endloop
  endfacet
  facet normal 0.906306 -0.422622 0
    outer loop
      vertex 9.39693 -3.4202 6
      vertex 8.66025 -5 8
      vertex 8.66025 -5 6
    endloop
  endfacet
  facet normal 0.819153 -0.573576 0
    outer loop
      vertex 7.66044 -6.42788 8
      vertex 8.66025 -5 6
      vertex 8.66025 -5 8
    endloop
  endfacet
  facet normal 0.819153 -0.573576 0
    outer loop
      vertex 8.66025 -5 6
      vertex 7.66044 -6.42788 8
      vertex 7.66044 -6.42788 6
    endloop
  endfacet
  facet normal 0.819153 -0.573576 0
    outer loop
      vertex 7.66044 -6.42788 2
      vertex 8.66025 -5 0
      vertex 8.66025 -5 2
    endloop
  endfacet
  facet normal 0.819153 -0.573576 0
    outer loop
      vertex 8.66025 -5 0
      vertex 7.66044 -6.42788 2
      vertex 7.66044 -6.42788 0
    endloop
  endfacet
  facet normal 0.965926 -0.258818 0
    outer loop
      vertex 9.39693 -3.4202 2
      vertex 9.84808 -1.73648 0
      vertex 9.84808 -1.73648 2
    endloop
  endfacet
  facet normal 0.965926 -0.258818 0
    outer loop
      vertex 9.84808 -1.73648 0
      vertex 9.39693 -3.4202 2
      vertex 9.39693 -3.4202 0
    endloop
  endfacet
  facet normal 0.965926 -0.258818 0
    outer loop
      vertex 9.39693 -3.4202 8
      vertex 9.84808 -1.73648 6
      vertex 9.84808 -1.73648 8
    endloop
  endfacet
  facet normal 0.965926 -0.258818 0
    outer loop
      vertex 9.84808 -1.73648 6
      vertex 9.39693 -3.4202 8
      vertex 9.39693 -3.4202 6
    endloop
  endfacet
  facet normal -0.573576 -0.819153 0
    outer loop
      vertex -6.42788 -7.66044 6
      vertex -5 -8.66025 8
      vertex -6.42788 -7.66044 8
    endloop
  endfacet
  facet normal -0.573576 -0.819153 -0
    outer loop
      vertex -5 -8.66025 8
      vertex -6.42788 -7.66044 6
      vertex -5 -8.66025 6
    endloop
  endfacet
  facet normal -0.573576 -0.819153 0
    outer loop
      vertex -6.42788 -7.66044 0
      vertex -5 -8.66025 2
      vertex -6.42788 -7.66044 2
    endloop
  endfacet
  facet normal -0.573576 -0.819153 -0
    outer loop
      vertex -5 -8.66025 2
      vertex -6.42788 -7.66044 0
      vertex -5 -8.66025 0
    endloop
  endfacet
  facet normal -0.965926 -0.258818 0
    outer loop
      vertex -9.39693 -3.4202 0
      vertex -9.84808 -1.73648 2
      vertex -9.84808 -1.73648 0
    endloop
  endfacet
  facet normal -0.965926 -0.258818 0
    outer loop
      vertex -9.84808 -1.73648 2
      vertex -9.39693 -3.4202 0
      vertex -9.39693 -3.4202 2
    endloop
  endfacet
  facet normal -0.965926 -0.258818 0
    outer loop
      vertex -9.39693 -3.4202 6
      vertex -9.84808 -1.73648 8
      vertex -9.84808 -1.73648 6
    endloop
  endfacet
  facet normal -0.965926 -0.258818 0
    outer loop
      vertex -9.84808 -1.73648 8
      vertex -9.39693 -3.4202 6
      vertex -9.39693 -3.4202 8
    endloop
  endfacet
  facet normal 0.573576 -0.819153 0
    outer loop
      vertex 5 -8.66025 0
      vertex 6.42788 -7.66044 2
      vertex 5 -8.66025 2
    endloop
  endfacet
  facet normal 0.573576 -0.819153 0
    outer loop
      vertex 6.42788 -7.66044 2
      vertex 5 -8.66025 0
      vertex 6.42788 -7.66044 0
    endloop
  endfacet
  facet normal 0.573576 -0.819153 0
    outer loop
      vertex 5 -8.66025 6
      vertex 6.42788 -7.66044 8
      vertex 5 -8.66025 8
    endloop
  endfacet
  facet normal 0.573576 -0.819153 0
    outer loop
      vertex 6.42788 -7.66044 8
      vertex 5 -8.66025 6
      vertex 6.42788 -7.66044 6
    endloop
  endfacet
  facet normal 0.996195 -0.0871544 0
    outer loop
      vertex 9.84808 -1.73648 2
      vertex 10 0 0
      vertex 10 0 2
    endloop
  endfacet
  facet normal 0.996195 -0.0871544 0
    outer loop
      vertex 10 0 0
      vertex 9.84808 -1.73648 2
      vertex 9.84808 -1.73648 0
    endloop
  endfacet
  facet normal 0.996195 -0.0871544 0
    outer loop
      vertex 9.84808 -1.73648 8
      vertex 10 0 6
      vertex 10 0 8
    endloop
  endfacet
  facet normal 0.996195 -0.0871544 0
    outer loop
      vertex 10 0 6
      vertex 9.84808 -1.73648 8
      vertex 9.84808 -1.73648 6
    endloop
  endfacet
  facet normal 0.573578 0.819151 -0
    outer loop
      vertex 7.39206 8.80951 2
      vertex 6.46171 9.46095 3.56437
      vertex 7.39206 8.80951 3.56437
    endloop
  endfacet
  facet normal 0.573576 0.819153 -1.83149e-06
    outer loop
      vertex 5.75 9.95929 2
      vertex 6.46171 9.46095 3.56437
      vertex 7.39206 8.80951 2
    endloop
  endfacet
  facet normal 0.573573 0.819155 0
    outer loop
      vertex 6.46171 9.46095 3.56437
      vertex 5.75 9.95929 2
      vertex 5.75 9.95929 3.56437
    endloop
  endfacet
  facet normal 0.573581 0.819149 0
    outer loop
      vertex 6.68035 9.30786 4.43563
      vertex 7.39206 8.80951 6
      vertex 7.39206 8.80951 4.43563
    endloop
  endfacet
  facet normal 0.573576 0.819153 3.40482e-06
    outer loop
      vertex 7.39206 8.80951 6
      vertex 6.68035 9.30786 4.43563
      vertex 5.75 9.95929 6
    endloop
  endfacet
  facet normal 0.573572 0.819155 0
    outer loop
      vertex 5.75 9.95929 6
      vertex 6.68035 9.30786 4.43563
      vertex 5.75 9.95929 4.43563
    endloop
  endfacet
  facet normal 0.996197 -0.0871267 0
    outer loop
      vertex 11.4243 -0.865546 3.56437
      vertex 11.5 0 2
      vertex 11.5 0 3.56437
    endloop
  endfacet
  facet normal 0.996194 -0.0871688 0
    outer loop
      vertex 11.3253 -1.99695 2
      vertex 11.4243 -0.865546 3.56437
      vertex 11.3253 -1.99695 3.56437
    endloop
  endfacet
  facet normal 0.996195 -0.0871506 -1.33203e-05
    outer loop
      vertex 11.4243 -0.865546 3.56437
      vertex 11.3253 -1.99695 2
      vertex 11.5 0 2
    endloop
  endfacet
  facet normal 0.996194 -0.0871684 0
    outer loop
      vertex 11.5 0 6
      vertex 11.401 -1.13141 4.43563
      vertex 11.5 0 4.43563
    endloop
  endfacet
  facet normal 0.996195 -0.0871506 -1.29861e-05
    outer loop
      vertex 11.3253 -1.99695 6
      vertex 11.401 -1.13141 4.43563
      vertex 11.5 0 6
    endloop
  endfacet
  facet normal 0.996197 -0.0871273 0
    outer loop
      vertex 11.401 -1.13141 4.43563
      vertex 11.3253 -1.99695 6
      vertex 11.3253 -1.99695 4.43563
    endloop
  endfacet
  facet normal -0.258857 0.965916 0
    outer loop
      vertex -1.99695 11.3253 2
      vertex -3.094 11.0313 3.56437
      vertex -1.99695 11.3253 3.56437
    endloop
  endfacet
  facet normal -0.258808 0.965929 3.72397e-05
    outer loop
      vertex -3.93323 10.8065 2
      vertex -3.094 11.0313 3.56437
      vertex -1.99695 11.3253 2
    endloop
  endfacet
  facet normal -0.258743 0.965946 0
    outer loop
      vertex -3.094 11.0313 3.56437
      vertex -3.93323 10.8065 2
      vertex -3.93323 10.8065 3.56437
    endloop
  endfacet
  facet normal -0.258808 0.965929 -2.28515e-05
    outer loop
      vertex -2.83619 11.1004 4.43563
      vertex -3.93323 10.8065 6
      vertex -1.99695 11.3253 6
    endloop
  endfacet
  facet normal -0.258777 0.965937 0
    outer loop
      vertex -3.93323 10.8065 6
      vertex -2.83619 11.1004 4.43563
      vertex -3.93323 10.8065 4.43563
    endloop
  endfacet
  facet normal -0.258847 0.965918 0
    outer loop
      vertex -2.83619 11.1004 4.43563
      vertex -1.99695 11.3253 6
      vertex -1.99695 11.3253 4.43563
    endloop
  endfacet
  facet normal -0.819151 0.573578 0
    outer loop
      vertex -8.80951 7.39206 2
      vertex -9.46095 6.46171 3.56437
      vertex -8.80951 7.39206 3.56437
    endloop
  endfacet
  facet normal -0.819153 0.573576 -1.83149e-06
    outer loop
      vertex -9.95929 5.75 2
      vertex -9.46095 6.46171 3.56437
      vertex -8.80951 7.39206 2
    endloop
  endfacet
  facet normal -0.819155 0.573573 0
    outer loop
      vertex -9.46095 6.46171 3.56437
      vertex -9.95929 5.75 2
      vertex -9.95929 5.75 3.56437
    endloop
  endfacet
  facet normal -0.819149 0.573581 0
    outer loop
      vertex -9.30786 6.68035 4.43563
      vertex -8.80951 7.39206 6
      vertex -8.80951 7.39206 4.43563
    endloop
  endfacet
  facet normal -0.819155 0.573572 0
    outer loop
      vertex -9.95929 5.75 6
      vertex -9.30786 6.68035 4.43563
      vertex -9.95929 5.75 4.43563
    endloop
  endfacet
  facet normal -0.819153 0.573576 3.40482e-06
    outer loop
      vertex -9.30786 6.68035 4.43563
      vertex -9.95929 5.75 6
      vertex -8.80951 7.39206 6
    endloop
  endfacet
  facet normal -0.906303 -0.422629 0
    outer loop
      vertex -10.8065 -3.93323 2
      vertex -10.3265 -4.96256 3.56437
      vertex -10.8065 -3.93323 3.56437
    endloop
  endfacet
  facet normal -0.906301 -0.422633 -2.89206e-06
    outer loop
      vertex -9.95929 -5.75 2
      vertex -10.3265 -4.96256 3.56437
      vertex -10.8065 -3.93323 2
    endloop
  endfacet
  facet normal -0.906299 -0.422638 0
    outer loop
      vertex -10.3265 -4.96256 3.56437
      vertex -9.95929 -5.75 2
      vertex -9.95929 -5.75 3.56437
    endloop
  endfacet
  facet normal -0.906301 -0.422633 0
    outer loop
      vertex -10.4393 -4.72066 4.43563
      vertex -10.8065 -3.93323 6
      vertex -10.8065 -3.93323 4.43563
    endloop
  endfacet
  facet normal -0.906301 -0.422633 -0
    outer loop
      vertex -9.95929 -5.75 6
      vertex -10.4393 -4.72066 4.43563
      vertex -9.95929 -5.75 4.43563
    endloop
  endfacet
  facet normal -0.906301 -0.422633 1.99717e-07
    outer loop
      vertex -10.4393 -4.72066 4.43563
      vertex -9.95929 -5.75 6
      vertex -10.8065 -3.93323 6
    endloop
  endfacet
  facet normal 0.906299 0.422638 0
    outer loop
      vertex 10.3265 4.96256 3.56437
      vertex 9.95929 5.75 2
      vertex 9.95929 5.75 3.56437
    endloop
  endfacet
  facet normal 0.906303 0.422629 -0
    outer loop
      vertex 10.8065 3.93323 2
      vertex 10.3265 4.96256 3.56437
      vertex 10.8065 3.93323 3.56437
    endloop
  endfacet
  facet normal 0.906301 0.422633 -2.89206e-06
    outer loop
      vertex 10.3265 4.96256 3.56437
      vertex 10.8065 3.93323 2
      vertex 9.95929 5.75 2
    endloop
  endfacet
  facet normal 0.906301 0.422633 0
    outer loop
      vertex 9.95929 5.75 6
      vertex 10.4393 4.72066 4.43563
      vertex 9.95929 5.75 4.43563
    endloop
  endfacet
  facet normal 0.906301 0.422633 1.99717e-07
    outer loop
      vertex 10.8065 3.93323 6
      vertex 10.4393 4.72066 4.43563
      vertex 9.95929 5.75 6
    endloop
  endfacet
  facet normal 0.906301 0.422633 0
    outer loop
      vertex 10.4393 4.72066 4.43563
      vertex 10.8065 3.93323 6
      vertex 10.8065 3.93323 4.43563
    endloop
  endfacet
  facet normal 0.819149 0.573581 0
    outer loop
      vertex 9.30786 6.68035 3.56437
      vertex 8.80951 7.39206 2
      vertex 8.80951 7.39206 3.56437
    endloop
  endfacet
  facet normal 0.819155 0.573572 -0
    outer loop
      vertex 9.95929 5.75 2
      vertex 9.30786 6.68035 3.56437
      vertex 9.95929 5.75 3.56437
    endloop
  endfacet
  facet normal 0.819153 0.573576 -3.40482e-06
    outer loop
      vertex 9.30786 6.68035 3.56437
      vertex 9.95929 5.75 2
      vertex 8.80951 7.39206 2
    endloop
  endfacet
  facet normal 0.819151 0.573578 0
    outer loop
      vertex 8.80951 7.39206 6
      vertex 9.46095 6.46171 4.43563
      vertex 8.80951 7.39206 4.43563
    endloop
  endfacet
  facet normal 0.819153 0.573576 1.83149e-06
    outer loop
      vertex 9.95929 5.75 6
      vertex 9.46095 6.46171 4.43563
      vertex 8.80951 7.39206 6
    endloop
  endfacet
  facet normal 0.819155 0.573573 0
    outer loop
      vertex 9.46095 6.46171 4.43563
      vertex 9.95929 5.75 6
      vertex 9.95929 5.75 4.43563
    endloop
  endfacet
  facet normal 0.707107 0.707107 0
    outer loop
      vertex 8.80951 7.39206 6
      vertex 7.39206 8.80951 4.43563
      vertex 7.39206 8.80951 6
    endloop
  endfacet
  facet normal 0.707107 0.707107 0
    outer loop
      vertex 7.39206 8.80951 4.43563
      vertex 8.80951 7.39206 6
      vertex 8.80951 7.39206 4.43563
    endloop
  endfacet
  facet normal 0.707107 0.707107 0
    outer loop
      vertex 8.80951 7.39206 3.56437
      vertex 7.39206 8.80951 2
      vertex 7.39206 8.80951 3.56437
    endloop
  endfacet
  facet normal 0.707107 0.707107 0
    outer loop
      vertex 7.39206 8.80951 2
      vertex 8.80951 7.39206 3.56437
      vertex 8.80951 7.39206 2
    endloop
  endfacet
  facet normal 0.422633 0.906301 -0
    outer loop
      vertex 5.75 9.95929 2
      vertex 4.72066 10.4393 3.56437
      vertex 5.75 9.95929 3.56437
    endloop
  endfacet
  facet normal 0.422633 0.906301 -1.99717e-07
    outer loop
      vertex 3.93323 10.8065 2
      vertex 4.72066 10.4393 3.56437
      vertex 5.75 9.95929 2
    endloop
  endfacet
  facet normal 0.422633 0.906301 0
    outer loop
      vertex 4.72066 10.4393 3.56437
      vertex 3.93323 10.8065 2
      vertex 3.93323 10.8065 3.56437
    endloop
  endfacet
  facet normal 0.422633 0.906301 2.89206e-06
    outer loop
      vertex 4.96256 10.3265 4.43563
      vertex 3.93323 10.8065 6
      vertex 5.75 9.95929 6
    endloop
  endfacet
  facet normal 0.422638 0.906299 0
    outer loop
      vertex 4.96256 10.3265 4.43563
      vertex 5.75 9.95929 6
      vertex 5.75 9.95929 4.43563
    endloop
  endfacet
  facet normal 0.422629 0.906303 0
    outer loop
      vertex 3.93323 10.8065 6
      vertex 4.96256 10.3265 4.43563
      vertex 3.93323 10.8065 4.43563
    endloop
  endfacet
  facet normal 0.0871688 0.996194 -0
    outer loop
      vertex 1.99695 11.3253 2
      vertex 0.865546 11.4243 3.56437
      vertex 1.99695 11.3253 3.56437
    endloop
  endfacet
  facet normal 0.0871506 0.996195 -1.33203e-05
    outer loop
      vertex 0 11.5 2
      vertex 0.865546 11.4243 3.56437
      vertex 1.99695 11.3253 2
    endloop
  endfacet
  facet normal 0.0871267 0.996197 0
    outer loop
      vertex 0.865546 11.4243 3.56437
      vertex 0 11.5 2
      vertex 0 11.5 3.56437
    endloop
  endfacet
  facet normal 0.0871273 0.996197 0
    outer loop
      vertex 1.13141 11.401 4.43563
      vertex 1.99695 11.3253 6
      vertex 1.99695 11.3253 4.43563
    endloop
  endfacet
  facet normal 0.0871506 0.996195 -1.29861e-05
    outer loop
      vertex 1.99695 11.3253 6
      vertex 1.13141 11.401 4.43563
      vertex 0 11.5 6
    endloop
  endfacet
  facet normal 0.0871684 0.996194 0
    outer loop
      vertex 0 11.5 6
      vertex 1.13141 11.401 4.43563
      vertex 0 11.5 4.43563
    endloop
  endfacet
  facet normal 0.258777 0.965937 -0
    outer loop
      vertex 3.93323 10.8065 2
      vertex 2.83619 11.1004 3.56437
      vertex 3.93323 10.8065 3.56437
    endloop
  endfacet
  facet normal 0.258808 0.965929 2.28515e-05
    outer loop
      vertex 1.99695 11.3253 2
      vertex 2.83619 11.1004 3.56437
      vertex 3.93323 10.8065 2
    endloop
  endfacet
  facet normal 0.258847 0.965918 0
    outer loop
      vertex 2.83619 11.1004 3.56437
      vertex 1.99695 11.3253 2
      vertex 1.99695 11.3253 3.56437
    endloop
  endfacet
  facet normal 0.258743 0.965946 0
    outer loop
      vertex 3.094 11.0313 4.43563
      vertex 3.93323 10.8065 6
      vertex 3.93323 10.8065 4.43563
    endloop
  endfacet
  facet normal 0.258808 0.965929 -3.72397e-05
    outer loop
      vertex 3.93323 10.8065 6
      vertex 3.094 11.0313 4.43563
      vertex 1.99695 11.3253 6
    endloop
  endfacet
  facet normal 0.258857 0.965916 0
    outer loop
      vertex 1.99695 11.3253 6
      vertex 3.094 11.0313 4.43563
      vertex 1.99695 11.3253 4.43563
    endloop
  endfacet
  facet normal -0.996194 0.0871688 0
    outer loop
      vertex -11.3253 1.99695 2
      vertex -11.4243 0.865546 3.56437
      vertex -11.3253 1.99695 3.56437
    endloop
  endfacet
  facet normal -0.996195 0.0871506 -1.33203e-05
    outer loop
      vertex -11.5 0 2
      vertex -11.4243 0.865546 3.56437
      vertex -11.3253 1.99695 2
    endloop
  endfacet
  facet normal -0.996197 0.0871267 0
    outer loop
      vertex -11.4243 0.865546 3.56437
      vertex -11.5 0 2
      vertex -11.5 0 3.56437
    endloop
  endfacet
  facet normal -0.996197 0.0871273 0
    outer loop
      vertex -11.401 1.13141 4.43563
      vertex -11.3253 1.99695 6
      vertex -11.3253 1.99695 4.43563
    endloop
  endfacet
  facet normal -0.996194 0.0871684 0
    outer loop
      vertex -11.5 0 6
      vertex -11.401 1.13141 4.43563
      vertex -11.5 0 4.43563
    endloop
  endfacet
  facet normal -0.996195 0.0871506 -1.29861e-05
    outer loop
      vertex -11.401 1.13141 4.43563
      vertex -11.5 0 6
      vertex -11.3253 1.99695 6
    endloop
  endfacet
  facet normal -0.965937 0.258777 0
    outer loop
      vertex -10.8065 3.93323 2
      vertex -11.1004 2.83619 3.56437
      vertex -10.8065 3.93323 3.56437
    endloop
  endfacet
  facet normal -0.965929 0.258808 2.28515e-05
    outer loop
      vertex -11.3253 1.99695 2
      vertex -11.1004 2.83619 3.56437
      vertex -10.8065 3.93323 2
    endloop
  endfacet
  facet normal -0.965918 0.258847 0
    outer loop
      vertex -11.1004 2.83619 3.56437
      vertex -11.3253 1.99695 2
      vertex -11.3253 1.99695 3.56437
    endloop
  endfacet
  facet normal -0.965946 0.258743 0
    outer loop
      vertex -11.0313 3.094 4.43563
      vertex -10.8065 3.93323 6
      vertex -10.8065 3.93323 4.43563
    endloop
  endfacet
  facet normal -0.965916 0.258857 0
    outer loop
      vertex -11.3253 1.99695 6
      vertex -11.0313 3.094 4.43563
      vertex -11.3253 1.99695 4.43563
    endloop
  endfacet
  facet normal -0.965929 0.258808 -3.72397e-05
    outer loop
      vertex -11.0313 3.094 4.43563
      vertex -11.3253 1.99695 6
      vertex -10.8065 3.93323 6
    endloop
  endfacet
  facet normal -0.707107 0.707107 0
    outer loop
      vertex -8.80951 7.39206 4.43563
      vertex -7.39206 8.80951 6
      vertex -7.39206 8.80951 4.43563
    endloop
  endfacet
  facet normal -0.707107 0.707107 0
    outer loop
      vertex -7.39206 8.80951 6
      vertex -8.80951 7.39206 4.43563
      vertex -8.80951 7.39206 6
    endloop
  endfacet
  facet normal -0.707107 0.707107 0
    outer loop
      vertex -8.80951 7.39206 2
      vertex -7.39206 8.80951 3.56437
      vertex -7.39206 8.80951 2
    endloop
  endfacet
  facet normal -0.707107 0.707107 0
    outer loop
      vertex -7.39206 8.80951 3.56437
      vertex -8.80951 7.39206 2
      vertex -8.80951 7.39206 3.56437
    endloop
  endfacet
  facet normal -0.422629 0.906303 0
    outer loop
      vertex -3.93323 10.8065 2
      vertex -4.96256 10.3265 3.56437
      vertex -3.93323 10.8065 3.56437
    endloop
  endfacet
  facet normal -0.422633 0.906301 -2.89206e-06
    outer loop
      vertex -5.75 9.95929 2
      vertex -4.96256 10.3265 3.56437
      vertex -3.93323 10.8065 2
    endloop
  endfacet
  facet normal -0.422638 0.906299 0
    outer loop
      vertex -4.96256 10.3265 3.56437
      vertex -5.75 9.95929 2
      vertex -5.75 9.95929 3.56437
    endloop
  endfacet
  facet normal -0.422633 0.906301 1.99717e-07
    outer loop
      vertex -3.93323 10.8065 6
      vertex -4.72066 10.4393 4.43563
      vertex -5.75 9.95929 6
    endloop
  endfacet
  facet normal -0.422633 0.906301 0
    outer loop
      vertex -4.72066 10.4393 4.43563
      vertex -3.93323 10.8065 6
      vertex -3.93323 10.8065 4.43563
    endloop
  endfacet
  facet normal -0.422633 0.906301 0
    outer loop
      vertex -5.75 9.95929 4.43563
      vertex -5.75 9.95929 6
      vertex -4.72066 10.4393 4.43563
    endloop
  endfacet
  facet normal -0.0871684 0.996194 0
    outer loop
      vertex 0 11.5 3.56437
      vertex 0 11.5 2
      vertex -1.13141 11.401 3.56437
    endloop
  endfacet
  facet normal -0.0871273 0.996197 0
    outer loop
      vertex -1.99695 11.3253 2
      vertex -1.99695 11.3253 3.56437
      vertex -1.13141 11.401 3.56437
    endloop
  endfacet
  facet normal -0.0871506 0.996195 1.29861e-05
    outer loop
      vertex -1.99695 11.3253 2
      vertex -1.13141 11.401 3.56437
      vertex 0 11.5 2
    endloop
  endfacet
  facet normal -0.0871506 0.996195 1.33203e-05
    outer loop
      vertex -0.865546 11.4243 4.43563
      vertex -1.99695 11.3253 6
      vertex 0 11.5 6
    endloop
  endfacet
  facet normal -0.0871267 0.996197 0
    outer loop
      vertex -0.865546 11.4243 4.43563
      vertex 0 11.5 6
      vertex 0 11.5 4.43563
    endloop
  endfacet
  facet normal -0.0871688 0.996194 0
    outer loop
      vertex -1.99695 11.3253 6
      vertex -0.865546 11.4243 4.43563
      vertex -1.99695 11.3253 4.43563
    endloop
  endfacet
  facet normal -0.573576 0.819153 1.83149e-06
    outer loop
      vertex -6.46171 9.46095 4.43563
      vertex -7.39206 8.80951 6
      vertex -5.75 9.95929 6
    endloop
  endfacet
  facet normal -0.573578 0.819151 0
    outer loop
      vertex -7.39206 8.80951 6
      vertex -6.46171 9.46095 4.43563
      vertex -7.39206 8.80951 4.43563
    endloop
  endfacet
  facet normal -0.573573 0.819155 0
    outer loop
      vertex -6.46171 9.46095 4.43563
      vertex -5.75 9.95929 6
      vertex -5.75 9.95929 4.43563
    endloop
  endfacet
  facet normal -0.573572 0.819155 0
    outer loop
      vertex -5.75 9.95929 2
      vertex -6.68035 9.30786 3.56437
      vertex -5.75 9.95929 3.56437
    endloop
  endfacet
  facet normal -0.573576 0.819153 -3.40482e-06
    outer loop
      vertex -7.39206 8.80951 2
      vertex -6.68035 9.30786 3.56437
      vertex -5.75 9.95929 2
    endloop
  endfacet
  facet normal -0.573581 0.819149 0
    outer loop
      vertex -6.68035 9.30786 3.56437
      vertex -7.39206 8.80951 2
      vertex -7.39206 8.80951 3.56437
    endloop
  endfacet
  facet normal 0.996197 0.0871273 0
    outer loop
      vertex 11.401 1.13141 3.56437
      vertex 11.3253 1.99695 2
      vertex 11.3253 1.99695 3.56437
    endloop
  endfacet
  facet normal 0.996194 0.0871684 -0
    outer loop
      vertex 11.5 0 2
      vertex 11.401 1.13141 3.56437
      vertex 11.5 0 3.56437
    endloop
  endfacet
  facet normal 0.996195 0.0871506 1.29861e-05
    outer loop
      vertex 11.401 1.13141 3.56437
      vertex 11.5 0 2
      vertex 11.3253 1.99695 2
    endloop
  endfacet
  facet normal 0.996194 0.0871688 0
    outer loop
      vertex 11.3253 1.99695 6
      vertex 11.4243 0.865546 4.43563
      vertex 11.3253 1.99695 4.43563
    endloop
  endfacet
  facet normal 0.996195 0.0871506 1.33203e-05
    outer loop
      vertex 11.5 0 6
      vertex 11.4243 0.865546 4.43563
      vertex 11.3253 1.99695 6
    endloop
  endfacet
  facet normal 0.996197 0.0871267 0
    outer loop
      vertex 11.4243 0.865546 4.43563
      vertex 11.5 0 6
      vertex 11.5 0 4.43563
    endloop
  endfacet
  facet normal 0.0871684 -0.996194 0
    outer loop
      vertex 0 -11.5 3.56437
      vertex 0 -11.5 2
      vertex 1.13141 -11.401 3.56437
    endloop
  endfacet
  facet normal 0.0871273 -0.996197 0
    outer loop
      vertex 1.99695 -11.3253 2
      vertex 1.99695 -11.3253 3.56437
      vertex 1.13141 -11.401 3.56437
    endloop
  endfacet
  facet normal 0.0871506 -0.996195 1.29861e-05
    outer loop
      vertex 1.99695 -11.3253 2
      vertex 1.13141 -11.401 3.56437
      vertex 0 -11.5 2
    endloop
  endfacet
  facet normal 0.0871506 -0.996195 1.33203e-05
    outer loop
      vertex 0.865546 -11.4243 4.43563
      vertex 1.99695 -11.3253 6
      vertex 0 -11.5 6
    endloop
  endfacet
  facet normal 0.0871267 -0.996197 0
    outer loop
      vertex 0.865546 -11.4243 4.43563
      vertex 0 -11.5 6
      vertex 0 -11.5 4.43563
    endloop
  endfacet
  facet normal 0.0871688 -0.996194 0
    outer loop
      vertex 1.99695 -11.3253 6
      vertex 0.865546 -11.4243 4.43563
      vertex 1.99695 -11.3253 4.43563
    endloop
  endfacet
  facet normal 0.258857 -0.965916 0
    outer loop
      vertex 1.99695 -11.3253 2
      vertex 3.094 -11.0313 3.56437
      vertex 1.99695 -11.3253 3.56437
    endloop
  endfacet
  facet normal 0.258808 -0.965929 3.72397e-05
    outer loop
      vertex 3.93323 -10.8065 2
      vertex 3.094 -11.0313 3.56437
      vertex 1.99695 -11.3253 2
    endloop
  endfacet
  facet normal 0.258743 -0.965946 0
    outer loop
      vertex 3.094 -11.0313 3.56437
      vertex 3.93323 -10.8065 2
      vertex 3.93323 -10.8065 3.56437
    endloop
  endfacet
  facet normal 0.258808 -0.965929 -2.28515e-05
    outer loop
      vertex 2.83619 -11.1004 4.43563
      vertex 3.93323 -10.8065 6
      vertex 1.99695 -11.3253 6
    endloop
  endfacet
  facet normal 0.258777 -0.965937 0
    outer loop
      vertex 3.93323 -10.8065 6
      vertex 2.83619 -11.1004 4.43563
      vertex 3.93323 -10.8065 4.43563
    endloop
  endfacet
  facet normal 0.258847 -0.965918 0
    outer loop
      vertex 2.83619 -11.1004 4.43563
      vertex 1.99695 -11.3253 6
      vertex 1.99695 -11.3253 4.43563
    endloop
  endfacet
  facet normal 0.573572 -0.819155 0
    outer loop
      vertex 5.75 -9.95929 2
      vertex 6.68035 -9.30786 3.56437
      vertex 5.75 -9.95929 3.56437
    endloop
  endfacet
  facet normal 0.573576 -0.819153 -3.40482e-06
    outer loop
      vertex 7.39206 -8.80951 2
      vertex 6.68035 -9.30786 3.56437
      vertex 5.75 -9.95929 2
    endloop
  endfacet
  facet normal 0.573581 -0.819149 0
    outer loop
      vertex 6.68035 -9.30786 3.56437
      vertex 7.39206 -8.80951 2
      vertex 7.39206 -8.80951 3.56437
    endloop
  endfacet
  facet normal 0.573576 -0.819153 1.83149e-06
    outer loop
      vertex 6.46171 -9.46095 4.43563
      vertex 7.39206 -8.80951 6
      vertex 5.75 -9.95929 6
    endloop
  endfacet
  facet normal 0.573578 -0.819151 0
    outer loop
      vertex 7.39206 -8.80951 6
      vertex 6.46171 -9.46095 4.43563
      vertex 7.39206 -8.80951 4.43563
    endloop
  endfacet
  facet normal 0.573573 -0.819155 0
    outer loop
      vertex 6.46171 -9.46095 4.43563
      vertex 5.75 -9.95929 6
      vertex 5.75 -9.95929 4.43563
    endloop
  endfacet
  facet normal -0.573578 -0.819151 0
    outer loop
      vertex -7.39206 -8.80951 2
      vertex -6.46171 -9.46095 3.56437
      vertex -7.39206 -8.80951 3.56437
    endloop
  endfacet
  facet normal -0.573576 -0.819153 -1.83149e-06
    outer loop
      vertex -5.75 -9.95929 2
      vertex -6.46171 -9.46095 3.56437
      vertex -7.39206 -8.80951 2
    endloop
  endfacet
  facet normal -0.573573 -0.819155 0
    outer loop
      vertex -6.46171 -9.46095 3.56437
      vertex -5.75 -9.95929 2
      vertex -5.75 -9.95929 3.56437
    endloop
  endfacet
  facet normal -0.573581 -0.819149 0
    outer loop
      vertex -6.68035 -9.30786 4.43563
      vertex -7.39206 -8.80951 6
      vertex -7.39206 -8.80951 4.43563
    endloop
  endfacet
  facet normal -0.573576 -0.819153 3.40482e-06
    outer loop
      vertex -7.39206 -8.80951 6
      vertex -6.68035 -9.30786 4.43563
      vertex -5.75 -9.95929 6
    endloop
  endfacet
  facet normal -0.573572 -0.819155 -0
    outer loop
      vertex -5.75 -9.95929 6
      vertex -6.68035 -9.30786 4.43563
      vertex -5.75 -9.95929 4.43563
    endloop
  endfacet
  facet normal -0.707107 -0.707107 0
    outer loop
      vertex -7.39206 -8.80951 4.43563
      vertex -8.80951 -7.39206 6
      vertex -8.80951 -7.39206 4.43563
    endloop
  endfacet
  facet normal -0.707107 -0.707107 0
    outer loop
      vertex -8.80951 -7.39206 6
      vertex -7.39206 -8.80951 4.43563
      vertex -7.39206 -8.80951 6
    endloop
  endfacet
  facet normal -0.707107 -0.707107 0
    outer loop
      vertex -7.39206 -8.80951 2
      vertex -8.80951 -7.39206 3.56437
      vertex -8.80951 -7.39206 2
    endloop
  endfacet
  facet normal -0.707107 -0.707107 0
    outer loop
      vertex -8.80951 -7.39206 3.56437
      vertex -7.39206 -8.80951 2
      vertex -7.39206 -8.80951 3.56437
    endloop
  endfacet
  facet normal -0.996197 -0.0871267 0
    outer loop
      vertex -11.4243 -0.865546 4.43563
      vertex -11.5 0 6
      vertex -11.5 0 4.43563
    endloop
  endfacet
  facet normal -0.996194 -0.0871688 -0
    outer loop
      vertex -11.3253 -1.99695 6
      vertex -11.4243 -0.865546 4.43563
      vertex -11.3253 -1.99695 4.43563
    endloop
  endfacet
  facet normal -0.996195 -0.0871506 1.33203e-05
    outer loop
      vertex -11.4243 -0.865546 4.43563
      vertex -11.3253 -1.99695 6
      vertex -11.5 0 6
    endloop
  endfacet
  facet normal -0.996194 -0.0871684 0
    outer loop
      vertex -11.5 0 2
      vertex -11.401 -1.13141 3.56437
      vertex -11.5 0 3.56437
    endloop
  endfacet
  facet normal -0.996195 -0.0871506 1.29861e-05
    outer loop
      vertex -11.3253 -1.99695 2
      vertex -11.401 -1.13141 3.56437
      vertex -11.5 0 2
    endloop
  endfacet
  facet normal -0.996197 -0.0871273 0
    outer loop
      vertex -11.401 -1.13141 3.56437
      vertex -11.3253 -1.99695 2
      vertex -11.3253 -1.99695 3.56437
    endloop
  endfacet
  facet normal 0 0 -1
    outer loop
      vertex 10 0 2
      vertex 11.5 0 2
      vertex 11.3253 -1.99695 2
    endloop
  endfacet
  facet normal 0 0 -1
    outer loop
      vertex 9.84808 -1.73648 2
      vertex 11.3253 -1.99695 2
      vertex 10.8065 -3.93323 2
    endloop
  endfacet
  facet normal 0 0 -1
    outer loop
      vertex 11.5 0 2
      vertex 10 0 2
      vertex 11.3253 1.99695 2
    endloop
  endfacet
  facet normal 0 0 -1
    outer loop
      vertex 9.84808 1.73648 2
      vertex 11.3253 1.99695 2
      vertex 10 0 2
    endloop
  endfacet
  facet normal 0 0 -1
    outer loop
      vertex 9.39693 -3.4202 2
      vertex 10.8065 -3.93323 2
      vertex 9.95929 -5.75 2
    endloop
  endfacet
  facet normal 0 0 -1
    outer loop
      vertex 11.3253 -1.99695 2
      vertex 9.84808 -1.73648 2
      vertex 10 0 2
    endloop
  endfacet
  facet normal 0 0 -1
    outer loop
      vertex 10.8065 -3.93323 2
      vertex 9.39693 -3.4202 2
      vertex 9.84808 -1.73648 2
    endloop
  endfacet
  facet normal 0 0 -1
    outer loop
      vertex 8.66025 -5 2
      vertex 9.95929 -5.75 2
      vertex 8.80951 -7.39206 2
    endloop
  endfacet
  facet normal 0 0 -1
    outer loop
      vertex 9.95929 -5.75 2
      vertex 8.66025 -5 2
      vertex 9.39693 -3.4202 2
    endloop
  endfacet
  facet normal 0 0 -1
    outer loop
      vertex 8.80951 -7.39206 2
      vertex 7.66044 -6.42788 2
      vertex 8.66025 -5 2
    endloop
  endfacet
  facet normal 0 0 -1
    outer loop
      vertex 7.39206 -8.80951 2
      vertex 7.66044 -6.42788 2
      vertex 8.80951 -7.39206 2
    endloop
  endfacet
  facet normal 0 0 -1
    outer loop
      vertex 7.39206 -8.80951 2
      vertex 6.42788 -7.66044 2
      vertex 7.66044 -6.42788 2
    endloop
  endfacet
  facet normal 0 0 -1
    outer loop
      vertex 5.75 -9.95929 2
      vertex 6.42788 -7.66044 2
      vertex 7.39206 -8.80951 2
    endloop
  endfacet
  facet normal 0 0 -1
    outer loop
      vertex 5.75 -9.95929 2
      vertex 5 -8.66025 2
      vertex 6.42788 -7.66044 2
    endloop
  endfacet
  facet normal 0 0 -1
    outer loop
      vertex 3.93323 -10.8065 2
      vertex 5 -8.66025 2
      vertex 5.75 -9.95929 2
    endloop
  endfacet
  facet normal 0 0 -1
    outer loop
      vertex 3.93323 -10.8065 2
      vertex 3.4202 -9.39693 2
      vertex 5 -8.66025 2
    endloop
  endfacet
  facet normal 0 0 -1
    outer loop
      vertex 1.99695 -11.3253 2
      vertex 3.4202 -9.39693 2
      vertex 3.93323 -10.8065 2
    endloop
  endfacet
  facet normal 0 0 -1
    outer loop
      vertex 1.99695 -11.3253 2
      vertex 1.73648 -9.84808 2
      vertex 3.4202 -9.39693 2
    endloop
  endfacet
  facet normal 0 0 -1
    outer loop
      vertex 0 -11.5 2
      vertex 1.73648 -9.84808 2
      vertex 1.99695 -11.3253 2
    endloop
  endfacet
  facet normal 0 0 -1
    outer loop
      vertex 0 -11.5 2
      vertex 0 -10 2
      vertex 1.73648 -9.84808 2
    endloop
  endfacet
  facet normal 0 0 -1
    outer loop
      vertex 0 -11.5 2
      vertex -1.73648 -9.84808 2
      vertex 0 -10 2
    endloop
  endfacet
  facet normal 0 0 -1
    outer loop
      vertex -1.99695 -11.3253 2
      vertex -1.73648 -9.84808 2
      vertex 0 -11.5 2
    endloop
  endfacet
  facet normal 0 0 -1
    outer loop
      vertex -1.99695 -11.3253 2
      vertex -3.4202 -9.39693 2
      vertex -1.73648 -9.84808 2
    endloop
  endfacet
  facet normal 0 0 -1
    outer loop
      vertex -3.93323 -10.8065 2
      vertex -3.4202 -9.39693 2
      vertex -1.99695 -11.3253 2
    endloop
  endfacet
  facet normal 0 0 -1
    outer loop
      vertex -3.93323 -10.8065 2
      vertex -5 -8.66025 2
      vertex -3.4202 -9.39693 2
    endloop
  endfacet
  facet normal 0 0 -1
    outer loop
      vertex -5.75 -9.95929 2
      vertex -5 -8.66025 2
      vertex -3.93323 -10.8065 2
    endloop
  endfacet
  facet normal 0 0 -1
    outer loop
      vertex -5.75 -9.95929 2
      vertex -6.42788 -7.66044 2
      vertex -5 -8.66025 2
    endloop
  endfacet
  facet normal 0 0 -1
    outer loop
      vertex -7.39206 -8.80951 2
      vertex -6.42788 -7.66044 2
      vertex -5.75 -9.95929 2
    endloop
  endfacet
  facet normal 0 0 -1
    outer loop
      vertex -7.39206 -8.80951 2
      vertex -7.66044 -6.42788 2
      vertex -6.42788 -7.66044 2
    endloop
  endfacet
  facet normal 0 0 -1
    outer loop
      vertex -8.80951 -7.39206 2
      vertex -7.66044 -6.42788 2
      vertex -7.39206 -8.80951 2
    endloop
  endfacet
  facet normal -0 0 -1
    outer loop
      vertex -7.66044 -6.42788 2
      vertex -8.80951 -7.39206 2
      vertex -8.66025 -5 2
    endloop
  endfacet
  facet normal 0 0 -1
    outer loop
      vertex -9.95929 -5.75 2
      vertex -8.66025 -5 2
      vertex -8.80951 -7.39206 2
    endloop
  endfacet
  facet normal -0 0 -1
    outer loop
      vertex -8.66025 -5 2
      vertex -9.95929 -5.75 2
      vertex -9.39693 -3.4202 2
    endloop
  endfacet
  facet normal 0 0 -1
    outer loop
      vertex -10.8065 -3.93323 2
      vertex -9.39693 -3.4202 2
      vertex -9.95929 -5.75 2
    endloop
  endfacet
  facet normal -0 0 -1
    outer loop
      vertex -9.39693 -3.4202 2
      vertex -10.8065 -3.93323 2
      vertex -9.84808 -1.73648 2
    endloop
  endfacet
  facet normal 0 0 -1
    outer loop
      vertex -11.3253 -1.99695 2
      vertex -9.84808 -1.73648 2
      vertex -10.8065 -3.93323 2
    endloop
  endfacet
  facet normal -0 0 -1
    outer loop
      vertex 11.3253 1.99695 2
      vertex 9.84808 1.73648 2
      vertex 10.8065 3.93323 2
    endloop
  endfacet
  facet normal 0 0 -1
    outer loop
      vertex 9.39693 3.4202 2
      vertex 10.8065 3.93323 2
      vertex 9.84808 1.73648 2
    endloop
  endfacet
  facet normal -0 0 -1
    outer loop
      vertex 10.8065 3.93323 2
      vertex 9.39693 3.4202 2
      vertex 9.95929 5.75 2
    endloop
  endfacet
  facet normal 0 0 -1
    outer loop
      vertex 8.66025 5 2
      vertex 9.95929 5.75 2
      vertex 9.39693 3.4202 2
    endloop
  endfacet
  facet normal -0 0 -1
    outer loop
      vertex 9.95929 5.75 2
      vertex 8.66025 5 2
      vertex 8.80951 7.39206 2
    endloop
  endfacet
  facet normal 0 0 -1
    outer loop
      vertex 7.66044 6.42788 2
      vertex 8.80951 7.39206 2
      vertex 8.66025 5 2
    endloop
  endfacet
  facet normal 0 0 -1
    outer loop
      vertex 7.66044 6.42788 2
      vertex 7.39206 8.80951 2
      vertex 8.80951 7.39206 2
    endloop
  endfacet
  facet normal 0 0 -1
    outer loop
      vertex 6.42788 7.66044 2
      vertex 7.39206 8.80951 2
      vertex 7.66044 6.42788 2
    endloop
  endfacet
  facet normal 0 0 -1
    outer loop
      vertex 6.42788 7.66044 2
      vertex 5.75 9.95929 2
      vertex 7.39206 8.80951 2
    endloop
  endfacet
  facet normal 0 0 -1
    outer loop
      vertex 5 8.66025 2
      vertex 5.75 9.95929 2
      vertex 6.42788 7.66044 2
    endloop
  endfacet
  facet normal 0 0 -1
    outer loop
      vertex 5 8.66025 2
      vertex 3.93323 10.8065 2
      vertex 5.75 9.95929 2
    endloop
  endfacet
  facet normal 0 0 -1
    outer loop
      vertex 3.4202 9.39693 2
      vertex 3.93323 10.8065 2
      vertex 5 8.66025 2
    endloop
  endfacet
  facet normal 0 0 -1
    outer loop
      vertex 3.4202 9.39693 2
      vertex 1.99695 11.3253 2
      vertex 3.93323 10.8065 2
    endloop
  endfacet
  facet normal 0 0 -1
    outer loop
      vertex 1.73648 9.84808 2
      vertex 1.99695 11.3253 2
      vertex 3.4202 9.39693 2
    endloop
  endfacet
  facet normal 0 0 -1
    outer loop
      vertex 0 10 2
      vertex 1.99695 11.3253 2
      vertex 1.73648 9.84808 2
    endloop
  endfacet
  facet normal 0 0 -1
    outer loop
      vertex 0 10 2
      vertex 0 11.5 2
      vertex 1.99695 11.3253 2
    endloop
  endfacet
  facet normal 0 0 -1
    outer loop
      vertex -1.73648 9.84808 2
      vertex 0 11.5 2
      vertex 0 10 2
    endloop
  endfacet
  facet normal 0 0 -1
    outer loop
      vertex -1.73648 9.84808 2
      vertex -1.99695 11.3253 2
      vertex 0 11.5 2
    endloop
  endfacet
  facet normal 0 0 -1
    outer loop
      vertex -3.4202 9.39693 2
      vertex -1.99695 11.3253 2
      vertex -1.73648 9.84808 2
    endloop
  endfacet
  facet normal 0 0 -1
    outer loop
      vertex -3.4202 9.39693 2
      vertex -3.93323 10.8065 2
      vertex -1.99695 11.3253 2
    endloop
  endfacet
  facet normal 0 0 -1
    outer loop
      vertex -5 8.66025 2
      vertex -3.93323 10.8065 2
      vertex -3.4202 9.39693 2
    endloop
  endfacet
  facet normal 0 0 -1
    outer loop
      vertex -5 8.66025 2
      vertex -5.75 9.95929 2
      vertex -3.93323 10.8065 2
    endloop
  endfacet
  facet normal 0 0 -1
    outer loop
      vertex -6.42788 7.66044 2
      vertex -5.75 9.95929 2
      vertex -5 8.66025 2
    endloop
  endfacet
  facet normal 0 0 -1
    outer loop
      vertex -6.42788 7.66044 2
      vertex -7.39206 8.80951 2
      vertex -5.75 9.95929 2
    endloop
  endfacet
  facet normal 0 0 -1
    outer loop
      vertex -7.66044 6.42788 2
      vertex -7.39206 8.80951 2
      vertex -6.42788 7.66044 2
    endloop
  endfacet
  facet normal 0 0 -1
    outer loop
      vertex -8.80951 7.39206 2
      vertex -7.66044 6.42788 2
      vertex -8.66025 5 2
    endloop
  endfacet
  facet normal 0 0 -1
    outer loop
      vertex -7.66044 6.42788 2
      vertex -8.80951 7.39206 2
      vertex -7.39206 8.80951 2
    endloop
  endfacet
  facet normal 0 0 -1
    outer loop
      vertex -9.95929 5.75 2
      vertex -8.66025 5 2
      vertex -9.39693 3.4202 2
    endloop
  endfacet
  facet normal 0 0 -1
    outer loop
      vertex -10.8065 3.93323 2
      vertex -9.39693 3.4202 2
      vertex -9.84808 1.73648 2
    endloop
  endfacet
  facet normal 0 0 -1
    outer loop
      vertex -8.66025 5 2
      vertex -9.95929 5.75 2
      vertex -8.80951 7.39206 2
    endloop
  endfacet
  facet normal 0 0 -1
    outer loop
      vertex -11.3253 1.99695 2
      vertex -9.84808 1.73648 2
      vertex -10 0 2
    endloop
  endfacet
  facet normal -0 0 -1
    outer loop
      vertex -9.84808 -1.73648 2
      vertex -11.3253 -1.99695 2
      vertex -10 0 2
    endloop
  endfacet
  facet normal 0 0 -1
    outer loop
      vertex -9.39693 3.4202 2
      vertex -10.8065 3.93323 2
      vertex -9.95929 5.75 2
    endloop
  endfacet
  facet normal 0 0 -1
    outer loop
      vertex -11.5 0 2
      vertex -10 0 2
      vertex -11.3253 -1.99695 2
    endloop
  endfacet
  facet normal 0 0 -1
    outer loop
      vertex -9.84808 1.73648 2
      vertex -11.3253 1.99695 2
      vertex -10.8065 3.93323 2
    endloop
  endfacet
  facet normal 0 0 -1
    outer loop
      vertex -10 0 2
      vertex -11.5 0 2
      vertex -11.3253 1.99695 2
    endloop
  endfacet
  facet normal 0.965946 0.258743 0
    outer loop
      vertex 11.0313 3.094 3.56437
      vertex 10.8065 3.93323 2
      vertex 10.8065 3.93323 3.56437
    endloop
  endfacet
  facet normal 0.965916 0.258857 -0
    outer loop
      vertex 11.3253 1.99695 2
      vertex 11.0313 3.094 3.56437
      vertex 11.3253 1.99695 3.56437
    endloop
  endfacet
  facet normal 0.965929 0.258808 3.72397e-05
    outer loop
      vertex 11.0313 3.094 3.56437
      vertex 11.3253 1.99695 2
      vertex 10.8065 3.93323 2
    endloop
  endfacet
  facet normal 0.965937 0.258777 0
    outer loop
      vertex 10.8065 3.93323 6
      vertex 11.1004 2.83619 4.43563
      vertex 10.8065 3.93323 4.43563
    endloop
  endfacet
  facet normal 0.965929 0.258808 -2.28515e-05
    outer loop
      vertex 11.3253 1.99695 6
      vertex 11.1004 2.83619 4.43563
      vertex 10.8065 3.93323 6
    endloop
  endfacet
  facet normal 0.965918 0.258847 0
    outer loop
      vertex 11.1004 2.83619 4.43563
      vertex 11.3253 1.99695 6
      vertex 11.3253 1.99695 4.43563
    endloop
  endfacet
  facet normal -0.906301 0.422633 0
    outer loop
      vertex -9.95929 5.75 2
      vertex -10.4393 4.72066 3.56437
      vertex -9.95929 5.75 3.56437
    endloop
  endfacet
  facet normal -0.906301 0.422633 -1.99717e-07
    outer loop
      vertex -10.8065 3.93323 2
      vertex -10.4393 4.72066 3.56437
      vertex -9.95929 5.75 2
    endloop
  endfacet
  facet normal -0.906301 0.422633 0
    outer loop
      vertex -10.4393 4.72066 3.56437
      vertex -10.8065 3.93323 2
      vertex -10.8065 3.93323 3.56437
    endloop
  endfacet
  facet normal -0.906299 0.422638 0
    outer loop
      vertex -10.3265 4.96256 4.43563
      vertex -9.95929 5.75 6
      vertex -9.95929 5.75 4.43563
    endloop
  endfacet
  facet normal -0.906303 0.422629 0
    outer loop
      vertex -10.8065 3.93323 6
      vertex -10.3265 4.96256 4.43563
      vertex -10.8065 3.93323 4.43563
    endloop
  endfacet
  facet normal -0.906301 0.422633 2.89206e-06
    outer loop
      vertex -10.3265 4.96256 4.43563
      vertex -10.8065 3.93323 6
      vertex -9.95929 5.75 6
    endloop
  endfacet
  facet normal 0 0 1
    outer loop
      vertex 10 0 6
      vertex 11.5 0 6
      vertex 11.3253 1.99695 6
    endloop
  endfacet
  facet normal 0 0 1
    outer loop
      vertex 9.84808 1.73648 6
      vertex 11.3253 1.99695 6
      vertex 10.8065 3.93323 6
    endloop
  endfacet
  facet normal 0 0 1
    outer loop
      vertex 11.5 0 6
      vertex 10 0 6
      vertex 11.3253 -1.99695 6
    endloop
  endfacet
  facet normal -0 0 1
    outer loop
      vertex 9.84808 -1.73648 6
      vertex 11.3253 -1.99695 6
      vertex 10 0 6
    endloop
  endfacet
  facet normal 0 0 1
    outer loop
      vertex 9.39693 3.4202 6
      vertex 10.8065 3.93323 6
      vertex 9.95929 5.75 6
    endloop
  endfacet
  facet normal 0 0 1
    outer loop
      vertex 11.3253 1.99695 6
      vertex 9.84808 1.73648 6
      vertex 10 0 6
    endloop
  endfacet
  facet normal 0 0 1
    outer loop
      vertex 10.8065 3.93323 6
      vertex 9.39693 3.4202 6
      vertex 9.84808 1.73648 6
    endloop
  endfacet
  facet normal 0 0 1
    outer loop
      vertex 8.66025 5 6
      vertex 9.95929 5.75 6
      vertex 8.80951 7.39206 6
    endloop
  endfacet
  facet normal 0 0 1
    outer loop
      vertex 9.95929 5.75 6
      vertex 8.66025 5 6
      vertex 9.39693 3.4202 6
    endloop
  endfacet
  facet normal 0 0 1
    outer loop
      vertex 8.80951 7.39206 6
      vertex 7.66044 6.42788 6
      vertex 8.66025 5 6
    endloop
  endfacet
  facet normal 0 0 1
    outer loop
      vertex 7.39206 8.80951 6
      vertex 7.66044 6.42788 6
      vertex 8.80951 7.39206 6
    endloop
  endfacet
  facet normal 0 0 1
    outer loop
      vertex 7.39206 8.80951 6
      vertex 6.42788 7.66044 6
      vertex 7.66044 6.42788 6
    endloop
  endfacet
  facet normal 0 0 1
    outer loop
      vertex 5.75 9.95929 6
      vertex 6.42788 7.66044 6
      vertex 7.39206 8.80951 6
    endloop
  endfacet
  facet normal 0 0 1
    outer loop
      vertex 5.75 9.95929 6
      vertex 5 8.66025 6
      vertex 6.42788 7.66044 6
    endloop
  endfacet
  facet normal 0 0 1
    outer loop
      vertex 3.93323 10.8065 6
      vertex 5 8.66025 6
      vertex 5.75 9.95929 6
    endloop
  endfacet
  facet normal 0 0 1
    outer loop
      vertex 3.93323 10.8065 6
      vertex 3.4202 9.39693 6
      vertex 5 8.66025 6
    endloop
  endfacet
  facet normal 0 0 1
    outer loop
      vertex 1.99695 11.3253 6
      vertex 3.4202 9.39693 6
      vertex 3.93323 10.8065 6
    endloop
  endfacet
  facet normal 0 0 1
    outer loop
      vertex 1.99695 11.3253 6
      vertex 1.73648 9.84808 6
      vertex 3.4202 9.39693 6
    endloop
  endfacet
  facet normal 0 0 1
    outer loop
      vertex 0 11.5 6
      vertex 1.73648 9.84808 6
      vertex 1.99695 11.3253 6
    endloop
  endfacet
  facet normal 0 0 1
    outer loop
      vertex 0 11.5 6
      vertex 0 10 6
      vertex 1.73648 9.84808 6
    endloop
  endfacet
  facet normal 0 0 1
    outer loop
      vertex 0 11.5 6
      vertex -1.73648 9.84808 6
      vertex 0 10 6
    endloop
  endfacet
  facet normal -0 0 1
    outer loop
      vertex -1.99695 11.3253 6
      vertex -1.73648 9.84808 6
      vertex 0 11.5 6
    endloop
  endfacet
  facet normal 0 0 1
    outer loop
      vertex -1.99695 11.3253 6
      vertex -3.4202 9.39693 6
      vertex -1.73648 9.84808 6
    endloop
  endfacet
  facet normal -0 0 1
    outer loop
      vertex -3.93323 10.8065 6
      vertex -3.4202 9.39693 6
      vertex -1.99695 11.3253 6
    endloop
  endfacet
  facet normal 0 0 1
    outer loop
      vertex -3.93323 10.8065 6
      vertex -5 8.66025 6
      vertex -3.4202 9.39693 6
    endloop
  endfacet
  facet normal -0 0 1
    outer loop
      vertex -5.75 9.95929 6
      vertex -5 8.66025 6
      vertex -3.93323 10.8065 6
    endloop
  endfacet
  facet normal 0 0 1
    outer loop
      vertex -5.75 9.95929 6
      vertex -6.42788 7.66044 6
      vertex -5 8.66025 6
    endloop
  endfacet
  facet normal -0 0 1
    outer loop
      vertex -7.39206 8.80951 6
      vertex -6.42788 7.66044 6
      vertex -5.75 9.95929 6
    endloop
  endfacet
  facet normal 0 0 1
    outer loop
      vertex -7.39206 8.80951 6
      vertex -7.66044 6.42788 6
      vertex -6.42788 7.66044 6
    endloop
  endfacet
  facet normal -0 0 1
    outer loop
      vertex -8.80951 7.39206 6
      vertex -7.66044 6.42788 6
      vertex -7.39206 8.80951 6
    endloop
  endfacet
  facet normal 0 0 1
    outer loop
      vertex -7.66044 6.42788 6
      vertex -8.80951 7.39206 6
      vertex -8.66025 5 6
    endloop
  endfacet
  facet normal -0 0 1
    outer loop
      vertex -9.95929 5.75 6
      vertex -8.66025 5 6
      vertex -8.80951 7.39206 6
    endloop
  endfacet
  facet normal 0 0 1
    outer loop
      vertex -8.66025 5 6
      vertex -9.95929 5.75 6
      vertex -9.39693 3.4202 6
    endloop
  endfacet
  facet normal -0 0 1
    outer loop
      vertex -10.8065 3.93323 6
      vertex -9.39693 3.4202 6
      vertex -9.95929 5.75 6
    endloop
  endfacet
  facet normal 0 0 1
    outer loop
      vertex -9.39693 3.4202 6
      vertex -10.8065 3.93323 6
      vertex -9.84808 1.73648 6
    endloop
  endfacet
  facet normal -0 0 1
    outer loop
      vertex -11.3253 1.99695 6
      vertex -9.84808 1.73648 6
      vertex -10.8065 3.93323 6
    endloop
  endfacet
  facet normal 0 0 1
    outer loop
      vertex 11.3253 -1.99695 6
      vertex 9.84808 -1.73648 6
      vertex 10.8065 -3.93323 6
    endloop
  endfacet
  facet normal -0 0 1
    outer loop
      vertex 9.39693 -3.4202 6
      vertex 10.8065 -3.93323 6
      vertex 9.84808 -1.73648 6
    endloop
  endfacet
  facet normal 0 0 1
    outer loop
      vertex 10.8065 -3.93323 6
      vertex 9.39693 -3.4202 6
      vertex 9.95929 -5.75 6
    endloop
  endfacet
  facet normal -0 0 1
    outer loop
      vertex 8.66025 -5 6
      vertex 9.95929 -5.75 6
      vertex 9.39693 -3.4202 6
    endloop
  endfacet
  facet normal 0 0 1
    outer loop
      vertex 9.95929 -5.75 6
      vertex 8.66025 -5 6
      vertex 8.80951 -7.39206 6
    endloop
  endfacet
  facet normal -0 0 1
    outer loop
      vertex 7.66044 -6.42788 6
      vertex 8.80951 -7.39206 6
      vertex 8.66025 -5 6
    endloop
  endfacet
  facet normal 0 0 1
    outer loop
      vertex 7.66044 -6.42788 6
      vertex 7.39206 -8.80951 6
      vertex 8.80951 -7.39206 6
    endloop
  endfacet
  facet normal -0 0 1
    outer loop
      vertex 6.42788 -7.66044 6
      vertex 7.39206 -8.80951 6
      vertex 7.66044 -6.42788 6
    endloop
  endfacet
  facet normal 0 0 1
    outer loop
      vertex 6.42788 -7.66044 6
      vertex 5.75 -9.95929 6
      vertex 7.39206 -8.80951 6
    endloop
  endfacet
  facet normal -0 0 1
    outer loop
      vertex 5 -8.66025 6
      vertex 5.75 -9.95929 6
      vertex 6.42788 -7.66044 6
    endloop
  endfacet
  facet normal 0 0 1
    outer loop
      vertex 5 -8.66025 6
      vertex 3.93323 -10.8065 6
      vertex 5.75 -9.95929 6
    endloop
  endfacet
  facet normal -0 0 1
    outer loop
      vertex 3.4202 -9.39693 6
      vertex 3.93323 -10.8065 6
      vertex 5 -8.66025 6
    endloop
  endfacet
  facet normal 0 0 1
    outer loop
      vertex 3.4202 -9.39693 6
      vertex 1.99695 -11.3253 6
      vertex 3.93323 -10.8065 6
    endloop
  endfacet
  facet normal -0 0 1
    outer loop
      vertex 1.73648 -9.84808 6
      vertex 1.99695 -11.3253 6
      vertex 3.4202 -9.39693 6
    endloop
  endfacet
  facet normal -0 0 1
    outer loop
      vertex 0 -10 6
      vertex 1.99695 -11.3253 6
      vertex 1.73648 -9.84808 6
    endloop
  endfacet
  facet normal 0 0 1
    outer loop
      vertex 0 -10 6
      vertex 0 -11.5 6
      vertex 1.99695 -11.3253 6
    endloop
  endfacet
  facet normal 0 0 1
    outer loop
      vertex -1.73648 -9.84808 6
      vertex 0 -11.5 6
      vertex 0 -10 6
    endloop
  endfacet
  facet normal 0 0 1
    outer loop
      vertex -1.73648 -9.84808 6
      vertex -1.99695 -11.3253 6
      vertex 0 -11.5 6
    endloop
  endfacet
  facet normal 0 0 1
    outer loop
      vertex -3.4202 -9.39693 6
      vertex -1.99695 -11.3253 6
      vertex -1.73648 -9.84808 6
    endloop
  endfacet
  facet normal 0 0 1
    outer loop
      vertex -3.4202 -9.39693 6
      vertex -3.93323 -10.8065 6
      vertex -1.99695 -11.3253 6
    endloop
  endfacet
  facet normal 0 0 1
    outer loop
      vertex -5 -8.66025 6
      vertex -3.93323 -10.8065 6
      vertex -3.4202 -9.39693 6
    endloop
  endfacet
  facet normal 0 0 1
    outer loop
      vertex -5 -8.66025 6
      vertex -5.75 -9.95929 6
      vertex -3.93323 -10.8065 6
    endloop
  endfacet
  facet normal 0 0 1
    outer loop
      vertex -6.42788 -7.66044 6
      vertex -5.75 -9.95929 6
      vertex -5 -8.66025 6
    endloop
  endfacet
  facet normal 0 0 1
    outer loop
      vertex -6.42788 -7.66044 6
      vertex -7.39206 -8.80951 6
      vertex -5.75 -9.95929 6
    endloop
  endfacet
  facet normal 0 0 1
    outer loop
      vertex -7.66044 -6.42788 6
      vertex -7.39206 -8.80951 6
      vertex -6.42788 -7.66044 6
    endloop
  endfacet
  facet normal 0 0 1
    outer loop
      vertex -8.80951 -7.39206 6
      vertex -7.66044 -6.42788 6
      vertex -8.66025 -5 6
    endloop
  endfacet
  facet normal 0 0 1
    outer loop
      vertex -7.66044 -6.42788 6
      vertex -8.80951 -7.39206 6
      vertex -7.39206 -8.80951 6
    endloop
  endfacet
  facet normal 0 0 1
    outer loop
      vertex -9.95929 -5.75 6
      vertex -8.66025 -5 6
      vertex -9.39693 -3.4202 6
    endloop
  endfacet
  facet normal 0 0 1
    outer loop
      vertex -10.8065 -3.93323 6
      vertex -9.39693 -3.4202 6
      vertex -9.84808 -1.73648 6
    endloop
  endfacet
  facet normal 0 0 1
    outer loop
      vertex -8.66025 -5 6
      vertex -9.95929 -5.75 6
      vertex -8.80951 -7.39206 6
    endloop
  endfacet
  facet normal 0 0 1
    outer loop
      vertex -11.3253 -1.99695 6
      vertex -9.84808 -1.73648 6
      vertex -10 0 6
    endloop
  endfacet
  facet normal 0 0 1
    outer loop
      vertex -9.84808 1.73648 6
      vertex -11.3253 1.99695 6
      vertex -10 0 6
    endloop
  endfacet
  facet normal 0 0 1
    outer loop
      vertex -9.39693 -3.4202 6
      vertex -10.8065 -3.93323 6
      vertex -9.95929 -5.75 6
    endloop
  endfacet
  facet normal 0 0 1
    outer loop
      vertex -11.5 0 6
      vertex -10 0 6
      vertex -11.3253 1.99695 6
    endloop
  endfacet
  facet normal 0 0 1
    outer loop
      vertex -9.84808 -1.73648 6
      vertex -11.3253 -1.99695 6
      vertex -10.8065 -3.93323 6
    endloop
  endfacet
  facet normal 0 0 1
    outer loop
      vertex -10 0 6
      vertex -11.5 0 6
      vertex -11.3253 -1.99695 6
    endloop
  endfacet
  facet normal 0.819155 -0.573573 0
    outer loop
      vertex 9.46095 -6.46171 3.56437
      vertex 9.95929 -5.75 2
      vertex 9.95929 -5.75 3.56437
    endloop
  endfacet
  facet normal 0.819151 -0.573578 0
    outer loop
      vertex 8.80951 -7.39206 2
      vertex 9.46095 -6.46171 3.56437
      vertex 8.80951 -7.39206 3.56437
    endloop
  endfacet
  facet normal 0.819153 -0.573576 -1.83149e-06
    outer loop
      vertex 9.46095 -6.46171 3.56437
      vertex 8.80951 -7.39206 2
      vertex 9.95929 -5.75 2
    endloop
  endfacet
  facet normal 0.819155 -0.573572 0
    outer loop
      vertex 9.95929 -5.75 6
      vertex 9.30786 -6.68035 4.43563
      vertex 9.95929 -5.75 4.43563
    endloop
  endfacet
  facet normal 0.819153 -0.573576 3.40482e-06
    outer loop
      vertex 8.80951 -7.39206 6
      vertex 9.30786 -6.68035 4.43563
      vertex 9.95929 -5.75 6
    endloop
  endfacet
  facet normal 0.819149 -0.573581 0
    outer loop
      vertex 9.30786 -6.68035 4.43563
      vertex 8.80951 -7.39206 6
      vertex 8.80951 -7.39206 4.43563
    endloop
  endfacet
  facet normal 0.707107 -0.707107 0
    outer loop
      vertex 7.39206 -8.80951 3.56437
      vertex 8.80951 -7.39206 2
      vertex 8.80951 -7.39206 3.56437
    endloop
  endfacet
  facet normal 0.707107 -0.707107 0
    outer loop
      vertex 8.80951 -7.39206 2
      vertex 7.39206 -8.80951 3.56437
      vertex 7.39206 -8.80951 2
    endloop
  endfacet
  facet normal 0.707107 -0.707107 0
    outer loop
      vertex 7.39206 -8.80951 6
      vertex 8.80951 -7.39206 4.43563
      vertex 8.80951 -7.39206 6
    endloop
  endfacet
  facet normal 0.707107 -0.707107 0
    outer loop
      vertex 8.80951 -7.39206 4.43563
      vertex 7.39206 -8.80951 6
      vertex 7.39206 -8.80951 4.43563
    endloop
  endfacet
  facet normal -0.0871688 -0.996194 0
    outer loop
      vertex -1.99695 -11.3253 2
      vertex -0.865546 -11.4243 3.56437
      vertex -1.99695 -11.3253 3.56437
    endloop
  endfacet
  facet normal -0.0871506 -0.996195 -1.33203e-05
    outer loop
      vertex 0 -11.5 2
      vertex -0.865546 -11.4243 3.56437
      vertex -1.99695 -11.3253 2
    endloop
  endfacet
  facet normal -0.0871267 -0.996197 0
    outer loop
      vertex -0.865546 -11.4243 3.56437
      vertex 0 -11.5 2
      vertex 0 -11.5 3.56437
    endloop
  endfacet
  facet normal -0.0871273 -0.996197 0
    outer loop
      vertex -1.13141 -11.401 4.43563
      vertex -1.99695 -11.3253 6
      vertex -1.99695 -11.3253 4.43563
    endloop
  endfacet
  facet normal -0.0871506 -0.996195 -1.29861e-05
    outer loop
      vertex -1.99695 -11.3253 6
      vertex -1.13141 -11.401 4.43563
      vertex 0 -11.5 6
    endloop
  endfacet
  facet normal -0.0871684 -0.996194 -0
    outer loop
      vertex 0 -11.5 6
      vertex -1.13141 -11.401 4.43563
      vertex 0 -11.5 4.43563
    endloop
  endfacet
  facet normal -0.422633 -0.906301 0
    outer loop
      vertex -5.75 -9.95929 2
      vertex -4.72066 -10.4393 3.56437
      vertex -5.75 -9.95929 3.56437
    endloop
  endfacet
  facet normal -0.422633 -0.906301 -1.99717e-07
    outer loop
      vertex -3.93323 -10.8065 2
      vertex -4.72066 -10.4393 3.56437
      vertex -5.75 -9.95929 2
    endloop
  endfacet
  facet normal -0.422633 -0.906301 0
    outer loop
      vertex -4.72066 -10.4393 3.56437
      vertex -3.93323 -10.8065 2
      vertex -3.93323 -10.8065 3.56437
    endloop
  endfacet
  facet normal -0.422633 -0.906301 2.89206e-06
    outer loop
      vertex -4.96256 -10.3265 4.43563
      vertex -3.93323 -10.8065 6
      vertex -5.75 -9.95929 6
    endloop
  endfacet
  facet normal -0.422638 -0.906299 0
    outer loop
      vertex -4.96256 -10.3265 4.43563
      vertex -5.75 -9.95929 6
      vertex -5.75 -9.95929 4.43563
    endloop
  endfacet
  facet normal -0.422629 -0.906303 -0
    outer loop
      vertex -3.93323 -10.8065 6
      vertex -4.96256 -10.3265 4.43563
      vertex -3.93323 -10.8065 4.43563
    endloop
  endfacet
  facet normal -0.258777 -0.965937 0
    outer loop
      vertex -3.93323 -10.8065 2
      vertex -2.83619 -11.1004 3.56437
      vertex -3.93323 -10.8065 3.56437
    endloop
  endfacet
  facet normal -0.258808 -0.965929 2.28515e-05
    outer loop
      vertex -1.99695 -11.3253 2
      vertex -2.83619 -11.1004 3.56437
      vertex -3.93323 -10.8065 2
    endloop
  endfacet
  facet normal -0.258847 -0.965918 0
    outer loop
      vertex -2.83619 -11.1004 3.56437
      vertex -1.99695 -11.3253 2
      vertex -1.99695 -11.3253 3.56437
    endloop
  endfacet
  facet normal -0.258743 -0.965946 0
    outer loop
      vertex -3.094 -11.0313 4.43563
      vertex -3.93323 -10.8065 6
      vertex -3.93323 -10.8065 4.43563
    endloop
  endfacet
  facet normal -0.258808 -0.965929 -3.72397e-05
    outer loop
      vertex -3.93323 -10.8065 6
      vertex -3.094 -11.0313 4.43563
      vertex -1.99695 -11.3253 6
    endloop
  endfacet
  facet normal -0.258857 -0.965916 -0
    outer loop
      vertex -1.99695 -11.3253 6
      vertex -3.094 -11.0313 4.43563
      vertex -1.99695 -11.3253 4.43563
    endloop
  endfacet
  facet normal -0.965918 -0.258847 0
    outer loop
      vertex -11.1004 -2.83619 4.43563
      vertex -11.3253 -1.99695 6
      vertex -11.3253 -1.99695 4.43563
    endloop
  endfacet
  facet normal -0.965937 -0.258777 -0
    outer loop
      vertex -10.8065 -3.93323 6
      vertex -11.1004 -2.83619 4.43563
      vertex -10.8065 -3.93323 4.43563
    endloop
  endfacet
  facet normal -0.965929 -0.258808 -2.28515e-05
    outer loop
      vertex -11.1004 -2.83619 4.43563
      vertex -10.8065 -3.93323 6
      vertex -11.3253 -1.99695 6
    endloop
  endfacet
  facet normal -0.965916 -0.258857 0
    outer loop
      vertex -11.3253 -1.99695 2
      vertex -11.0313 -3.094 3.56437
      vertex -11.3253 -1.99695 3.56437
    endloop
  endfacet
  facet normal -0.965929 -0.258808 3.72397e-05
    outer loop
      vertex -10.8065 -3.93323 2
      vertex -11.0313 -3.094 3.56437
      vertex -11.3253 -1.99695 2
    endloop
  endfacet
  facet normal -0.965946 -0.258743 0
    outer loop
      vertex -11.0313 -3.094 3.56437
      vertex -10.8065 -3.93323 2
      vertex -10.8065 -3.93323 3.56437
    endloop
  endfacet
  facet normal -0.819155 -0.573573 0
    outer loop
      vertex -9.46095 -6.46171 4.43563
      vertex -9.95929 -5.75 6
      vertex -9.95929 -5.75 4.43563
    endloop
  endfacet
  facet normal -0.819151 -0.573578 -0
    outer loop
      vertex -8.80951 -7.39206 6
      vertex -9.46095 -6.46171 4.43563
      vertex -8.80951 -7.39206 4.43563
    endloop
  endfacet
  facet normal -0.819153 -0.573576 1.83149e-06
    outer loop
      vertex -9.46095 -6.46171 4.43563
      vertex -8.80951 -7.39206 6
      vertex -9.95929 -5.75 6
    endloop
  endfacet
  facet normal -0.819155 -0.573572 0
    outer loop
      vertex -9.95929 -5.75 2
      vertex -9.30786 -6.68035 3.56437
      vertex -9.95929 -5.75 3.56437
    endloop
  endfacet
  facet normal -0.819153 -0.573576 -3.40482e-06
    outer loop
      vertex -8.80951 -7.39206 2
      vertex -9.30786 -6.68035 3.56437
      vertex -9.95929 -5.75 2
    endloop
  endfacet
  facet normal -0.819149 -0.573581 0
    outer loop
      vertex -9.30786 -6.68035 3.56437
      vertex -8.80951 -7.39206 2
      vertex -8.80951 -7.39206 3.56437
    endloop
  endfacet
  facet normal 0.422633 -0.906301 1.99717e-07
    outer loop
      vertex 3.93323 -10.8065 6
      vertex 4.72066 -10.4393 4.43563
      vertex 5.75 -9.95929 6
    endloop
  endfacet
  facet normal 0.422633 -0.906301 0
    outer loop
      vertex 4.72066 -10.4393 4.43563
      vertex 3.93323 -10.8065 6
      vertex 3.93323 -10.8065 4.43563
    endloop
  endfacet
  facet normal 0.422633 -0.906301 0
    outer loop
      vertex 5.75 -9.95929 4.43563
      vertex 5.75 -9.95929 6
      vertex 4.72066 -10.4393 4.43563
    endloop
  endfacet
  facet normal 0.422629 -0.906303 0
    outer loop
      vertex 3.93323 -10.8065 2
      vertex 4.96256 -10.3265 3.56437
      vertex 3.93323 -10.8065 3.56437
    endloop
  endfacet
  facet normal 0.422633 -0.906301 -2.89206e-06
    outer loop
      vertex 5.75 -9.95929 2
      vertex 4.96256 -10.3265 3.56437
      vertex 3.93323 -10.8065 2
    endloop
  endfacet
  facet normal 0.422638 -0.906299 0
    outer loop
      vertex 4.96256 -10.3265 3.56437
      vertex 5.75 -9.95929 2
      vertex 5.75 -9.95929 3.56437
    endloop
  endfacet
  facet normal 0.965916 -0.258857 0
    outer loop
      vertex 11.3253 -1.99695 6
      vertex 11.0313 -3.094 4.43563
      vertex 11.3253 -1.99695 4.43563
    endloop
  endfacet
  facet normal 0.965929 -0.258808 -3.72397e-05
    outer loop
      vertex 10.8065 -3.93323 6
      vertex 11.0313 -3.094 4.43563
      vertex 11.3253 -1.99695 6
    endloop
  endfacet
  facet normal 0.965946 -0.258743 0
    outer loop
      vertex 11.0313 -3.094 4.43563
      vertex 10.8065 -3.93323 6
      vertex 10.8065 -3.93323 4.43563
    endloop
  endfacet
  facet normal 0.965918 -0.258847 0
    outer loop
      vertex 11.1004 -2.83619 3.56437
      vertex 11.3253 -1.99695 2
      vertex 11.3253 -1.99695 3.56437
    endloop
  endfacet
  facet normal 0.965937 -0.258777 0
    outer loop
      vertex 10.8065 -3.93323 2
      vertex 11.1004 -2.83619 3.56437
      vertex 10.8065 -3.93323 3.56437
    endloop
  endfacet
  facet normal 0.965929 -0.258808 2.28515e-05
    outer loop
      vertex 11.1004 -2.83619 3.56437
      vertex 10.8065 -3.93323 2
      vertex 11.3253 -1.99695 2
    endloop
  endfacet
  facet normal 0.906303 -0.422629 0
    outer loop
      vertex 10.8065 -3.93323 6
      vertex 10.3265 -4.96256 4.43563
      vertex 10.8065 -3.93323 4.43563
    endloop
  endfacet
  facet normal 0.906301 -0.422633 2.89206e-06
    outer loop
      vertex 9.95929 -5.75 6
      vertex 10.3265 -4.96256 4.43563
      vertex 10.8065 -3.93323 6
    endloop
  endfacet
  facet normal 0.906299 -0.422638 0
    outer loop
      vertex 10.3265 -4.96256 4.43563
      vertex 9.95929 -5.75 6
      vertex 9.95929 -5.75 4.43563
    endloop
  endfacet
  facet normal 0.906301 -0.422633 0
    outer loop
      vertex 10.4393 -4.72066 3.56437
      vertex 10.8065 -3.93323 2
      vertex 10.8065 -3.93323 3.56437
    endloop
  endfacet
  facet normal 0.906301 -0.422633 0
    outer loop
      vertex 9.95929 -5.75 2
      vertex 10.4393 -4.72066 3.56437
      vertex 9.95929 -5.75 3.56437
    endloop
  endfacet
  facet normal 0.906301 -0.422633 -1.99717e-07
    outer loop
      vertex 10.4393 -4.72066 3.56437
      vertex 9.95929 -5.75 2
      vertex 10.8065 -3.93323 2
    endloop
  endfacet
  facet normal -0.996194 -0.0871611 0
    outer loop
      vertex 2.925 0 0
      vertex 2.88056 0.50792 8
      vertex 2.88056 0.50792 0
    endloop
  endfacet
  facet normal -0.996194 -0.0871611 0
    outer loop
      vertex 2.88056 0.50792 8
      vertex 2.925 0 0
      vertex 2.925 0 8
    endloop
  endfacet
  facet normal 0.996194 -0.0871611 0
    outer loop
      vertex -2.925 0 8
      vertex -2.88056 0.50792 0
      vertex -2.88056 0.50792 8
    endloop
  endfacet
  facet normal 0.996194 -0.0871611 0
    outer loop
      vertex -2.88056 0.50792 0
      vertex -2.925 0 8
      vertex -2.925 0 0
    endloop
  endfacet
  facet normal -0.0871611 -0.996194 0
    outer loop
      vertex 0 2.925 0
      vertex 0.50792 2.88056 8
      vertex 0 2.925 8
    endloop
  endfacet
  facet normal -0.0871611 -0.996194 -0
    outer loop
      vertex 0.50792 2.88056 8
      vertex 0 2.925 0
      vertex 0.50792 2.88056 0
    endloop
  endfacet
  facet normal 0.0871611 0.996194 -0
    outer loop
      vertex 0 -2.925 0
      vertex -0.50792 -2.88056 8
      vertex 0 -2.925 8
    endloop
  endfacet
  facet normal 0.0871611 0.996194 0
    outer loop
      vertex -0.50792 -2.88056 8
      vertex 0 -2.925 0
      vertex -0.50792 -2.88056 0
    endloop
  endfacet
  facet normal 0.819154 0.573574 0
    outer loop
      vertex -2.24068 -1.88015 8
      vertex -2.53312 -1.4625 0
      vertex -2.53312 -1.4625 8
    endloop
  endfacet
  facet normal 0.819154 0.573574 0
    outer loop
      vertex -2.53312 -1.4625 0
      vertex -2.24068 -1.88015 8
      vertex -2.24068 -1.88015 0
    endloop
  endfacet
  facet normal -0.707107 -0.707107 0
    outer loop
      vertex 2.24068 1.88015 0
      vertex 1.88015 2.24068 8
      vertex 1.88015 2.24068 0
    endloop
  endfacet
  facet normal -0.707107 -0.707107 0
    outer loop
      vertex 1.88015 2.24068 8
      vertex 2.24068 1.88015 0
      vertex 2.24068 1.88015 8
    endloop
  endfacet
  facet normal 0.573574 -0.819154 0
    outer loop
      vertex -1.88015 2.24068 0
      vertex -1.4625 2.53312 8
      vertex -1.88015 2.24068 8
    endloop
  endfacet
  facet normal 0.573574 -0.819154 0
    outer loop
      vertex -1.4625 2.53312 8
      vertex -1.88015 2.24068 0
      vertex -1.4625 2.53312 0
    endloop
  endfacet
  facet normal 0.258815 -0.965927 0
    outer loop
      vertex -1.00041 2.7486 0
      vertex -0.50792 2.88056 8
      vertex -1.00041 2.7486 8
    endloop
  endfacet
  facet normal 0.258815 -0.965927 0
    outer loop
      vertex -0.50792 2.88056 8
      vertex -1.00041 2.7486 0
      vertex -0.50792 2.88056 0
    endloop
  endfacet
  facet normal -0.819154 0.573574 0
    outer loop
      vertex 2.24068 -1.88015 0
      vertex 2.53312 -1.4625 8
      vertex 2.53312 -1.4625 0
    endloop
  endfacet
  facet normal -0.819154 0.573574 0
    outer loop
      vertex 2.53312 -1.4625 8
      vertex 2.24068 -1.88015 0
      vertex 2.24068 -1.88015 8
    endloop
  endfacet
  facet normal -0.906305 -0.422625 0
    outer loop
      vertex 2.7486 1.00041 0
      vertex 2.53312 1.4625 8
      vertex 2.53312 1.4625 0
    endloop
  endfacet
  facet normal -0.906305 -0.422625 0
    outer loop
      vertex 2.53312 1.4625 8
      vertex 2.7486 1.00041 0
      vertex 2.7486 1.00041 8
    endloop
  endfacet
  facet normal -0.965927 -0.258815 0
    outer loop
      vertex 2.88056 0.50792 0
      vertex 2.7486 1.00041 8
      vertex 2.7486 1.00041 0
    endloop
  endfacet
  facet normal -0.965927 -0.258815 0
    outer loop
      vertex 2.7486 1.00041 8
      vertex 2.88056 0.50792 0
      vertex 2.88056 0.50792 8
    endloop
  endfacet
  facet normal -0.819154 -0.573574 0
    outer loop
      vertex 2.53312 1.4625 0
      vertex 2.24068 1.88015 8
      vertex 2.24068 1.88015 0
    endloop
  endfacet
  facet normal -0.819154 -0.573574 0
    outer loop
      vertex 2.24068 1.88015 8
      vertex 2.53312 1.4625 0
      vertex 2.53312 1.4625 8
    endloop
  endfacet
  facet normal -0.422625 -0.906305 0
    outer loop
      vertex 1.00041 2.7486 0
      vertex 1.4625 2.53312 8
      vertex 1.00041 2.7486 8
    endloop
  endfacet
  facet normal -0.422625 -0.906305 -0
    outer loop
      vertex 1.4625 2.53312 8
      vertex 1.00041 2.7486 0
      vertex 1.4625 2.53312 0
    endloop
  endfacet
  facet normal -0.258815 -0.965927 0
    outer loop
      vertex 0.50792 2.88056 0
      vertex 1.00041 2.7486 8
      vertex 0.50792 2.88056 8
    endloop
  endfacet
  facet normal -0.258815 -0.965927 -0
    outer loop
      vertex 1.00041 2.7486 8
      vertex 0.50792 2.88056 0
      vertex 1.00041 2.7486 0
    endloop
  endfacet
  facet normal -0.573574 -0.819154 0
    outer loop
      vertex 1.4625 2.53312 0
      vertex 1.88015 2.24068 8
      vertex 1.4625 2.53312 8
    endloop
  endfacet
  facet normal -0.573574 -0.819154 -0
    outer loop
      vertex 1.88015 2.24068 8
      vertex 1.4625 2.53312 0
      vertex 1.88015 2.24068 0
    endloop
  endfacet
  facet normal 0.819154 -0.573574 0
    outer loop
      vertex -2.53312 1.4625 8
      vertex -2.24068 1.88015 0
      vertex -2.24068 1.88015 8
    endloop
  endfacet
  facet normal 0.819154 -0.573574 0
    outer loop
      vertex -2.24068 1.88015 0
      vertex -2.53312 1.4625 8
      vertex -2.53312 1.4625 0
    endloop
  endfacet
  facet normal 0.707107 -0.707107 0
    outer loop
      vertex -2.24068 1.88015 8
      vertex -1.88015 2.24068 0
      vertex -1.88015 2.24068 8
    endloop
  endfacet
  facet normal 0.707107 -0.707107 0
    outer loop
      vertex -1.88015 2.24068 0
      vertex -2.24068 1.88015 8
      vertex -2.24068 1.88015 0
    endloop
  endfacet
  facet normal 0.422625 -0.906305 0
    outer loop
      vertex -1.4625 2.53312 0
      vertex -1.00041 2.7486 8
      vertex -1.4625 2.53312 8
    endloop
  endfacet
  facet normal 0.422625 -0.906305 0
    outer loop
      vertex -1.00041 2.7486 8
      vertex -1.4625 2.53312 0
      vertex -1.00041 2.7486 0
    endloop
  endfacet
  facet normal 0.0871611 -0.996194 0
    outer loop
      vertex -0.50792 2.88056 0
      vertex 0 2.925 8
      vertex -0.50792 2.88056 8
    endloop
  endfacet
  facet normal 0.0871611 -0.996194 0
    outer loop
      vertex 0 2.925 8
      vertex -0.50792 2.88056 0
      vertex 0 2.925 0
    endloop
  endfacet
  facet normal -0.0871611 0.996194 0
    outer loop
      vertex 0.50792 -2.88056 0
      vertex 0 -2.925 8
      vertex 0.50792 -2.88056 8
    endloop
  endfacet
  facet normal -0.0871611 0.996194 0
    outer loop
      vertex 0 -2.925 8
      vertex 0.50792 -2.88056 0
      vertex 0 -2.925 0
    endloop
  endfacet
  facet normal -0.573574 0.819154 0
    outer loop
      vertex 1.88015 -2.24068 0
      vertex 1.4625 -2.53312 8
      vertex 1.88015 -2.24068 8
    endloop
  endfacet
  facet normal -0.573574 0.819154 0
    outer loop
      vertex 1.4625 -2.53312 8
      vertex 1.88015 -2.24068 0
      vertex 1.4625 -2.53312 0
    endloop
  endfacet
  facet normal 0.707107 0.707107 0
    outer loop
      vertex -1.88015 -2.24068 8
      vertex -2.24068 -1.88015 0
      vertex -2.24068 -1.88015 8
    endloop
  endfacet
  facet normal 0.707107 0.707107 0
    outer loop
      vertex -2.24068 -1.88015 0
      vertex -1.88015 -2.24068 8
      vertex -1.88015 -2.24068 0
    endloop
  endfacet
  facet normal 0.906305 0.422625 0
    outer loop
      vertex -2.53312 -1.4625 8
      vertex -2.7486 -1.00041 0
      vertex -2.7486 -1.00041 8
    endloop
  endfacet
  facet normal 0.906305 0.422625 0
    outer loop
      vertex -2.7486 -1.00041 0
      vertex -2.53312 -1.4625 8
      vertex -2.53312 -1.4625 0
    endloop
  endfacet
  facet normal 0.996194 0.0871611 0
    outer loop
      vertex -2.88056 -0.50792 8
      vertex -2.925 0 0
      vertex -2.925 0 8
    endloop
  endfacet
  facet normal 0.996194 0.0871611 0
    outer loop
      vertex -2.925 0 0
      vertex -2.88056 -0.50792 8
      vertex -2.88056 -0.50792 0
    endloop
  endfacet
  facet normal 0.906305 -0.422625 0
    outer loop
      vertex -2.7486 1.00041 8
      vertex -2.53312 1.4625 0
      vertex -2.53312 1.4625 8
    endloop
  endfacet
  facet normal 0.906305 -0.422625 0
    outer loop
      vertex -2.53312 1.4625 0
      vertex -2.7486 1.00041 8
      vertex -2.7486 1.00041 0
    endloop
  endfacet
  facet normal 0.965927 -0.258815 0
    outer loop
      vertex -2.88056 0.50792 8
      vertex -2.7486 1.00041 0
      vertex -2.7486 1.00041 8
    endloop
  endfacet
  facet normal 0.965927 -0.258815 0
    outer loop
      vertex -2.7486 1.00041 0
      vertex -2.88056 0.50792 8
      vertex -2.88056 0.50792 0
    endloop
  endfacet
  facet normal -0.258815 0.965927 0
    outer loop
      vertex 1.00041 -2.7486 0
      vertex 0.50792 -2.88056 8
      vertex 1.00041 -2.7486 8
    endloop
  endfacet
  facet normal -0.258815 0.965927 0
    outer loop
      vertex 0.50792 -2.88056 8
      vertex 1.00041 -2.7486 0
      vertex 0.50792 -2.88056 0
    endloop
  endfacet
  facet normal -0.707107 0.707107 0
    outer loop
      vertex 1.88015 -2.24068 0
      vertex 2.24068 -1.88015 8
      vertex 2.24068 -1.88015 0
    endloop
  endfacet
  facet normal -0.707107 0.707107 0
    outer loop
      vertex 2.24068 -1.88015 8
      vertex 1.88015 -2.24068 0
      vertex 1.88015 -2.24068 8
    endloop
  endfacet
  facet normal -0.965927 0.258815 0
    outer loop
      vertex 2.7486 -1.00041 0
      vertex 2.88056 -0.50792 8
      vertex 2.88056 -0.50792 0
    endloop
  endfacet
  facet normal -0.965927 0.258815 0
    outer loop
      vertex 2.88056 -0.50792 8
      vertex 2.7486 -1.00041 0
      vertex 2.7486 -1.00041 8
    endloop
  endfacet
  facet normal 0.573574 0.819154 -0
    outer loop
      vertex -1.4625 -2.53312 0
      vertex -1.88015 -2.24068 8
      vertex -1.4625 -2.53312 8
    endloop
  endfacet
  facet normal 0.573574 0.819154 0
    outer loop
      vertex -1.88015 -2.24068 8
      vertex -1.4625 -2.53312 0
      vertex -1.88015 -2.24068 0
    endloop
  endfacet
  facet normal 0.422625 0.906305 -0
    outer loop
      vertex -1.00041 -2.7486 0
      vertex -1.4625 -2.53312 8
      vertex -1.00041 -2.7486 8
    endloop
  endfacet
  facet normal 0.422625 0.906305 0
    outer loop
      vertex -1.4625 -2.53312 8
      vertex -1.00041 -2.7486 0
      vertex -1.4625 -2.53312 0
    endloop
  endfacet
  facet normal 0.965927 0.258815 0
    outer loop
      vertex -2.7486 -1.00041 8
      vertex -2.88056 -0.50792 0
      vertex -2.88056 -0.50792 8
    endloop
  endfacet
  facet normal 0.965927 0.258815 0
    outer loop
      vertex -2.88056 -0.50792 0
      vertex -2.7486 -1.00041 8
      vertex -2.7486 -1.00041 0
    endloop
  endfacet
  facet normal -0.422625 0.906305 0
    outer loop
      vertex 1.4625 -2.53312 0
      vertex 1.00041 -2.7486 8
      vertex 1.4625 -2.53312 8
    endloop
  endfacet
  facet normal -0.422625 0.906305 0
    outer loop
      vertex 1.00041 -2.7486 8
      vertex 1.4625 -2.53312 0
      vertex 1.00041 -2.7486 0
    endloop
  endfacet
  facet normal -0.906305 0.422625 0
    outer loop
      vertex 2.53312 -1.4625 0
      vertex 2.7486 -1.00041 8
      vertex 2.7486 -1.00041 0
    endloop
  endfacet
  facet normal -0.906305 0.422625 0
    outer loop
      vertex 2.7486 -1.00041 8
      vertex 2.53312 -1.4625 0
      vertex 2.53312 -1.4625 8
    endloop
  endfacet
  facet normal -0.996194 0.0871611 0
    outer loop
      vertex 2.88056 -0.50792 0
      vertex 2.925 0 8
      vertex 2.925 0 0
    endloop
  endfacet
  facet normal -0.996194 0.0871611 0
    outer loop
      vertex 2.925 0 8
      vertex 2.88056 -0.50792 0
      vertex 2.88056 -0.50792 8
    endloop
  endfacet
  facet normal 0.258815 0.965927 -0
    outer loop
      vertex -0.50792 -2.88056 0
      vertex -1.00041 -2.7486 8
      vertex -0.50792 -2.88056 8
    endloop
  endfacet
  facet normal 0.258815 0.965927 0
    outer loop
      vertex -1.00041 -2.7486 8
      vertex -0.50792 -2.88056 0
      vertex -1.00041 -2.7486 0
    endloop
  endfacet
  facet normal 0.920828 -0.080566 -0.381555
    outer loop
      vertex -11.4526 0 4.55
      vertex -11.401 1.13141 4.43563
      vertex -11.2786 1.98873 4.55
    endloop
  endfacet
  facet normal 0.920801 -0.0805714 -0.381621
    outer loop
      vertex -11.401 1.13141 4.43563
      vertex -11.4526 0 4.55
      vertex -11.5 0 4.43563
    endloop
  endfacet
  facet normal 0.92075 -0.0805287 -0.381752
    outer loop
      vertex -11.2786 1.98873 4.55
      vertex -11.401 1.13141 4.43563
      vertex -11.3253 1.99695 4.43563
    endloop
  endfacet
  facet normal 0.791471 -0.0692305 -0.607274
    outer loop
      vertex -11.2778 0 4.77782
      vertex -11.4526 0 4.55
      vertex -11.1065 1.95837 4.77782
    endloop
  endfacet
  facet normal 0.791543 -0.0692545 -0.607177
    outer loop
      vertex -11.1065 1.95837 4.77782
      vertex -11.4526 0 4.55
      vertex -11.2786 1.98873 4.55
    endloop
  endfacet
  facet normal 0.607928 -0.053195 -0.792208
    outer loop
      vertex -11.05 0 4.95263
      vertex -11.2778 0 4.77782
      vertex -10.8821 1.91881 4.95263
    endloop
  endfacet
  facet normal 0.607827 -0.0531671 -0.792287
    outer loop
      vertex -10.8821 1.91881 4.95263
      vertex -11.2778 0 4.77782
      vertex -11.1065 1.95837 4.77782
    endloop
  endfacet
  facet normal 0.382467 -0.0334526 -0.923363
    outer loop
      vertex -10.7847 0 5.06252
      vertex -11.05 0 4.95263
      vertex -10.6209 1.87274 5.06252
    endloop
  endfacet
  facet normal 0.382551 -0.033474 -0.923328
    outer loop
      vertex -10.6209 1.87274 5.06252
      vertex -11.05 0 4.95263
      vertex -10.8821 1.91881 4.95263
    endloop
  endfacet
  facet normal 0.130513 -0.011417 -0.991381
    outer loop
      vertex -10.5 0 5.1
      vertex -10.7847 0 5.06252
      vertex -10.3405 1.82331 5.1
    endloop
  endfacet
  facet normal 0.130502 -0.0114144 -0.991382
    outer loop
      vertex -10.3405 1.82331 5.1
      vertex -10.7847 0 5.06252
      vertex -10.6209 1.87274 5.06252
    endloop
  endfacet
  facet normal -0.130513 0.0114189 -0.991381
    outer loop
      vertex -10.2153 0 5.06252
      vertex -10.5 0 5.1
      vertex -10.0601 1.77387 5.06252
    endloop
  endfacet
  facet normal -0.130501 0.011416 -0.991382
    outer loop
      vertex -10.0601 1.77387 5.06252
      vertex -10.5 0 5.1
      vertex -10.3405 1.82331 5.1
    endloop
  endfacet
  facet normal -0.382467 0.0334608 -0.923363
    outer loop
      vertex -9.95 0 4.95263
      vertex -10.2153 0 5.06252
      vertex -9.79884 1.7278 4.95263
    endloop
  endfacet
  facet normal -0.382478 0.0334639 -0.923358
    outer loop
      vertex -9.79884 1.7278 4.95263
      vertex -10.2153 0 5.06252
      vertex -10.0601 1.77387 5.06252
    endloop
  endfacet
  facet normal -0.607895 0.0531832 -0.792235
    outer loop
      vertex -9.72218 0 4.77782
      vertex -9.95 0 4.95263
      vertex -9.57448 1.68824 4.77782
    endloop
  endfacet
  facet normal -0.607893 0.0531827 -0.792236
    outer loop
      vertex -9.57448 1.68824 4.77782
      vertex -9.95 0 4.95263
      vertex -9.79884 1.7278 4.95263
    endloop
  endfacet
  facet normal -0.791453 0.0692405 -0.607295
    outer loop
      vertex -9.54737 0 4.55
      vertex -9.72218 0 4.77782
      vertex -9.40233 1.65788 4.55
    endloop
  endfacet
  facet normal -0.79146 0.0692429 -0.607286
    outer loop
      vertex -9.40233 1.65788 4.55
      vertex -9.72218 0 4.77782
      vertex -9.57448 1.68824 4.77782
    endloop
  endfacet
  facet normal -0.920877 0.0805683 -0.381437
    outer loop
      vertex -9.43748 0 4.2847
      vertex -9.54737 0 4.55
      vertex -9.2941 1.6388 4.2847
    endloop
  endfacet
  facet normal -0.920866 0.0805622 -0.381464
    outer loop
      vertex -9.2941 1.6388 4.2847
      vertex -9.54737 0 4.55
      vertex -9.40233 1.65788 4.55
    endloop
  endfacet
  facet normal -0.987737 0.0864176 -0.130033
    outer loop
      vertex -9.4 0 4
      vertex -9.43748 0 4.2847
      vertex -9.25719 1.63229 4
    endloop
  endfacet
  facet normal -0.987737 0.0864179 -0.130031
    outer loop
      vertex -9.25719 1.63229 4
      vertex -9.43748 0 4.2847
      vertex -9.2941 1.6388 4.2847
    endloop
  endfacet
  facet normal -0.987736 0.0864179 0.130033
    outer loop
      vertex -9.2941 1.6388 3.7153
      vertex -9.43748 0 3.7153
      vertex -9.4 0 4
    endloop
  endfacet
  facet normal -0.987737 0.0864177 0.130031
    outer loop
      vertex -9.2941 1.6388 3.7153
      vertex -9.4 0 4
      vertex -9.25719 1.63229 4
    endloop
  endfacet
  facet normal -0.920878 0.0805632 0.381437
    outer loop
      vertex -9.40233 1.65788 3.45
      vertex -9.54737 0 3.45
      vertex -9.43748 0 3.7153
    endloop
  endfacet
  facet normal -0.920866 0.0805673 0.381464
    outer loop
      vertex -9.40233 1.65788 3.45
      vertex -9.43748 0 3.7153
      vertex -9.2941 1.6388 3.7153
    endloop
  endfacet
  facet normal -0.791453 0.0692423 0.607295
    outer loop
      vertex -9.57448 1.68824 3.22218
      vertex -9.72218 0 3.22218
      vertex -9.54737 0 3.45
    endloop
  endfacet
  facet normal -0.79146 0.0692411 0.607286
    outer loop
      vertex -9.40233 1.65788 3.45
      vertex -9.57448 1.68824 3.22218
      vertex -9.54737 0 3.45
    endloop
  endfacet
  facet normal -0.607895 0.0531829 0.792235
    outer loop
      vertex -9.79884 1.7278 3.04737
      vertex -9.95 0 3.04737
      vertex -9.72218 0 3.22218
    endloop
  endfacet
  facet normal -0.607893 0.0531831 0.792236
    outer loop
      vertex -9.57448 1.68824 3.22218
      vertex -9.79884 1.7278 3.04737
      vertex -9.72218 0 3.22218
    endloop
  endfacet
  facet normal -0.382467 0.0334629 0.923363
    outer loop
      vertex -10.0601 1.77387 2.93748
      vertex -10.2153 0 2.93748
      vertex -9.95 0 3.04737
    endloop
  endfacet
  facet normal -0.382478 0.0334619 0.923358
    outer loop
      vertex -9.79884 1.7278 3.04737
      vertex -10.0601 1.77387 2.93748
      vertex -9.95 0 3.04737
    endloop
  endfacet
  facet normal -0.130513 0.011417 0.991381
    outer loop
      vertex -10.3405 1.82331 2.9
      vertex -10.5 0 2.9
      vertex -10.2153 0 2.93748
    endloop
  endfacet
  facet normal -0.130501 0.0114178 0.991382
    outer loop
      vertex -10.0601 1.77387 2.93748
      vertex -10.3405 1.82331 2.9
      vertex -10.2153 0 2.93748
    endloop
  endfacet
  facet normal 0.130513 -0.0114153 0.991381
    outer loop
      vertex -10.6209 1.87274 2.93748
      vertex -10.7847 0 2.93748
      vertex -10.5 0 2.9
    endloop
  endfacet
  facet normal 0.130502 -0.0114161 0.991382
    outer loop
      vertex -10.3405 1.82331 2.9
      vertex -10.6209 1.87274 2.93748
      vertex -10.5 0 2.9
    endloop
  endfacet
  facet normal 0.382467 -0.0334666 0.923363
    outer loop
      vertex -10.8821 1.91881 3.04737
      vertex -11.05 0 3.04737
      vertex -10.7847 0 2.93748
    endloop
  endfacet
  facet normal 0.382553 -0.0334602 0.923327
    outer loop
      vertex -10.6209 1.87274 2.93748
      vertex -10.8821 1.91881 3.04737
      vertex -10.7847 0 2.93748
    endloop
  endfacet
  facet normal 0.607928 -0.0531759 0.792209
    outer loop
      vertex -11.1065 1.95837 3.22218
      vertex -11.2778 0 3.22218
      vertex -11.05 0 3.04737
    endloop
  endfacet
  facet normal 0.607825 -0.053186 0.792288
    outer loop
      vertex -10.8821 1.91881 3.04737
      vertex -11.1065 1.95837 3.22218
      vertex -11.05 0 3.04737
    endloop
  endfacet
  facet normal 0.79147 -0.0692481 0.607273
    outer loop
      vertex -11.2786 1.98873 3.45
      vertex -11.4526 0 3.45
      vertex -11.2778 0 3.22218
    endloop
  endfacet
  facet normal 0.791545 -0.069237 0.607176
    outer loop
      vertex -11.1065 1.95837 3.22218
      vertex -11.2786 1.98873 3.45
      vertex -11.2778 0 3.22218
    endloop
  endfacet
  facet normal 0.920804 -0.0805328 0.381622
    outer loop
      vertex -11.4243 0.865546 3.56437
      vertex -11.5 0 3.56437
      vertex -11.4526 0 3.45
    endloop
  endfacet
  facet normal 0.920746 -0.080567 0.381753
    outer loop
      vertex -11.4243 0.865546 3.56437
      vertex -11.2786 1.98873 3.45
      vertex -11.3253 1.99695 3.56437
    endloop
  endfacet
  facet normal 0.920719 -0.0805564 0.381822
    outer loop
      vertex -11.2786 1.98873 3.45
      vertex -11.4243 0.865546 3.56437
      vertex -11.4526 0 3.45
    endloop
  endfacet
  facet normal 0.892879 -0.239252 -0.381478
    outer loop
      vertex -11.2786 1.98873 4.55
      vertex -11.0313 3.094 4.43563
      vertex -10.7619 3.91703 4.55
    endloop
  endfacet
  facet normal 0.892769 -0.239254 -0.381734
    outer loop
      vertex -11.0313 3.094 4.43563
      vertex -11.2786 1.98873 4.55
      vertex -11.3253 1.99695 4.43563
    endloop
  endfacet
  facet normal 0.892696 -0.239122 -0.381988
    outer loop
      vertex -10.7619 3.91703 4.55
      vertex -11.0313 3.094 4.43563
      vertex -10.8065 3.93323 4.43563
    endloop
  endfacet
  facet normal 0.767489 -0.205648 -0.607182
    outer loop
      vertex -11.1065 1.95837 4.77782
      vertex -11.2786 1.98873 4.55
      vertex -10.5977 3.85724 4.77782
    endloop
  endfacet
  facet normal 0.767509 -0.205659 -0.607152
    outer loop
      vertex -10.5977 3.85724 4.77782
      vertex -11.2786 1.98873 4.55
      vertex -10.7619 3.91703 4.55
    endloop
  endfacet
  facet normal 0.589361 -0.157912 -0.792286
    outer loop
      vertex -10.8821 1.91881 4.95263
      vertex -11.1065 1.95837 4.77782
      vertex -10.3836 3.77932 4.95263
    endloop
  endfacet
  facet normal 0.589393 -0.157927 -0.792259
    outer loop
      vertex -10.3836 3.77932 4.95263
      vertex -11.1065 1.95837 4.77782
      vertex -10.5977 3.85724 4.77782
    endloop
  endfacet
  facet normal 0.370924 -0.0993984 -0.923329
    outer loop
      vertex -10.6209 1.87274 5.06252
      vertex -10.8821 1.91881 4.95263
      vertex -10.1343 3.68858 5.06252
    endloop
  endfacet
  facet normal 0.370847 -0.0993637 -0.923363
    outer loop
      vertex -10.1343 3.68858 5.06252
      vertex -10.8821 1.91881 4.95263
      vertex -10.3836 3.77932 4.95263
    endloop
  endfacet
  facet normal 0.126537 -0.0339071 -0.991382
    outer loop
      vertex -10.3405 1.82331 5.1
      vertex -10.6209 1.87274 5.06252
      vertex -9.86677 3.59121 5.1
    endloop
  endfacet
  facet normal 0.126547 -0.0339113 -0.991381
    outer loop
      vertex -9.86677 3.59121 5.1
      vertex -10.6209 1.87274 5.06252
      vertex -10.1343 3.68858 5.06252
    endloop
  endfacet
  facet normal -0.126536 0.0339049 -0.991382
    outer loop
      vertex -10.0601 1.77387 5.06252
      vertex -10.3405 1.82331 5.1
      vertex -9.59924 3.49384 5.06252
    endloop
  endfacet
  facet normal -0.126547 0.0339098 -0.991381
    outer loop
      vertex -9.59924 3.49384 5.06252
      vertex -10.3405 1.82331 5.1
      vertex -9.86677 3.59121 5.1
    endloop
  endfacet
  facet normal -0.370856 0.0993716 -0.923359
    outer loop
      vertex -9.79884 1.7278 4.95263
      vertex -10.0601 1.77387 5.06252
      vertex -9.34994 3.4031 4.95263
    endloop
  endfacet
  facet normal -0.370846 0.0993668 -0.923363
    outer loop
      vertex -9.34994 3.4031 4.95263
      vertex -10.0601 1.77387 5.06252
      vertex -9.59924 3.49384 5.06252
    endloop
  endfacet
  facet normal -0.589422 0.157936 -0.792236
    outer loop
      vertex -9.57448 1.68824 4.77782
      vertex -9.79884 1.7278 4.95263
      vertex -9.13586 3.32518 4.77782
    endloop
  endfacet
  facet normal -0.589424 0.157937 -0.792234
    outer loop
      vertex -9.13586 3.32518 4.77782
      vertex -9.79884 1.7278 4.95263
      vertex -9.34994 3.4031 4.95263
    endloop
  endfacet
  facet normal -0.767409 0.205631 -0.607288
    outer loop
      vertex -9.40233 1.65788 4.55
      vertex -9.57448 1.68824 4.77782
      vertex -8.97159 3.26539 4.55
    endloop
  endfacet
  facet normal -0.767401 0.205626 -0.607301
    outer loop
      vertex -8.97159 3.26539 4.55
      vertex -9.57448 1.68824 4.77782
      vertex -9.13586 3.32518 4.77782
    endloop
  endfacet
  facet normal -0.892887 0.239246 -0.381463
    outer loop
      vertex -9.2941 1.6388 4.2847
      vertex -9.40233 1.65788 4.55
      vertex -8.86833 3.22781 4.2847
    endloop
  endfacet
  facet normal -0.8929 0.239257 -0.381425
    outer loop
      vertex -8.86833 3.22781 4.2847
      vertex -9.40233 1.65788 4.55
      vertex -8.97159 3.26539 4.55
    endloop
  endfacet
  facet normal -0.957725 0.25662 -0.130032
    outer loop
      vertex -9.25719 1.63229 4
      vertex -9.2941 1.6388 4.2847
      vertex -8.83311 3.21499 4
    endloop
  endfacet
  facet normal -0.957725 0.256619 -0.130035
    outer loop
      vertex -8.83311 3.21499 4
      vertex -9.2941 1.6388 4.2847
      vertex -8.86833 3.22781 4.2847
    endloop
  endfacet
  facet normal -0.957725 0.256619 0.130032
    outer loop
      vertex -8.86833 3.22781 3.7153
      vertex -9.2941 1.6388 3.7153
      vertex -9.25719 1.63229 4
    endloop
  endfacet
  facet normal -0.957725 0.25662 0.130035
    outer loop
      vertex -8.86833 3.22781 3.7153
      vertex -9.25719 1.63229 4
      vertex -8.83311 3.21499 4
    endloop
  endfacet
  facet normal -0.892886 0.239253 0.381462
    outer loop
      vertex -8.97159 3.26539 3.45
      vertex -9.40233 1.65788 3.45
      vertex -9.2941 1.6388 3.7153
    endloop
  endfacet
  facet normal -0.892902 0.23925 0.381425
    outer loop
      vertex -8.97159 3.26539 3.45
      vertex -9.2941 1.6388 3.7153
      vertex -8.86833 3.22781 3.7153
    endloop
  endfacet
  facet normal -0.76741 0.205628 0.607288
    outer loop
      vertex -9.13586 3.32518 3.22218
      vertex -9.57448 1.68824 3.22218
      vertex -9.40233 1.65788 3.45
    endloop
  endfacet
  facet normal -0.7674 0.205628 0.607301
    outer loop
      vertex -9.13586 3.32518 3.22218
      vertex -9.40233 1.65788 3.45
      vertex -8.97159 3.26539 3.45
    endloop
  endfacet
  facet normal -0.589422 0.157937 0.792236
    outer loop
      vertex -9.34994 3.4031 3.04737
      vertex -9.79884 1.7278 3.04737
      vertex -9.57448 1.68824 3.22218
    endloop
  endfacet
  facet normal -0.589424 0.157937 0.792234
    outer loop
      vertex -9.34994 3.4031 3.04737
      vertex -9.57448 1.68824 3.22218
      vertex -9.13586 3.32518 3.22218
    endloop
  endfacet
  facet normal -0.370856 0.0993697 0.923359
    outer loop
      vertex -9.59924 3.49384 2.93748
      vertex -10.0601 1.77387 2.93748
      vertex -9.79884 1.7278 3.04737
    endloop
  endfacet
  facet normal -0.370845 0.0993687 0.923363
    outer loop
      vertex -9.59924 3.49384 2.93748
      vertex -9.79884 1.7278 3.04737
      vertex -9.34994 3.4031 3.04737
    endloop
  endfacet
  facet normal -0.126536 0.0339068 0.991382
    outer loop
      vertex -9.86677 3.59121 2.9
      vertex -10.3405 1.82331 2.9
      vertex -10.0601 1.77387 2.93748
    endloop
  endfacet
  facet normal -0.126548 0.033908 0.991381
    outer loop
      vertex -9.86677 3.59121 2.9
      vertex -10.0601 1.77387 2.93748
      vertex -9.59924 3.49384 2.93748
    endloop
  endfacet
  facet normal 0.126537 -0.0339087 0.991382
    outer loop
      vertex -10.1343 3.68858 2.93748
      vertex -10.6209 1.87274 2.93748
      vertex -10.3405 1.82331 2.9
    endloop
  endfacet
  facet normal 0.126547 -0.0339098 0.991381
    outer loop
      vertex -10.1343 3.68858 2.93748
      vertex -10.3405 1.82331 2.9
      vertex -9.86677 3.59121 2.9
    endloop
  endfacet
  facet normal 0.370926 -0.099385 0.923329
    outer loop
      vertex -10.3836 3.77932 3.04737
      vertex -10.8821 1.91881 3.04737
      vertex -10.6209 1.87274 2.93748
    endloop
  endfacet
  facet normal 0.370842 -0.0993765 0.923364
    outer loop
      vertex -10.3836 3.77932 3.04737
      vertex -10.6209 1.87274 2.93748
      vertex -10.1343 3.68858 2.93748
    endloop
  endfacet
  facet normal 0.58936 -0.157918 0.792286
    outer loop
      vertex -10.5977 3.85724 3.22218
      vertex -11.1065 1.95837 3.22218
      vertex -10.8821 1.91881 3.04737
    endloop
  endfacet
  facet normal 0.589395 -0.157921 0.792259
    outer loop
      vertex -10.5977 3.85724 3.22218
      vertex -10.8821 1.91881 3.04737
      vertex -10.3836 3.77932 3.04737
    endloop
  endfacet
  facet normal 0.767487 -0.205653 0.607182
    outer loop
      vertex -10.7619 3.91703 3.45
      vertex -11.2786 1.98873 3.45
      vertex -11.1065 1.95837 3.22218
    endloop
  endfacet
  facet normal 0.767511 -0.205654 0.607152
    outer loop
      vertex -10.7619 3.91703 3.45
      vertex -11.1065 1.95837 3.22218
      vertex -10.5977 3.85724 3.22218
    endloop
  endfacet
  facet normal 0.892771 -0.239245 0.381735
    outer loop
      vertex -11.3253 1.99695 3.56437
      vertex -11.2786 1.98873 3.45
      vertex -11.1004 2.83619 3.56437
    endloop
  endfacet
  facet normal 0.892687 -0.239153 0.381989
    outer loop
      vertex -11.1004 2.83619 3.56437
      vertex -10.7619 3.91703 3.45
      vertex -10.8065 3.93323 3.56437
    endloop
  endfacet
  facet normal 0.892831 -0.23924 0.381599
    outer loop
      vertex -10.7619 3.91703 3.45
      vertex -11.1004 2.83619 3.56437
      vertex -11.2786 1.98873 3.45
    endloop
  endfacet
  facet normal 0.837706 -0.390605 -0.381675
    outer loop
      vertex -10.7619 3.91703 4.55
      vertex -10.3265 4.96256 4.43563
      vertex -9.91827 5.72631 4.55
    endloop
  endfacet
  facet normal 0.837588 -0.390587 -0.381953
    outer loop
      vertex -10.3265 4.96256 4.43563
      vertex -10.7619 3.91703 4.55
      vertex -10.8065 3.93323 4.43563
    endloop
  endfacet
  facet normal 0.837789 -0.390689 -0.381407
    outer loop
      vertex -9.91827 5.72631 4.55
      vertex -10.3265 4.96256 4.43563
      vertex -9.95929 5.75 4.43563
    endloop
  endfacet
  facet normal 0.720131 -0.335808 -0.607161
    outer loop
      vertex -10.5977 3.85724 4.77782
      vertex -10.7619 3.91703 4.55
      vertex -9.76688 5.63891 4.77782
    endloop
  endfacet
  facet normal 0.720052 -0.335745 -0.60729
    outer loop
      vertex -9.76688 5.63891 4.77782
      vertex -10.7619 3.91703 4.55
      vertex -9.91827 5.72631 4.55
    endloop
  endfacet
  facet normal 0.553017 -0.257875 -0.792258
    outer loop
      vertex -10.3836 3.77932 4.95263
      vertex -10.5977 3.85724 4.77782
      vertex -9.56958 5.525 4.95263
    endloop
  endfacet
  facet normal 0.553039 -0.257891 -0.792237
    outer loop
      vertex -9.56958 5.525 4.95263
      vertex -10.5977 3.85724 4.77782
      vertex -9.76688 5.63891 4.77782
    endloop
  endfacet
  facet normal 0.347956 -0.162254 -0.923363
    outer loop
      vertex -10.1343 3.68858 5.06252
      vertex -10.3836 3.77932 4.95263
      vertex -9.33982 5.39235 5.06252
    endloop
  endfacet
  facet normal 0.347953 -0.162253 -0.923365
    outer loop
      vertex -9.33982 5.39235 5.06252
      vertex -10.3836 3.77932 4.95263
      vertex -9.56958 5.525 4.95263
    endloop
  endfacet
  facet normal 0.118737 -0.0553677 -0.991381
    outer loop
      vertex -9.86677 3.59121 5.1
      vertex -10.1343 3.68858 5.06252
      vertex -9.09327 5.25 5.1
    endloop
  endfacet
  facet normal 0.118739 -0.055369 -0.99138
    outer loop
      vertex -9.09327 5.25 5.1
      vertex -10.1343 3.68858 5.06252
      vertex -9.33982 5.39235 5.06252
    endloop
  endfacet
  facet normal -0.118737 0.0553679 -0.991381
    outer loop
      vertex -9.59924 3.49384 5.06252
      vertex -9.86677 3.59121 5.1
      vertex -8.84671 5.10765 5.06252
    endloop
  endfacet
  facet normal -0.118736 0.0553669 -0.991381
    outer loop
      vertex -8.84671 5.10765 5.06252
      vertex -9.86677 3.59121 5.1
      vertex -9.09327 5.25 5.1
    endloop
  endfacet
  facet normal -0.347956 0.162255 -0.923363
    outer loop
      vertex -9.34994 3.4031 4.95263
      vertex -9.59924 3.49384 5.06252
      vertex -8.61695 4.975 4.95263
    endloop
  endfacet
  facet normal -0.347953 0.162253 -0.923365
    outer loop
      vertex -8.61695 4.975 4.95263
      vertex -9.59924 3.49384 5.06252
      vertex -8.84671 5.10765 5.06252
    endloop
  endfacet
  facet normal -0.553045 0.257887 -0.792234
    outer loop
      vertex -9.13586 3.32518 4.77782
      vertex -9.34994 3.4031 4.95263
      vertex -8.41966 4.86109 4.77782
    endloop
  endfacet
  facet normal -0.553055 0.257894 -0.792225
    outer loop
      vertex -8.41966 4.86109 4.77782
      vertex -9.34994 3.4031 4.95263
      vertex -8.61695 4.975 4.95263
    endloop
  endfacet
  facet normal -0.720038 0.335754 -0.607301
    outer loop
      vertex -8.97159 3.26539 4.55
      vertex -9.13586 3.32518 4.77782
      vertex -8.26827 4.77369 4.55
    endloop
  endfacet
  facet normal -0.720045 0.335759 -0.60729
    outer loop
      vertex -8.26827 4.77369 4.55
      vertex -9.13586 3.32518 4.77782
      vertex -8.41966 4.86109 4.77782
    endloop
  endfacet
  facet normal -0.837792 0.390668 -0.381424
    outer loop
      vertex -8.86833 3.22781 4.2847
      vertex -8.97159 3.26539 4.55
      vertex -8.1731 4.71874 4.2847
    endloop
  endfacet
  facet normal -0.837784 0.390659 -0.38145
    outer loop
      vertex -8.1731 4.71874 4.2847
      vertex -8.97159 3.26539 4.55
      vertex -8.26827 4.77369 4.55
    endloop
  endfacet
  facet normal -0.898613 0.419029 -0.130035
    outer loop
      vertex -8.83311 3.21499 4
      vertex -8.86833 3.22781 4.2847
      vertex -8.14064 4.7 4
    endloop
  endfacet
  facet normal -0.898613 0.419029 -0.130037
    outer loop
      vertex -8.14064 4.7 4
      vertex -8.86833 3.22781 4.2847
      vertex -8.1731 4.71874 4.2847
    endloop
  endfacet
  facet normal -0.898613 0.419029 0.130035
    outer loop
      vertex -8.1731 4.71874 3.7153
      vertex -8.86833 3.22781 3.7153
      vertex -8.83311 3.21499 4
    endloop
  endfacet
  facet normal -0.898613 0.419029 0.130037
    outer loop
      vertex -8.1731 4.71874 3.7153
      vertex -8.83311 3.21499 4
      vertex -8.14064 4.7 4
    endloop
  endfacet
  facet normal -0.837794 0.390663 0.381424
    outer loop
      vertex -8.26827 4.77369 3.45
      vertex -8.97159 3.26539 3.45
      vertex -8.86833 3.22781 3.7153
    endloop
  endfacet
  facet normal -0.837782 0.390663 0.38145
    outer loop
      vertex -8.26827 4.77369 3.45
      vertex -8.86833 3.22781 3.7153
      vertex -8.1731 4.71874 3.7153
    endloop
  endfacet
  facet normal -0.720037 0.335756 0.607301
    outer loop
      vertex -8.41966 4.86109 3.22218
      vertex -9.13586 3.32518 3.22218
      vertex -8.97159 3.26539 3.45
    endloop
  endfacet
  facet normal -0.720046 0.335757 0.60729
    outer loop
      vertex -8.41966 4.86109 3.22218
      vertex -8.97159 3.26539 3.45
      vertex -8.26827 4.77369 3.45
    endloop
  endfacet
  facet normal -0.553044 0.257889 0.792234
    outer loop
      vertex -8.61695 4.975 3.04737
      vertex -9.34994 3.4031 3.04737
      vertex -9.13586 3.32518 3.22218
    endloop
  endfacet
  facet normal -0.553056 0.257892 0.792225
    outer loop
      vertex -8.61695 4.975 3.04737
      vertex -9.13586 3.32518 3.22218
      vertex -8.41966 4.86109 3.22218
    endloop
  endfacet
  facet normal -0.347956 0.162254 0.923363
    outer loop
      vertex -8.84671 5.10765 2.93748
      vertex -9.59924 3.49384 2.93748
      vertex -9.34994 3.4031 3.04737
    endloop
  endfacet
  facet normal -0.347953 0.162253 0.923365
    outer loop
      vertex -8.84671 5.10765 2.93748
      vertex -9.34994 3.4031 3.04737
      vertex -8.61695 4.975 3.04737
    endloop
  endfacet
  facet normal -0.118737 0.0553677 0.991381
    outer loop
      vertex -9.09327 5.25 2.9
      vertex -9.86677 3.59121 2.9
      vertex -9.59924 3.49384 2.93748
    endloop
  endfacet
  facet normal -0.118736 0.0553672 0.991381
    outer loop
      vertex -9.09327 5.25 2.9
      vertex -9.59924 3.49384 2.93748
      vertex -8.84671 5.10765 2.93748
    endloop
  endfacet
  facet normal 0.118737 -0.055368 0.991381
    outer loop
      vertex -9.33982 5.39235 2.93748
      vertex -10.1343 3.68858 2.93748
      vertex -9.86677 3.59121 2.9
    endloop
  endfacet
  facet normal 0.118739 -0.0553687 0.99138
    outer loop
      vertex -9.33982 5.39235 2.93748
      vertex -9.86677 3.59121 2.9
      vertex -9.09327 5.25 2.9
    endloop
  endfacet
  facet normal 0.347956 -0.162254 0.923363
    outer loop
      vertex -9.56958 5.525 3.04737
      vertex -10.3836 3.77932 3.04737
      vertex -10.1343 3.68858 2.93748
    endloop
  endfacet
  facet normal 0.347953 -0.162253 0.923365
    outer loop
      vertex -9.56958 5.525 3.04737
      vertex -10.1343 3.68858 2.93748
      vertex -9.33982 5.39235 2.93748
    endloop
  endfacet
  facet normal 0.553015 -0.25788 0.792258
    outer loop
      vertex -9.76688 5.63891 3.22218
      vertex -10.5977 3.85724 3.22218
      vertex -10.3836 3.77932 3.04737
    endloop
  endfacet
  facet normal 0.553042 -0.257886 0.792237
    outer loop
      vertex -9.76688 5.63891 3.22218
      vertex -10.3836 3.77932 3.04737
      vertex -9.56958 5.525 3.04737
    endloop
  endfacet
  facet normal 0.72014 -0.335786 0.607162
    outer loop
      vertex -9.91827 5.72631 3.45
      vertex -10.7619 3.91703 3.45
      vertex -10.5977 3.85724 3.22218
    endloop
  endfacet
  facet normal 0.720041 -0.335766 0.607291
    outer loop
      vertex -9.91827 5.72631 3.45
      vertex -10.5977 3.85724 3.22218
      vertex -9.76688 5.63891 3.22218
    endloop
  endfacet
  facet normal 0.837587 -0.39059 0.381953
    outer loop
      vertex -10.8065 3.93323 3.56437
      vertex -10.7619 3.91703 3.45
      vertex -10.4393 4.72066 3.56437
    endloop
  endfacet
  facet normal 0.837791 -0.390685 0.381407
    outer loop
      vertex -10.4393 4.72066 3.56437
      vertex -9.91827 5.72631 3.45
      vertex -9.95929 5.75 3.56437
    endloop
  endfacet
  facet normal 0.83769 -0.390598 0.381719
    outer loop
      vertex -9.91827 5.72631 3.45
      vertex -10.4393 4.72066 3.56437
      vertex -10.7619 3.91703 3.45
    endloop
  endfacet
  facet normal 0.757211 -0.530205 -0.381462
    outer loop
      vertex -9.91827 5.72631 4.55
      vertex -9.30786 6.68035 4.43563
      vertex -8.77322 7.36161 4.55
    endloop
  endfacet
  facet normal 0.757231 -0.530212 -0.381414
    outer loop
      vertex -9.30786 6.68035 4.43563
      vertex -9.91827 5.72631 4.55
      vertex -9.95929 5.75 4.43563
    endloop
  endfacet
  facet normal 0.757219 -0.530216 -0.381433
    outer loop
      vertex -8.77322 7.36161 4.55
      vertex -9.30786 6.68035 4.43563
      vertex -8.80951 7.39206 4.43563
    endloop
  endfacet
  facet normal 0.6508 -0.455697 -0.607289
    outer loop
      vertex -9.76688 5.63891 4.77782
      vertex -9.91827 5.72631 4.55
      vertex -8.63931 7.24924 4.77782
    endloop
  endfacet
  facet normal 0.650796 -0.455693 -0.607296
    outer loop
      vertex -8.63931 7.24924 4.77782
      vertex -9.91827 5.72631 4.55
      vertex -8.77322 7.36161 4.55
    endloop
  endfacet
  facet normal 0.499857 -0.350005 -0.792237
    outer loop
      vertex -9.56958 5.525 4.95263
      vertex -9.76688 5.63891 4.77782
      vertex -8.46479 7.1028 4.95263
    endloop
  endfacet
  facet normal 0.49986 -0.350007 -0.792235
    outer loop
      vertex -8.46479 7.1028 4.95263
      vertex -9.76688 5.63891 4.77782
      vertex -8.63931 7.24924 4.77782
    endloop
  endfacet
  facet normal 0.314492 -0.220209 -0.923365
    outer loop
      vertex -9.33982 5.39235 5.06252
      vertex -9.56958 5.525 4.95263
      vertex -8.26156 6.93227 5.06252
    endloop
  endfacet
  facet normal 0.314497 -0.220214 -0.923362
    outer loop
      vertex -8.26156 6.93227 5.06252
      vertex -9.56958 5.525 4.95263
      vertex -8.46479 7.1028 4.95263
    endloop
  endfacet
  facet normal 0.10732 -0.0751465 -0.991381
    outer loop
      vertex -9.09327 5.25 5.1
      vertex -9.33982 5.39235 5.06252
      vertex -8.04347 6.74927 5.1
    endloop
  endfacet
  facet normal 0.107319 -0.0751456 -0.991381
    outer loop
      vertex -8.04347 6.74927 5.1
      vertex -9.33982 5.39235 5.06252
      vertex -8.26156 6.93227 5.06252
    endloop
  endfacet
  facet normal -0.107317 0.0751446 -0.991381
    outer loop
      vertex -8.84671 5.10765 5.06252
      vertex -9.09327 5.25 5.1
      vertex -7.82537 6.56627 5.06252
    endloop
  endfacet
  facet normal -0.107316 0.0751437 -0.991381
    outer loop
      vertex -7.82537 6.56627 5.06252
      vertex -9.09327 5.25 5.1
      vertex -8.04347 6.74927 5.1
    endloop
  endfacet
  facet normal -0.314492 0.220209 -0.923365
    outer loop
      vertex -8.61695 4.975 4.95263
      vertex -8.84671 5.10765 5.06252
      vertex -7.62214 6.39574 4.95263
    endloop
  endfacet
  facet normal -0.314497 0.220214 -0.923362
    outer loop
      vertex -7.62214 6.39574 4.95263
      vertex -8.84671 5.10765 5.06252
      vertex -7.82537 6.56627 5.06252
    endloop
  endfacet
  facet normal -0.499868 0.350013 -0.792226
    outer loop
      vertex -8.41966 4.86109 4.77782
      vertex -8.61695 4.975 4.95263
      vertex -7.44762 6.2493 4.77782
    endloop
  endfacet
  facet normal -0.499861 0.350005 -0.792234
    outer loop
      vertex -7.44762 6.2493 4.77782
      vertex -8.61695 4.975 4.95263
      vertex -7.62214 6.39574 4.95263
    endloop
  endfacet
  facet normal -0.650799 0.455699 -0.607289
    outer loop
      vertex -8.26827 4.77369 4.55
      vertex -8.41966 4.86109 4.77782
      vertex -7.31371 6.13693 4.55
    endloop
  endfacet
  facet normal -0.650795 0.455694 -0.607296
    outer loop
      vertex -7.31371 6.13693 4.55
      vertex -8.41966 4.86109 4.77782
      vertex -7.44762 6.2493 4.77782
    endloop
  endfacet
  facet normal -0.757215 0.530207 -0.381451
    outer loop
      vertex -8.1731 4.71874 4.2847
      vertex -8.26827 4.77369 4.55
      vertex -7.22953 6.0663 4.2847
    endloop
  endfacet
  facet normal -0.757221 0.530217 -0.381425
    outer loop
      vertex -7.22953 6.0663 4.2847
      vertex -8.26827 4.77369 4.55
      vertex -7.31371 6.13693 4.55
    endloop
  endfacet
  facet normal -0.812196 0.568707 -0.130037
    outer loop
      vertex -8.14064 4.7 4
      vertex -8.1731 4.71874 4.2847
      vertex -7.20082 6.0422 4
    endloop
  endfacet
  facet normal -0.812196 0.568705 -0.130045
    outer loop
      vertex -7.20082 6.0422 4
      vertex -8.1731 4.71874 4.2847
      vertex -7.22953 6.0663 4.2847
    endloop
  endfacet
  facet normal -0.812197 0.568706 0.130037
    outer loop
      vertex -7.22953 6.0663 3.7153
      vertex -8.1731 4.71874 3.7153
      vertex -8.14064 4.7 4
    endloop
  endfacet
  facet normal -0.812195 0.568706 0.130045
    outer loop
      vertex -7.22953 6.0663 3.7153
      vertex -8.14064 4.7 4
      vertex -7.20082 6.0422 4
    endloop
  endfacet
  facet normal -0.757213 0.530211 0.381451
    outer loop
      vertex -7.31371 6.13693 3.45
      vertex -8.26827 4.77369 3.45
      vertex -8.1731 4.71874 3.7153
    endloop
  endfacet
  facet normal -0.757224 0.530213 0.381425
    outer loop
      vertex -7.31371 6.13693 3.45
      vertex -8.1731 4.71874 3.7153
      vertex -7.22953 6.0663 3.7153
    endloop
  endfacet
  facet normal -0.6508 0.455697 0.607289
    outer loop
      vertex -7.44762 6.2493 3.22218
      vertex -8.41966 4.86109 3.22218
      vertex -8.26827 4.77369 3.45
    endloop
  endfacet
  facet normal -0.650794 0.455695 0.607297
    outer loop
      vertex -7.44762 6.2493 3.22218
      vertex -8.26827 4.77369 3.45
      vertex -7.31371 6.13693 3.45
    endloop
  endfacet
  facet normal -0.49987 0.350011 0.792226
    outer loop
      vertex -7.62214 6.39574 3.04737
      vertex -8.61695 4.975 3.04737
      vertex -8.41966 4.86109 3.22218
    endloop
  endfacet
  facet normal -0.499859 0.350007 0.792235
    outer loop
      vertex -7.62214 6.39574 3.04737
      vertex -8.41966 4.86109 3.22218
      vertex -7.44762 6.2493 3.22218
    endloop
  endfacet
  facet normal -0.314492 0.22021 0.923365
    outer loop
      vertex -7.82537 6.56627 2.93748
      vertex -8.84671 5.10765 2.93748
      vertex -8.61695 4.975 3.04737
    endloop
  endfacet
  facet normal -0.314498 0.220213 0.923362
    outer loop
      vertex -7.82537 6.56627 2.93748
      vertex -8.61695 4.975 3.04737
      vertex -7.62214 6.39574 3.04737
    endloop
  endfacet
  facet normal -0.107317 0.0751444 0.991381
    outer loop
      vertex -8.04347 6.74927 2.9
      vertex -9.09327 5.25 2.9
      vertex -8.84671 5.10765 2.93748
    endloop
  endfacet
  facet normal -0.107316 0.0751438 0.991381
    outer loop
      vertex -8.04347 6.74927 2.9
      vertex -8.84671 5.10765 2.93748
      vertex -7.82537 6.56627 2.93748
    endloop
  endfacet
  facet normal 0.10732 -0.0751463 0.991381
    outer loop
      vertex -8.26156 6.93227 2.93748
      vertex -9.33982 5.39235 2.93748
      vertex -9.09327 5.25 2.9
    endloop
  endfacet
  facet normal 0.107319 -0.0751458 0.991381
    outer loop
      vertex -8.26156 6.93227 2.93748
      vertex -9.09327 5.25 2.9
      vertex -8.04347 6.74927 2.9
    endloop
  endfacet
  facet normal 0.314492 -0.22021 0.923365
    outer loop
      vertex -8.46479 7.1028 3.04737
      vertex -9.56958 5.525 3.04737
      vertex -9.33982 5.39235 2.93748
    endloop
  endfacet
  facet normal 0.314498 -0.220213 0.923362
    outer loop
      vertex -8.46479 7.1028 3.04737
      vertex -9.33982 5.39235 2.93748
      vertex -8.26156 6.93227 2.93748
    endloop
  endfacet
  facet normal 0.499857 -0.350005 0.792237
    outer loop
      vertex -8.63931 7.24924 3.22218
      vertex -9.76688 5.63891 3.22218
      vertex -9.56958 5.525 3.04737
    endloop
  endfacet
  facet normal 0.49986 -0.350007 0.792234
    outer loop
      vertex -8.63931 7.24924 3.22218
      vertex -9.56958 5.525 3.04737
      vertex -8.46479 7.1028 3.04737
    endloop
  endfacet
  facet normal 0.650801 -0.455696 0.607289
    outer loop
      vertex -8.77322 7.36161 3.45
      vertex -9.91827 5.72631 3.45
      vertex -9.76688 5.63891 3.22218
    endloop
  endfacet
  facet normal 0.650795 -0.455694 0.607296
    outer loop
      vertex -8.77322 7.36161 3.45
      vertex -9.76688 5.63891 3.22218
      vertex -8.63931 7.24924 3.22218
    endloop
  endfacet
  facet normal 0.75723 -0.530213 0.381414
    outer loop
      vertex -9.95929 5.75 3.56437
      vertex -9.91827 5.72631 3.45
      vertex -9.46095 6.46171 3.56437
    endloop
  endfacet
  facet normal 0.75722 -0.530213 0.381433
    outer loop
      vertex -9.46095 6.46171 3.56437
      vertex -8.77322 7.36161 3.45
      vertex -8.80951 7.39206 3.56437
    endloop
  endfacet
  facet normal 0.757218 -0.53021 0.381442
    outer loop
      vertex -8.77322 7.36161 3.45
      vertex -9.46095 6.46171 3.56437
      vertex -9.91827 5.72631 3.45
    endloop
  endfacet
  facet normal 0.653647 -0.653647 -0.381432
    outer loop
      vertex -7.36161 8.77322 4.55
      vertex -8.80951 7.39206 4.43563
      vertex -7.39206 8.80951 4.43563
    endloop
  endfacet
  facet normal 0.653647 -0.653647 -0.381432
    outer loop
      vertex -8.77322 7.36161 4.55
      vertex -8.80951 7.39206 4.43563
      vertex -7.36161 8.77322 4.55
    endloop
  endfacet
  facet normal 0.561778 -0.561778 -0.607298
    outer loop
      vertex -8.63931 7.24924 4.77782
      vertex -7.36161 8.77322 4.55
      vertex -7.24924 8.63931 4.77782
    endloop
  endfacet
  facet normal 0.561778 -0.561778 -0.607298
    outer loop
      vertex -7.36161 8.77322 4.55
      vertex -8.63931 7.24924 4.77782
      vertex -8.77322 7.36161 4.55
    endloop
  endfacet
  facet normal 0.431488 -0.431488 -0.792235
    outer loop
      vertex -8.46479 7.1028 4.95263
      vertex -7.24924 8.63931 4.77782
      vertex -7.1028 8.46479 4.95263
    endloop
  endfacet
  facet normal 0.431488 -0.431488 -0.792235
    outer loop
      vertex -7.24924 8.63931 4.77782
      vertex -8.46479 7.1028 4.95263
      vertex -8.63931 7.24924 4.77782
    endloop
  endfacet
  facet normal 0.27148 -0.27148 -0.923362
    outer loop
      vertex -8.26156 6.93227 5.06252
      vertex -7.1028 8.46479 4.95263
      vertex -6.93227 8.26156 5.06252
    endloop
  endfacet
  facet normal 0.27148 -0.27148 -0.923362
    outer loop
      vertex -7.1028 8.46479 4.95263
      vertex -8.26156 6.93227 5.06252
      vertex -8.46479 7.1028 4.95263
    endloop
  endfacet
  facet normal 0.0926399 -0.0926399 -0.991381
    outer loop
      vertex -8.04347 6.74927 5.1
      vertex -6.93227 8.26156 5.06252
      vertex -6.74927 8.04347 5.1
    endloop
  endfacet
  facet normal 0.0926399 -0.0926399 -0.991381
    outer loop
      vertex -6.93227 8.26156 5.06252
      vertex -8.04347 6.74927 5.1
      vertex -8.26156 6.93227 5.06252
    endloop
  endfacet
  facet normal -0.0926377 0.0926377 -0.991381
    outer loop
      vertex -7.82537 6.56627 5.06252
      vertex -6.74927 8.04347 5.1
      vertex -6.56627 7.82537 5.06252
    endloop
  endfacet
  facet normal -0.0926377 0.0926377 -0.991381
    outer loop
      vertex -6.74927 8.04347 5.1
      vertex -7.82537 6.56627 5.06252
      vertex -8.04347 6.74927 5.1
    endloop
  endfacet
  facet normal -0.27148 0.27148 -0.923362
    outer loop
      vertex -7.62214 6.39574 4.95263
      vertex -6.56627 7.82537 5.06252
      vertex -6.39574 7.62214 4.95263
    endloop
  endfacet
  facet normal -0.27148 0.27148 -0.923362
    outer loop
      vertex -6.56627 7.82537 5.06252
      vertex -7.62214 6.39574 4.95263
      vertex -7.82537 6.56627 5.06252
    endloop
  endfacet
  facet normal -0.431488 0.431488 -0.792235
    outer loop
      vertex -7.44762 6.2493 4.77782
      vertex -6.39574 7.62214 4.95263
      vertex -6.2493 7.44762 4.77782
    endloop
  endfacet
  facet normal -0.431488 0.431488 -0.792235
    outer loop
      vertex -6.39574 7.62214 4.95263
      vertex -7.44762 6.2493 4.77782
      vertex -7.62214 6.39574 4.95263
    endloop
  endfacet
  facet normal -0.561778 0.561778 -0.607298
    outer loop
      vertex -7.31371 6.13693 4.55
      vertex -6.2493 7.44762 4.77782
      vertex -6.13693 7.31371 4.55
    endloop
  endfacet
  facet normal -0.561778 0.561778 -0.607298
    outer loop
      vertex -6.2493 7.44762 4.77782
      vertex -7.31371 6.13693 4.55
      vertex -7.44762 6.2493 4.77782
    endloop
  endfacet
  facet normal -0.65365 0.65365 -0.381423
    outer loop
      vertex -6.0663 7.22953 4.2847
      vertex -7.31371 6.13693 4.55
      vertex -6.13693 7.31371 4.55
    endloop
  endfacet
  facet normal -0.65365 0.65365 -0.381423
    outer loop
      vertex -7.31371 6.13693 4.55
      vertex -6.0663 7.22953 4.2847
      vertex -7.22953 6.0663 4.2847
    endloop
  endfacet
  facet normal -0.701102 0.701102 -0.13005
    outer loop
      vertex -7.20082 6.0422 4
      vertex -6.0663 7.22953 4.2847
      vertex -6.0422 7.20082 4
    endloop
  endfacet
  facet normal -0.701102 0.701102 -0.13005
    outer loop
      vertex -6.0663 7.22953 4.2847
      vertex -7.20082 6.0422 4
      vertex -7.22953 6.0663 4.2847
    endloop
  endfacet
  facet normal -0.701102 0.701102 0.13005
    outer loop
      vertex -7.22953 6.0663 3.7153
      vertex -6.0422 7.20082 4
      vertex -6.0663 7.22953 3.7153
    endloop
  endfacet
  facet normal -0.701102 0.701102 0.13005
    outer loop
      vertex -6.0422 7.20082 4
      vertex -7.22953 6.0663 3.7153
      vertex -7.20082 6.0422 4
    endloop
  endfacet
  facet normal -0.65365 0.65365 0.381423
    outer loop
      vertex -7.31371 6.13693 3.45
      vertex -6.0663 7.22953 3.7153
      vertex -6.13693 7.31371 3.45
    endloop
  endfacet
  facet normal -0.65365 0.65365 0.381423
    outer loop
      vertex -6.0663 7.22953 3.7153
      vertex -7.31371 6.13693 3.45
      vertex -7.22953 6.0663 3.7153
    endloop
  endfacet
  facet normal -0.561778 0.561778 0.607298
    outer loop
      vertex -6.2493 7.44762 3.22218
      vertex -7.31371 6.13693 3.45
      vertex -6.13693 7.31371 3.45
    endloop
  endfacet
  facet normal -0.561778 0.561778 0.607298
    outer loop
      vertex -7.31371 6.13693 3.45
      vertex -6.2493 7.44762 3.22218
      vertex -7.44762 6.2493 3.22218
    endloop
  endfacet
  facet normal -0.431488 0.431488 0.792235
    outer loop
      vertex -6.39574 7.62214 3.04737
      vertex -7.44762 6.2493 3.22218
      vertex -6.2493 7.44762 3.22218
    endloop
  endfacet
  facet normal -0.431488 0.431488 0.792235
    outer loop
      vertex -7.44762 6.2493 3.22218
      vertex -6.39574 7.62214 3.04737
      vertex -7.62214 6.39574 3.04737
    endloop
  endfacet
  facet normal -0.27148 0.27148 0.923362
    outer loop
      vertex -6.56627 7.82537 2.93748
      vertex -7.62214 6.39574 3.04737
      vertex -6.39574 7.62214 3.04737
    endloop
  endfacet
  facet normal -0.27148 0.27148 0.923362
    outer loop
      vertex -7.62214 6.39574 3.04737
      vertex -6.56627 7.82537 2.93748
      vertex -7.82537 6.56627 2.93748
    endloop
  endfacet
  facet normal -0.0926377 0.0926377 0.991381
    outer loop
      vertex -6.74927 8.04347 2.9
      vertex -7.82537 6.56627 2.93748
      vertex -6.56627 7.82537 2.93748
    endloop
  endfacet
  facet normal -0.0926377 0.0926377 0.991381
    outer loop
      vertex -7.82537 6.56627 2.93748
      vertex -6.74927 8.04347 2.9
      vertex -8.04347 6.74927 2.9
    endloop
  endfacet
  facet normal 0.0926399 -0.0926399 0.991381
    outer loop
      vertex -6.93227 8.26156 2.93748
      vertex -8.04347 6.74927 2.9
      vertex -6.74927 8.04347 2.9
    endloop
  endfacet
  facet normal 0.0926399 -0.0926399 0.991381
    outer loop
      vertex -8.04347 6.74927 2.9
      vertex -6.93227 8.26156 2.93748
      vertex -8.26156 6.93227 2.93748
    endloop
  endfacet
  facet normal 0.27148 -0.27148 0.923362
    outer loop
      vertex -7.1028 8.46479 3.04737
      vertex -8.26156 6.93227 2.93748
      vertex -6.93227 8.26156 2.93748
    endloop
  endfacet
  facet normal 0.27148 -0.27148 0.923362
    outer loop
      vertex -8.26156 6.93227 2.93748
      vertex -7.1028 8.46479 3.04737
      vertex -8.46479 7.1028 3.04737
    endloop
  endfacet
  facet normal 0.431488 -0.431488 0.792235
    outer loop
      vertex -7.24924 8.63931 3.22218
      vertex -8.46479 7.1028 3.04737
      vertex -7.1028 8.46479 3.04737
    endloop
  endfacet
  facet normal 0.431488 -0.431488 0.792235
    outer loop
      vertex -8.46479 7.1028 3.04737
      vertex -7.24924 8.63931 3.22218
      vertex -8.63931 7.24924 3.22218
    endloop
  endfacet
  facet normal 0.561778 -0.561778 0.607298
    outer loop
      vertex -7.36161 8.77322 3.45
      vertex -8.63931 7.24924 3.22218
      vertex -7.24924 8.63931 3.22218
    endloop
  endfacet
  facet normal 0.561778 -0.561778 0.607298
    outer loop
      vertex -8.63931 7.24924 3.22218
      vertex -7.36161 8.77322 3.45
      vertex -8.77322 7.36161 3.45
    endloop
  endfacet
  facet normal 0.653647 -0.653647 0.381432
    outer loop
      vertex -8.80951 7.39206 3.56437
      vertex -7.36161 8.77322 3.45
      vertex -7.39206 8.80951 3.56437
    endloop
  endfacet
  facet normal 0.653647 -0.653647 0.381432
    outer loop
      vertex -8.80951 7.39206 3.56437
      vertex -8.77322 7.36161 3.45
      vertex -7.36161 8.77322 3.45
    endloop
  endfacet
  facet normal 0.530213 -0.75722 -0.381433
    outer loop
      vertex -6.46171 9.46095 4.43563
      vertex -7.36161 8.77322 4.55
      vertex -7.39206 8.80951 4.43563
    endloop
  endfacet
  facet normal 0.53021 -0.757218 -0.381442
    outer loop
      vertex -7.36161 8.77322 4.55
      vertex -6.46171 9.46095 4.43563
      vertex -5.72631 9.91827 4.55
    endloop
  endfacet
  facet normal 0.530213 -0.75723 -0.381414
    outer loop
      vertex -5.75 9.95929 4.43563
      vertex -5.72631 9.91827 4.55
      vertex -6.46171 9.46095 4.43563
    endloop
  endfacet
  facet normal 0.455694 -0.650795 -0.607296
    outer loop
      vertex -7.24924 8.63931 4.77782
      vertex -7.36161 8.77322 4.55
      vertex -5.63891 9.76688 4.77782
    endloop
  endfacet
  facet normal 0.455696 -0.650801 -0.607289
    outer loop
      vertex -5.63891 9.76688 4.77782
      vertex -7.36161 8.77322 4.55
      vertex -5.72631 9.91827 4.55
    endloop
  endfacet
  facet normal 0.350007 -0.49986 -0.792234
    outer loop
      vertex -7.1028 8.46479 4.95263
      vertex -7.24924 8.63931 4.77782
      vertex -5.525 9.56958 4.95263
    endloop
  endfacet
  facet normal 0.350005 -0.499857 -0.792237
    outer loop
      vertex -5.525 9.56958 4.95263
      vertex -7.24924 8.63931 4.77782
      vertex -5.63891 9.76688 4.77782
    endloop
  endfacet
  facet normal 0.220213 -0.314498 -0.923362
    outer loop
      vertex -6.93227 8.26156 5.06252
      vertex -7.1028 8.46479 4.95263
      vertex -5.39235 9.33982 5.06252
    endloop
  endfacet
  facet normal 0.22021 -0.314492 -0.923365
    outer loop
      vertex -5.39235 9.33982 5.06252
      vertex -7.1028 8.46479 4.95263
      vertex -5.525 9.56958 4.95263
    endloop
  endfacet
  facet normal 0.0751458 -0.107319 -0.991381
    outer loop
      vertex -6.74927 8.04347 5.1
      vertex -6.93227 8.26156 5.06252
      vertex -5.25 9.09327 5.1
    endloop
  endfacet
  facet normal 0.0751463 -0.10732 -0.991381
    outer loop
      vertex -5.25 9.09327 5.1
      vertex -6.93227 8.26156 5.06252
      vertex -5.39235 9.33982 5.06252
    endloop
  endfacet
  facet normal -0.0751438 0.107316 -0.991381
    outer loop
      vertex -6.56627 7.82537 5.06252
      vertex -6.74927 8.04347 5.1
      vertex -5.10765 8.84671 5.06252
    endloop
  endfacet
  facet normal -0.0751444 0.107317 -0.991381
    outer loop
      vertex -5.10765 8.84671 5.06252
      vertex -6.74927 8.04347 5.1
      vertex -5.25 9.09327 5.1
    endloop
  endfacet
  facet normal -0.220213 0.314498 -0.923362
    outer loop
      vertex -6.39574 7.62214 4.95263
      vertex -6.56627 7.82537 5.06252
      vertex -4.975 8.61695 4.95263
    endloop
  endfacet
  facet normal -0.22021 0.314492 -0.923365
    outer loop
      vertex -4.975 8.61695 4.95263
      vertex -6.56627 7.82537 5.06252
      vertex -5.10765 8.84671 5.06252
    endloop
  endfacet
  facet normal -0.350007 0.499859 -0.792235
    outer loop
      vertex -6.2493 7.44762 4.77782
      vertex -6.39574 7.62214 4.95263
      vertex -4.86109 8.41966 4.77782
    endloop
  endfacet
  facet normal -0.350011 0.49987 -0.792226
    outer loop
      vertex -4.86109 8.41966 4.77782
      vertex -6.39574 7.62214 4.95263
      vertex -4.975 8.61695 4.95263
    endloop
  endfacet
  facet normal -0.455695 0.650794 -0.607297
    outer loop
      vertex -6.13693 7.31371 4.55
      vertex -6.2493 7.44762 4.77782
      vertex -4.77369 8.26827 4.55
    endloop
  endfacet
  facet normal -0.455697 0.6508 -0.607289
    outer loop
      vertex -4.77369 8.26827 4.55
      vertex -6.2493 7.44762 4.77782
      vertex -4.86109 8.41966 4.77782
    endloop
  endfacet
  facet normal -0.530213 0.757224 -0.381425
    outer loop
      vertex -6.0663 7.22953 4.2847
      vertex -6.13693 7.31371 4.55
      vertex -4.71874 8.1731 4.2847
    endloop
  endfacet
  facet normal -0.530211 0.757213 -0.381451
    outer loop
      vertex -4.71874 8.1731 4.2847
      vertex -6.13693 7.31371 4.55
      vertex -4.77369 8.26827 4.55
    endloop
  endfacet
  facet normal -0.568706 0.812195 -0.130045
    outer loop
      vertex -6.0422 7.20082 4
      vertex -6.0663 7.22953 4.2847
      vertex -4.7 8.14064 4
    endloop
  endfacet
  facet normal -0.568706 0.812197 -0.130037
    outer loop
      vertex -4.7 8.14064 4
      vertex -6.0663 7.22953 4.2847
      vertex -4.71874 8.1731 4.2847
    endloop
  endfacet
  facet normal -0.568705 0.812196 0.130045
    outer loop
      vertex -4.71874 8.1731 3.7153
      vertex -6.0663 7.22953 3.7153
      vertex -6.0422 7.20082 4
    endloop
  endfacet
  facet normal -0.568707 0.812196 0.130037
    outer loop
      vertex -4.71874 8.1731 3.7153
      vertex -6.0422 7.20082 4
      vertex -4.7 8.14064 4
    endloop
  endfacet
  facet normal -0.530217 0.757221 0.381425
    outer loop
      vertex -4.77369 8.26827 3.45
      vertex -6.13693 7.31371 3.45
      vertex -6.0663 7.22953 3.7153
    endloop
  endfacet
  facet normal -0.530207 0.757215 0.381451
    outer loop
      vertex -4.77369 8.26827 3.45
      vertex -6.0663 7.22953 3.7153
      vertex -4.71874 8.1731 3.7153
    endloop
  endfacet
  facet normal -0.455694 0.650795 0.607296
    outer loop
      vertex -4.86109 8.41966 3.22218
      vertex -6.2493 7.44762 3.22218
      vertex -6.13693 7.31371 3.45
    endloop
  endfacet
  facet normal -0.455699 0.650799 0.607289
    outer loop
      vertex -4.86109 8.41966 3.22218
      vertex -6.13693 7.31371 3.45
      vertex -4.77369 8.26827 3.45
    endloop
  endfacet
  facet normal -0.350005 0.499861 0.792234
    outer loop
      vertex -4.975 8.61695 3.04737
      vertex -6.39574 7.62214 3.04737
      vertex -6.2493 7.44762 3.22218
    endloop
  endfacet
  facet normal -0.350013 0.499868 0.792226
    outer loop
      vertex -4.975 8.61695 3.04737
      vertex -6.2493 7.44762 3.22218
      vertex -4.86109 8.41966 3.22218
    endloop
  endfacet
  facet normal -0.220214 0.314497 0.923362
    outer loop
      vertex -5.10765 8.84671 2.93748
      vertex -6.56627 7.82537 2.93748
      vertex -6.39574 7.62214 3.04737
    endloop
  endfacet
  facet normal -0.220209 0.314492 0.923365
    outer loop
      vertex -5.10765 8.84671 2.93748
      vertex -6.39574 7.62214 3.04737
      vertex -4.975 8.61695 3.04737
    endloop
  endfacet
  facet normal -0.0751437 0.107316 0.991381
    outer loop
      vertex -5.25 9.09327 2.9
      vertex -6.74927 8.04347 2.9
      vertex -6.56627 7.82537 2.93748
    endloop
  endfacet
  facet normal -0.0751446 0.107317 0.991381
    outer loop
      vertex -5.25 9.09327 2.9
      vertex -6.56627 7.82537 2.93748
      vertex -5.10765 8.84671 2.93748
    endloop
  endfacet
  facet normal 0.0751456 -0.107319 0.991381
    outer loop
      vertex -5.39235 9.33982 2.93748
      vertex -6.93227 8.26156 2.93748
      vertex -6.74927 8.04347 2.9
    endloop
  endfacet
  facet normal 0.0751465 -0.10732 0.991381
    outer loop
      vertex -5.39235 9.33982 2.93748
      vertex -6.74927 8.04347 2.9
      vertex -5.25 9.09327 2.9
    endloop
  endfacet
  facet normal 0.220214 -0.314497 0.923362
    outer loop
      vertex -5.525 9.56958 3.04737
      vertex -7.1028 8.46479 3.04737
      vertex -6.93227 8.26156 2.93748
    endloop
  endfacet
  facet normal 0.220209 -0.314492 0.923365
    outer loop
      vertex -5.525 9.56958 3.04737
      vertex -6.93227 8.26156 2.93748
      vertex -5.39235 9.33982 2.93748
    endloop
  endfacet
  facet normal 0.350007 -0.49986 0.792235
    outer loop
      vertex -5.63891 9.76688 3.22218
      vertex -7.24924 8.63931 3.22218
      vertex -7.1028 8.46479 3.04737
    endloop
  endfacet
  facet normal 0.350005 -0.499857 0.792237
    outer loop
      vertex -5.63891 9.76688 3.22218
      vertex -7.1028 8.46479 3.04737
      vertex -5.525 9.56958 3.04737
    endloop
  endfacet
  facet normal 0.455693 -0.650796 0.607296
    outer loop
      vertex -5.72631 9.91827 3.45
      vertex -7.36161 8.77322 3.45
      vertex -7.24924 8.63931 3.22218
    endloop
  endfacet
  facet normal 0.455697 -0.6508 0.607289
    outer loop
      vertex -5.72631 9.91827 3.45
      vertex -7.24924 8.63931 3.22218
      vertex -5.63891 9.76688 3.22218
    endloop
  endfacet
  facet normal 0.530216 -0.757219 0.381433
    outer loop
      vertex -6.68035 9.30786 3.56437
      vertex -7.39206 8.80951 3.56437
      vertex -7.36161 8.77322 3.45
    endloop
  endfacet
  facet normal 0.530212 -0.757231 0.381414
    outer loop
      vertex -5.72631 9.91827 3.45
      vertex -5.75 9.95929 3.56437
      vertex -6.68035 9.30786 3.56437
    endloop
  endfacet
  facet normal 0.530205 -0.757211 0.381462
    outer loop
      vertex -5.72631 9.91827 3.45
      vertex -6.68035 9.30786 3.56437
      vertex -7.36161 8.77322 3.45
    endloop
  endfacet
  facet normal 0.390598 -0.83769 -0.381719
    outer loop
      vertex -5.72631 9.91827 4.55
      vertex -4.72066 10.4393 4.43563
      vertex -3.91703 10.7619 4.55
    endloop
  endfacet
  facet normal 0.390685 -0.837791 -0.381407
    outer loop
      vertex -4.72066 10.4393 4.43563
      vertex -5.72631 9.91827 4.55
      vertex -5.75 9.95929 4.43563
    endloop
  endfacet
  facet normal 0.39059 -0.837587 -0.381953
    outer loop
      vertex -4.72066 10.4393 4.43563
      vertex -3.93323 10.8065 4.43563
      vertex -3.91703 10.7619 4.55
    endloop
  endfacet
  facet normal 0.335766 -0.720041 -0.607291
    outer loop
      vertex -5.63891 9.76688 4.77782
      vertex -5.72631 9.91827 4.55
      vertex -3.85724 10.5977 4.77782
    endloop
  endfacet
  facet normal 0.335786 -0.72014 -0.607162
    outer loop
      vertex -3.85724 10.5977 4.77782
      vertex -5.72631 9.91827 4.55
      vertex -3.91703 10.7619 4.55
    endloop
  endfacet
  facet normal 0.257886 -0.553042 -0.792237
    outer loop
      vertex -5.525 9.56958 4.95263
      vertex -5.63891 9.76688 4.77782
      vertex -3.77932 10.3836 4.95263
    endloop
  endfacet
  facet normal 0.25788 -0.553015 -0.792258
    outer loop
      vertex -3.77932 10.3836 4.95263
      vertex -5.63891 9.76688 4.77782
      vertex -3.85724 10.5977 4.77782
    endloop
  endfacet
  facet normal 0.162253 -0.347953 -0.923365
    outer loop
      vertex -5.39235 9.33982 5.06252
      vertex -5.525 9.56958 4.95263
      vertex -3.68858 10.1343 5.06252
    endloop
  endfacet
  facet normal 0.162254 -0.347956 -0.923363
    outer loop
      vertex -3.68858 10.1343 5.06252
      vertex -5.525 9.56958 4.95263
      vertex -3.77932 10.3836 4.95263
    endloop
  endfacet
  facet normal 0.0553687 -0.118739 -0.99138
    outer loop
      vertex -5.25 9.09327 5.1
      vertex -5.39235 9.33982 5.06252
      vertex -3.59121 9.86677 5.1
    endloop
  endfacet
  facet normal 0.055368 -0.118737 -0.991381
    outer loop
      vertex -3.59121 9.86677 5.1
      vertex -5.39235 9.33982 5.06252
      vertex -3.68858 10.1343 5.06252
    endloop
  endfacet
  facet normal -0.0553672 0.118736 -0.991381
    outer loop
      vertex -5.10765 8.84671 5.06252
      vertex -5.25 9.09327 5.1
      vertex -3.49384 9.59924 5.06252
    endloop
  endfacet
  facet normal -0.0553677 0.118737 -0.991381
    outer loop
      vertex -3.49384 9.59924 5.06252
      vertex -5.25 9.09327 5.1
      vertex -3.59121 9.86677 5.1
    endloop
  endfacet
  facet normal -0.162253 0.347953 -0.923365
    outer loop
      vertex -4.975 8.61695 4.95263
      vertex -5.10765 8.84671 5.06252
      vertex -3.4031 9.34994 4.95263
    endloop
  endfacet
  facet normal -0.162254 0.347956 -0.923363
    outer loop
      vertex -3.4031 9.34994 4.95263
      vertex -5.10765 8.84671 5.06252
      vertex -3.49384 9.59924 5.06252
    endloop
  endfacet
  facet normal -0.257892 0.553056 -0.792225
    outer loop
      vertex -4.86109 8.41966 4.77782
      vertex -4.975 8.61695 4.95263
      vertex -3.32518 9.13586 4.77782
    endloop
  endfacet
  facet normal -0.257889 0.553044 -0.792234
    outer loop
      vertex -3.32518 9.13586 4.77782
      vertex -4.975 8.61695 4.95263
      vertex -3.4031 9.34994 4.95263
    endloop
  endfacet
  facet normal -0.335757 0.720046 -0.60729
    outer loop
      vertex -4.77369 8.26827 4.55
      vertex -4.86109 8.41966 4.77782
      vertex -3.26539 8.97159 4.55
    endloop
  endfacet
  facet normal -0.335756 0.720037 -0.607301
    outer loop
      vertex -3.26539 8.97159 4.55
      vertex -4.86109 8.41966 4.77782
      vertex -3.32518 9.13586 4.77782
    endloop
  endfacet
  facet normal -0.390663 0.837782 -0.38145
    outer loop
      vertex -4.71874 8.1731 4.2847
      vertex -4.77369 8.26827 4.55
      vertex -3.22781 8.86833 4.2847
    endloop
  endfacet
  facet normal -0.390663 0.837794 -0.381424
    outer loop
      vertex -3.22781 8.86833 4.2847
      vertex -4.77369 8.26827 4.55
      vertex -3.26539 8.97159 4.55
    endloop
  endfacet
  facet normal -0.419029 0.898613 -0.130037
    outer loop
      vertex -4.7 8.14064 4
      vertex -4.71874 8.1731 4.2847
      vertex -3.21499 8.83311 4
    endloop
  endfacet
  facet normal -0.419029 0.898613 -0.130035
    outer loop
      vertex -3.21499 8.83311 4
      vertex -4.71874 8.1731 4.2847
      vertex -3.22781 8.86833 4.2847
    endloop
  endfacet
  facet normal -0.419029 0.898613 0.130037
    outer loop
      vertex -3.22781 8.86833 3.7153
      vertex -4.71874 8.1731 3.7153
      vertex -4.7 8.14064 4
    endloop
  endfacet
  facet normal -0.419029 0.898613 0.130035
    outer loop
      vertex -3.22781 8.86833 3.7153
      vertex -4.7 8.14064 4
      vertex -3.21499 8.83311 4
    endloop
  endfacet
  facet normal -0.390659 0.837784 0.38145
    outer loop
      vertex -3.26539 8.97159 3.45
      vertex -4.77369 8.26827 3.45
      vertex -4.71874 8.1731 3.7153
    endloop
  endfacet
  facet normal -0.390668 0.837792 0.381424
    outer loop
      vertex -3.26539 8.97159 3.45
      vertex -4.71874 8.1731 3.7153
      vertex -3.22781 8.86833 3.7153
    endloop
  endfacet
  facet normal -0.335759 0.720045 0.60729
    outer loop
      vertex -3.32518 9.13586 3.22218
      vertex -4.86109 8.41966 3.22218
      vertex -4.77369 8.26827 3.45
    endloop
  endfacet
  facet normal -0.335754 0.720038 0.607301
    outer loop
      vertex -3.32518 9.13586 3.22218
      vertex -4.77369 8.26827 3.45
      vertex -3.26539 8.97159 3.45
    endloop
  endfacet
  facet normal -0.257894 0.553055 0.792225
    outer loop
      vertex -3.4031 9.34994 3.04737
      vertex -4.975 8.61695 3.04737
      vertex -4.86109 8.41966 3.22218
    endloop
  endfacet
  facet normal -0.257887 0.553045 0.792234
    outer loop
      vertex -3.4031 9.34994 3.04737
      vertex -4.86109 8.41966 3.22218
      vertex -3.32518 9.13586 3.22218
    endloop
  endfacet
  facet normal -0.162253 0.347953 0.923365
    outer loop
      vertex -3.49384 9.59924 2.93748
      vertex -5.10765 8.84671 2.93748
      vertex -4.975 8.61695 3.04737
    endloop
  endfacet
  facet normal -0.162255 0.347956 0.923363
    outer loop
      vertex -3.49384 9.59924 2.93748
      vertex -4.975 8.61695 3.04737
      vertex -3.4031 9.34994 3.04737
    endloop
  endfacet
  facet normal -0.0553669 0.118736 0.991381
    outer loop
      vertex -3.59121 9.86677 2.9
      vertex -5.25 9.09327 2.9
      vertex -5.10765 8.84671 2.93748
    endloop
  endfacet
  facet normal -0.0553679 0.118737 0.991381
    outer loop
      vertex -3.59121 9.86677 2.9
      vertex -5.10765 8.84671 2.93748
      vertex -3.49384 9.59924 2.93748
    endloop
  endfacet
  facet normal 0.055369 -0.118739 0.99138
    outer loop
      vertex -3.68858 10.1343 2.93748
      vertex -5.39235 9.33982 2.93748
      vertex -5.25 9.09327 2.9
    endloop
  endfacet
  facet normal 0.0553677 -0.118737 0.991381
    outer loop
      vertex -3.68858 10.1343 2.93748
      vertex -5.25 9.09327 2.9
      vertex -3.59121 9.86677 2.9
    endloop
  endfacet
  facet normal 0.162253 -0.347953 0.923365
    outer loop
      vertex -3.77932 10.3836 3.04737
      vertex -5.525 9.56958 3.04737
      vertex -5.39235 9.33982 2.93748
    endloop
  endfacet
  facet normal 0.162254 -0.347956 0.923363
    outer loop
      vertex -3.77932 10.3836 3.04737
      vertex -5.39235 9.33982 2.93748
      vertex -3.68858 10.1343 2.93748
    endloop
  endfacet
  facet normal 0.257891 -0.553039 0.792237
    outer loop
      vertex -3.85724 10.5977 3.22218
      vertex -5.63891 9.76688 3.22218
      vertex -5.525 9.56958 3.04737
    endloop
  endfacet
  facet normal 0.257875 -0.553017 0.792258
    outer loop
      vertex -3.85724 10.5977 3.22218
      vertex -5.525 9.56958 3.04737
      vertex -3.77932 10.3836 3.04737
    endloop
  endfacet
  facet normal 0.335745 -0.720052 0.60729
    outer loop
      vertex -3.91703 10.7619 3.45
      vertex -5.72631 9.91827 3.45
      vertex -5.63891 9.76688 3.22218
    endloop
  endfacet
  facet normal 0.335808 -0.720131 0.607161
    outer loop
      vertex -3.91703 10.7619 3.45
      vertex -5.63891 9.76688 3.22218
      vertex -3.85724 10.5977 3.22218
    endloop
  endfacet
  facet normal 0.390689 -0.837789 0.381407
    outer loop
      vertex -4.96256 10.3265 3.56437
      vertex -5.75 9.95929 3.56437
      vertex -5.72631 9.91827 3.45
    endloop
  endfacet
  facet normal 0.390605 -0.837706 0.381675
    outer loop
      vertex -3.91703 10.7619 3.45
      vertex -4.96256 10.3265 3.56437
      vertex -5.72631 9.91827 3.45
    endloop
  endfacet
  facet normal 0.390587 -0.837588 0.381953
    outer loop
      vertex -4.96256 10.3265 3.56437
      vertex -3.91703 10.7619 3.45
      vertex -3.93323 10.8065 3.56437
    endloop
  endfacet
  facet normal 0.239153 -0.892687 -0.381989
    outer loop
      vertex -2.83619 11.1004 4.43563
      vertex -3.91703 10.7619 4.55
      vertex -3.93323 10.8065 4.43563
    endloop
  endfacet
  facet normal 0.23924 -0.892831 -0.381599
    outer loop
      vertex -3.91703 10.7619 4.55
      vertex -2.83619 11.1004 4.43563
      vertex -1.98873 11.2786 4.55
    endloop
  endfacet
  facet normal 0.239245 -0.892771 -0.381735
    outer loop
      vertex -1.99695 11.3253 4.43563
      vertex -1.98873 11.2786 4.55
      vertex -2.83619 11.1004 4.43563
    endloop
  endfacet
  facet normal 0.205654 -0.767511 -0.607152
    outer loop
      vertex -3.85724 10.5977 4.77782
      vertex -3.91703 10.7619 4.55
      vertex -1.95837 11.1065 4.77782
    endloop
  endfacet
  facet normal 0.205653 -0.767487 -0.607182
    outer loop
      vertex -1.95837 11.1065 4.77782
      vertex -3.91703 10.7619 4.55
      vertex -1.98873 11.2786 4.55
    endloop
  endfacet
  facet normal 0.157921 -0.589395 -0.792259
    outer loop
      vertex -3.77932 10.3836 4.95263
      vertex -3.85724 10.5977 4.77782
      vertex -1.91881 10.8821 4.95263
    endloop
  endfacet
  facet normal 0.157918 -0.58936 -0.792286
    outer loop
      vertex -1.91881 10.8821 4.95263
      vertex -3.85724 10.5977 4.77782
      vertex -1.95837 11.1065 4.77782
    endloop
  endfacet
  facet normal 0.0993765 -0.370842 -0.923364
    outer loop
      vertex -3.68858 10.1343 5.06252
      vertex -3.77932 10.3836 4.95263
      vertex -1.87274 10.6209 5.06252
    endloop
  endfacet
  facet normal 0.099385 -0.370926 -0.923329
    outer loop
      vertex -1.87274 10.6209 5.06252
      vertex -3.77932 10.3836 4.95263
      vertex -1.91881 10.8821 4.95263
    endloop
  endfacet
  facet normal 0.0339098 -0.126547 -0.991381
    outer loop
      vertex -3.59121 9.86677 5.1
      vertex -3.68858 10.1343 5.06252
      vertex -1.82331 10.3405 5.1
    endloop
  endfacet
  facet normal 0.0339087 -0.126537 -0.991382
    outer loop
      vertex -1.82331 10.3405 5.1
      vertex -3.68858 10.1343 5.06252
      vertex -1.87274 10.6209 5.06252
    endloop
  endfacet
  facet normal -0.033908 0.126548 -0.991381
    outer loop
      vertex -3.49384 9.59924 5.06252
      vertex -3.59121 9.86677 5.1
      vertex -1.77387 10.0601 5.06252
    endloop
  endfacet
  facet normal -0.0339068 0.126536 -0.991382
    outer loop
      vertex -1.77387 10.0601 5.06252
      vertex -3.59121 9.86677 5.1
      vertex -1.82331 10.3405 5.1
    endloop
  endfacet
  facet normal -0.0993687 0.370845 -0.923363
    outer loop
      vertex -3.4031 9.34994 4.95263
      vertex -3.49384 9.59924 5.06252
      vertex -1.7278 9.79884 4.95263
    endloop
  endfacet
  facet normal -0.0993697 0.370856 -0.923359
    outer loop
      vertex -1.7278 9.79884 4.95263
      vertex -3.49384 9.59924 5.06252
      vertex -1.77387 10.0601 5.06252
    endloop
  endfacet
  facet normal -0.157937 0.589424 -0.792234
    outer loop
      vertex -3.32518 9.13586 4.77782
      vertex -3.4031 9.34994 4.95263
      vertex -1.68824 9.57448 4.77782
    endloop
  endfacet
  facet normal -0.157937 0.589422 -0.792236
    outer loop
      vertex -1.68824 9.57448 4.77782
      vertex -3.4031 9.34994 4.95263
      vertex -1.7278 9.79884 4.95263
    endloop
  endfacet
  facet normal -0.205628 0.7674 -0.607301
    outer loop
      vertex -3.26539 8.97159 4.55
      vertex -3.32518 9.13586 4.77782
      vertex -1.65788 9.40233 4.55
    endloop
  endfacet
  facet normal -0.205628 0.76741 -0.607288
    outer loop
      vertex -1.65788 9.40233 4.55
      vertex -3.32518 9.13586 4.77782
      vertex -1.68824 9.57448 4.77782
    endloop
  endfacet
  facet normal -0.23925 0.892902 -0.381425
    outer loop
      vertex -3.22781 8.86833 4.2847
      vertex -3.26539 8.97159 4.55
      vertex -1.6388 9.2941 4.2847
    endloop
  endfacet
  facet normal -0.239253 0.892886 -0.381462
    outer loop
      vertex -1.6388 9.2941 4.2847
      vertex -3.26539 8.97159 4.55
      vertex -1.65788 9.40233 4.55
    endloop
  endfacet
  facet normal -0.25662 0.957725 -0.130035
    outer loop
      vertex -3.21499 8.83311 4
      vertex -3.22781 8.86833 4.2847
      vertex -1.63229 9.25719 4
    endloop
  endfacet
  facet normal -0.256619 0.957725 -0.130032
    outer loop
      vertex -1.63229 9.25719 4
      vertex -3.22781 8.86833 4.2847
      vertex -1.6388 9.2941 4.2847
    endloop
  endfacet
  facet normal -0.256619 0.957725 0.130035
    outer loop
      vertex -1.6388 9.2941 3.7153
      vertex -3.22781 8.86833 3.7153
      vertex -3.21499 8.83311 4
    endloop
  endfacet
  facet normal -0.25662 0.957725 0.130032
    outer loop
      vertex -1.6388 9.2941 3.7153
      vertex -3.21499 8.83311 4
      vertex -1.63229 9.25719 4
    endloop
  endfacet
  facet normal -0.239257 0.8929 0.381425
    outer loop
      vertex -1.65788 9.40233 3.45
      vertex -3.26539 8.97159 3.45
      vertex -3.22781 8.86833 3.7153
    endloop
  endfacet
  facet normal -0.239246 0.892887 0.381463
    outer loop
      vertex -1.65788 9.40233 3.45
      vertex -3.22781 8.86833 3.7153
      vertex -1.6388 9.2941 3.7153
    endloop
  endfacet
  facet normal -0.205626 0.767401 0.607301
    outer loop
      vertex -1.68824 9.57448 3.22218
      vertex -3.32518 9.13586 3.22218
      vertex -3.26539 8.97159 3.45
    endloop
  endfacet
  facet normal -0.205631 0.767409 0.607288
    outer loop
      vertex -1.68824 9.57448 3.22218
      vertex -3.26539 8.97159 3.45
      vertex -1.65788 9.40233 3.45
    endloop
  endfacet
  facet normal -0.157937 0.589424 0.792234
    outer loop
      vertex -1.7278 9.79884 3.04737
      vertex -3.4031 9.34994 3.04737
      vertex -3.32518 9.13586 3.22218
    endloop
  endfacet
  facet normal -0.157936 0.589422 0.792236
    outer loop
      vertex -1.7278 9.79884 3.04737
      vertex -3.32518 9.13586 3.22218
      vertex -1.68824 9.57448 3.22218
    endloop
  endfacet
  facet normal -0.0993668 0.370846 0.923363
    outer loop
      vertex -1.77387 10.0601 2.93748
      vertex -3.49384 9.59924 2.93748
      vertex -3.4031 9.34994 3.04737
    endloop
  endfacet
  facet normal -0.0993716 0.370856 0.923359
    outer loop
      vertex -1.77387 10.0601 2.93748
      vertex -3.4031 9.34994 3.04737
      vertex -1.7278 9.79884 3.04737
    endloop
  endfacet
  facet normal -0.0339098 0.126547 0.991381
    outer loop
      vertex -1.82331 10.3405 2.9
      vertex -3.59121 9.86677 2.9
      vertex -3.49384 9.59924 2.93748
    endloop
  endfacet
  facet normal -0.0339049 0.126536 0.991382
    outer loop
      vertex -1.82331 10.3405 2.9
      vertex -3.49384 9.59924 2.93748
      vertex -1.77387 10.0601 2.93748
    endloop
  endfacet
  facet normal 0.0339113 -0.126547 0.991381
    outer loop
      vertex -1.87274 10.6209 2.93748
      vertex -3.68858 10.1343 2.93748
      vertex -3.59121 9.86677 2.9
    endloop
  endfacet
  facet normal 0.0339071 -0.126537 0.991382
    outer loop
      vertex -1.87274 10.6209 2.93748
      vertex -3.59121 9.86677 2.9
      vertex -1.82331 10.3405 2.9
    endloop
  endfacet
  facet normal 0.0993637 -0.370847 0.923363
    outer loop
      vertex -1.91881 10.8821 3.04737
      vertex -3.77932 10.3836 3.04737
      vertex -3.68858 10.1343 2.93748
    endloop
  endfacet
  facet normal 0.0993984 -0.370924 0.923329
    outer loop
      vertex -1.91881 10.8821 3.04737
      vertex -3.68858 10.1343 2.93748
      vertex -1.87274 10.6209 2.93748
    endloop
  endfacet
  facet normal 0.157927 -0.589393 0.792259
    outer loop
      vertex -1.95837 11.1065 3.22218
      vertex -3.85724 10.5977 3.22218
      vertex -3.77932 10.3836 3.04737
    endloop
  endfacet
  facet normal 0.157912 -0.589361 0.792286
    outer loop
      vertex -1.95837 11.1065 3.22218
      vertex -3.77932 10.3836 3.04737
      vertex -1.91881 10.8821 3.04737
    endloop
  endfacet
  facet normal 0.205659 -0.767509 0.607152
    outer loop
      vertex -1.98873 11.2786 3.45
      vertex -3.91703 10.7619 3.45
      vertex -3.85724 10.5977 3.22218
    endloop
  endfacet
  facet normal 0.205648 -0.767489 0.607182
    outer loop
      vertex -1.98873 11.2786 3.45
      vertex -3.85724 10.5977 3.22218
      vertex -1.95837 11.1065 3.22218
    endloop
  endfacet
  facet normal 0.239122 -0.892696 0.381988
    outer loop
      vertex -3.094 11.0313 3.56437
      vertex -3.93323 10.8065 3.56437
      vertex -3.91703 10.7619 3.45
    endloop
  endfacet
  facet normal 0.239254 -0.892769 0.381734
    outer loop
      vertex -1.98873 11.2786 3.45
      vertex -1.99695 11.3253 3.56437
      vertex -3.094 11.0313 3.56437
    endloop
  endfacet
  facet normal 0.239252 -0.892879 0.381478
    outer loop
      vertex -1.98873 11.2786 3.45
      vertex -3.094 11.0313 3.56437
      vertex -3.91703 10.7619 3.45
    endloop
  endfacet
  facet normal 0.080567 -0.920746 -0.381753
    outer loop
      vertex -0.865546 11.4243 4.43563
      vertex -1.98873 11.2786 4.55
      vertex -1.99695 11.3253 4.43563
    endloop
  endfacet
  facet normal 0.0805564 -0.920719 -0.381822
    outer loop
      vertex -1.98873 11.2786 4.55
      vertex -0.865546 11.4243 4.43563
      vertex 0 11.4526 4.55
    endloop
  endfacet
  facet normal 0.0805328 -0.920804 -0.381622
    outer loop
      vertex 0 11.4526 4.55
      vertex -0.865546 11.4243 4.43563
      vertex 0 11.5 4.43563
    endloop
  endfacet
  facet normal 0.069237 -0.791545 -0.607176
    outer loop
      vertex -1.95837 11.1065 4.77782
      vertex -1.98873 11.2786 4.55
      vertex 0 11.2778 4.77782
    endloop
  endfacet
  facet normal 0.0692481 -0.79147 -0.607273
    outer loop
      vertex 0 11.2778 4.77782
      vertex -1.98873 11.2786 4.55
      vertex 0 11.4526 4.55
    endloop
  endfacet
  facet normal 0.053186 -0.607825 -0.792288
    outer loop
      vertex -1.91881 10.8821 4.95263
      vertex -1.95837 11.1065 4.77782
      vertex 0 11.05 4.95263
    endloop
  endfacet
  facet normal 0.0531759 -0.607928 -0.792209
    outer loop
      vertex 0 11.05 4.95263
      vertex -1.95837 11.1065 4.77782
      vertex 0 11.2778 4.77782
    endloop
  endfacet
  facet normal 0.0334602 -0.382553 -0.923327
    outer loop
      vertex -1.87274 10.6209 5.06252
      vertex -1.91881 10.8821 4.95263
      vertex 0 10.7847 5.06252
    endloop
  endfacet
  facet normal 0.0334666 -0.382467 -0.923363
    outer loop
      vertex 0 10.7847 5.06252
      vertex -1.91881 10.8821 4.95263
      vertex 0 11.05 4.95263
    endloop
  endfacet
  facet normal 0.0114161 -0.130502 -0.991382
    outer loop
      vertex -1.82331 10.3405 5.1
      vertex -1.87274 10.6209 5.06252
      vertex 0 10.5 5.1
    endloop
  endfacet
  facet normal 0.0114153 -0.130513 -0.991381
    outer loop
      vertex 0 10.5 5.1
      vertex -1.87274 10.6209 5.06252
      vertex 0 10.7847 5.06252
    endloop
  endfacet
  facet normal -0.0114178 0.130501 -0.991382
    outer loop
      vertex -1.77387 10.0601 5.06252
      vertex -1.82331 10.3405 5.1
      vertex 0 10.2153 5.06252
    endloop
  endfacet
  facet normal -0.011417 0.130513 -0.991381
    outer loop
      vertex 0 10.2153 5.06252
      vertex -1.82331 10.3405 5.1
      vertex 0 10.5 5.1
    endloop
  endfacet
  facet normal -0.0334619 0.382478 -0.923358
    outer loop
      vertex -1.7278 9.79884 4.95263
      vertex -1.77387 10.0601 5.06252
      vertex 0 9.95 4.95263
    endloop
  endfacet
  facet normal -0.0334629 0.382467 -0.923363
    outer loop
      vertex 0 9.95 4.95263
      vertex -1.77387 10.0601 5.06252
      vertex 0 10.2153 5.06252
    endloop
  endfacet
  facet normal -0.0531831 0.607893 -0.792236
    outer loop
      vertex -1.68824 9.57448 4.77782
      vertex -1.7278 9.79884 4.95263
      vertex 0 9.72218 4.77782
    endloop
  endfacet
  facet normal -0.0531829 0.607895 -0.792235
    outer loop
      vertex 0 9.72218 4.77782
      vertex -1.7278 9.79884 4.95263
      vertex 0 9.95 4.95263
    endloop
  endfacet
  facet normal -0.0692411 0.79146 -0.607286
    outer loop
      vertex -1.65788 9.40233 4.55
      vertex -1.68824 9.57448 4.77782
      vertex 0 9.54737 4.55
    endloop
  endfacet
  facet normal -0.0692423 0.791453 -0.607295
    outer loop
      vertex 0 9.54737 4.55
      vertex -1.68824 9.57448 4.77782
      vertex 0 9.72218 4.77782
    endloop
  endfacet
  facet normal -0.0805673 0.920866 -0.381464
    outer loop
      vertex -1.6388 9.2941 4.2847
      vertex -1.65788 9.40233 4.55
      vertex 0 9.43748 4.2847
    endloop
  endfacet
  facet normal -0.0805632 0.920878 -0.381437
    outer loop
      vertex 0 9.43748 4.2847
      vertex -1.65788 9.40233 4.55
      vertex 0 9.54737 4.55
    endloop
  endfacet
  facet normal -0.0864177 0.987737 -0.130031
    outer loop
      vertex -1.63229 9.25719 4
      vertex -1.6388 9.2941 4.2847
      vertex 0 9.4 4
    endloop
  endfacet
  facet normal -0.0864179 0.987736 -0.130033
    outer loop
      vertex 0 9.4 4
      vertex -1.6388 9.2941 4.2847
      vertex 0 9.43748 4.2847
    endloop
  endfacet
  facet normal -0.0864179 0.987737 0.130031
    outer loop
      vertex 0 9.43748 3.7153
      vertex -1.6388 9.2941 3.7153
      vertex -1.63229 9.25719 4
    endloop
  endfacet
  facet normal -0.0864176 0.987737 0.130033
    outer loop
      vertex 0 9.43748 3.7153
      vertex -1.63229 9.25719 4
      vertex 0 9.4 4
    endloop
  endfacet
  facet normal -0.0805622 0.920866 0.381464
    outer loop
      vertex 0 9.54737 3.45
      vertex -1.65788 9.40233 3.45
      vertex -1.6388 9.2941 3.7153
    endloop
  endfacet
  facet normal -0.0805683 0.920877 0.381437
    outer loop
      vertex 0 9.54737 3.45
      vertex -1.6388 9.2941 3.7153
      vertex 0 9.43748 3.7153
    endloop
  endfacet
  facet normal -0.0692429 0.79146 0.607286
    outer loop
      vertex 0 9.72218 3.22218
      vertex -1.68824 9.57448 3.22218
      vertex -1.65788 9.40233 3.45
    endloop
  endfacet
  facet normal -0.0692405 0.791453 0.607295
    outer loop
      vertex 0 9.72218 3.22218
      vertex -1.65788 9.40233 3.45
      vertex 0 9.54737 3.45
    endloop
  endfacet
  facet normal -0.0531827 0.607893 0.792236
    outer loop
      vertex 0 9.95 3.04737
      vertex -1.7278 9.79884 3.04737
      vertex -1.68824 9.57448 3.22218
    endloop
  endfacet
  facet normal -0.0531832 0.607895 0.792235
    outer loop
      vertex 0 9.95 3.04737
      vertex -1.68824 9.57448 3.22218
      vertex 0 9.72218 3.22218
    endloop
  endfacet
  facet normal -0.0334639 0.382478 0.923358
    outer loop
      vertex 0 10.2153 2.93748
      vertex -1.77387 10.0601 2.93748
      vertex -1.7278 9.79884 3.04737
    endloop
  endfacet
  facet normal -0.0334608 0.382467 0.923363
    outer loop
      vertex 0 10.2153 2.93748
      vertex -1.7278 9.79884 3.04737
      vertex 0 9.95 3.04737
    endloop
  endfacet
  facet normal -0.011416 0.130501 0.991382
    outer loop
      vertex 0 10.5 2.9
      vertex -1.82331 10.3405 2.9
      vertex -1.77387 10.0601 2.93748
    endloop
  endfacet
  facet normal -0.0114189 0.130513 0.991381
    outer loop
      vertex 0 10.5 2.9
      vertex -1.77387 10.0601 2.93748
      vertex 0 10.2153 2.93748
    endloop
  endfacet
  facet normal 0.0114144 -0.130502 0.991382
    outer loop
      vertex 0 10.7847 2.93748
      vertex -1.87274 10.6209 2.93748
      vertex -1.82331 10.3405 2.9
    endloop
  endfacet
  facet normal 0.011417 -0.130513 0.991381
    outer loop
      vertex 0 10.7847 2.93748
      vertex -1.82331 10.3405 2.9
      vertex 0 10.5 2.9
    endloop
  endfacet
  facet normal 0.033474 -0.382551 0.923328
    outer loop
      vertex 0 11.05 3.04737
      vertex -1.91881 10.8821 3.04737
      vertex -1.87274 10.6209 2.93748
    endloop
  endfacet
  facet normal 0.0334526 -0.382467 0.923363
    outer loop
      vertex 0 11.05 3.04737
      vertex -1.87274 10.6209 2.93748
      vertex 0 10.7847 2.93748
    endloop
  endfacet
  facet normal 0.0531671 -0.607827 0.792287
    outer loop
      vertex 0 11.2778 3.22218
      vertex -1.95837 11.1065 3.22218
      vertex -1.91881 10.8821 3.04737
    endloop
  endfacet
  facet normal 0.053195 -0.607928 0.792208
    outer loop
      vertex 0 11.2778 3.22218
      vertex -1.91881 10.8821 3.04737
      vertex 0 11.05 3.04737
    endloop
  endfacet
  facet normal 0.0692545 -0.791543 0.607177
    outer loop
      vertex 0 11.4526 3.45
      vertex -1.98873 11.2786 3.45
      vertex -1.95837 11.1065 3.22218
    endloop
  endfacet
  facet normal 0.0692305 -0.791471 0.607274
    outer loop
      vertex 0 11.4526 3.45
      vertex -1.95837 11.1065 3.22218
      vertex 0 11.2778 3.22218
    endloop
  endfacet
  facet normal 0.0805287 -0.92075 0.381752
    outer loop
      vertex -1.13141 11.401 3.56437
      vertex -1.99695 11.3253 3.56437
      vertex -1.98873 11.2786 3.45
    endloop
  endfacet
  facet normal 0.080566 -0.920828 0.381555
    outer loop
      vertex 0 11.4526 3.45
      vertex -1.13141 11.401 3.56437
      vertex -1.98873 11.2786 3.45
    endloop
  endfacet
  facet normal 0.0805714 -0.920801 0.381621
    outer loop
      vertex -1.13141 11.401 3.56437
      vertex 0 11.4526 3.45
      vertex 0 11.5 3.56437
    endloop
  endfacet
  facet normal -0.080566 -0.920828 -0.381555
    outer loop
      vertex 0 11.4526 4.55
      vertex 1.13141 11.401 4.43563
      vertex 1.98873 11.2786 4.55
    endloop
  endfacet
  facet normal -0.0805714 -0.920801 -0.381621
    outer loop
      vertex 1.13141 11.401 4.43563
      vertex 0 11.4526 4.55
      vertex 0 11.5 4.43563
    endloop
  endfacet
  facet normal -0.0805287 -0.92075 -0.381752
    outer loop
      vertex 1.98873 11.2786 4.55
      vertex 1.13141 11.401 4.43563
      vertex 1.99695 11.3253 4.43563
    endloop
  endfacet
  facet normal -0.0692305 -0.791471 -0.607274
    outer loop
      vertex 1.95837 11.1065 4.77782
      vertex 0 11.2778 4.77782
      vertex 0 11.4526 4.55
    endloop
  endfacet
  facet normal -0.0692545 -0.791543 -0.607177
    outer loop
      vertex 1.95837 11.1065 4.77782
      vertex 0 11.4526 4.55
      vertex 1.98873 11.2786 4.55
    endloop
  endfacet
  facet normal -0.053195 -0.607928 -0.792208
    outer loop
      vertex 1.91881 10.8821 4.95263
      vertex 0 11.05 4.95263
      vertex 0 11.2778 4.77782
    endloop
  endfacet
  facet normal -0.0531671 -0.607827 -0.792287
    outer loop
      vertex 1.91881 10.8821 4.95263
      vertex 0 11.2778 4.77782
      vertex 1.95837 11.1065 4.77782
    endloop
  endfacet
  facet normal -0.0334526 -0.382467 -0.923363
    outer loop
      vertex 1.87274 10.6209 5.06252
      vertex 0 10.7847 5.06252
      vertex 0 11.05 4.95263
    endloop
  endfacet
  facet normal -0.033474 -0.382551 -0.923328
    outer loop
      vertex 1.87274 10.6209 5.06252
      vertex 0 11.05 4.95263
      vertex 1.91881 10.8821 4.95263
    endloop
  endfacet
  facet normal -0.011417 -0.130513 -0.991381
    outer loop
      vertex 1.82331 10.3405 5.1
      vertex 0 10.5 5.1
      vertex 0 10.7847 5.06252
    endloop
  endfacet
  facet normal -0.0114144 -0.130502 -0.991382
    outer loop
      vertex 1.82331 10.3405 5.1
      vertex 0 10.7847 5.06252
      vertex 1.87274 10.6209 5.06252
    endloop
  endfacet
  facet normal 0.0114189 0.130513 -0.991381
    outer loop
      vertex 1.77387 10.0601 5.06252
      vertex 0 10.2153 5.06252
      vertex 0 10.5 5.1
    endloop
  endfacet
  facet normal 0.011416 0.130501 -0.991382
    outer loop
      vertex 1.77387 10.0601 5.06252
      vertex 0 10.5 5.1
      vertex 1.82331 10.3405 5.1
    endloop
  endfacet
  facet normal 0.0334608 0.382467 -0.923363
    outer loop
      vertex 1.7278 9.79884 4.95263
      vertex 0 9.95 4.95263
      vertex 0 10.2153 5.06252
    endloop
  endfacet
  facet normal 0.0334639 0.382478 -0.923358
    outer loop
      vertex 1.7278 9.79884 4.95263
      vertex 0 10.2153 5.06252
      vertex 1.77387 10.0601 5.06252
    endloop
  endfacet
  facet normal 0.0531832 0.607895 -0.792235
    outer loop
      vertex 1.68824 9.57448 4.77782
      vertex 0 9.72218 4.77782
      vertex 0 9.95 4.95263
    endloop
  endfacet
  facet normal 0.0531827 0.607893 -0.792236
    outer loop
      vertex 1.68824 9.57448 4.77782
      vertex 0 9.95 4.95263
      vertex 1.7278 9.79884 4.95263
    endloop
  endfacet
  facet normal 0.0692405 0.791453 -0.607295
    outer loop
      vertex 1.65788 9.40233 4.55
      vertex 0 9.54737 4.55
      vertex 0 9.72218 4.77782
    endloop
  endfacet
  facet normal 0.0692429 0.79146 -0.607286
    outer loop
      vertex 1.65788 9.40233 4.55
      vertex 0 9.72218 4.77782
      vertex 1.68824 9.57448 4.77782
    endloop
  endfacet
  facet normal 0.0805683 0.920877 -0.381437
    outer loop
      vertex 1.6388 9.2941 4.2847
      vertex 0 9.43748 4.2847
      vertex 0 9.54737 4.55
    endloop
  endfacet
  facet normal 0.0805622 0.920866 -0.381464
    outer loop
      vertex 1.6388 9.2941 4.2847
      vertex 0 9.54737 4.55
      vertex 1.65788 9.40233 4.55
    endloop
  endfacet
  facet normal 0.0864176 0.987737 -0.130033
    outer loop
      vertex 1.63229 9.25719 4
      vertex 0 9.4 4
      vertex 0 9.43748 4.2847
    endloop
  endfacet
  facet normal 0.0864179 0.987737 -0.130031
    outer loop
      vertex 1.63229 9.25719 4
      vertex 0 9.43748 4.2847
      vertex 1.6388 9.2941 4.2847
    endloop
  endfacet
  facet normal 0.0864179 0.987736 0.130033
    outer loop
      vertex 0 9.43748 3.7153
      vertex 0 9.4 4
      vertex 1.6388 9.2941 3.7153
    endloop
  endfacet
  facet normal 0.0864177 0.987737 0.130031
    outer loop
      vertex 1.6388 9.2941 3.7153
      vertex 0 9.4 4
      vertex 1.63229 9.25719 4
    endloop
  endfacet
  facet normal 0.0805632 0.920878 0.381437
    outer loop
      vertex 0 9.54737 3.45
      vertex 0 9.43748 3.7153
      vertex 1.65788 9.40233 3.45
    endloop
  endfacet
  facet normal 0.0805673 0.920866 0.381464
    outer loop
      vertex 1.65788 9.40233 3.45
      vertex 0 9.43748 3.7153
      vertex 1.6388 9.2941 3.7153
    endloop
  endfacet
  facet normal 0.0692423 0.791453 0.607295
    outer loop
      vertex 0 9.72218 3.22218
      vertex 0 9.54737 3.45
      vertex 1.68824 9.57448 3.22218
    endloop
  endfacet
  facet normal 0.0692411 0.79146 0.607286
    outer loop
      vertex 1.68824 9.57448 3.22218
      vertex 0 9.54737 3.45
      vertex 1.65788 9.40233 3.45
    endloop
  endfacet
  facet normal 0.0531829 0.607895 0.792235
    outer loop
      vertex 0 9.95 3.04737
      vertex 0 9.72218 3.22218
      vertex 1.7278 9.79884 3.04737
    endloop
  endfacet
  facet normal 0.0531831 0.607893 0.792236
    outer loop
      vertex 1.7278 9.79884 3.04737
      vertex 0 9.72218 3.22218
      vertex 1.68824 9.57448 3.22218
    endloop
  endfacet
  facet normal 0.0334629 0.382467 0.923363
    outer loop
      vertex 0 10.2153 2.93748
      vertex 0 9.95 3.04737
      vertex 1.77387 10.0601 2.93748
    endloop
  endfacet
  facet normal 0.0334619 0.382478 0.923358
    outer loop
      vertex 1.77387 10.0601 2.93748
      vertex 0 9.95 3.04737
      vertex 1.7278 9.79884 3.04737
    endloop
  endfacet
  facet normal 0.011417 0.130513 0.991381
    outer loop
      vertex 0 10.5 2.9
      vertex 0 10.2153 2.93748
      vertex 1.82331 10.3405 2.9
    endloop
  endfacet
  facet normal 0.0114178 0.130501 0.991382
    outer loop
      vertex 1.82331 10.3405 2.9
      vertex 0 10.2153 2.93748
      vertex 1.77387 10.0601 2.93748
    endloop
  endfacet
  facet normal -0.0114153 -0.130513 0.991381
    outer loop
      vertex 0 10.7847 2.93748
      vertex 0 10.5 2.9
      vertex 1.87274 10.6209 2.93748
    endloop
  endfacet
  facet normal -0.0114161 -0.130502 0.991382
    outer loop
      vertex 1.87274 10.6209 2.93748
      vertex 0 10.5 2.9
      vertex 1.82331 10.3405 2.9
    endloop
  endfacet
  facet normal -0.0334666 -0.382467 0.923363
    outer loop
      vertex 0 11.05 3.04737
      vertex 0 10.7847 2.93748
      vertex 1.91881 10.8821 3.04737
    endloop
  endfacet
  facet normal -0.0334602 -0.382553 0.923327
    outer loop
      vertex 1.91881 10.8821 3.04737
      vertex 0 10.7847 2.93748
      vertex 1.87274 10.6209 2.93748
    endloop
  endfacet
  facet normal -0.0531759 -0.607928 0.792209
    outer loop
      vertex 0 11.2778 3.22218
      vertex 0 11.05 3.04737
      vertex 1.95837 11.1065 3.22218
    endloop
  endfacet
  facet normal -0.053186 -0.607825 0.792288
    outer loop
      vertex 1.95837 11.1065 3.22218
      vertex 0 11.05 3.04737
      vertex 1.91881 10.8821 3.04737
    endloop
  endfacet
  facet normal -0.0692481 -0.79147 0.607273
    outer loop
      vertex 0 11.4526 3.45
      vertex 0 11.2778 3.22218
      vertex 1.98873 11.2786 3.45
    endloop
  endfacet
  facet normal -0.069237 -0.791545 0.607176
    outer loop
      vertex 1.98873 11.2786 3.45
      vertex 0 11.2778 3.22218
      vertex 1.95837 11.1065 3.22218
    endloop
  endfacet
  facet normal -0.0805328 -0.920804 0.381622
    outer loop
      vertex 0 11.5 3.56437
      vertex 0 11.4526 3.45
      vertex 0.865546 11.4243 3.56437
    endloop
  endfacet
  facet normal -0.0805564 -0.920719 0.381822
    outer loop
      vertex 1.98873 11.2786 3.45
      vertex 0.865546 11.4243 3.56437
      vertex 0 11.4526 3.45
    endloop
  endfacet
  facet normal -0.080567 -0.920746 0.381753
    outer loop
      vertex 0.865546 11.4243 3.56437
      vertex 1.98873 11.2786 3.45
      vertex 1.99695 11.3253 3.56437
    endloop
  endfacet
  facet normal -0.239252 -0.892879 -0.381478
    outer loop
      vertex 1.98873 11.2786 4.55
      vertex 3.094 11.0313 4.43563
      vertex 3.91703 10.7619 4.55
    endloop
  endfacet
  facet normal -0.239254 -0.892769 -0.381734
    outer loop
      vertex 1.98873 11.2786 4.55
      vertex 1.99695 11.3253 4.43563
      vertex 3.094 11.0313 4.43563
    endloop
  endfacet
  facet normal -0.239122 -0.892696 -0.381988
    outer loop
      vertex 3.91703 10.7619 4.55
      vertex 3.094 11.0313 4.43563
      vertex 3.93323 10.8065 4.43563
    endloop
  endfacet
  facet normal -0.205648 -0.767489 -0.607182
    outer loop
      vertex 3.85724 10.5977 4.77782
      vertex 1.95837 11.1065 4.77782
      vertex 1.98873 11.2786 4.55
    endloop
  endfacet
  facet normal -0.205659 -0.767509 -0.607152
    outer loop
      vertex 3.85724 10.5977 4.77782
      vertex 1.98873 11.2786 4.55
      vertex 3.91703 10.7619 4.55
    endloop
  endfacet
  facet normal -0.157912 -0.589361 -0.792286
    outer loop
      vertex 3.77932 10.3836 4.95263
      vertex 1.91881 10.8821 4.95263
      vertex 1.95837 11.1065 4.77782
    endloop
  endfacet
  facet normal -0.157927 -0.589393 -0.792259
    outer loop
      vertex 3.77932 10.3836 4.95263
      vertex 1.95837 11.1065 4.77782
      vertex 3.85724 10.5977 4.77782
    endloop
  endfacet
  facet normal -0.0993984 -0.370924 -0.923329
    outer loop
      vertex 3.68858 10.1343 5.06252
      vertex 1.87274 10.6209 5.06252
      vertex 1.91881 10.8821 4.95263
    endloop
  endfacet
  facet normal -0.0993637 -0.370847 -0.923363
    outer loop
      vertex 3.68858 10.1343 5.06252
      vertex 1.91881 10.8821 4.95263
      vertex 3.77932 10.3836 4.95263
    endloop
  endfacet
  facet normal -0.0339071 -0.126537 -0.991382
    outer loop
      vertex 3.59121 9.86677 5.1
      vertex 1.82331 10.3405 5.1
      vertex 1.87274 10.6209 5.06252
    endloop
  endfacet
  facet normal -0.0339113 -0.126547 -0.991381
    outer loop
      vertex 3.59121 9.86677 5.1
      vertex 1.87274 10.6209 5.06252
      vertex 3.68858 10.1343 5.06252
    endloop
  endfacet
  facet normal 0.0339049 0.126536 -0.991382
    outer loop
      vertex 3.49384 9.59924 5.06252
      vertex 1.77387 10.0601 5.06252
      vertex 1.82331 10.3405 5.1
    endloop
  endfacet
  facet normal 0.0339098 0.126547 -0.991381
    outer loop
      vertex 3.49384 9.59924 5.06252
      vertex 1.82331 10.3405 5.1
      vertex 3.59121 9.86677 5.1
    endloop
  endfacet
  facet normal 0.0993716 0.370856 -0.923359
    outer loop
      vertex 3.4031 9.34994 4.95263
      vertex 1.7278 9.79884 4.95263
      vertex 1.77387 10.0601 5.06252
    endloop
  endfacet
  facet normal 0.0993668 0.370846 -0.923363
    outer loop
      vertex 3.4031 9.34994 4.95263
      vertex 1.77387 10.0601 5.06252
      vertex 3.49384 9.59924 5.06252
    endloop
  endfacet
  facet normal 0.157936 0.589422 -0.792236
    outer loop
      vertex 3.32518 9.13586 4.77782
      vertex 1.68824 9.57448 4.77782
      vertex 1.7278 9.79884 4.95263
    endloop
  endfacet
  facet normal 0.157937 0.589424 -0.792234
    outer loop
      vertex 3.32518 9.13586 4.77782
      vertex 1.7278 9.79884 4.95263
      vertex 3.4031 9.34994 4.95263
    endloop
  endfacet
  facet normal 0.205631 0.767409 -0.607288
    outer loop
      vertex 3.26539 8.97159 4.55
      vertex 1.65788 9.40233 4.55
      vertex 1.68824 9.57448 4.77782
    endloop
  endfacet
  facet normal 0.205626 0.767401 -0.607301
    outer loop
      vertex 3.26539 8.97159 4.55
      vertex 1.68824 9.57448 4.77782
      vertex 3.32518 9.13586 4.77782
    endloop
  endfacet
  facet normal 0.239246 0.892887 -0.381463
    outer loop
      vertex 3.22781 8.86833 4.2847
      vertex 1.6388 9.2941 4.2847
      vertex 1.65788 9.40233 4.55
    endloop
  endfacet
  facet normal 0.239257 0.8929 -0.381425
    outer loop
      vertex 3.22781 8.86833 4.2847
      vertex 1.65788 9.40233 4.55
      vertex 3.26539 8.97159 4.55
    endloop
  endfacet
  facet normal 0.25662 0.957725 -0.130032
    outer loop
      vertex 3.21499 8.83311 4
      vertex 1.63229 9.25719 4
      vertex 1.6388 9.2941 4.2847
    endloop
  endfacet
  facet normal 0.256619 0.957725 -0.130035
    outer loop
      vertex 3.21499 8.83311 4
      vertex 1.6388 9.2941 4.2847
      vertex 3.22781 8.86833 4.2847
    endloop
  endfacet
  facet normal 0.256619 0.957725 0.130032
    outer loop
      vertex 1.6388 9.2941 3.7153
      vertex 1.63229 9.25719 4
      vertex 3.22781 8.86833 3.7153
    endloop
  endfacet
  facet normal 0.25662 0.957725 0.130035
    outer loop
      vertex 3.22781 8.86833 3.7153
      vertex 1.63229 9.25719 4
      vertex 3.21499 8.83311 4
    endloop
  endfacet
  facet normal 0.239253 0.892886 0.381462
    outer loop
      vertex 1.65788 9.40233 3.45
      vertex 1.6388 9.2941 3.7153
      vertex 3.26539 8.97159 3.45
    endloop
  endfacet
  facet normal 0.23925 0.892902 0.381425
    outer loop
      vertex 3.26539 8.97159 3.45
      vertex 1.6388 9.2941 3.7153
      vertex 3.22781 8.86833 3.7153
    endloop
  endfacet
  facet normal 0.205628 0.76741 0.607288
    outer loop
      vertex 1.68824 9.57448 3.22218
      vertex 1.65788 9.40233 3.45
      vertex 3.32518 9.13586 3.22218
    endloop
  endfacet
  facet normal 0.205628 0.7674 0.607301
    outer loop
      vertex 3.32518 9.13586 3.22218
      vertex 1.65788 9.40233 3.45
      vertex 3.26539 8.97159 3.45
    endloop
  endfacet
  facet normal 0.157937 0.589422 0.792236
    outer loop
      vertex 1.7278 9.79884 3.04737
      vertex 1.68824 9.57448 3.22218
      vertex 3.4031 9.34994 3.04737
    endloop
  endfacet
  facet normal 0.157937 0.589424 0.792234
    outer loop
      vertex 3.4031 9.34994 3.04737
      vertex 1.68824 9.57448 3.22218
      vertex 3.32518 9.13586 3.22218
    endloop
  endfacet
  facet normal 0.0993697 0.370856 0.923359
    outer loop
      vertex 1.77387 10.0601 2.93748
      vertex 1.7278 9.79884 3.04737
      vertex 3.49384 9.59924 2.93748
    endloop
  endfacet
  facet normal 0.0993687 0.370845 0.923363
    outer loop
      vertex 3.49384 9.59924 2.93748
      vertex 1.7278 9.79884 3.04737
      vertex 3.4031 9.34994 3.04737
    endloop
  endfacet
  facet normal 0.0339068 0.126536 0.991382
    outer loop
      vertex 1.82331 10.3405 2.9
      vertex 1.77387 10.0601 2.93748
      vertex 3.59121 9.86677 2.9
    endloop
  endfacet
  facet normal 0.033908 0.126548 0.991381
    outer loop
      vertex 3.59121 9.86677 2.9
      vertex 1.77387 10.0601 2.93748
      vertex 3.49384 9.59924 2.93748
    endloop
  endfacet
  facet normal -0.0339087 -0.126537 0.991382
    outer loop
      vertex 1.87274 10.6209 2.93748
      vertex 1.82331 10.3405 2.9
      vertex 3.68858 10.1343 2.93748
    endloop
  endfacet
  facet normal -0.0339098 -0.126547 0.991381
    outer loop
      vertex 3.68858 10.1343 2.93748
      vertex 1.82331 10.3405 2.9
      vertex 3.59121 9.86677 2.9
    endloop
  endfacet
  facet normal -0.099385 -0.370926 0.923329
    outer loop
      vertex 1.91881 10.8821 3.04737
      vertex 1.87274 10.6209 2.93748
      vertex 3.77932 10.3836 3.04737
    endloop
  endfacet
  facet normal -0.0993765 -0.370842 0.923364
    outer loop
      vertex 3.77932 10.3836 3.04737
      vertex 1.87274 10.6209 2.93748
      vertex 3.68858 10.1343 2.93748
    endloop
  endfacet
  facet normal -0.157918 -0.58936 0.792286
    outer loop
      vertex 1.95837 11.1065 3.22218
      vertex 1.91881 10.8821 3.04737
      vertex 3.85724 10.5977 3.22218
    endloop
  endfacet
  facet normal -0.157921 -0.589395 0.792259
    outer loop
      vertex 3.85724 10.5977 3.22218
      vertex 1.91881 10.8821 3.04737
      vertex 3.77932 10.3836 3.04737
    endloop
  endfacet
  facet normal -0.205653 -0.767487 0.607182
    outer loop
      vertex 1.98873 11.2786 3.45
      vertex 1.95837 11.1065 3.22218
      vertex 3.91703 10.7619 3.45
    endloop
  endfacet
  facet normal -0.205654 -0.767511 0.607152
    outer loop
      vertex 3.91703 10.7619 3.45
      vertex 1.95837 11.1065 3.22218
      vertex 3.85724 10.5977 3.22218
    endloop
  endfacet
  facet normal -0.239245 -0.892771 0.381735
    outer loop
      vertex 1.99695 11.3253 3.56437
      vertex 1.98873 11.2786 3.45
      vertex 2.83619 11.1004 3.56437
    endloop
  endfacet
  facet normal -0.23924 -0.892831 0.381599
    outer loop
      vertex 3.91703 10.7619 3.45
      vertex 2.83619 11.1004 3.56437
      vertex 1.98873 11.2786 3.45
    endloop
  endfacet
  facet normal -0.239153 -0.892687 0.381989
    outer loop
      vertex 2.83619 11.1004 3.56437
      vertex 3.91703 10.7619 3.45
      vertex 3.93323 10.8065 3.56437
    endloop
  endfacet
  facet normal -0.390587 -0.837588 -0.381953
    outer loop
      vertex 4.96256 10.3265 4.43563
      vertex 3.91703 10.7619 4.55
      vertex 3.93323 10.8065 4.43563
    endloop
  endfacet
  facet normal -0.390605 -0.837706 -0.381675
    outer loop
      vertex 3.91703 10.7619 4.55
      vertex 4.96256 10.3265 4.43563
      vertex 5.72631 9.91827 4.55
    endloop
  endfacet
  facet normal -0.390689 -0.837789 -0.381407
    outer loop
      vertex 5.72631 9.91827 4.55
      vertex 4.96256 10.3265 4.43563
      vertex 5.75 9.95929 4.43563
    endloop
  endfacet
  facet normal -0.335808 -0.720131 -0.607161
    outer loop
      vertex 5.63891 9.76688 4.77782
      vertex 3.85724 10.5977 4.77782
      vertex 3.91703 10.7619 4.55
    endloop
  endfacet
  facet normal -0.335745 -0.720052 -0.60729
    outer loop
      vertex 5.63891 9.76688 4.77782
      vertex 3.91703 10.7619 4.55
      vertex 5.72631 9.91827 4.55
    endloop
  endfacet
  facet normal -0.257875 -0.553017 -0.792258
    outer loop
      vertex 5.525 9.56958 4.95263
      vertex 3.77932 10.3836 4.95263
      vertex 3.85724 10.5977 4.77782
    endloop
  endfacet
  facet normal -0.257891 -0.553039 -0.792237
    outer loop
      vertex 5.525 9.56958 4.95263
      vertex 3.85724 10.5977 4.77782
      vertex 5.63891 9.76688 4.77782
    endloop
  endfacet
  facet normal -0.162254 -0.347956 -0.923363
    outer loop
      vertex 5.39235 9.33982 5.06252
      vertex 3.68858 10.1343 5.06252
      vertex 3.77932 10.3836 4.95263
    endloop
  endfacet
  facet normal -0.162253 -0.347953 -0.923365
    outer loop
      vertex 5.39235 9.33982 5.06252
      vertex 3.77932 10.3836 4.95263
      vertex 5.525 9.56958 4.95263
    endloop
  endfacet
  facet normal -0.0553677 -0.118737 -0.991381
    outer loop
      vertex 5.25 9.09327 5.1
      vertex 3.59121 9.86677 5.1
      vertex 3.68858 10.1343 5.06252
    endloop
  endfacet
  facet normal -0.055369 -0.118739 -0.99138
    outer loop
      vertex 5.25 9.09327 5.1
      vertex 3.68858 10.1343 5.06252
      vertex 5.39235 9.33982 5.06252
    endloop
  endfacet
  facet normal 0.0553679 0.118737 -0.991381
    outer loop
      vertex 5.10765 8.84671 5.06252
      vertex 3.49384 9.59924 5.06252
      vertex 3.59121 9.86677 5.1
    endloop
  endfacet
  facet normal 0.0553669 0.118736 -0.991381
    outer loop
      vertex 5.10765 8.84671 5.06252
      vertex 3.59121 9.86677 5.1
      vertex 5.25 9.09327 5.1
    endloop
  endfacet
  facet normal 0.162255 0.347956 -0.923363
    outer loop
      vertex 4.975 8.61695 4.95263
      vertex 3.4031 9.34994 4.95263
      vertex 3.49384 9.59924 5.06252
    endloop
  endfacet
  facet normal 0.162253 0.347953 -0.923365
    outer loop
      vertex 4.975 8.61695 4.95263
      vertex 3.49384 9.59924 5.06252
      vertex 5.10765 8.84671 5.06252
    endloop
  endfacet
  facet normal 0.257887 0.553045 -0.792234
    outer loop
      vertex 4.86109 8.41966 4.77782
      vertex 3.32518 9.13586 4.77782
      vertex 3.4031 9.34994 4.95263
    endloop
  endfacet
  facet normal 0.257894 0.553055 -0.792225
    outer loop
      vertex 4.86109 8.41966 4.77782
      vertex 3.4031 9.34994 4.95263
      vertex 4.975 8.61695 4.95263
    endloop
  endfacet
  facet normal 0.335754 0.720038 -0.607301
    outer loop
      vertex 4.77369 8.26827 4.55
      vertex 3.26539 8.97159 4.55
      vertex 3.32518 9.13586 4.77782
    endloop
  endfacet
  facet normal 0.335759 0.720045 -0.60729
    outer loop
      vertex 4.77369 8.26827 4.55
      vertex 3.32518 9.13586 4.77782
      vertex 4.86109 8.41966 4.77782
    endloop
  endfacet
  facet normal 0.390668 0.837792 -0.381424
    outer loop
      vertex 4.71874 8.1731 4.2847
      vertex 3.22781 8.86833 4.2847
      vertex 3.26539 8.97159 4.55
    endloop
  endfacet
  facet normal 0.390659 0.837784 -0.38145
    outer loop
      vertex 4.71874 8.1731 4.2847
      vertex 3.26539 8.97159 4.55
      vertex 4.77369 8.26827 4.55
    endloop
  endfacet
  facet normal 0.419029 0.898613 -0.130035
    outer loop
      vertex 4.7 8.14064 4
      vertex 3.21499 8.83311 4
      vertex 3.22781 8.86833 4.2847
    endloop
  endfacet
  facet normal 0.419029 0.898613 -0.130037
    outer loop
      vertex 4.7 8.14064 4
      vertex 3.22781 8.86833 4.2847
      vertex 4.71874 8.1731 4.2847
    endloop
  endfacet
  facet normal 0.419029 0.898613 0.130035
    outer loop
      vertex 3.22781 8.86833 3.7153
      vertex 3.21499 8.83311 4
      vertex 4.71874 8.1731 3.7153
    endloop
  endfacet
  facet normal 0.419029 0.898613 0.130037
    outer loop
      vertex 4.71874 8.1731 3.7153
      vertex 3.21499 8.83311 4
      vertex 4.7 8.14064 4
    endloop
  endfacet
  facet normal 0.390663 0.837794 0.381424
    outer loop
      vertex 3.26539 8.97159 3.45
      vertex 3.22781 8.86833 3.7153
      vertex 4.77369 8.26827 3.45
    endloop
  endfacet
  facet normal 0.390663 0.837782 0.38145
    outer loop
      vertex 4.77369 8.26827 3.45
      vertex 3.22781 8.86833 3.7153
      vertex 4.71874 8.1731 3.7153
    endloop
  endfacet
  facet normal 0.335756 0.720037 0.607301
    outer loop
      vertex 3.32518 9.13586 3.22218
      vertex 3.26539 8.97159 3.45
      vertex 4.86109 8.41966 3.22218
    endloop
  endfacet
  facet normal 0.335757 0.720046 0.60729
    outer loop
      vertex 4.86109 8.41966 3.22218
      vertex 3.26539 8.97159 3.45
      vertex 4.77369 8.26827 3.45
    endloop
  endfacet
  facet normal 0.257889 0.553044 0.792234
    outer loop
      vertex 3.4031 9.34994 3.04737
      vertex 3.32518 9.13586 3.22218
      vertex 4.975 8.61695 3.04737
    endloop
  endfacet
  facet normal 0.257892 0.553056 0.792225
    outer loop
      vertex 4.975 8.61695 3.04737
      vertex 3.32518 9.13586 3.22218
      vertex 4.86109 8.41966 3.22218
    endloop
  endfacet
  facet normal 0.162254 0.347956 0.923363
    outer loop
      vertex 3.49384 9.59924 2.93748
      vertex 3.4031 9.34994 3.04737
      vertex 5.10765 8.84671 2.93748
    endloop
  endfacet
  facet normal 0.162253 0.347953 0.923365
    outer loop
      vertex 5.10765 8.84671 2.93748
      vertex 3.4031 9.34994 3.04737
      vertex 4.975 8.61695 3.04737
    endloop
  endfacet
  facet normal 0.0553677 0.118737 0.991381
    outer loop
      vertex 3.59121 9.86677 2.9
      vertex 3.49384 9.59924 2.93748
      vertex 5.25 9.09327 2.9
    endloop
  endfacet
  facet normal 0.0553672 0.118736 0.991381
    outer loop
      vertex 5.25 9.09327 2.9
      vertex 3.49384 9.59924 2.93748
      vertex 5.10765 8.84671 2.93748
    endloop
  endfacet
  facet normal -0.055368 -0.118737 0.991381
    outer loop
      vertex 3.68858 10.1343 2.93748
      vertex 3.59121 9.86677 2.9
      vertex 5.39235 9.33982 2.93748
    endloop
  endfacet
  facet normal -0.0553687 -0.118739 0.99138
    outer loop
      vertex 5.39235 9.33982 2.93748
      vertex 3.59121 9.86677 2.9
      vertex 5.25 9.09327 2.9
    endloop
  endfacet
  facet normal -0.162254 -0.347956 0.923363
    outer loop
      vertex 3.77932 10.3836 3.04737
      vertex 3.68858 10.1343 2.93748
      vertex 5.525 9.56958 3.04737
    endloop
  endfacet
  facet normal -0.162253 -0.347953 0.923365
    outer loop
      vertex 5.525 9.56958 3.04737
      vertex 3.68858 10.1343 2.93748
      vertex 5.39235 9.33982 2.93748
    endloop
  endfacet
  facet normal -0.25788 -0.553015 0.792258
    outer loop
      vertex 3.85724 10.5977 3.22218
      vertex 3.77932 10.3836 3.04737
      vertex 5.63891 9.76688 3.22218
    endloop
  endfacet
  facet normal -0.257886 -0.553042 0.792237
    outer loop
      vertex 5.63891 9.76688 3.22218
      vertex 3.77932 10.3836 3.04737
      vertex 5.525 9.56958 3.04737
    endloop
  endfacet
  facet normal -0.335786 -0.72014 0.607162
    outer loop
      vertex 3.91703 10.7619 3.45
      vertex 3.85724 10.5977 3.22218
      vertex 5.72631 9.91827 3.45
    endloop
  endfacet
  facet normal -0.335766 -0.720041 0.607291
    outer loop
      vertex 5.72631 9.91827 3.45
      vertex 3.85724 10.5977 3.22218
      vertex 5.63891 9.76688 3.22218
    endloop
  endfacet
  facet normal -0.39059 -0.837587 0.381953
    outer loop
      vertex 3.93323 10.8065 3.56437
      vertex 3.91703 10.7619 3.45
      vertex 4.72066 10.4393 3.56437
    endloop
  endfacet
  facet normal -0.390598 -0.83769 0.381719
    outer loop
      vertex 5.72631 9.91827 3.45
      vertex 4.72066 10.4393 3.56437
      vertex 3.91703 10.7619 3.45
    endloop
  endfacet
  facet normal -0.390685 -0.837791 0.381407
    outer loop
      vertex 4.72066 10.4393 3.56437
      vertex 5.72631 9.91827 3.45
      vertex 5.75 9.95929 3.56437
    endloop
  endfacet
  facet normal -0.530205 -0.757211 -0.381462
    outer loop
      vertex 5.72631 9.91827 4.55
      vertex 6.68035 9.30786 4.43563
      vertex 7.36161 8.77322 4.55
    endloop
  endfacet
  facet normal -0.530212 -0.757231 -0.381414
    outer loop
      vertex 5.72631 9.91827 4.55
      vertex 5.75 9.95929 4.43563
      vertex 6.68035 9.30786 4.43563
    endloop
  endfacet
  facet normal -0.530216 -0.757219 -0.381433
    outer loop
      vertex 7.36161 8.77322 4.55
      vertex 6.68035 9.30786 4.43563
      vertex 7.39206 8.80951 4.43563
    endloop
  endfacet
  facet normal -0.455697 -0.6508 -0.607289
    outer loop
      vertex 7.24924 8.63931 4.77782
      vertex 5.63891 9.76688 4.77782
      vertex 5.72631 9.91827 4.55
    endloop
  endfacet
  facet normal -0.455693 -0.650796 -0.607296
    outer loop
      vertex 7.24924 8.63931 4.77782
      vertex 5.72631 9.91827 4.55
      vertex 7.36161 8.77322 4.55
    endloop
  endfacet
  facet normal -0.350005 -0.499857 -0.792237
    outer loop
      vertex 7.1028 8.46479 4.95263
      vertex 5.525 9.56958 4.95263
      vertex 5.63891 9.76688 4.77782
    endloop
  endfacet
  facet normal -0.350007 -0.49986 -0.792235
    outer loop
      vertex 7.1028 8.46479 4.95263
      vertex 5.63891 9.76688 4.77782
      vertex 7.24924 8.63931 4.77782
    endloop
  endfacet
  facet normal -0.220209 -0.314492 -0.923365
    outer loop
      vertex 6.93227 8.26156 5.06252
      vertex 5.39235 9.33982 5.06252
      vertex 5.525 9.56958 4.95263
    endloop
  endfacet
  facet normal -0.220214 -0.314497 -0.923362
    outer loop
      vertex 6.93227 8.26156 5.06252
      vertex 5.525 9.56958 4.95263
      vertex 7.1028 8.46479 4.95263
    endloop
  endfacet
  facet normal -0.0751465 -0.10732 -0.991381
    outer loop
      vertex 6.74927 8.04347 5.1
      vertex 5.25 9.09327 5.1
      vertex 5.39235 9.33982 5.06252
    endloop
  endfacet
  facet normal -0.0751456 -0.107319 -0.991381
    outer loop
      vertex 6.74927 8.04347 5.1
      vertex 5.39235 9.33982 5.06252
      vertex 6.93227 8.26156 5.06252
    endloop
  endfacet
  facet normal 0.0751446 0.107317 -0.991381
    outer loop
      vertex 6.56627 7.82537 5.06252
      vertex 5.10765 8.84671 5.06252
      vertex 5.25 9.09327 5.1
    endloop
  endfacet
  facet normal 0.0751437 0.107316 -0.991381
    outer loop
      vertex 6.56627 7.82537 5.06252
      vertex 5.25 9.09327 5.1
      vertex 6.74927 8.04347 5.1
    endloop
  endfacet
  facet normal 0.220209 0.314492 -0.923365
    outer loop
      vertex 6.39574 7.62214 4.95263
      vertex 4.975 8.61695 4.95263
      vertex 5.10765 8.84671 5.06252
    endloop
  endfacet
  facet normal 0.220214 0.314497 -0.923362
    outer loop
      vertex 6.39574 7.62214 4.95263
      vertex 5.10765 8.84671 5.06252
      vertex 6.56627 7.82537 5.06252
    endloop
  endfacet
  facet normal 0.350013 0.499868 -0.792226
    outer loop
      vertex 6.2493 7.44762 4.77782
      vertex 4.86109 8.41966 4.77782
      vertex 4.975 8.61695 4.95263
    endloop
  endfacet
  facet normal 0.350005 0.499861 -0.792234
    outer loop
      vertex 6.2493 7.44762 4.77782
      vertex 4.975 8.61695 4.95263
      vertex 6.39574 7.62214 4.95263
    endloop
  endfacet
  facet normal 0.455699 0.650799 -0.607289
    outer loop
      vertex 6.13693 7.31371 4.55
      vertex 4.77369 8.26827 4.55
      vertex 4.86109 8.41966 4.77782
    endloop
  endfacet
  facet normal 0.455694 0.650795 -0.607296
    outer loop
      vertex 6.13693 7.31371 4.55
      vertex 4.86109 8.41966 4.77782
      vertex 6.2493 7.44762 4.77782
    endloop
  endfacet
  facet normal 0.530207 0.757215 -0.381451
    outer loop
      vertex 6.0663 7.22953 4.2847
      vertex 4.71874 8.1731 4.2847
      vertex 4.77369 8.26827 4.55
    endloop
  endfacet
  facet normal 0.530217 0.757221 -0.381425
    outer loop
      vertex 6.0663 7.22953 4.2847
      vertex 4.77369 8.26827 4.55
      vertex 6.13693 7.31371 4.55
    endloop
  endfacet
  facet normal 0.568707 0.812196 -0.130037
    outer loop
      vertex 6.0422 7.20082 4
      vertex 4.7 8.14064 4
      vertex 4.71874 8.1731 4.2847
    endloop
  endfacet
  facet normal 0.568705 0.812196 -0.130045
    outer loop
      vertex 6.0422 7.20082 4
      vertex 4.71874 8.1731 4.2847
      vertex 6.0663 7.22953 4.2847
    endloop
  endfacet
  facet normal 0.568706 0.812197 0.130037
    outer loop
      vertex 4.71874 8.1731 3.7153
      vertex 4.7 8.14064 4
      vertex 6.0663 7.22953 3.7153
    endloop
  endfacet
  facet normal 0.568706 0.812195 0.130045
    outer loop
      vertex 6.0663 7.22953 3.7153
      vertex 4.7 8.14064 4
      vertex 6.0422 7.20082 4
    endloop
  endfacet
  facet normal 0.530211 0.757213 0.381451
    outer loop
      vertex 4.77369 8.26827 3.45
      vertex 4.71874 8.1731 3.7153
      vertex 6.13693 7.31371 3.45
    endloop
  endfacet
  facet normal 0.530213 0.757224 0.381425
    outer loop
      vertex 6.13693 7.31371 3.45
      vertex 4.71874 8.1731 3.7153
      vertex 6.0663 7.22953 3.7153
    endloop
  endfacet
  facet normal 0.455697 0.6508 0.607289
    outer loop
      vertex 4.86109 8.41966 3.22218
      vertex 4.77369 8.26827 3.45
      vertex 6.2493 7.44762 3.22218
    endloop
  endfacet
  facet normal 0.455695 0.650794 0.607297
    outer loop
      vertex 6.2493 7.44762 3.22218
      vertex 4.77369 8.26827 3.45
      vertex 6.13693 7.31371 3.45
    endloop
  endfacet
  facet normal 0.350011 0.49987 0.792226
    outer loop
      vertex 4.975 8.61695 3.04737
      vertex 4.86109 8.41966 3.22218
      vertex 6.39574 7.62214 3.04737
    endloop
  endfacet
  facet normal 0.350007 0.499859 0.792235
    outer loop
      vertex 6.39574 7.62214 3.04737
      vertex 4.86109 8.41966 3.22218
      vertex 6.2493 7.44762 3.22218
    endloop
  endfacet
  facet normal 0.22021 0.314492 0.923365
    outer loop
      vertex 5.10765 8.84671 2.93748
      vertex 4.975 8.61695 3.04737
      vertex 6.56627 7.82537 2.93748
    endloop
  endfacet
  facet normal 0.220213 0.314498 0.923362
    outer loop
      vertex 6.56627 7.82537 2.93748
      vertex 4.975 8.61695 3.04737
      vertex 6.39574 7.62214 3.04737
    endloop
  endfacet
  facet normal 0.0751444 0.107317 0.991381
    outer loop
      vertex 5.25 9.09327 2.9
      vertex 5.10765 8.84671 2.93748
      vertex 6.74927 8.04347 2.9
    endloop
  endfacet
  facet normal 0.0751438 0.107316 0.991381
    outer loop
      vertex 6.74927 8.04347 2.9
      vertex 5.10765 8.84671 2.93748
      vertex 6.56627 7.82537 2.93748
    endloop
  endfacet
  facet normal -0.0751463 -0.10732 0.991381
    outer loop
      vertex 5.39235 9.33982 2.93748
      vertex 5.25 9.09327 2.9
      vertex 6.93227 8.26156 2.93748
    endloop
  endfacet
  facet normal -0.0751458 -0.107319 0.991381
    outer loop
      vertex 6.93227 8.26156 2.93748
      vertex 5.25 9.09327 2.9
      vertex 6.74927 8.04347 2.9
    endloop
  endfacet
  facet normal -0.22021 -0.314492 0.923365
    outer loop
      vertex 5.525 9.56958 3.04737
      vertex 5.39235 9.33982 2.93748
      vertex 7.1028 8.46479 3.04737
    endloop
  endfacet
  facet normal -0.220213 -0.314498 0.923362
    outer loop
      vertex 7.1028 8.46479 3.04737
      vertex 5.39235 9.33982 2.93748
      vertex 6.93227 8.26156 2.93748
    endloop
  endfacet
  facet normal -0.350005 -0.499857 0.792237
    outer loop
      vertex 5.63891 9.76688 3.22218
      vertex 5.525 9.56958 3.04737
      vertex 7.24924 8.63931 3.22218
    endloop
  endfacet
  facet normal -0.350007 -0.49986 0.792234
    outer loop
      vertex 7.24924 8.63931 3.22218
      vertex 5.525 9.56958 3.04737
      vertex 7.1028 8.46479 3.04737
    endloop
  endfacet
  facet normal -0.455696 -0.650801 0.607289
    outer loop
      vertex 5.72631 9.91827 3.45
      vertex 5.63891 9.76688 3.22218
      vertex 7.36161 8.77322 3.45
    endloop
  endfacet
  facet normal -0.455694 -0.650795 0.607296
    outer loop
      vertex 7.36161 8.77322 3.45
      vertex 5.63891 9.76688 3.22218
      vertex 7.24924 8.63931 3.22218
    endloop
  endfacet
  facet normal -0.530213 -0.75723 0.381414
    outer loop
      vertex 5.75 9.95929 3.56437
      vertex 5.72631 9.91827 3.45
      vertex 6.46171 9.46095 3.56437
    endloop
  endfacet
  facet normal -0.53021 -0.757218 0.381442
    outer loop
      vertex 7.36161 8.77322 3.45
      vertex 6.46171 9.46095 3.56437
      vertex 5.72631 9.91827 3.45
    endloop
  endfacet
  facet normal -0.530213 -0.75722 0.381433
    outer loop
      vertex 6.46171 9.46095 3.56437
      vertex 7.36161 8.77322 3.45
      vertex 7.39206 8.80951 3.56437
    endloop
  endfacet
  facet normal -0.653647 -0.653647 -0.381432
    outer loop
      vertex 8.80951 7.39206 4.43563
      vertex 7.36161 8.77322 4.55
      vertex 7.39206 8.80951 4.43563
    endloop
  endfacet
  facet normal -0.653647 -0.653647 -0.381432
    outer loop
      vertex 8.80951 7.39206 4.43563
      vertex 8.77322 7.36161 4.55
      vertex 7.36161 8.77322 4.55
    endloop
  endfacet
  facet normal -0.561778 -0.561778 -0.607298
    outer loop
      vertex 8.63931 7.24924 4.77782
      vertex 7.36161 8.77322 4.55
      vertex 8.77322 7.36161 4.55
    endloop
  endfacet
  facet normal -0.561778 -0.561778 -0.607298
    outer loop
      vertex 7.36161 8.77322 4.55
      vertex 8.63931 7.24924 4.77782
      vertex 7.24924 8.63931 4.77782
    endloop
  endfacet
  facet normal -0.431488 -0.431488 -0.792235
    outer loop
      vertex 8.46479 7.1028 4.95263
      vertex 7.24924 8.63931 4.77782
      vertex 8.63931 7.24924 4.77782
    endloop
  endfacet
  facet normal -0.431488 -0.431488 -0.792235
    outer loop
      vertex 7.24924 8.63931 4.77782
      vertex 8.46479 7.1028 4.95263
      vertex 7.1028 8.46479 4.95263
    endloop
  endfacet
  facet normal -0.27148 -0.27148 -0.923362
    outer loop
      vertex 8.26156 6.93227 5.06252
      vertex 7.1028 8.46479 4.95263
      vertex 8.46479 7.1028 4.95263
    endloop
  endfacet
  facet normal -0.27148 -0.27148 -0.923362
    outer loop
      vertex 7.1028 8.46479 4.95263
      vertex 8.26156 6.93227 5.06252
      vertex 6.93227 8.26156 5.06252
    endloop
  endfacet
  facet normal -0.0926399 -0.0926399 -0.991381
    outer loop
      vertex 8.04347 6.74927 5.1
      vertex 6.93227 8.26156 5.06252
      vertex 8.26156 6.93227 5.06252
    endloop
  endfacet
  facet normal -0.0926399 -0.0926399 -0.991381
    outer loop
      vertex 6.93227 8.26156 5.06252
      vertex 8.04347 6.74927 5.1
      vertex 6.74927 8.04347 5.1
    endloop
  endfacet
  facet normal 0.0926377 0.0926377 -0.991381
    outer loop
      vertex 7.82537 6.56627 5.06252
      vertex 6.74927 8.04347 5.1
      vertex 8.04347 6.74927 5.1
    endloop
  endfacet
  facet normal 0.0926377 0.0926377 -0.991381
    outer loop
      vertex 6.74927 8.04347 5.1
      vertex 7.82537 6.56627 5.06252
      vertex 6.56627 7.82537 5.06252
    endloop
  endfacet
  facet normal 0.27148 0.27148 -0.923362
    outer loop
      vertex 7.62214 6.39574 4.95263
      vertex 6.56627 7.82537 5.06252
      vertex 7.82537 6.56627 5.06252
    endloop
  endfacet
  facet normal 0.27148 0.27148 -0.923362
    outer loop
      vertex 6.56627 7.82537 5.06252
      vertex 7.62214 6.39574 4.95263
      vertex 6.39574 7.62214 4.95263
    endloop
  endfacet
  facet normal 0.431488 0.431488 -0.792235
    outer loop
      vertex 7.44762 6.2493 4.77782
      vertex 6.39574 7.62214 4.95263
      vertex 7.62214 6.39574 4.95263
    endloop
  endfacet
  facet normal 0.431488 0.431488 -0.792235
    outer loop
      vertex 6.39574 7.62214 4.95263
      vertex 7.44762 6.2493 4.77782
      vertex 6.2493 7.44762 4.77782
    endloop
  endfacet
  facet normal 0.561778 0.561778 -0.607298
    outer loop
      vertex 7.31371 6.13693 4.55
      vertex 6.2493 7.44762 4.77782
      vertex 7.44762 6.2493 4.77782
    endloop
  endfacet
  facet normal 0.561778 0.561778 -0.607298
    outer loop
      vertex 6.2493 7.44762 4.77782
      vertex 7.31371 6.13693 4.55
      vertex 6.13693 7.31371 4.55
    endloop
  endfacet
  facet normal 0.65365 0.65365 -0.381423
    outer loop
      vertex 7.31371 6.13693 4.55
      vertex 6.0663 7.22953 4.2847
      vertex 6.13693 7.31371 4.55
    endloop
  endfacet
  facet normal 0.65365 0.65365 -0.381423
    outer loop
      vertex 6.0663 7.22953 4.2847
      vertex 7.31371 6.13693 4.55
      vertex 7.22953 6.0663 4.2847
    endloop
  endfacet
  facet normal 0.701102 0.701102 -0.13005
    outer loop
      vertex 7.22953 6.0663 4.2847
      vertex 6.0422 7.20082 4
      vertex 6.0663 7.22953 4.2847
    endloop
  endfacet
  facet normal 0.701102 0.701102 -0.13005
    outer loop
      vertex 6.0422 7.20082 4
      vertex 7.22953 6.0663 4.2847
      vertex 7.20082 6.0422 4
    endloop
  endfacet
  facet normal 0.701102 0.701102 0.13005
    outer loop
      vertex 6.0422 7.20082 4
      vertex 7.22953 6.0663 3.7153
      vertex 6.0663 7.22953 3.7153
    endloop
  endfacet
  facet normal 0.701102 0.701102 0.13005
    outer loop
      vertex 7.22953 6.0663 3.7153
      vertex 6.0422 7.20082 4
      vertex 7.20082 6.0422 4
    endloop
  endfacet
  facet normal 0.65365 0.65365 0.381423
    outer loop
      vertex 6.0663 7.22953 3.7153
      vertex 7.31371 6.13693 3.45
      vertex 6.13693 7.31371 3.45
    endloop
  endfacet
  facet normal 0.65365 0.65365 0.381423
    outer loop
      vertex 7.31371 6.13693 3.45
      vertex 6.0663 7.22953 3.7153
      vertex 7.22953 6.0663 3.7153
    endloop
  endfacet
  facet normal 0.561778 0.561778 0.607298
    outer loop
      vertex 6.2493 7.44762 3.22218
      vertex 7.31371 6.13693 3.45
      vertex 7.44762 6.2493 3.22218
    endloop
  endfacet
  facet normal 0.561778 0.561778 0.607298
    outer loop
      vertex 7.31371 6.13693 3.45
      vertex 6.2493 7.44762 3.22218
      vertex 6.13693 7.31371 3.45
    endloop
  endfacet
  facet normal 0.431488 0.431488 0.792235
    outer loop
      vertex 6.39574 7.62214 3.04737
      vertex 7.44762 6.2493 3.22218
      vertex 7.62214 6.39574 3.04737
    endloop
  endfacet
  facet normal 0.431488 0.431488 0.792235
    outer loop
      vertex 7.44762 6.2493 3.22218
      vertex 6.39574 7.62214 3.04737
      vertex 6.2493 7.44762 3.22218
    endloop
  endfacet
  facet normal 0.27148 0.27148 0.923362
    outer loop
      vertex 6.56627 7.82537 2.93748
      vertex 7.62214 6.39574 3.04737
      vertex 7.82537 6.56627 2.93748
    endloop
  endfacet
  facet normal 0.27148 0.27148 0.923362
    outer loop
      vertex 7.62214 6.39574 3.04737
      vertex 6.56627 7.82537 2.93748
      vertex 6.39574 7.62214 3.04737
    endloop
  endfacet
  facet normal 0.0926377 0.0926377 0.991381
    outer loop
      vertex 6.74927 8.04347 2.9
      vertex 7.82537 6.56627 2.93748
      vertex 8.04347 6.74927 2.9
    endloop
  endfacet
  facet normal 0.0926377 0.0926377 0.991381
    outer loop
      vertex 7.82537 6.56627 2.93748
      vertex 6.74927 8.04347 2.9
      vertex 6.56627 7.82537 2.93748
    endloop
  endfacet
  facet normal -0.0926399 -0.0926399 0.991381
    outer loop
      vertex 6.93227 8.26156 2.93748
      vertex 8.04347 6.74927 2.9
      vertex 8.26156 6.93227 2.93748
    endloop
  endfacet
  facet normal -0.0926399 -0.0926399 0.991381
    outer loop
      vertex 8.04347 6.74927 2.9
      vertex 6.93227 8.26156 2.93748
      vertex 6.74927 8.04347 2.9
    endloop
  endfacet
  facet normal -0.27148 -0.27148 0.923362
    outer loop
      vertex 7.1028 8.46479 3.04737
      vertex 8.26156 6.93227 2.93748
      vertex 8.46479 7.1028 3.04737
    endloop
  endfacet
  facet normal -0.27148 -0.27148 0.923362
    outer loop
      vertex 8.26156 6.93227 2.93748
      vertex 7.1028 8.46479 3.04737
      vertex 6.93227 8.26156 2.93748
    endloop
  endfacet
  facet normal -0.431488 -0.431488 0.792235
    outer loop
      vertex 7.24924 8.63931 3.22218
      vertex 8.46479 7.1028 3.04737
      vertex 8.63931 7.24924 3.22218
    endloop
  endfacet
  facet normal -0.431488 -0.431488 0.792235
    outer loop
      vertex 8.46479 7.1028 3.04737
      vertex 7.24924 8.63931 3.22218
      vertex 7.1028 8.46479 3.04737
    endloop
  endfacet
  facet normal -0.561778 -0.561778 0.607298
    outer loop
      vertex 7.36161 8.77322 3.45
      vertex 8.63931 7.24924 3.22218
      vertex 8.77322 7.36161 3.45
    endloop
  endfacet
  facet normal -0.561778 -0.561778 0.607298
    outer loop
      vertex 8.63931 7.24924 3.22218
      vertex 7.36161 8.77322 3.45
      vertex 7.24924 8.63931 3.22218
    endloop
  endfacet
  facet normal -0.653647 -0.653647 0.381432
    outer loop
      vertex 7.36161 8.77322 3.45
      vertex 8.80951 7.39206 3.56437
      vertex 7.39206 8.80951 3.56437
    endloop
  endfacet
  facet normal -0.653647 -0.653647 0.381432
    outer loop
      vertex 8.77322 7.36161 3.45
      vertex 8.80951 7.39206 3.56437
      vertex 7.36161 8.77322 3.45
    endloop
  endfacet
  facet normal -0.75722 -0.530213 -0.381433
    outer loop
      vertex 9.46095 6.46171 4.43563
      vertex 8.77322 7.36161 4.55
      vertex 8.80951 7.39206 4.43563
    endloop
  endfacet
  facet normal -0.757218 -0.53021 -0.381442
    outer loop
      vertex 8.77322 7.36161 4.55
      vertex 9.46095 6.46171 4.43563
      vertex 9.91827 5.72631 4.55
    endloop
  endfacet
  facet normal -0.75723 -0.530213 -0.381414
    outer loop
      vertex 9.95929 5.75 4.43563
      vertex 9.91827 5.72631 4.55
      vertex 9.46095 6.46171 4.43563
    endloop
  endfacet
  facet normal -0.650795 -0.455694 -0.607296
    outer loop
      vertex 9.76688 5.63891 4.77782
      vertex 8.63931 7.24924 4.77782
      vertex 8.77322 7.36161 4.55
    endloop
  endfacet
  facet normal -0.650801 -0.455696 -0.607289
    outer loop
      vertex 9.76688 5.63891 4.77782
      vertex 8.77322 7.36161 4.55
      vertex 9.91827 5.72631 4.55
    endloop
  endfacet
  facet normal -0.49986 -0.350007 -0.792234
    outer loop
      vertex 9.56958 5.525 4.95263
      vertex 8.46479 7.1028 4.95263
      vertex 8.63931 7.24924 4.77782
    endloop
  endfacet
  facet normal -0.499857 -0.350005 -0.792237
    outer loop
      vertex 9.56958 5.525 4.95263
      vertex 8.63931 7.24924 4.77782
      vertex 9.76688 5.63891 4.77782
    endloop
  endfacet
  facet normal -0.314498 -0.220213 -0.923362
    outer loop
      vertex 9.33982 5.39235 5.06252
      vertex 8.26156 6.93227 5.06252
      vertex 8.46479 7.1028 4.95263
    endloop
  endfacet
  facet normal -0.314492 -0.22021 -0.923365
    outer loop
      vertex 9.33982 5.39235 5.06252
      vertex 8.46479 7.1028 4.95263
      vertex 9.56958 5.525 4.95263
    endloop
  endfacet
  facet normal -0.107319 -0.0751458 -0.991381
    outer loop
      vertex 9.09327 5.25 5.1
      vertex 8.04347 6.74927 5.1
      vertex 8.26156 6.93227 5.06252
    endloop
  endfacet
  facet normal -0.10732 -0.0751463 -0.991381
    outer loop
      vertex 9.09327 5.25 5.1
      vertex 8.26156 6.93227 5.06252
      vertex 9.33982 5.39235 5.06252
    endloop
  endfacet
  facet normal 0.107316 0.0751438 -0.991381
    outer loop
      vertex 8.84671 5.10765 5.06252
      vertex 7.82537 6.56627 5.06252
      vertex 8.04347 6.74927 5.1
    endloop
  endfacet
  facet normal 0.107317 0.0751444 -0.991381
    outer loop
      vertex 8.84671 5.10765 5.06252
      vertex 8.04347 6.74927 5.1
      vertex 9.09327 5.25 5.1
    endloop
  endfacet
  facet normal 0.314498 0.220213 -0.923362
    outer loop
      vertex 8.61695 4.975 4.95263
      vertex 7.62214 6.39574 4.95263
      vertex 7.82537 6.56627 5.06252
    endloop
  endfacet
  facet normal 0.314492 0.22021 -0.923365
    outer loop
      vertex 8.61695 4.975 4.95263
      vertex 7.82537 6.56627 5.06252
      vertex 8.84671 5.10765 5.06252
    endloop
  endfacet
  facet normal 0.499859 0.350007 -0.792235
    outer loop
      vertex 8.41966 4.86109 4.77782
      vertex 7.44762 6.2493 4.77782
      vertex 7.62214 6.39574 4.95263
    endloop
  endfacet
  facet normal 0.49987 0.350011 -0.792226
    outer loop
      vertex 8.41966 4.86109 4.77782
      vertex 7.62214 6.39574 4.95263
      vertex 8.61695 4.975 4.95263
    endloop
  endfacet
  facet normal 0.650794 0.455695 -0.607297
    outer loop
      vertex 8.26827 4.77369 4.55
      vertex 7.31371 6.13693 4.55
      vertex 7.44762 6.2493 4.77782
    endloop
  endfacet
  facet normal 0.6508 0.455697 -0.607289
    outer loop
      vertex 8.26827 4.77369 4.55
      vertex 7.44762 6.2493 4.77782
      vertex 8.41966 4.86109 4.77782
    endloop
  endfacet
  facet normal 0.757224 0.530213 -0.381425
    outer loop
      vertex 8.1731 4.71874 4.2847
      vertex 7.22953 6.0663 4.2847
      vertex 7.31371 6.13693 4.55
    endloop
  endfacet
  facet normal 0.757213 0.530211 -0.381451
    outer loop
      vertex 8.1731 4.71874 4.2847
      vertex 7.31371 6.13693 4.55
      vertex 8.26827 4.77369 4.55
    endloop
  endfacet
  facet normal 0.812195 0.568706 -0.130045
    outer loop
      vertex 8.14064 4.7 4
      vertex 7.20082 6.0422 4
      vertex 7.22953 6.0663 4.2847
    endloop
  endfacet
  facet normal 0.812197 0.568706 -0.130037
    outer loop
      vertex 8.14064 4.7 4
      vertex 7.22953 6.0663 4.2847
      vertex 8.1731 4.71874 4.2847
    endloop
  endfacet
  facet normal 0.812196 0.568705 0.130045
    outer loop
      vertex 7.22953 6.0663 3.7153
      vertex 7.20082 6.0422 4
      vertex 8.1731 4.71874 3.7153
    endloop
  endfacet
  facet normal 0.812196 0.568707 0.130037
    outer loop
      vertex 8.1731 4.71874 3.7153
      vertex 7.20082 6.0422 4
      vertex 8.14064 4.7 4
    endloop
  endfacet
  facet normal 0.757221 0.530217 0.381425
    outer loop
      vertex 7.31371 6.13693 3.45
      vertex 7.22953 6.0663 3.7153
      vertex 8.26827 4.77369 3.45
    endloop
  endfacet
  facet normal 0.757215 0.530207 0.381451
    outer loop
      vertex 8.26827 4.77369 3.45
      vertex 7.22953 6.0663 3.7153
      vertex 8.1731 4.71874 3.7153
    endloop
  endfacet
  facet normal 0.650795 0.455694 0.607296
    outer loop
      vertex 7.44762 6.2493 3.22218
      vertex 7.31371 6.13693 3.45
      vertex 8.41966 4.86109 3.22218
    endloop
  endfacet
  facet normal 0.650799 0.455699 0.607289
    outer loop
      vertex 8.41966 4.86109 3.22218
      vertex 7.31371 6.13693 3.45
      vertex 8.26827 4.77369 3.45
    endloop
  endfacet
  facet normal 0.499861 0.350005 0.792234
    outer loop
      vertex 7.62214 6.39574 3.04737
      vertex 7.44762 6.2493 3.22218
      vertex 8.61695 4.975 3.04737
    endloop
  endfacet
  facet normal 0.499868 0.350013 0.792226
    outer loop
      vertex 8.61695 4.975 3.04737
      vertex 7.44762 6.2493 3.22218
      vertex 8.41966 4.86109 3.22218
    endloop
  endfacet
  facet normal 0.314497 0.220214 0.923362
    outer loop
      vertex 7.82537 6.56627 2.93748
      vertex 7.62214 6.39574 3.04737
      vertex 8.84671 5.10765 2.93748
    endloop
  endfacet
  facet normal 0.314492 0.220209 0.923365
    outer loop
      vertex 8.84671 5.10765 2.93748
      vertex 7.62214 6.39574 3.04737
      vertex 8.61695 4.975 3.04737
    endloop
  endfacet
  facet normal 0.107316 0.0751437 0.991381
    outer loop
      vertex 8.04347 6.74927 2.9
      vertex 7.82537 6.56627 2.93748
      vertex 9.09327 5.25 2.9
    endloop
  endfacet
  facet normal 0.107317 0.0751446 0.991381
    outer loop
      vertex 9.09327 5.25 2.9
      vertex 7.82537 6.56627 2.93748
      vertex 8.84671 5.10765 2.93748
    endloop
  endfacet
  facet normal -0.107319 -0.0751456 0.991381
    outer loop
      vertex 8.26156 6.93227 2.93748
      vertex 8.04347 6.74927 2.9
      vertex 9.33982 5.39235 2.93748
    endloop
  endfacet
  facet normal -0.10732 -0.0751465 0.991381
    outer loop
      vertex 9.33982 5.39235 2.93748
      vertex 8.04347 6.74927 2.9
      vertex 9.09327 5.25 2.9
    endloop
  endfacet
  facet normal -0.314497 -0.220214 0.923362
    outer loop
      vertex 8.46479 7.1028 3.04737
      vertex 8.26156 6.93227 2.93748
      vertex 9.56958 5.525 3.04737
    endloop
  endfacet
  facet normal -0.314492 -0.220209 0.923365
    outer loop
      vertex 9.56958 5.525 3.04737
      vertex 8.26156 6.93227 2.93748
      vertex 9.33982 5.39235 2.93748
    endloop
  endfacet
  facet normal -0.49986 -0.350007 0.792235
    outer loop
      vertex 8.63931 7.24924 3.22218
      vertex 8.46479 7.1028 3.04737
      vertex 9.76688 5.63891 3.22218
    endloop
  endfacet
  facet normal -0.499857 -0.350005 0.792237
    outer loop
      vertex 9.76688 5.63891 3.22218
      vertex 8.46479 7.1028 3.04737
      vertex 9.56958 5.525 3.04737
    endloop
  endfacet
  facet normal -0.650796 -0.455693 0.607296
    outer loop
      vertex 8.77322 7.36161 3.45
      vertex 8.63931 7.24924 3.22218
      vertex 9.91827 5.72631 3.45
    endloop
  endfacet
  facet normal -0.6508 -0.455697 0.607289
    outer loop
      vertex 9.91827 5.72631 3.45
      vertex 8.63931 7.24924 3.22218
      vertex 9.76688 5.63891 3.22218
    endloop
  endfacet
  facet normal -0.757219 -0.530216 0.381433
    outer loop
      vertex 8.80951 7.39206 3.56437
      vertex 8.77322 7.36161 3.45
      vertex 9.30786 6.68035 3.56437
    endloop
  endfacet
  facet normal -0.757211 -0.530205 0.381462
    outer loop
      vertex 9.91827 5.72631 3.45
      vertex 9.30786 6.68035 3.56437
      vertex 8.77322 7.36161 3.45
    endloop
  endfacet
  facet normal -0.757231 -0.530212 0.381414
    outer loop
      vertex 9.30786 6.68035 3.56437
      vertex 9.91827 5.72631 3.45
      vertex 9.95929 5.75 3.56437
    endloop
  endfacet
  facet normal -0.837791 -0.390685 -0.381407
    outer loop
      vertex 10.4393 4.72066 4.43563
      vertex 9.91827 5.72631 4.55
      vertex 9.95929 5.75 4.43563
    endloop
  endfacet
  facet normal -0.83769 -0.390598 -0.381719
    outer loop
      vertex 9.91827 5.72631 4.55
      vertex 10.4393 4.72066 4.43563
      vertex 10.7619 3.91703 4.55
    endloop
  endfacet
  facet normal -0.837587 -0.39059 -0.381953
    outer loop
      vertex 10.4393 4.72066 4.43563
      vertex 10.8065 3.93323 4.43563
      vertex 10.7619 3.91703 4.55
    endloop
  endfacet
  facet normal -0.720041 -0.335766 -0.607291
    outer loop
      vertex 10.5977 3.85724 4.77782
      vertex 9.76688 5.63891 4.77782
      vertex 9.91827 5.72631 4.55
    endloop
  endfacet
  facet normal -0.72014 -0.335786 -0.607162
    outer loop
      vertex 10.5977 3.85724 4.77782
      vertex 9.91827 5.72631 4.55
      vertex 10.7619 3.91703 4.55
    endloop
  endfacet
  facet normal -0.553042 -0.257886 -0.792237
    outer loop
      vertex 10.3836 3.77932 4.95263
      vertex 9.56958 5.525 4.95263
      vertex 9.76688 5.63891 4.77782
    endloop
  endfacet
  facet normal -0.553015 -0.25788 -0.792258
    outer loop
      vertex 10.3836 3.77932 4.95263
      vertex 9.76688 5.63891 4.77782
      vertex 10.5977 3.85724 4.77782
    endloop
  endfacet
  facet normal -0.347953 -0.162253 -0.923365
    outer loop
      vertex 10.1343 3.68858 5.06252
      vertex 9.33982 5.39235 5.06252
      vertex 9.56958 5.525 4.95263
    endloop
  endfacet
  facet normal -0.347956 -0.162254 -0.923363
    outer loop
      vertex 10.1343 3.68858 5.06252
      vertex 9.56958 5.525 4.95263
      vertex 10.3836 3.77932 4.95263
    endloop
  endfacet
  facet normal -0.118739 -0.0553687 -0.99138
    outer loop
      vertex 9.86677 3.59121 5.1
      vertex 9.09327 5.25 5.1
      vertex 9.33982 5.39235 5.06252
    endloop
  endfacet
  facet normal -0.118737 -0.055368 -0.991381
    outer loop
      vertex 9.86677 3.59121 5.1
      vertex 9.33982 5.39235 5.06252
      vertex 10.1343 3.68858 5.06252
    endloop
  endfacet
  facet normal 0.118736 0.0553672 -0.991381
    outer loop
      vertex 9.59924 3.49384 5.06252
      vertex 8.84671 5.10765 5.06252
      vertex 9.09327 5.25 5.1
    endloop
  endfacet
  facet normal 0.118737 0.0553677 -0.991381
    outer loop
      vertex 9.59924 3.49384 5.06252
      vertex 9.09327 5.25 5.1
      vertex 9.86677 3.59121 5.1
    endloop
  endfacet
  facet normal 0.347953 0.162253 -0.923365
    outer loop
      vertex 9.34994 3.4031 4.95263
      vertex 8.61695 4.975 4.95263
      vertex 8.84671 5.10765 5.06252
    endloop
  endfacet
  facet normal 0.347956 0.162254 -0.923363
    outer loop
      vertex 9.34994 3.4031 4.95263
      vertex 8.84671 5.10765 5.06252
      vertex 9.59924 3.49384 5.06252
    endloop
  endfacet
  facet normal 0.553056 0.257892 -0.792225
    outer loop
      vertex 9.13586 3.32518 4.77782
      vertex 8.41966 4.86109 4.77782
      vertex 8.61695 4.975 4.95263
    endloop
  endfacet
  facet normal 0.553044 0.257889 -0.792234
    outer loop
      vertex 9.13586 3.32518 4.77782
      vertex 8.61695 4.975 4.95263
      vertex 9.34994 3.4031 4.95263
    endloop
  endfacet
  facet normal 0.720046 0.335757 -0.60729
    outer loop
      vertex 8.97159 3.26539 4.55
      vertex 8.26827 4.77369 4.55
      vertex 8.41966 4.86109 4.77782
    endloop
  endfacet
  facet normal 0.720037 0.335756 -0.607301
    outer loop
      vertex 8.97159 3.26539 4.55
      vertex 8.41966 4.86109 4.77782
      vertex 9.13586 3.32518 4.77782
    endloop
  endfacet
  facet normal 0.837782 0.390663 -0.38145
    outer loop
      vertex 8.86833 3.22781 4.2847
      vertex 8.1731 4.71874 4.2847
      vertex 8.26827 4.77369 4.55
    endloop
  endfacet
  facet normal 0.837794 0.390663 -0.381424
    outer loop
      vertex 8.86833 3.22781 4.2847
      vertex 8.26827 4.77369 4.55
      vertex 8.97159 3.26539 4.55
    endloop
  endfacet
  facet normal 0.898613 0.419029 -0.130037
    outer loop
      vertex 8.83311 3.21499 4
      vertex 8.14064 4.7 4
      vertex 8.1731 4.71874 4.2847
    endloop
  endfacet
  facet normal 0.898613 0.419029 -0.130035
    outer loop
      vertex 8.83311 3.21499 4
      vertex 8.1731 4.71874 4.2847
      vertex 8.86833 3.22781 4.2847
    endloop
  endfacet
  facet normal 0.898613 0.419029 0.130037
    outer loop
      vertex 8.1731 4.71874 3.7153
      vertex 8.14064 4.7 4
      vertex 8.86833 3.22781 3.7153
    endloop
  endfacet
  facet normal 0.898613 0.419029 0.130035
    outer loop
      vertex 8.86833 3.22781 3.7153
      vertex 8.14064 4.7 4
      vertex 8.83311 3.21499 4
    endloop
  endfacet
  facet normal 0.837784 0.390659 0.38145
    outer loop
      vertex 8.26827 4.77369 3.45
      vertex 8.1731 4.71874 3.7153
      vertex 8.97159 3.26539 3.45
    endloop
  endfacet
  facet normal 0.837792 0.390668 0.381424
    outer loop
      vertex 8.97159 3.26539 3.45
      vertex 8.1731 4.71874 3.7153
      vertex 8.86833 3.22781 3.7153
    endloop
  endfacet
  facet normal 0.720045 0.335759 0.60729
    outer loop
      vertex 8.41966 4.86109 3.22218
      vertex 8.26827 4.77369 3.45
      vertex 9.13586 3.32518 3.22218
    endloop
  endfacet
  facet normal 0.720038 0.335754 0.607301
    outer loop
      vertex 9.13586 3.32518 3.22218
      vertex 8.26827 4.77369 3.45
      vertex 8.97159 3.26539 3.45
    endloop
  endfacet
  facet normal 0.553055 0.257894 0.792225
    outer loop
      vertex 8.61695 4.975 3.04737
      vertex 8.41966 4.86109 3.22218
      vertex 9.34994 3.4031 3.04737
    endloop
  endfacet
  facet normal 0.553045 0.257887 0.792234
    outer loop
      vertex 9.34994 3.4031 3.04737
      vertex 8.41966 4.86109 3.22218
      vertex 9.13586 3.32518 3.22218
    endloop
  endfacet
  facet normal 0.347953 0.162253 0.923365
    outer loop
      vertex 8.84671 5.10765 2.93748
      vertex 8.61695 4.975 3.04737
      vertex 9.59924 3.49384 2.93748
    endloop
  endfacet
  facet normal 0.347956 0.162255 0.923363
    outer loop
      vertex 9.59924 3.49384 2.93748
      vertex 8.61695 4.975 3.04737
      vertex 9.34994 3.4031 3.04737
    endloop
  endfacet
  facet normal 0.118736 0.0553669 0.991381
    outer loop
      vertex 9.09327 5.25 2.9
      vertex 8.84671 5.10765 2.93748
      vertex 9.86677 3.59121 2.9
    endloop
  endfacet
  facet normal 0.118737 0.0553679 0.991381
    outer loop
      vertex 9.86677 3.59121 2.9
      vertex 8.84671 5.10765 2.93748
      vertex 9.59924 3.49384 2.93748
    endloop
  endfacet
  facet normal -0.118739 -0.055369 0.99138
    outer loop
      vertex 9.33982 5.39235 2.93748
      vertex 9.09327 5.25 2.9
      vertex 10.1343 3.68858 2.93748
    endloop
  endfacet
  facet normal -0.118737 -0.0553677 0.991381
    outer loop
      vertex 10.1343 3.68858 2.93748
      vertex 9.09327 5.25 2.9
      vertex 9.86677 3.59121 2.9
    endloop
  endfacet
  facet normal -0.347953 -0.162253 0.923365
    outer loop
      vertex 9.56958 5.525 3.04737
      vertex 9.33982 5.39235 2.93748
      vertex 10.3836 3.77932 3.04737
    endloop
  endfacet
  facet normal -0.347956 -0.162254 0.923363
    outer loop
      vertex 10.3836 3.77932 3.04737
      vertex 9.33982 5.39235 2.93748
      vertex 10.1343 3.68858 2.93748
    endloop
  endfacet
  facet normal -0.553039 -0.257891 0.792237
    outer loop
      vertex 9.76688 5.63891 3.22218
      vertex 9.56958 5.525 3.04737
      vertex 10.5977 3.85724 3.22218
    endloop
  endfacet
  facet normal -0.553017 -0.257875 0.792258
    outer loop
      vertex 10.5977 3.85724 3.22218
      vertex 9.56958 5.525 3.04737
      vertex 10.3836 3.77932 3.04737
    endloop
  endfacet
  facet normal -0.720052 -0.335745 0.60729
    outer loop
      vertex 9.91827 5.72631 3.45
      vertex 9.76688 5.63891 3.22218
      vertex 10.7619 3.91703 3.45
    endloop
  endfacet
  facet normal -0.720131 -0.335808 0.607161
    outer loop
      vertex 10.7619 3.91703 3.45
      vertex 9.76688 5.63891 3.22218
      vertex 10.5977 3.85724 3.22218
    endloop
  endfacet
  facet normal -0.837789 -0.390689 0.381407
    outer loop
      vertex 9.95929 5.75 3.56437
      vertex 9.91827 5.72631 3.45
      vertex 10.3265 4.96256 3.56437
    endloop
  endfacet
  facet normal -0.837706 -0.390605 0.381675
    outer loop
      vertex 10.7619 3.91703 3.45
      vertex 10.3265 4.96256 3.56437
      vertex 9.91827 5.72631 3.45
    endloop
  endfacet
  facet normal -0.837588 -0.390587 0.381953
    outer loop
      vertex 10.3265 4.96256 3.56437
      vertex 10.7619 3.91703 3.45
      vertex 10.8065 3.93323 3.56437
    endloop
  endfacet
  facet normal -0.892687 -0.239153 -0.381989
    outer loop
      vertex 11.1004 2.83619 4.43563
      vertex 10.7619 3.91703 4.55
      vertex 10.8065 3.93323 4.43563
    endloop
  endfacet
  facet normal -0.892831 -0.23924 -0.381599
    outer loop
      vertex 10.7619 3.91703 4.55
      vertex 11.1004 2.83619 4.43563
      vertex 11.2786 1.98873 4.55
    endloop
  endfacet
  facet normal -0.892771 -0.239245 -0.381735
    outer loop
      vertex 11.3253 1.99695 4.43563
      vertex 11.2786 1.98873 4.55
      vertex 11.1004 2.83619 4.43563
    endloop
  endfacet
  facet normal -0.767511 -0.205654 -0.607152
    outer loop
      vertex 11.1065 1.95837 4.77782
      vertex 10.5977 3.85724 4.77782
      vertex 10.7619 3.91703 4.55
    endloop
  endfacet
  facet normal -0.767487 -0.205653 -0.607182
    outer loop
      vertex 11.1065 1.95837 4.77782
      vertex 10.7619 3.91703 4.55
      vertex 11.2786 1.98873 4.55
    endloop
  endfacet
  facet normal -0.589395 -0.157921 -0.792259
    outer loop
      vertex 10.8821 1.91881 4.95263
      vertex 10.3836 3.77932 4.95263
      vertex 10.5977 3.85724 4.77782
    endloop
  endfacet
  facet normal -0.58936 -0.157918 -0.792286
    outer loop
      vertex 10.8821 1.91881 4.95263
      vertex 10.5977 3.85724 4.77782
      vertex 11.1065 1.95837 4.77782
    endloop
  endfacet
  facet normal -0.370842 -0.0993765 -0.923364
    outer loop
      vertex 10.6209 1.87274 5.06252
      vertex 10.1343 3.68858 5.06252
      vertex 10.3836 3.77932 4.95263
    endloop
  endfacet
  facet normal -0.370926 -0.099385 -0.923329
    outer loop
      vertex 10.6209 1.87274 5.06252
      vertex 10.3836 3.77932 4.95263
      vertex 10.8821 1.91881 4.95263
    endloop
  endfacet
  facet normal -0.126547 -0.0339098 -0.991381
    outer loop
      vertex 10.3405 1.82331 5.1
      vertex 9.86677 3.59121 5.1
      vertex 10.1343 3.68858 5.06252
    endloop
  endfacet
  facet normal -0.126537 -0.0339087 -0.991382
    outer loop
      vertex 10.3405 1.82331 5.1
      vertex 10.1343 3.68858 5.06252
      vertex 10.6209 1.87274 5.06252
    endloop
  endfacet
  facet normal 0.126548 0.033908 -0.991381
    outer loop
      vertex 10.0601 1.77387 5.06252
      vertex 9.59924 3.49384 5.06252
      vertex 9.86677 3.59121 5.1
    endloop
  endfacet
  facet normal 0.126536 0.0339068 -0.991382
    outer loop
      vertex 10.0601 1.77387 5.06252
      vertex 9.86677 3.59121 5.1
      vertex 10.3405 1.82331 5.1
    endloop
  endfacet
  facet normal 0.370845 0.0993687 -0.923363
    outer loop
      vertex 9.79884 1.7278 4.95263
      vertex 9.34994 3.4031 4.95263
      vertex 9.59924 3.49384 5.06252
    endloop
  endfacet
  facet normal 0.370856 0.0993697 -0.923359
    outer loop
      vertex 9.79884 1.7278 4.95263
      vertex 9.59924 3.49384 5.06252
      vertex 10.0601 1.77387 5.06252
    endloop
  endfacet
  facet normal 0.589424 0.157937 -0.792234
    outer loop
      vertex 9.57448 1.68824 4.77782
      vertex 9.13586 3.32518 4.77782
      vertex 9.34994 3.4031 4.95263
    endloop
  endfacet
  facet normal 0.589422 0.157937 -0.792236
    outer loop
      vertex 9.57448 1.68824 4.77782
      vertex 9.34994 3.4031 4.95263
      vertex 9.79884 1.7278 4.95263
    endloop
  endfacet
  facet normal 0.7674 0.205628 -0.607301
    outer loop
      vertex 9.40233 1.65788 4.55
      vertex 8.97159 3.26539 4.55
      vertex 9.13586 3.32518 4.77782
    endloop
  endfacet
  facet normal 0.76741 0.205628 -0.607288
    outer loop
      vertex 9.40233 1.65788 4.55
      vertex 9.13586 3.32518 4.77782
      vertex 9.57448 1.68824 4.77782
    endloop
  endfacet
  facet normal 0.892902 0.23925 -0.381425
    outer loop
      vertex 9.2941 1.6388 4.2847
      vertex 8.86833 3.22781 4.2847
      vertex 8.97159 3.26539 4.55
    endloop
  endfacet
  facet normal 0.892886 0.239253 -0.381462
    outer loop
      vertex 9.2941 1.6388 4.2847
      vertex 8.97159 3.26539 4.55
      vertex 9.40233 1.65788 4.55
    endloop
  endfacet
  facet normal 0.957725 0.25662 -0.130035
    outer loop
      vertex 9.25719 1.63229 4
      vertex 8.83311 3.21499 4
      vertex 8.86833 3.22781 4.2847
    endloop
  endfacet
  facet normal 0.957725 0.256619 -0.130032
    outer loop
      vertex 9.25719 1.63229 4
      vertex 8.86833 3.22781 4.2847
      vertex 9.2941 1.6388 4.2847
    endloop
  endfacet
  facet normal 0.957725 0.256619 0.130035
    outer loop
      vertex 8.86833 3.22781 3.7153
      vertex 8.83311 3.21499 4
      vertex 9.2941 1.6388 3.7153
    endloop
  endfacet
  facet normal 0.957725 0.25662 0.130032
    outer loop
      vertex 9.2941 1.6388 3.7153
      vertex 8.83311 3.21499 4
      vertex 9.25719 1.63229 4
    endloop
  endfacet
  facet normal 0.8929 0.239257 0.381425
    outer loop
      vertex 8.97159 3.26539 3.45
      vertex 8.86833 3.22781 3.7153
      vertex 9.40233 1.65788 3.45
    endloop
  endfacet
  facet normal 0.892887 0.239246 0.381463
    outer loop
      vertex 9.40233 1.65788 3.45
      vertex 8.86833 3.22781 3.7153
      vertex 9.2941 1.6388 3.7153
    endloop
  endfacet
  facet normal 0.767401 0.205626 0.607301
    outer loop
      vertex 9.13586 3.32518 3.22218
      vertex 8.97159 3.26539 3.45
      vertex 9.57448 1.68824 3.22218
    endloop
  endfacet
  facet normal 0.767409 0.205631 0.607288
    outer loop
      vertex 9.57448 1.68824 3.22218
      vertex 8.97159 3.26539 3.45
      vertex 9.40233 1.65788 3.45
    endloop
  endfacet
  facet normal 0.589424 0.157937 0.792234
    outer loop
      vertex 9.34994 3.4031 3.04737
      vertex 9.13586 3.32518 3.22218
      vertex 9.79884 1.7278 3.04737
    endloop
  endfacet
  facet normal 0.589422 0.157936 0.792236
    outer loop
      vertex 9.79884 1.7278 3.04737
      vertex 9.13586 3.32518 3.22218
      vertex 9.57448 1.68824 3.22218
    endloop
  endfacet
  facet normal 0.370846 0.0993668 0.923363
    outer loop
      vertex 9.59924 3.49384 2.93748
      vertex 9.34994 3.4031 3.04737
      vertex 10.0601 1.77387 2.93748
    endloop
  endfacet
  facet normal 0.370856 0.0993716 0.923359
    outer loop
      vertex 10.0601 1.77387 2.93748
      vertex 9.34994 3.4031 3.04737
      vertex 9.79884 1.7278 3.04737
    endloop
  endfacet
  facet normal 0.126547 0.0339098 0.991381
    outer loop
      vertex 9.86677 3.59121 2.9
      vertex 9.59924 3.49384 2.93748
      vertex 10.3405 1.82331 2.9
    endloop
  endfacet
  facet normal 0.126536 0.0339049 0.991382
    outer loop
      vertex 10.3405 1.82331 2.9
      vertex 9.59924 3.49384 2.93748
      vertex 10.0601 1.77387 2.93748
    endloop
  endfacet
  facet normal -0.126547 -0.0339113 0.991381
    outer loop
      vertex 10.1343 3.68858 2.93748
      vertex 9.86677 3.59121 2.9
      vertex 10.6209 1.87274 2.93748
    endloop
  endfacet
  facet normal -0.126537 -0.0339071 0.991382
    outer loop
      vertex 10.6209 1.87274 2.93748
      vertex 9.86677 3.59121 2.9
      vertex 10.3405 1.82331 2.9
    endloop
  endfacet
  facet normal -0.370847 -0.0993637 0.923363
    outer loop
      vertex 10.3836 3.77932 3.04737
      vertex 10.1343 3.68858 2.93748
      vertex 10.8821 1.91881 3.04737
    endloop
  endfacet
  facet normal -0.370924 -0.0993984 0.923329
    outer loop
      vertex 10.8821 1.91881 3.04737
      vertex 10.1343 3.68858 2.93748
      vertex 10.6209 1.87274 2.93748
    endloop
  endfacet
  facet normal -0.589393 -0.157927 0.792259
    outer loop
      vertex 10.5977 3.85724 3.22218
      vertex 10.3836 3.77932 3.04737
      vertex 11.1065 1.95837 3.22218
    endloop
  endfacet
  facet normal -0.589361 -0.157912 0.792286
    outer loop
      vertex 11.1065 1.95837 3.22218
      vertex 10.3836 3.77932 3.04737
      vertex 10.8821 1.91881 3.04737
    endloop
  endfacet
  facet normal -0.767509 -0.205659 0.607152
    outer loop
      vertex 10.7619 3.91703 3.45
      vertex 10.5977 3.85724 3.22218
      vertex 11.2786 1.98873 3.45
    endloop
  endfacet
  facet normal -0.767489 -0.205648 0.607182
    outer loop
      vertex 11.2786 1.98873 3.45
      vertex 10.5977 3.85724 3.22218
      vertex 11.1065 1.95837 3.22218
    endloop
  endfacet
  facet normal -0.892696 -0.239122 0.381988
    outer loop
      vertex 10.8065 3.93323 3.56437
      vertex 10.7619 3.91703 3.45
      vertex 11.0313 3.094 3.56437
    endloop
  endfacet
  facet normal -0.892879 -0.239252 0.381478
    outer loop
      vertex 11.2786 1.98873 3.45
      vertex 11.0313 3.094 3.56437
      vertex 10.7619 3.91703 3.45
    endloop
  endfacet
  facet normal -0.892769 -0.239254 0.381734
    outer loop
      vertex 11.0313 3.094 3.56437
      vertex 11.2786 1.98873 3.45
      vertex 11.3253 1.99695 3.56437
    endloop
  endfacet
  facet normal -0.920746 -0.080567 -0.381753
    outer loop
      vertex 11.4243 0.865546 4.43563
      vertex 11.2786 1.98873 4.55
      vertex 11.3253 1.99695 4.43563
    endloop
  endfacet
  facet normal -0.920719 -0.0805564 -0.381822
    outer loop
      vertex 11.2786 1.98873 4.55
      vertex 11.4243 0.865546 4.43563
      vertex 11.4526 0 4.55
    endloop
  endfacet
  facet normal -0.920804 -0.0805328 -0.381622
    outer loop
      vertex 11.4526 0 4.55
      vertex 11.4243 0.865546 4.43563
      vertex 11.5 0 4.43563
    endloop
  endfacet
  facet normal -0.791545 -0.069237 -0.607176
    outer loop
      vertex 11.2778 0 4.77782
      vertex 11.1065 1.95837 4.77782
      vertex 11.2786 1.98873 4.55
    endloop
  endfacet
  facet normal -0.79147 -0.0692481 -0.607273
    outer loop
      vertex 11.4526 0 4.55
      vertex 11.2778 0 4.77782
      vertex 11.2786 1.98873 4.55
    endloop
  endfacet
  facet normal -0.607825 -0.053186 -0.792288
    outer loop
      vertex 11.05 0 4.95263
      vertex 10.8821 1.91881 4.95263
      vertex 11.1065 1.95837 4.77782
    endloop
  endfacet
  facet normal -0.607928 -0.0531759 -0.792209
    outer loop
      vertex 11.2778 0 4.77782
      vertex 11.05 0 4.95263
      vertex 11.1065 1.95837 4.77782
    endloop
  endfacet
  facet normal -0.382553 -0.0334602 -0.923327
    outer loop
      vertex 10.7847 0 5.06252
      vertex 10.6209 1.87274 5.06252
      vertex 10.8821 1.91881 4.95263
    endloop
  endfacet
  facet normal -0.382467 -0.0334666 -0.923363
    outer loop
      vertex 11.05 0 4.95263
      vertex 10.7847 0 5.06252
      vertex 10.8821 1.91881 4.95263
    endloop
  endfacet
  facet normal -0.130502 -0.0114161 -0.991382
    outer loop
      vertex 10.5 0 5.1
      vertex 10.3405 1.82331 5.1
      vertex 10.6209 1.87274 5.06252
    endloop
  endfacet
  facet normal -0.130513 -0.0114153 -0.991381
    outer loop
      vertex 10.7847 0 5.06252
      vertex 10.5 0 5.1
      vertex 10.6209 1.87274 5.06252
    endloop
  endfacet
  facet normal 0.130501 0.0114178 -0.991382
    outer loop
      vertex 10.2153 0 5.06252
      vertex 10.0601 1.77387 5.06252
      vertex 10.3405 1.82331 5.1
    endloop
  endfacet
  facet normal 0.130513 0.011417 -0.991381
    outer loop
      vertex 10.5 0 5.1
      vertex 10.2153 0 5.06252
      vertex 10.3405 1.82331 5.1
    endloop
  endfacet
  facet normal 0.382478 0.0334619 -0.923358
    outer loop
      vertex 9.95 0 4.95263
      vertex 9.79884 1.7278 4.95263
      vertex 10.0601 1.77387 5.06252
    endloop
  endfacet
  facet normal 0.382467 0.0334629 -0.923363
    outer loop
      vertex 10.2153 0 5.06252
      vertex 9.95 0 4.95263
      vertex 10.0601 1.77387 5.06252
    endloop
  endfacet
  facet normal 0.607893 0.0531831 -0.792236
    outer loop
      vertex 9.72218 0 4.77782
      vertex 9.57448 1.68824 4.77782
      vertex 9.79884 1.7278 4.95263
    endloop
  endfacet
  facet normal 0.607895 0.0531829 -0.792235
    outer loop
      vertex 9.95 0 4.95263
      vertex 9.72218 0 4.77782
      vertex 9.79884 1.7278 4.95263
    endloop
  endfacet
  facet normal 0.79146 0.0692411 -0.607286
    outer loop
      vertex 9.54737 0 4.55
      vertex 9.40233 1.65788 4.55
      vertex 9.57448 1.68824 4.77782
    endloop
  endfacet
  facet normal 0.791453 0.0692423 -0.607295
    outer loop
      vertex 9.72218 0 4.77782
      vertex 9.54737 0 4.55
      vertex 9.57448 1.68824 4.77782
    endloop
  endfacet
  facet normal 0.920866 0.0805673 -0.381464
    outer loop
      vertex 9.43748 0 4.2847
      vertex 9.2941 1.6388 4.2847
      vertex 9.40233 1.65788 4.55
    endloop
  endfacet
  facet normal 0.920878 0.0805632 -0.381437
    outer loop
      vertex 9.43748 0 4.2847
      vertex 9.40233 1.65788 4.55
      vertex 9.54737 0 4.55
    endloop
  endfacet
  facet normal 0.987737 0.0864177 -0.130031
    outer loop
      vertex 9.4 0 4
      vertex 9.25719 1.63229 4
      vertex 9.2941 1.6388 4.2847
    endloop
  endfacet
  facet normal 0.987736 0.0864179 -0.130033
    outer loop
      vertex 9.4 0 4
      vertex 9.2941 1.6388 4.2847
      vertex 9.43748 0 4.2847
    endloop
  endfacet
  facet normal 0.987737 0.0864179 0.130031
    outer loop
      vertex 9.2941 1.6388 3.7153
      vertex 9.25719 1.63229 4
      vertex 9.43748 0 3.7153
    endloop
  endfacet
  facet normal 0.987737 0.0864176 0.130033
    outer loop
      vertex 9.43748 0 3.7153
      vertex 9.25719 1.63229 4
      vertex 9.4 0 4
    endloop
  endfacet
  facet normal 0.920866 0.0805622 0.381464
    outer loop
      vertex 9.40233 1.65788 3.45
      vertex 9.2941 1.6388 3.7153
      vertex 9.54737 0 3.45
    endloop
  endfacet
  facet normal 0.920877 0.0805683 0.381437
    outer loop
      vertex 9.54737 0 3.45
      vertex 9.2941 1.6388 3.7153
      vertex 9.43748 0 3.7153
    endloop
  endfacet
  facet normal 0.79146 0.0692429 0.607286
    outer loop
      vertex 9.57448 1.68824 3.22218
      vertex 9.40233 1.65788 3.45
      vertex 9.72218 0 3.22218
    endloop
  endfacet
  facet normal 0.791453 0.0692405 0.607295
    outer loop
      vertex 9.72218 0 3.22218
      vertex 9.40233 1.65788 3.45
      vertex 9.54737 0 3.45
    endloop
  endfacet
  facet normal 0.607893 0.0531827 0.792236
    outer loop
      vertex 9.79884 1.7278 3.04737
      vertex 9.57448 1.68824 3.22218
      vertex 9.95 0 3.04737
    endloop
  endfacet
  facet normal 0.607895 0.0531832 0.792235
    outer loop
      vertex 9.95 0 3.04737
      vertex 9.57448 1.68824 3.22218
      vertex 9.72218 0 3.22218
    endloop
  endfacet
  facet normal 0.382478 0.0334639 0.923358
    outer loop
      vertex 10.0601 1.77387 2.93748
      vertex 9.79884 1.7278 3.04737
      vertex 10.2153 0 2.93748
    endloop
  endfacet
  facet normal 0.382467 0.0334608 0.923363
    outer loop
      vertex 10.2153 0 2.93748
      vertex 9.79884 1.7278 3.04737
      vertex 9.95 0 3.04737
    endloop
  endfacet
  facet normal 0.130501 0.011416 0.991382
    outer loop
      vertex 10.3405 1.82331 2.9
      vertex 10.0601 1.77387 2.93748
      vertex 10.5 0 2.9
    endloop
  endfacet
  facet normal 0.130513 0.0114189 0.991381
    outer loop
      vertex 10.5 0 2.9
      vertex 10.0601 1.77387 2.93748
      vertex 10.2153 0 2.93748
    endloop
  endfacet
  facet normal -0.130502 -0.0114144 0.991382
    outer loop
      vertex 10.6209 1.87274 2.93748
      vertex 10.3405 1.82331 2.9
      vertex 10.7847 0 2.93748
    endloop
  endfacet
  facet normal -0.130513 -0.011417 0.991381
    outer loop
      vertex 10.7847 0 2.93748
      vertex 10.3405 1.82331 2.9
      vertex 10.5 0 2.9
    endloop
  endfacet
  facet normal -0.382551 -0.033474 0.923328
    outer loop
      vertex 10.8821 1.91881 3.04737
      vertex 10.6209 1.87274 2.93748
      vertex 11.05 0 3.04737
    endloop
  endfacet
  facet normal -0.382467 -0.0334526 0.923363
    outer loop
      vertex 11.05 0 3.04737
      vertex 10.6209 1.87274 2.93748
      vertex 10.7847 0 2.93748
    endloop
  endfacet
  facet normal -0.607827 -0.0531671 0.792287
    outer loop
      vertex 11.1065 1.95837 3.22218
      vertex 10.8821 1.91881 3.04737
      vertex 11.2778 0 3.22218
    endloop
  endfacet
  facet normal -0.607928 -0.053195 0.792208
    outer loop
      vertex 11.2778 0 3.22218
      vertex 10.8821 1.91881 3.04737
      vertex 11.05 0 3.04737
    endloop
  endfacet
  facet normal -0.791543 -0.0692545 0.607177
    outer loop
      vertex 11.2786 1.98873 3.45
      vertex 11.1065 1.95837 3.22218
      vertex 11.4526 0 3.45
    endloop
  endfacet
  facet normal -0.791471 -0.0692305 0.607274
    outer loop
      vertex 11.4526 0 3.45
      vertex 11.1065 1.95837 3.22218
      vertex 11.2778 0 3.22218
    endloop
  endfacet
  facet normal -0.92075 -0.0805287 0.381752
    outer loop
      vertex 11.3253 1.99695 3.56437
      vertex 11.2786 1.98873 3.45
      vertex 11.401 1.13141 3.56437
    endloop
  endfacet
  facet normal -0.920828 -0.080566 0.381555
    outer loop
      vertex 11.4526 0 3.45
      vertex 11.401 1.13141 3.56437
      vertex 11.2786 1.98873 3.45
    endloop
  endfacet
  facet normal -0.920801 -0.0805714 0.381621
    outer loop
      vertex 11.401 1.13141 3.56437
      vertex 11.4526 0 3.45
      vertex 11.5 0 3.56437
    endloop
  endfacet
  facet normal -0.920801 0.0805714 -0.381621
    outer loop
      vertex 11.401 -1.13141 4.43563
      vertex 11.4526 0 4.55
      vertex 11.5 0 4.43563
    endloop
  endfacet
  facet normal -0.920828 0.080566 -0.381555
    outer loop
      vertex 11.4526 0 4.55
      vertex 11.401 -1.13141 4.43563
      vertex 11.2786 -1.98873 4.55
    endloop
  endfacet
  facet normal -0.92075 0.0805287 -0.381752
    outer loop
      vertex 11.3253 -1.99695 4.43563
      vertex 11.2786 -1.98873 4.55
      vertex 11.401 -1.13141 4.43563
    endloop
  endfacet
  facet normal -0.791471 0.0692305 -0.607274
    outer loop
      vertex 11.4526 0 4.55
      vertex 11.1065 -1.95837 4.77782
      vertex 11.2778 0 4.77782
    endloop
  endfacet
  facet normal -0.791543 0.0692545 -0.607177
    outer loop
      vertex 11.2786 -1.98873 4.55
      vertex 11.1065 -1.95837 4.77782
      vertex 11.4526 0 4.55
    endloop
  endfacet
  facet normal -0.607928 0.053195 -0.792208
    outer loop
      vertex 11.2778 0 4.77782
      vertex 10.8821 -1.91881 4.95263
      vertex 11.05 0 4.95263
    endloop
  endfacet
  facet normal -0.607827 0.0531671 -0.792287
    outer loop
      vertex 11.1065 -1.95837 4.77782
      vertex 10.8821 -1.91881 4.95263
      vertex 11.2778 0 4.77782
    endloop
  endfacet
  facet normal -0.382467 0.0334526 -0.923363
    outer loop
      vertex 11.05 0 4.95263
      vertex 10.6209 -1.87274 5.06252
      vertex 10.7847 0 5.06252
    endloop
  endfacet
  facet normal -0.382551 0.033474 -0.923328
    outer loop
      vertex 10.8821 -1.91881 4.95263
      vertex 10.6209 -1.87274 5.06252
      vertex 11.05 0 4.95263
    endloop
  endfacet
  facet normal -0.130513 0.011417 -0.991381
    outer loop
      vertex 10.7847 0 5.06252
      vertex 10.3405 -1.82331 5.1
      vertex 10.5 0 5.1
    endloop
  endfacet
  facet normal -0.130502 0.0114144 -0.991382
    outer loop
      vertex 10.6209 -1.87274 5.06252
      vertex 10.3405 -1.82331 5.1
      vertex 10.7847 0 5.06252
    endloop
  endfacet
  facet normal 0.130513 -0.0114189 -0.991381
    outer loop
      vertex 10.5 0 5.1
      vertex 10.0601 -1.77387 5.06252
      vertex 10.2153 0 5.06252
    endloop
  endfacet
  facet normal 0.130501 -0.011416 -0.991382
    outer loop
      vertex 10.3405 -1.82331 5.1
      vertex 10.0601 -1.77387 5.06252
      vertex 10.5 0 5.1
    endloop
  endfacet
  facet normal 0.382467 -0.0334608 -0.923363
    outer loop
      vertex 10.2153 0 5.06252
      vertex 9.79884 -1.7278 4.95263
      vertex 9.95 0 4.95263
    endloop
  endfacet
  facet normal 0.382478 -0.0334639 -0.923358
    outer loop
      vertex 10.0601 -1.77387 5.06252
      vertex 9.79884 -1.7278 4.95263
      vertex 10.2153 0 5.06252
    endloop
  endfacet
  facet normal 0.607895 -0.0531832 -0.792235
    outer loop
      vertex 9.95 0 4.95263
      vertex 9.57448 -1.68824 4.77782
      vertex 9.72218 0 4.77782
    endloop
  endfacet
  facet normal 0.607893 -0.0531827 -0.792236
    outer loop
      vertex 9.79884 -1.7278 4.95263
      vertex 9.57448 -1.68824 4.77782
      vertex 9.95 0 4.95263
    endloop
  endfacet
  facet normal 0.791453 -0.0692405 -0.607295
    outer loop
      vertex 9.72218 0 4.77782
      vertex 9.40233 -1.65788 4.55
      vertex 9.54737 0 4.55
    endloop
  endfacet
  facet normal 0.79146 -0.0692429 -0.607286
    outer loop
      vertex 9.57448 -1.68824 4.77782
      vertex 9.40233 -1.65788 4.55
      vertex 9.72218 0 4.77782
    endloop
  endfacet
  facet normal 0.920877 -0.0805683 -0.381437
    outer loop
      vertex 9.54737 0 4.55
      vertex 9.2941 -1.6388 4.2847
      vertex 9.43748 0 4.2847
    endloop
  endfacet
  facet normal 0.920866 -0.0805622 -0.381464
    outer loop
      vertex 9.40233 -1.65788 4.55
      vertex 9.2941 -1.6388 4.2847
      vertex 9.54737 0 4.55
    endloop
  endfacet
  facet normal 0.987737 -0.0864176 -0.130033
    outer loop
      vertex 9.43748 0 4.2847
      vertex 9.25719 -1.63229 4
      vertex 9.4 0 4
    endloop
  endfacet
  facet normal 0.987737 -0.0864179 -0.130031
    outer loop
      vertex 9.2941 -1.6388 4.2847
      vertex 9.25719 -1.63229 4
      vertex 9.43748 0 4.2847
    endloop
  endfacet
  facet normal 0.987736 -0.0864179 0.130033
    outer loop
      vertex 9.4 0 4
      vertex 9.2941 -1.6388 3.7153
      vertex 9.43748 0 3.7153
    endloop
  endfacet
  facet normal 0.987737 -0.0864177 0.130031
    outer loop
      vertex 9.4 0 4
      vertex 9.25719 -1.63229 4
      vertex 9.2941 -1.6388 3.7153
    endloop
  endfacet
  facet normal 0.920878 -0.0805632 0.381437
    outer loop
      vertex 9.43748 0 3.7153
      vertex 9.40233 -1.65788 3.45
      vertex 9.54737 0 3.45
    endloop
  endfacet
  facet normal 0.920866 -0.0805673 0.381464
    outer loop
      vertex 9.43748 0 3.7153
      vertex 9.2941 -1.6388 3.7153
      vertex 9.40233 -1.65788 3.45
    endloop
  endfacet
  facet normal 0.791453 -0.0692423 0.607295
    outer loop
      vertex 9.72218 0 3.22218
      vertex 9.54737 0 3.45
      vertex 9.57448 -1.68824 3.22218
    endloop
  endfacet
  facet normal 0.79146 -0.0692411 0.607286
    outer loop
      vertex 9.54737 0 3.45
      vertex 9.40233 -1.65788 3.45
      vertex 9.57448 -1.68824 3.22218
    endloop
  endfacet
  facet normal 0.607895 -0.0531829 0.792235
    outer loop
      vertex 9.95 0 3.04737
      vertex 9.72218 0 3.22218
      vertex 9.79884 -1.7278 3.04737
    endloop
  endfacet
  facet normal 0.607893 -0.0531831 0.792236
    outer loop
      vertex 9.72218 0 3.22218
      vertex 9.57448 -1.68824 3.22218
      vertex 9.79884 -1.7278 3.04737
    endloop
  endfacet
  facet normal 0.382467 -0.0334629 0.923363
    outer loop
      vertex 10.2153 0 2.93748
      vertex 9.95 0 3.04737
      vertex 10.0601 -1.77387 2.93748
    endloop
  endfacet
  facet normal 0.382478 -0.0334619 0.923358
    outer loop
      vertex 9.95 0 3.04737
      vertex 9.79884 -1.7278 3.04737
      vertex 10.0601 -1.77387 2.93748
    endloop
  endfacet
  facet normal 0.130513 -0.011417 0.991381
    outer loop
      vertex 10.5 0 2.9
      vertex 10.2153 0 2.93748
      vertex 10.3405 -1.82331 2.9
    endloop
  endfacet
  facet normal 0.130501 -0.0114178 0.991382
    outer loop
      vertex 10.2153 0 2.93748
      vertex 10.0601 -1.77387 2.93748
      vertex 10.3405 -1.82331 2.9
    endloop
  endfacet
  facet normal -0.130513 0.0114153 0.991381
    outer loop
      vertex 10.7847 0 2.93748
      vertex 10.5 0 2.9
      vertex 10.6209 -1.87274 2.93748
    endloop
  endfacet
  facet normal -0.130502 0.0114161 0.991382
    outer loop
      vertex 10.5 0 2.9
      vertex 10.3405 -1.82331 2.9
      vertex 10.6209 -1.87274 2.93748
    endloop
  endfacet
  facet normal -0.382467 0.0334666 0.923363
    outer loop
      vertex 11.05 0 3.04737
      vertex 10.7847 0 2.93748
      vertex 10.8821 -1.91881 3.04737
    endloop
  endfacet
  facet normal -0.382553 0.0334602 0.923327
    outer loop
      vertex 10.7847 0 2.93748
      vertex 10.6209 -1.87274 2.93748
      vertex 10.8821 -1.91881 3.04737
    endloop
  endfacet
  facet normal -0.607928 0.0531759 0.792209
    outer loop
      vertex 11.2778 0 3.22218
      vertex 11.05 0 3.04737
      vertex 11.1065 -1.95837 3.22218
    endloop
  endfacet
  facet normal -0.607825 0.053186 0.792288
    outer loop
      vertex 11.05 0 3.04737
      vertex 10.8821 -1.91881 3.04737
      vertex 11.1065 -1.95837 3.22218
    endloop
  endfacet
  facet normal -0.79147 0.0692481 0.607273
    outer loop
      vertex 11.4526 0 3.45
      vertex 11.2778 0 3.22218
      vertex 11.2786 -1.98873 3.45
    endloop
  endfacet
  facet normal -0.791545 0.069237 0.607176
    outer loop
      vertex 11.2778 0 3.22218
      vertex 11.1065 -1.95837 3.22218
      vertex 11.2786 -1.98873 3.45
    endloop
  endfacet
  facet normal -0.920804 0.0805328 0.381622
    outer loop
      vertex 11.4526 0 3.45
      vertex 11.4243 -0.865546 3.56437
      vertex 11.5 0 3.56437
    endloop
  endfacet
  facet normal -0.920719 0.0805564 0.381822
    outer loop
      vertex 11.2786 -1.98873 3.45
      vertex 11.4243 -0.865546 3.56437
      vertex 11.4526 0 3.45
    endloop
  endfacet
  facet normal -0.920746 0.080567 0.381753
    outer loop
      vertex 11.4243 -0.865546 3.56437
      vertex 11.2786 -1.98873 3.45
      vertex 11.3253 -1.99695 3.56437
    endloop
  endfacet
  facet normal -0.892769 0.239254 -0.381734
    outer loop
      vertex 11.0313 -3.094 4.43563
      vertex 11.2786 -1.98873 4.55
      vertex 11.3253 -1.99695 4.43563
    endloop
  endfacet
  facet normal -0.892879 0.239252 -0.381478
    outer loop
      vertex 11.2786 -1.98873 4.55
      vertex 11.0313 -3.094 4.43563
      vertex 10.7619 -3.91703 4.55
    endloop
  endfacet
  facet normal -0.892696 0.239122 -0.381988
    outer loop
      vertex 10.8065 -3.93323 4.43563
      vertex 10.7619 -3.91703 4.55
      vertex 11.0313 -3.094 4.43563
    endloop
  endfacet
  facet normal -0.767489 0.205648 -0.607182
    outer loop
      vertex 11.2786 -1.98873 4.55
      vertex 10.5977 -3.85724 4.77782
      vertex 11.1065 -1.95837 4.77782
    endloop
  endfacet
  facet normal -0.767509 0.205659 -0.607152
    outer loop
      vertex 10.7619 -3.91703 4.55
      vertex 10.5977 -3.85724 4.77782
      vertex 11.2786 -1.98873 4.55
    endloop
  endfacet
  facet normal -0.589361 0.157912 -0.792286
    outer loop
      vertex 11.1065 -1.95837 4.77782
      vertex 10.3836 -3.77932 4.95263
      vertex 10.8821 -1.91881 4.95263
    endloop
  endfacet
  facet normal -0.589393 0.157927 -0.792259
    outer loop
      vertex 10.5977 -3.85724 4.77782
      vertex 10.3836 -3.77932 4.95263
      vertex 11.1065 -1.95837 4.77782
    endloop
  endfacet
  facet normal -0.370924 0.0993984 -0.923329
    outer loop
      vertex 10.8821 -1.91881 4.95263
      vertex 10.1343 -3.68858 5.06252
      vertex 10.6209 -1.87274 5.06252
    endloop
  endfacet
  facet normal -0.370847 0.0993637 -0.923363
    outer loop
      vertex 10.3836 -3.77932 4.95263
      vertex 10.1343 -3.68858 5.06252
      vertex 10.8821 -1.91881 4.95263
    endloop
  endfacet
  facet normal -0.126537 0.0339071 -0.991382
    outer loop
      vertex 10.6209 -1.87274 5.06252
      vertex 9.86677 -3.59121 5.1
      vertex 10.3405 -1.82331 5.1
    endloop
  endfacet
  facet normal -0.126547 0.0339113 -0.991381
    outer loop
      vertex 10.1343 -3.68858 5.06252
      vertex 9.86677 -3.59121 5.1
      vertex 10.6209 -1.87274 5.06252
    endloop
  endfacet
  facet normal 0.126536 -0.0339049 -0.991382
    outer loop
      vertex 10.3405 -1.82331 5.1
      vertex 9.59924 -3.49384 5.06252
      vertex 10.0601 -1.77387 5.06252
    endloop
  endfacet
  facet normal 0.126547 -0.0339098 -0.991381
    outer loop
      vertex 9.86677 -3.59121 5.1
      vertex 9.59924 -3.49384 5.06252
      vertex 10.3405 -1.82331 5.1
    endloop
  endfacet
  facet normal 0.370856 -0.0993716 -0.923359
    outer loop
      vertex 10.0601 -1.77387 5.06252
      vertex 9.34994 -3.4031 4.95263
      vertex 9.79884 -1.7278 4.95263
    endloop
  endfacet
  facet normal 0.370846 -0.0993668 -0.923363
    outer loop
      vertex 9.59924 -3.49384 5.06252
      vertex 9.34994 -3.4031 4.95263
      vertex 10.0601 -1.77387 5.06252
    endloop
  endfacet
  facet normal 0.589422 -0.157936 -0.792236
    outer loop
      vertex 9.79884 -1.7278 4.95263
      vertex 9.13586 -3.32518 4.77782
      vertex 9.57448 -1.68824 4.77782
    endloop
  endfacet
  facet normal 0.589424 -0.157937 -0.792234
    outer loop
      vertex 9.34994 -3.4031 4.95263
      vertex 9.13586 -3.32518 4.77782
      vertex 9.79884 -1.7278 4.95263
    endloop
  endfacet
  facet normal 0.767409 -0.205631 -0.607288
    outer loop
      vertex 9.57448 -1.68824 4.77782
      vertex 8.97159 -3.26539 4.55
      vertex 9.40233 -1.65788 4.55
    endloop
  endfacet
  facet normal 0.767401 -0.205626 -0.607301
    outer loop
      vertex 9.13586 -3.32518 4.77782
      vertex 8.97159 -3.26539 4.55
      vertex 9.57448 -1.68824 4.77782
    endloop
  endfacet
  facet normal 0.892887 -0.239246 -0.381463
    outer loop
      vertex 9.40233 -1.65788 4.55
      vertex 8.86833 -3.22781 4.2847
      vertex 9.2941 -1.6388 4.2847
    endloop
  endfacet
  facet normal 0.8929 -0.239257 -0.381425
    outer loop
      vertex 8.97159 -3.26539 4.55
      vertex 8.86833 -3.22781 4.2847
      vertex 9.40233 -1.65788 4.55
    endloop
  endfacet
  facet normal 0.957725 -0.25662 -0.130032
    outer loop
      vertex 9.2941 -1.6388 4.2847
      vertex 8.83311 -3.21499 4
      vertex 9.25719 -1.63229 4
    endloop
  endfacet
  facet normal 0.957725 -0.256619 -0.130035
    outer loop
      vertex 8.86833 -3.22781 4.2847
      vertex 8.83311 -3.21499 4
      vertex 9.2941 -1.6388 4.2847
    endloop
  endfacet
  facet normal 0.957725 -0.256619 0.130032
    outer loop
      vertex 9.25719 -1.63229 4
      vertex 8.86833 -3.22781 3.7153
      vertex 9.2941 -1.6388 3.7153
    endloop
  endfacet
  facet normal 0.957725 -0.25662 0.130035
    outer loop
      vertex 9.25719 -1.63229 4
      vertex 8.83311 -3.21499 4
      vertex 8.86833 -3.22781 3.7153
    endloop
  endfacet
  facet normal 0.892886 -0.239253 0.381462
    outer loop
      vertex 9.2941 -1.6388 3.7153
      vertex 8.97159 -3.26539 3.45
      vertex 9.40233 -1.65788 3.45
    endloop
  endfacet
  facet normal 0.892902 -0.23925 0.381425
    outer loop
      vertex 9.2941 -1.6388 3.7153
      vertex 8.86833 -3.22781 3.7153
      vertex 8.97159 -3.26539 3.45
    endloop
  endfacet
  facet normal 0.76741 -0.205628 0.607288
    outer loop
      vertex 9.40233 -1.65788 3.45
      vertex 9.13586 -3.32518 3.22218
      vertex 9.57448 -1.68824 3.22218
    endloop
  endfacet
  facet normal 0.7674 -0.205628 0.607301
    outer loop
      vertex 9.40233 -1.65788 3.45
      vertex 8.97159 -3.26539 3.45
      vertex 9.13586 -3.32518 3.22218
    endloop
  endfacet
  facet normal 0.589422 -0.157937 0.792236
    outer loop
      vertex 9.57448 -1.68824 3.22218
      vertex 9.34994 -3.4031 3.04737
      vertex 9.79884 -1.7278 3.04737
    endloop
  endfacet
  facet normal 0.589424 -0.157937 0.792234
    outer loop
      vertex 9.57448 -1.68824 3.22218
      vertex 9.13586 -3.32518 3.22218
      vertex 9.34994 -3.4031 3.04737
    endloop
  endfacet
  facet normal 0.370856 -0.0993697 0.923359
    outer loop
      vertex 9.79884 -1.7278 3.04737
      vertex 9.59924 -3.49384 2.93748
      vertex 10.0601 -1.77387 2.93748
    endloop
  endfacet
  facet normal 0.370845 -0.0993687 0.923363
    outer loop
      vertex 9.79884 -1.7278 3.04737
      vertex 9.34994 -3.4031 3.04737
      vertex 9.59924 -3.49384 2.93748
    endloop
  endfacet
  facet normal 0.126536 -0.0339068 0.991382
    outer loop
      vertex 10.0601 -1.77387 2.93748
      vertex 9.86677 -3.59121 2.9
      vertex 10.3405 -1.82331 2.9
    endloop
  endfacet
  facet normal 0.126548 -0.033908 0.991381
    outer loop
      vertex 10.0601 -1.77387 2.93748
      vertex 9.59924 -3.49384 2.93748
      vertex 9.86677 -3.59121 2.9
    endloop
  endfacet
  facet normal -0.126537 0.0339087 0.991382
    outer loop
      vertex 10.3405 -1.82331 2.9
      vertex 10.1343 -3.68858 2.93748
      vertex 10.6209 -1.87274 2.93748
    endloop
  endfacet
  facet normal -0.126547 0.0339098 0.991381
    outer loop
      vertex 10.3405 -1.82331 2.9
      vertex 9.86677 -3.59121 2.9
      vertex 10.1343 -3.68858 2.93748
    endloop
  endfacet
  facet normal -0.370926 0.099385 0.923329
    outer loop
      vertex 10.6209 -1.87274 2.93748
      vertex 10.3836 -3.77932 3.04737
      vertex 10.8821 -1.91881 3.04737
    endloop
  endfacet
  facet normal -0.370842 0.0993765 0.923364
    outer loop
      vertex 10.6209 -1.87274 2.93748
      vertex 10.1343 -3.68858 2.93748
      vertex 10.3836 -3.77932 3.04737
    endloop
  endfacet
  facet normal -0.58936 0.157918 0.792286
    outer loop
      vertex 10.8821 -1.91881 3.04737
      vertex 10.5977 -3.85724 3.22218
      vertex 11.1065 -1.95837 3.22218
    endloop
  endfacet
  facet normal -0.589395 0.157921 0.792259
    outer loop
      vertex 10.8821 -1.91881 3.04737
      vertex 10.3836 -3.77932 3.04737
      vertex 10.5977 -3.85724 3.22218
    endloop
  endfacet
  facet normal -0.767487 0.205653 0.607182
    outer loop
      vertex 11.1065 -1.95837 3.22218
      vertex 10.7619 -3.91703 3.45
      vertex 11.2786 -1.98873 3.45
    endloop
  endfacet
  facet normal -0.767511 0.205654 0.607152
    outer loop
      vertex 11.1065 -1.95837 3.22218
      vertex 10.5977 -3.85724 3.22218
      vertex 10.7619 -3.91703 3.45
    endloop
  endfacet
  facet normal -0.892771 0.239245 0.381735
    outer loop
      vertex 11.3253 -1.99695 3.56437
      vertex 11.2786 -1.98873 3.45
      vertex 11.1004 -2.83619 3.56437
    endloop
  endfacet
  facet normal -0.892831 0.23924 0.381599
    outer loop
      vertex 10.7619 -3.91703 3.45
      vertex 11.1004 -2.83619 3.56437
      vertex 11.2786 -1.98873 3.45
    endloop
  endfacet
  facet normal -0.892687 0.239153 0.381989
    outer loop
      vertex 11.1004 -2.83619 3.56437
      vertex 10.7619 -3.91703 3.45
      vertex 10.8065 -3.93323 3.56437
    endloop
  endfacet
  facet normal -0.837588 0.390587 -0.381953
    outer loop
      vertex 10.3265 -4.96256 4.43563
      vertex 10.7619 -3.91703 4.55
      vertex 10.8065 -3.93323 4.43563
    endloop
  endfacet
  facet normal -0.837706 0.390605 -0.381675
    outer loop
      vertex 10.7619 -3.91703 4.55
      vertex 10.3265 -4.96256 4.43563
      vertex 9.91827 -5.72631 4.55
    endloop
  endfacet
  facet normal -0.837789 0.390689 -0.381407
    outer loop
      vertex 9.95929 -5.75 4.43563
      vertex 9.91827 -5.72631 4.55
      vertex 10.3265 -4.96256 4.43563
    endloop
  endfacet
  facet normal -0.720131 0.335808 -0.607161
    outer loop
      vertex 10.7619 -3.91703 4.55
      vertex 9.76688 -5.63891 4.77782
      vertex 10.5977 -3.85724 4.77782
    endloop
  endfacet
  facet normal -0.720052 0.335745 -0.60729
    outer loop
      vertex 9.91827 -5.72631 4.55
      vertex 9.76688 -5.63891 4.77782
      vertex 10.7619 -3.91703 4.55
    endloop
  endfacet
  facet normal -0.553017 0.257875 -0.792258
    outer loop
      vertex 10.5977 -3.85724 4.77782
      vertex 9.56958 -5.525 4.95263
      vertex 10.3836 -3.77932 4.95263
    endloop
  endfacet
  facet normal -0.553039 0.257891 -0.792237
    outer loop
      vertex 9.76688 -5.63891 4.77782
      vertex 9.56958 -5.525 4.95263
      vertex 10.5977 -3.85724 4.77782
    endloop
  endfacet
  facet normal -0.347956 0.162254 -0.923363
    outer loop
      vertex 10.3836 -3.77932 4.95263
      vertex 9.33982 -5.39235 5.06252
      vertex 10.1343 -3.68858 5.06252
    endloop
  endfacet
  facet normal -0.347953 0.162253 -0.923365
    outer loop
      vertex 9.56958 -5.525 4.95263
      vertex 9.33982 -5.39235 5.06252
      vertex 10.3836 -3.77932 4.95263
    endloop
  endfacet
  facet normal -0.118737 0.0553677 -0.991381
    outer loop
      vertex 10.1343 -3.68858 5.06252
      vertex 9.09327 -5.25 5.1
      vertex 9.86677 -3.59121 5.1
    endloop
  endfacet
  facet normal -0.118739 0.055369 -0.99138
    outer loop
      vertex 9.33982 -5.39235 5.06252
      vertex 9.09327 -5.25 5.1
      vertex 10.1343 -3.68858 5.06252
    endloop
  endfacet
  facet normal 0.118737 -0.0553679 -0.991381
    outer loop
      vertex 9.86677 -3.59121 5.1
      vertex 8.84671 -5.10765 5.06252
      vertex 9.59924 -3.49384 5.06252
    endloop
  endfacet
  facet normal 0.118736 -0.0553669 -0.991381
    outer loop
      vertex 9.09327 -5.25 5.1
      vertex 8.84671 -5.10765 5.06252
      vertex 9.86677 -3.59121 5.1
    endloop
  endfacet
  facet normal 0.347956 -0.162255 -0.923363
    outer loop
      vertex 9.59924 -3.49384 5.06252
      vertex 8.61695 -4.975 4.95263
      vertex 9.34994 -3.4031 4.95263
    endloop
  endfacet
  facet normal 0.347953 -0.162253 -0.923365
    outer loop
      vertex 8.84671 -5.10765 5.06252
      vertex 8.61695 -4.975 4.95263
      vertex 9.59924 -3.49384 5.06252
    endloop
  endfacet
  facet normal 0.553045 -0.257887 -0.792234
    outer loop
      vertex 9.34994 -3.4031 4.95263
      vertex 8.41966 -4.86109 4.77782
      vertex 9.13586 -3.32518 4.77782
    endloop
  endfacet
  facet normal 0.553055 -0.257894 -0.792225
    outer loop
      vertex 8.61695 -4.975 4.95263
      vertex 8.41966 -4.86109 4.77782
      vertex 9.34994 -3.4031 4.95263
    endloop
  endfacet
  facet normal 0.720038 -0.335754 -0.607301
    outer loop
      vertex 9.13586 -3.32518 4.77782
      vertex 8.26827 -4.77369 4.55
      vertex 8.97159 -3.26539 4.55
    endloop
  endfacet
  facet normal 0.720045 -0.335759 -0.60729
    outer loop
      vertex 8.41966 -4.86109 4.77782
      vertex 8.26827 -4.77369 4.55
      vertex 9.13586 -3.32518 4.77782
    endloop
  endfacet
  facet normal 0.837792 -0.390668 -0.381424
    outer loop
      vertex 8.97159 -3.26539 4.55
      vertex 8.1731 -4.71874 4.2847
      vertex 8.86833 -3.22781 4.2847
    endloop
  endfacet
  facet normal 0.837784 -0.390659 -0.38145
    outer loop
      vertex 8.26827 -4.77369 4.55
      vertex 8.1731 -4.71874 4.2847
      vertex 8.97159 -3.26539 4.55
    endloop
  endfacet
  facet normal 0.898613 -0.419029 -0.130035
    outer loop
      vertex 8.86833 -3.22781 4.2847
      vertex 8.14064 -4.7 4
      vertex 8.83311 -3.21499 4
    endloop
  endfacet
  facet normal 0.898613 -0.419029 -0.130037
    outer loop
      vertex 8.1731 -4.71874 4.2847
      vertex 8.14064 -4.7 4
      vertex 8.86833 -3.22781 4.2847
    endloop
  endfacet
  facet normal 0.898613 -0.419029 0.130035
    outer loop
      vertex 8.83311 -3.21499 4
      vertex 8.1731 -4.71874 3.7153
      vertex 8.86833 -3.22781 3.7153
    endloop
  endfacet
  facet normal 0.898613 -0.419029 0.130037
    outer loop
      vertex 8.83311 -3.21499 4
      vertex 8.14064 -4.7 4
      vertex 8.1731 -4.71874 3.7153
    endloop
  endfacet
  facet normal 0.837794 -0.390663 0.381424
    outer loop
      vertex 8.86833 -3.22781 3.7153
      vertex 8.26827 -4.77369 3.45
      vertex 8.97159 -3.26539 3.45
    endloop
  endfacet
  facet normal 0.837782 -0.390663 0.38145
    outer loop
      vertex 8.86833 -3.22781 3.7153
      vertex 8.1731 -4.71874 3.7153
      vertex 8.26827 -4.77369 3.45
    endloop
  endfacet
  facet normal 0.720037 -0.335756 0.607301
    outer loop
      vertex 8.97159 -3.26539 3.45
      vertex 8.41966 -4.86109 3.22218
      vertex 9.13586 -3.32518 3.22218
    endloop
  endfacet
  facet normal 0.720046 -0.335757 0.60729
    outer loop
      vertex 8.97159 -3.26539 3.45
      vertex 8.26827 -4.77369 3.45
      vertex 8.41966 -4.86109 3.22218
    endloop
  endfacet
  facet normal 0.553044 -0.257889 0.792234
    outer loop
      vertex 9.13586 -3.32518 3.22218
      vertex 8.61695 -4.975 3.04737
      vertex 9.34994 -3.4031 3.04737
    endloop
  endfacet
  facet normal 0.553056 -0.257892 0.792225
    outer loop
      vertex 9.13586 -3.32518 3.22218
      vertex 8.41966 -4.86109 3.22218
      vertex 8.61695 -4.975 3.04737
    endloop
  endfacet
  facet normal 0.347956 -0.162254 0.923363
    outer loop
      vertex 9.34994 -3.4031 3.04737
      vertex 8.84671 -5.10765 2.93748
      vertex 9.59924 -3.49384 2.93748
    endloop
  endfacet
  facet normal 0.347953 -0.162253 0.923365
    outer loop
      vertex 9.34994 -3.4031 3.04737
      vertex 8.61695 -4.975 3.04737
      vertex 8.84671 -5.10765 2.93748
    endloop
  endfacet
  facet normal 0.118737 -0.0553677 0.991381
    outer loop
      vertex 9.59924 -3.49384 2.93748
      vertex 9.09327 -5.25 2.9
      vertex 9.86677 -3.59121 2.9
    endloop
  endfacet
  facet normal 0.118736 -0.0553672 0.991381
    outer loop
      vertex 9.59924 -3.49384 2.93748
      vertex 8.84671 -5.10765 2.93748
      vertex 9.09327 -5.25 2.9
    endloop
  endfacet
  facet normal -0.118737 0.055368 0.991381
    outer loop
      vertex 9.86677 -3.59121 2.9
      vertex 9.33982 -5.39235 2.93748
      vertex 10.1343 -3.68858 2.93748
    endloop
  endfacet
  facet normal -0.118739 0.0553687 0.99138
    outer loop
      vertex 9.86677 -3.59121 2.9
      vertex 9.09327 -5.25 2.9
      vertex 9.33982 -5.39235 2.93748
    endloop
  endfacet
  facet normal -0.347956 0.162254 0.923363
    outer loop
      vertex 10.1343 -3.68858 2.93748
      vertex 9.56958 -5.525 3.04737
      vertex 10.3836 -3.77932 3.04737
    endloop
  endfacet
  facet normal -0.347953 0.162253 0.923365
    outer loop
      vertex 10.1343 -3.68858 2.93748
      vertex 9.33982 -5.39235 2.93748
      vertex 9.56958 -5.525 3.04737
    endloop
  endfacet
  facet normal -0.553015 0.25788 0.792258
    outer loop
      vertex 10.3836 -3.77932 3.04737
      vertex 9.76688 -5.63891 3.22218
      vertex 10.5977 -3.85724 3.22218
    endloop
  endfacet
  facet normal -0.553042 0.257886 0.792237
    outer loop
      vertex 10.3836 -3.77932 3.04737
      vertex 9.56958 -5.525 3.04737
      vertex 9.76688 -5.63891 3.22218
    endloop
  endfacet
  facet normal -0.72014 0.335786 0.607162
    outer loop
      vertex 10.5977 -3.85724 3.22218
      vertex 9.91827 -5.72631 3.45
      vertex 10.7619 -3.91703 3.45
    endloop
  endfacet
  facet normal -0.720041 0.335766 0.607291
    outer loop
      vertex 10.5977 -3.85724 3.22218
      vertex 9.76688 -5.63891 3.22218
      vertex 9.91827 -5.72631 3.45
    endloop
  endfacet
  facet normal -0.837587 0.39059 0.381953
    outer loop
      vertex 10.7619 -3.91703 3.45
      vertex 10.4393 -4.72066 3.56437
      vertex 10.8065 -3.93323 3.56437
    endloop
  endfacet
  facet normal -0.83769 0.390598 0.381719
    outer loop
      vertex 9.91827 -5.72631 3.45
      vertex 10.4393 -4.72066 3.56437
      vertex 10.7619 -3.91703 3.45
    endloop
  endfacet
  facet normal -0.837791 0.390685 0.381407
    outer loop
      vertex 10.4393 -4.72066 3.56437
      vertex 9.91827 -5.72631 3.45
      vertex 9.95929 -5.75 3.56437
    endloop
  endfacet
  facet normal -0.757231 0.530212 -0.381414
    outer loop
      vertex 9.30786 -6.68035 4.43563
      vertex 9.91827 -5.72631 4.55
      vertex 9.95929 -5.75 4.43563
    endloop
  endfacet
  facet normal -0.757211 0.530205 -0.381462
    outer loop
      vertex 9.91827 -5.72631 4.55
      vertex 9.30786 -6.68035 4.43563
      vertex 8.77322 -7.36161 4.55
    endloop
  endfacet
  facet normal -0.757219 0.530216 -0.381433
    outer loop
      vertex 8.80951 -7.39206 4.43563
      vertex 8.77322 -7.36161 4.55
      vertex 9.30786 -6.68035 4.43563
    endloop
  endfacet
  facet normal -0.6508 0.455697 -0.607289
    outer loop
      vertex 9.91827 -5.72631 4.55
      vertex 8.63931 -7.24924 4.77782
      vertex 9.76688 -5.63891 4.77782
    endloop
  endfacet
  facet normal -0.650796 0.455693 -0.607296
    outer loop
      vertex 8.77322 -7.36161 4.55
      vertex 8.63931 -7.24924 4.77782
      vertex 9.91827 -5.72631 4.55
    endloop
  endfacet
  facet normal -0.499857 0.350005 -0.792237
    outer loop
      vertex 9.76688 -5.63891 4.77782
      vertex 8.46479 -7.1028 4.95263
      vertex 9.56958 -5.525 4.95263
    endloop
  endfacet
  facet normal -0.49986 0.350007 -0.792235
    outer loop
      vertex 8.63931 -7.24924 4.77782
      vertex 8.46479 -7.1028 4.95263
      vertex 9.76688 -5.63891 4.77782
    endloop
  endfacet
  facet normal -0.314492 0.220209 -0.923365
    outer loop
      vertex 9.56958 -5.525 4.95263
      vertex 8.26156 -6.93227 5.06252
      vertex 9.33982 -5.39235 5.06252
    endloop
  endfacet
  facet normal -0.314497 0.220214 -0.923362
    outer loop
      vertex 8.46479 -7.1028 4.95263
      vertex 8.26156 -6.93227 5.06252
      vertex 9.56958 -5.525 4.95263
    endloop
  endfacet
  facet normal -0.10732 0.0751465 -0.991381
    outer loop
      vertex 9.33982 -5.39235 5.06252
      vertex 8.04347 -6.74927 5.1
      vertex 9.09327 -5.25 5.1
    endloop
  endfacet
  facet normal -0.107319 0.0751456 -0.991381
    outer loop
      vertex 8.26156 -6.93227 5.06252
      vertex 8.04347 -6.74927 5.1
      vertex 9.33982 -5.39235 5.06252
    endloop
  endfacet
  facet normal 0.107317 -0.0751446 -0.991381
    outer loop
      vertex 9.09327 -5.25 5.1
      vertex 7.82537 -6.56627 5.06252
      vertex 8.84671 -5.10765 5.06252
    endloop
  endfacet
  facet normal 0.107316 -0.0751437 -0.991381
    outer loop
      vertex 8.04347 -6.74927 5.1
      vertex 7.82537 -6.56627 5.06252
      vertex 9.09327 -5.25 5.1
    endloop
  endfacet
  facet normal 0.314492 -0.220209 -0.923365
    outer loop
      vertex 8.84671 -5.10765 5.06252
      vertex 7.62214 -6.39574 4.95263
      vertex 8.61695 -4.975 4.95263
    endloop
  endfacet
  facet normal 0.314497 -0.220214 -0.923362
    outer loop
      vertex 7.82537 -6.56627 5.06252
      vertex 7.62214 -6.39574 4.95263
      vertex 8.84671 -5.10765 5.06252
    endloop
  endfacet
  facet normal 0.499868 -0.350013 -0.792226
    outer loop
      vertex 8.61695 -4.975 4.95263
      vertex 7.44762 -6.2493 4.77782
      vertex 8.41966 -4.86109 4.77782
    endloop
  endfacet
  facet normal 0.499861 -0.350005 -0.792234
    outer loop
      vertex 7.62214 -6.39574 4.95263
      vertex 7.44762 -6.2493 4.77782
      vertex 8.61695 -4.975 4.95263
    endloop
  endfacet
  facet normal 0.650799 -0.455699 -0.607289
    outer loop
      vertex 8.41966 -4.86109 4.77782
      vertex 7.31371 -6.13693 4.55
      vertex 8.26827 -4.77369 4.55
    endloop
  endfacet
  facet normal 0.650795 -0.455694 -0.607296
    outer loop
      vertex 7.44762 -6.2493 4.77782
      vertex 7.31371 -6.13693 4.55
      vertex 8.41966 -4.86109 4.77782
    endloop
  endfacet
  facet normal 0.757215 -0.530207 -0.381451
    outer loop
      vertex 8.26827 -4.77369 4.55
      vertex 7.22953 -6.0663 4.2847
      vertex 8.1731 -4.71874 4.2847
    endloop
  endfacet
  facet normal 0.757221 -0.530217 -0.381425
    outer loop
      vertex 7.31371 -6.13693 4.55
      vertex 7.22953 -6.0663 4.2847
      vertex 8.26827 -4.77369 4.55
    endloop
  endfacet
  facet normal 0.812196 -0.568707 -0.130037
    outer loop
      vertex 8.1731 -4.71874 4.2847
      vertex 7.20082 -6.0422 4
      vertex 8.14064 -4.7 4
    endloop
  endfacet
  facet normal 0.812196 -0.568705 -0.130045
    outer loop
      vertex 7.22953 -6.0663 4.2847
      vertex 7.20082 -6.0422 4
      vertex 8.1731 -4.71874 4.2847
    endloop
  endfacet
  facet normal 0.812197 -0.568706 0.130037
    outer loop
      vertex 8.14064 -4.7 4
      vertex 7.22953 -6.0663 3.7153
      vertex 8.1731 -4.71874 3.7153
    endloop
  endfacet
  facet normal 0.812195 -0.568706 0.130045
    outer loop
      vertex 8.14064 -4.7 4
      vertex 7.20082 -6.0422 4
      vertex 7.22953 -6.0663 3.7153
    endloop
  endfacet
  facet normal 0.757213 -0.530211 0.381451
    outer loop
      vertex 8.1731 -4.71874 3.7153
      vertex 7.31371 -6.13693 3.45
      vertex 8.26827 -4.77369 3.45
    endloop
  endfacet
  facet normal 0.757224 -0.530213 0.381425
    outer loop
      vertex 8.1731 -4.71874 3.7153
      vertex 7.22953 -6.0663 3.7153
      vertex 7.31371 -6.13693 3.45
    endloop
  endfacet
  facet normal 0.6508 -0.455697 0.607289
    outer loop
      vertex 8.26827 -4.77369 3.45
      vertex 7.44762 -6.2493 3.22218
      vertex 8.41966 -4.86109 3.22218
    endloop
  endfacet
  facet normal 0.650794 -0.455695 0.607297
    outer loop
      vertex 8.26827 -4.77369 3.45
      vertex 7.31371 -6.13693 3.45
      vertex 7.44762 -6.2493 3.22218
    endloop
  endfacet
  facet normal 0.49987 -0.350011 0.792226
    outer loop
      vertex 8.41966 -4.86109 3.22218
      vertex 7.62214 -6.39574 3.04737
      vertex 8.61695 -4.975 3.04737
    endloop
  endfacet
  facet normal 0.499859 -0.350007 0.792235
    outer loop
      vertex 8.41966 -4.86109 3.22218
      vertex 7.44762 -6.2493 3.22218
      vertex 7.62214 -6.39574 3.04737
    endloop
  endfacet
  facet normal 0.314492 -0.22021 0.923365
    outer loop
      vertex 8.61695 -4.975 3.04737
      vertex 7.82537 -6.56627 2.93748
      vertex 8.84671 -5.10765 2.93748
    endloop
  endfacet
  facet normal 0.314498 -0.220213 0.923362
    outer loop
      vertex 8.61695 -4.975 3.04737
      vertex 7.62214 -6.39574 3.04737
      vertex 7.82537 -6.56627 2.93748
    endloop
  endfacet
  facet normal 0.107317 -0.0751444 0.991381
    outer loop
      vertex 8.84671 -5.10765 2.93748
      vertex 8.04347 -6.74927 2.9
      vertex 9.09327 -5.25 2.9
    endloop
  endfacet
  facet normal 0.107316 -0.0751438 0.991381
    outer loop
      vertex 8.84671 -5.10765 2.93748
      vertex 7.82537 -6.56627 2.93748
      vertex 8.04347 -6.74927 2.9
    endloop
  endfacet
  facet normal -0.10732 0.0751463 0.991381
    outer loop
      vertex 9.09327 -5.25 2.9
      vertex 8.26156 -6.93227 2.93748
      vertex 9.33982 -5.39235 2.93748
    endloop
  endfacet
  facet normal -0.107319 0.0751458 0.991381
    outer loop
      vertex 9.09327 -5.25 2.9
      vertex 8.04347 -6.74927 2.9
      vertex 8.26156 -6.93227 2.93748
    endloop
  endfacet
  facet normal -0.314492 0.22021 0.923365
    outer loop
      vertex 9.33982 -5.39235 2.93748
      vertex 8.46479 -7.1028 3.04737
      vertex 9.56958 -5.525 3.04737
    endloop
  endfacet
  facet normal -0.314498 0.220213 0.923362
    outer loop
      vertex 9.33982 -5.39235 2.93748
      vertex 8.26156 -6.93227 2.93748
      vertex 8.46479 -7.1028 3.04737
    endloop
  endfacet
  facet normal -0.499857 0.350005 0.792237
    outer loop
      vertex 9.56958 -5.525 3.04737
      vertex 8.63931 -7.24924 3.22218
      vertex 9.76688 -5.63891 3.22218
    endloop
  endfacet
  facet normal -0.49986 0.350007 0.792234
    outer loop
      vertex 9.56958 -5.525 3.04737
      vertex 8.46479 -7.1028 3.04737
      vertex 8.63931 -7.24924 3.22218
    endloop
  endfacet
  facet normal -0.650801 0.455696 0.607289
    outer loop
      vertex 9.76688 -5.63891 3.22218
      vertex 8.77322 -7.36161 3.45
      vertex 9.91827 -5.72631 3.45
    endloop
  endfacet
  facet normal -0.650795 0.455694 0.607296
    outer loop
      vertex 9.76688 -5.63891 3.22218
      vertex 8.63931 -7.24924 3.22218
      vertex 8.77322 -7.36161 3.45
    endloop
  endfacet
  facet normal -0.75723 0.530213 0.381414
    outer loop
      vertex 9.95929 -5.75 3.56437
      vertex 9.91827 -5.72631 3.45
      vertex 9.46095 -6.46171 3.56437
    endloop
  endfacet
  facet normal -0.757218 0.53021 0.381442
    outer loop
      vertex 8.77322 -7.36161 3.45
      vertex 9.46095 -6.46171 3.56437
      vertex 9.91827 -5.72631 3.45
    endloop
  endfacet
  facet normal -0.75722 0.530213 0.381433
    outer loop
      vertex 9.46095 -6.46171 3.56437
      vertex 8.77322 -7.36161 3.45
      vertex 8.80951 -7.39206 3.56437
    endloop
  endfacet
  facet normal -0.653647 0.653647 -0.381432
    outer loop
      vertex 8.80951 -7.39206 4.43563
      vertex 7.36161 -8.77322 4.55
      vertex 8.77322 -7.36161 4.55
    endloop
  endfacet
  facet normal -0.653647 0.653647 -0.381432
    outer loop
      vertex 7.39206 -8.80951 4.43563
      vertex 7.36161 -8.77322 4.55
      vertex 8.80951 -7.39206 4.43563
    endloop
  endfacet
  facet normal -0.561778 0.561778 -0.607298
    outer loop
      vertex 7.36161 -8.77322 4.55
      vertex 8.63931 -7.24924 4.77782
      vertex 8.77322 -7.36161 4.55
    endloop
  endfacet
  facet normal -0.561778 0.561778 -0.607298
    outer loop
      vertex 8.63931 -7.24924 4.77782
      vertex 7.36161 -8.77322 4.55
      vertex 7.24924 -8.63931 4.77782
    endloop
  endfacet
  facet normal -0.431488 0.431488 -0.792235
    outer loop
      vertex 7.24924 -8.63931 4.77782
      vertex 8.46479 -7.1028 4.95263
      vertex 8.63931 -7.24924 4.77782
    endloop
  endfacet
  facet normal -0.431488 0.431488 -0.792235
    outer loop
      vertex 8.46479 -7.1028 4.95263
      vertex 7.24924 -8.63931 4.77782
      vertex 7.1028 -8.46479 4.95263
    endloop
  endfacet
  facet normal -0.27148 0.27148 -0.923362
    outer loop
      vertex 7.1028 -8.46479 4.95263
      vertex 8.26156 -6.93227 5.06252
      vertex 8.46479 -7.1028 4.95263
    endloop
  endfacet
  facet normal -0.27148 0.27148 -0.923362
    outer loop
      vertex 8.26156 -6.93227 5.06252
      vertex 7.1028 -8.46479 4.95263
      vertex 6.93227 -8.26156 5.06252
    endloop
  endfacet
  facet normal -0.0926399 0.0926399 -0.991381
    outer loop
      vertex 6.93227 -8.26156 5.06252
      vertex 8.04347 -6.74927 5.1
      vertex 8.26156 -6.93227 5.06252
    endloop
  endfacet
  facet normal -0.0926399 0.0926399 -0.991381
    outer loop
      vertex 8.04347 -6.74927 5.1
      vertex 6.93227 -8.26156 5.06252
      vertex 6.74927 -8.04347 5.1
    endloop
  endfacet
  facet normal 0.0926377 -0.0926377 -0.991381
    outer loop
      vertex 6.74927 -8.04347 5.1
      vertex 7.82537 -6.56627 5.06252
      vertex 8.04347 -6.74927 5.1
    endloop
  endfacet
  facet normal 0.0926377 -0.0926377 -0.991381
    outer loop
      vertex 7.82537 -6.56627 5.06252
      vertex 6.74927 -8.04347 5.1
      vertex 6.56627 -7.82537 5.06252
    endloop
  endfacet
  facet normal 0.27148 -0.27148 -0.923362
    outer loop
      vertex 6.56627 -7.82537 5.06252
      vertex 7.62214 -6.39574 4.95263
      vertex 7.82537 -6.56627 5.06252
    endloop
  endfacet
  facet normal 0.27148 -0.27148 -0.923362
    outer loop
      vertex 7.62214 -6.39574 4.95263
      vertex 6.56627 -7.82537 5.06252
      vertex 6.39574 -7.62214 4.95263
    endloop
  endfacet
  facet normal 0.431488 -0.431488 -0.792235
    outer loop
      vertex 6.39574 -7.62214 4.95263
      vertex 7.44762 -6.2493 4.77782
      vertex 7.62214 -6.39574 4.95263
    endloop
  endfacet
  facet normal 0.431488 -0.431488 -0.792235
    outer loop
      vertex 7.44762 -6.2493 4.77782
      vertex 6.39574 -7.62214 4.95263
      vertex 6.2493 -7.44762 4.77782
    endloop
  endfacet
  facet normal 0.561778 -0.561778 -0.607298
    outer loop
      vertex 6.2493 -7.44762 4.77782
      vertex 7.31371 -6.13693 4.55
      vertex 7.44762 -6.2493 4.77782
    endloop
  endfacet
  facet normal 0.561778 -0.561778 -0.607298
    outer loop
      vertex 7.31371 -6.13693 4.55
      vertex 6.2493 -7.44762 4.77782
      vertex 6.13693 -7.31371 4.55
    endloop
  endfacet
  facet normal 0.65365 -0.65365 -0.381423
    outer loop
      vertex 7.31371 -6.13693 4.55
      vertex 6.0663 -7.22953 4.2847
      vertex 7.22953 -6.0663 4.2847
    endloop
  endfacet
  facet normal 0.65365 -0.65365 -0.381423
    outer loop
      vertex 6.0663 -7.22953 4.2847
      vertex 7.31371 -6.13693 4.55
      vertex 6.13693 -7.31371 4.55
    endloop
  endfacet
  facet normal 0.701102 -0.701102 -0.13005
    outer loop
      vertex 7.22953 -6.0663 4.2847
      vertex 6.0422 -7.20082 4
      vertex 7.20082 -6.0422 4
    endloop
  endfacet
  facet normal 0.701102 -0.701102 -0.13005
    outer loop
      vertex 6.0422 -7.20082 4
      vertex 7.22953 -6.0663 4.2847
      vertex 6.0663 -7.22953 4.2847
    endloop
  endfacet
  facet normal 0.701102 -0.701102 0.13005
    outer loop
      vertex 6.0422 -7.20082 4
      vertex 7.22953 -6.0663 3.7153
      vertex 7.20082 -6.0422 4
    endloop
  endfacet
  facet normal 0.701102 -0.701102 0.13005
    outer loop
      vertex 7.22953 -6.0663 3.7153
      vertex 6.0422 -7.20082 4
      vertex 6.0663 -7.22953 3.7153
    endloop
  endfacet
  facet normal 0.65365 -0.65365 0.381423
    outer loop
      vertex 6.0663 -7.22953 3.7153
      vertex 7.31371 -6.13693 3.45
      vertex 7.22953 -6.0663 3.7153
    endloop
  endfacet
  facet normal 0.65365 -0.65365 0.381423
    outer loop
      vertex 7.31371 -6.13693 3.45
      vertex 6.0663 -7.22953 3.7153
      vertex 6.13693 -7.31371 3.45
    endloop
  endfacet
  facet normal 0.561778 -0.561778 0.607298
    outer loop
      vertex 7.31371 -6.13693 3.45
      vertex 6.2493 -7.44762 3.22218
      vertex 7.44762 -6.2493 3.22218
    endloop
  endfacet
  facet normal 0.561778 -0.561778 0.607298
    outer loop
      vertex 6.2493 -7.44762 3.22218
      vertex 7.31371 -6.13693 3.45
      vertex 6.13693 -7.31371 3.45
    endloop
  endfacet
  facet normal 0.431488 -0.431488 0.792235
    outer loop
      vertex 7.44762 -6.2493 3.22218
      vertex 6.39574 -7.62214 3.04737
      vertex 7.62214 -6.39574 3.04737
    endloop
  endfacet
  facet normal 0.431488 -0.431488 0.792235
    outer loop
      vertex 6.39574 -7.62214 3.04737
      vertex 7.44762 -6.2493 3.22218
      vertex 6.2493 -7.44762 3.22218
    endloop
  endfacet
  facet normal 0.27148 -0.27148 0.923362
    outer loop
      vertex 7.62214 -6.39574 3.04737
      vertex 6.56627 -7.82537 2.93748
      vertex 7.82537 -6.56627 2.93748
    endloop
  endfacet
  facet normal 0.27148 -0.27148 0.923362
    outer loop
      vertex 6.56627 -7.82537 2.93748
      vertex 7.62214 -6.39574 3.04737
      vertex 6.39574 -7.62214 3.04737
    endloop
  endfacet
  facet normal 0.0926377 -0.0926377 0.991381
    outer loop
      vertex 7.82537 -6.56627 2.93748
      vertex 6.74927 -8.04347 2.9
      vertex 8.04347 -6.74927 2.9
    endloop
  endfacet
  facet normal 0.0926377 -0.0926377 0.991381
    outer loop
      vertex 6.74927 -8.04347 2.9
      vertex 7.82537 -6.56627 2.93748
      vertex 6.56627 -7.82537 2.93748
    endloop
  endfacet
  facet normal -0.0926399 0.0926399 0.991381
    outer loop
      vertex 8.04347 -6.74927 2.9
      vertex 6.93227 -8.26156 2.93748
      vertex 8.26156 -6.93227 2.93748
    endloop
  endfacet
  facet normal -0.0926399 0.0926399 0.991381
    outer loop
      vertex 6.93227 -8.26156 2.93748
      vertex 8.04347 -6.74927 2.9
      vertex 6.74927 -8.04347 2.9
    endloop
  endfacet
  facet normal -0.27148 0.27148 0.923362
    outer loop
      vertex 8.26156 -6.93227 2.93748
      vertex 7.1028 -8.46479 3.04737
      vertex 8.46479 -7.1028 3.04737
    endloop
  endfacet
  facet normal -0.27148 0.27148 0.923362
    outer loop
      vertex 7.1028 -8.46479 3.04737
      vertex 8.26156 -6.93227 2.93748
      vertex 6.93227 -8.26156 2.93748
    endloop
  endfacet
  facet normal -0.431488 0.431488 0.792235
    outer loop
      vertex 8.46479 -7.1028 3.04737
      vertex 7.24924 -8.63931 3.22218
      vertex 8.63931 -7.24924 3.22218
    endloop
  endfacet
  facet normal -0.431488 0.431488 0.792235
    outer loop
      vertex 7.24924 -8.63931 3.22218
      vertex 8.46479 -7.1028 3.04737
      vertex 7.1028 -8.46479 3.04737
    endloop
  endfacet
  facet normal -0.561778 0.561778 0.607298
    outer loop
      vertex 8.63931 -7.24924 3.22218
      vertex 7.36161 -8.77322 3.45
      vertex 8.77322 -7.36161 3.45
    endloop
  endfacet
  facet normal -0.561778 0.561778 0.607298
    outer loop
      vertex 7.36161 -8.77322 3.45
      vertex 8.63931 -7.24924 3.22218
      vertex 7.24924 -8.63931 3.22218
    endloop
  endfacet
  facet normal -0.653647 0.653647 0.381432
    outer loop
      vertex 7.36161 -8.77322 3.45
      vertex 8.80951 -7.39206 3.56437
      vertex 8.77322 -7.36161 3.45
    endloop
  endfacet
  facet normal -0.653647 0.653647 0.381432
    outer loop
      vertex 7.36161 -8.77322 3.45
      vertex 7.39206 -8.80951 3.56437
      vertex 8.80951 -7.39206 3.56437
    endloop
  endfacet
  facet normal -0.530213 0.75722 -0.381433
    outer loop
      vertex 6.46171 -9.46095 4.43563
      vertex 7.36161 -8.77322 4.55
      vertex 7.39206 -8.80951 4.43563
    endloop
  endfacet
  facet normal -0.53021 0.757218 -0.381442
    outer loop
      vertex 7.36161 -8.77322 4.55
      vertex 6.46171 -9.46095 4.43563
      vertex 5.72631 -9.91827 4.55
    endloop
  endfacet
  facet normal -0.530213 0.75723 -0.381414
    outer loop
      vertex 5.75 -9.95929 4.43563
      vertex 5.72631 -9.91827 4.55
      vertex 6.46171 -9.46095 4.43563
    endloop
  endfacet
  facet normal -0.455694 0.650795 -0.607296
    outer loop
      vertex 7.36161 -8.77322 4.55
      vertex 5.63891 -9.76688 4.77782
      vertex 7.24924 -8.63931 4.77782
    endloop
  endfacet
  facet normal -0.455696 0.650801 -0.607289
    outer loop
      vertex 5.72631 -9.91827 4.55
      vertex 5.63891 -9.76688 4.77782
      vertex 7.36161 -8.77322 4.55
    endloop
  endfacet
  facet normal -0.350007 0.49986 -0.792234
    outer loop
      vertex 7.24924 -8.63931 4.77782
      vertex 5.525 -9.56958 4.95263
      vertex 7.1028 -8.46479 4.95263
    endloop
  endfacet
  facet normal -0.350005 0.499857 -0.792237
    outer loop
      vertex 5.63891 -9.76688 4.77782
      vertex 5.525 -9.56958 4.95263
      vertex 7.24924 -8.63931 4.77782
    endloop
  endfacet
  facet normal -0.220213 0.314498 -0.923362
    outer loop
      vertex 7.1028 -8.46479 4.95263
      vertex 5.39235 -9.33982 5.06252
      vertex 6.93227 -8.26156 5.06252
    endloop
  endfacet
  facet normal -0.22021 0.314492 -0.923365
    outer loop
      vertex 5.525 -9.56958 4.95263
      vertex 5.39235 -9.33982 5.06252
      vertex 7.1028 -8.46479 4.95263
    endloop
  endfacet
  facet normal -0.0751458 0.107319 -0.991381
    outer loop
      vertex 6.93227 -8.26156 5.06252
      vertex 5.25 -9.09327 5.1
      vertex 6.74927 -8.04347 5.1
    endloop
  endfacet
  facet normal -0.0751463 0.10732 -0.991381
    outer loop
      vertex 5.39235 -9.33982 5.06252
      vertex 5.25 -9.09327 5.1
      vertex 6.93227 -8.26156 5.06252
    endloop
  endfacet
  facet normal 0.0751438 -0.107316 -0.991381
    outer loop
      vertex 6.74927 -8.04347 5.1
      vertex 5.10765 -8.84671 5.06252
      vertex 6.56627 -7.82537 5.06252
    endloop
  endfacet
  facet normal 0.0751444 -0.107317 -0.991381
    outer loop
      vertex 5.25 -9.09327 5.1
      vertex 5.10765 -8.84671 5.06252
      vertex 6.74927 -8.04347 5.1
    endloop
  endfacet
  facet normal 0.220213 -0.314498 -0.923362
    outer loop
      vertex 6.56627 -7.82537 5.06252
      vertex 4.975 -8.61695 4.95263
      vertex 6.39574 -7.62214 4.95263
    endloop
  endfacet
  facet normal 0.22021 -0.314492 -0.923365
    outer loop
      vertex 5.10765 -8.84671 5.06252
      vertex 4.975 -8.61695 4.95263
      vertex 6.56627 -7.82537 5.06252
    endloop
  endfacet
  facet normal 0.350007 -0.499859 -0.792235
    outer loop
      vertex 6.39574 -7.62214 4.95263
      vertex 4.86109 -8.41966 4.77782
      vertex 6.2493 -7.44762 4.77782
    endloop
  endfacet
  facet normal 0.350011 -0.49987 -0.792226
    outer loop
      vertex 4.975 -8.61695 4.95263
      vertex 4.86109 -8.41966 4.77782
      vertex 6.39574 -7.62214 4.95263
    endloop
  endfacet
  facet normal 0.455695 -0.650794 -0.607297
    outer loop
      vertex 6.2493 -7.44762 4.77782
      vertex 4.77369 -8.26827 4.55
      vertex 6.13693 -7.31371 4.55
    endloop
  endfacet
  facet normal 0.455697 -0.6508 -0.607289
    outer loop
      vertex 4.86109 -8.41966 4.77782
      vertex 4.77369 -8.26827 4.55
      vertex 6.2493 -7.44762 4.77782
    endloop
  endfacet
  facet normal 0.530213 -0.757224 -0.381425
    outer loop
      vertex 6.13693 -7.31371 4.55
      vertex 4.71874 -8.1731 4.2847
      vertex 6.0663 -7.22953 4.2847
    endloop
  endfacet
  facet normal 0.530211 -0.757213 -0.381451
    outer loop
      vertex 4.77369 -8.26827 4.55
      vertex 4.71874 -8.1731 4.2847
      vertex 6.13693 -7.31371 4.55
    endloop
  endfacet
  facet normal 0.568706 -0.812195 -0.130045
    outer loop
      vertex 6.0663 -7.22953 4.2847
      vertex 4.7 -8.14064 4
      vertex 6.0422 -7.20082 4
    endloop
  endfacet
  facet normal 0.568706 -0.812197 -0.130037
    outer loop
      vertex 4.71874 -8.1731 4.2847
      vertex 4.7 -8.14064 4
      vertex 6.0663 -7.22953 4.2847
    endloop
  endfacet
  facet normal 0.568705 -0.812196 0.130045
    outer loop
      vertex 6.0422 -7.20082 4
      vertex 4.71874 -8.1731 3.7153
      vertex 6.0663 -7.22953 3.7153
    endloop
  endfacet
  facet normal 0.568707 -0.812196 0.130037
    outer loop
      vertex 6.0422 -7.20082 4
      vertex 4.7 -8.14064 4
      vertex 4.71874 -8.1731 3.7153
    endloop
  endfacet
  facet normal 0.530217 -0.757221 0.381425
    outer loop
      vertex 6.0663 -7.22953 3.7153
      vertex 4.77369 -8.26827 3.45
      vertex 6.13693 -7.31371 3.45
    endloop
  endfacet
  facet normal 0.530207 -0.757215 0.381451
    outer loop
      vertex 6.0663 -7.22953 3.7153
      vertex 4.71874 -8.1731 3.7153
      vertex 4.77369 -8.26827 3.45
    endloop
  endfacet
  facet normal 0.455694 -0.650795 0.607296
    outer loop
      vertex 6.13693 -7.31371 3.45
      vertex 4.86109 -8.41966 3.22218
      vertex 6.2493 -7.44762 3.22218
    endloop
  endfacet
  facet normal 0.455699 -0.650799 0.607289
    outer loop
      vertex 6.13693 -7.31371 3.45
      vertex 4.77369 -8.26827 3.45
      vertex 4.86109 -8.41966 3.22218
    endloop
  endfacet
  facet normal 0.350005 -0.499861 0.792234
    outer loop
      vertex 6.2493 -7.44762 3.22218
      vertex 4.975 -8.61695 3.04737
      vertex 6.39574 -7.62214 3.04737
    endloop
  endfacet
  facet normal 0.350013 -0.499868 0.792226
    outer loop
      vertex 6.2493 -7.44762 3.22218
      vertex 4.86109 -8.41966 3.22218
      vertex 4.975 -8.61695 3.04737
    endloop
  endfacet
  facet normal 0.220214 -0.314497 0.923362
    outer loop
      vertex 6.39574 -7.62214 3.04737
      vertex 5.10765 -8.84671 2.93748
      vertex 6.56627 -7.82537 2.93748
    endloop
  endfacet
  facet normal 0.220209 -0.314492 0.923365
    outer loop
      vertex 6.39574 -7.62214 3.04737
      vertex 4.975 -8.61695 3.04737
      vertex 5.10765 -8.84671 2.93748
    endloop
  endfacet
  facet normal 0.0751437 -0.107316 0.991381
    outer loop
      vertex 6.56627 -7.82537 2.93748
      vertex 5.25 -9.09327 2.9
      vertex 6.74927 -8.04347 2.9
    endloop
  endfacet
  facet normal 0.0751446 -0.107317 0.991381
    outer loop
      vertex 6.56627 -7.82537 2.93748
      vertex 5.10765 -8.84671 2.93748
      vertex 5.25 -9.09327 2.9
    endloop
  endfacet
  facet normal -0.0751456 0.107319 0.991381
    outer loop
      vertex 6.74927 -8.04347 2.9
      vertex 5.39235 -9.33982 2.93748
      vertex 6.93227 -8.26156 2.93748
    endloop
  endfacet
  facet normal -0.0751465 0.10732 0.991381
    outer loop
      vertex 6.74927 -8.04347 2.9
      vertex 5.25 -9.09327 2.9
      vertex 5.39235 -9.33982 2.93748
    endloop
  endfacet
  facet normal -0.220214 0.314497 0.923362
    outer loop
      vertex 6.93227 -8.26156 2.93748
      vertex 5.525 -9.56958 3.04737
      vertex 7.1028 -8.46479 3.04737
    endloop
  endfacet
  facet normal -0.220209 0.314492 0.923365
    outer loop
      vertex 6.93227 -8.26156 2.93748
      vertex 5.39235 -9.33982 2.93748
      vertex 5.525 -9.56958 3.04737
    endloop
  endfacet
  facet normal -0.350007 0.49986 0.792235
    outer loop
      vertex 7.1028 -8.46479 3.04737
      vertex 5.63891 -9.76688 3.22218
      vertex 7.24924 -8.63931 3.22218
    endloop
  endfacet
  facet normal -0.350005 0.499857 0.792237
    outer loop
      vertex 7.1028 -8.46479 3.04737
      vertex 5.525 -9.56958 3.04737
      vertex 5.63891 -9.76688 3.22218
    endloop
  endfacet
  facet normal -0.455693 0.650796 0.607296
    outer loop
      vertex 7.24924 -8.63931 3.22218
      vertex 5.72631 -9.91827 3.45
      vertex 7.36161 -8.77322 3.45
    endloop
  endfacet
  facet normal -0.455697 0.6508 0.607289
    outer loop
      vertex 7.24924 -8.63931 3.22218
      vertex 5.63891 -9.76688 3.22218
      vertex 5.72631 -9.91827 3.45
    endloop
  endfacet
  facet normal -0.530216 0.757219 0.381433
    outer loop
      vertex 7.36161 -8.77322 3.45
      vertex 6.68035 -9.30786 3.56437
      vertex 7.39206 -8.80951 3.56437
    endloop
  endfacet
  facet normal -0.530212 0.757231 0.381414
    outer loop
      vertex 5.72631 -9.91827 3.45
      vertex 5.75 -9.95929 3.56437
      vertex 6.68035 -9.30786 3.56437
    endloop
  endfacet
  facet normal -0.530205 0.757211 0.381462
    outer loop
      vertex 5.72631 -9.91827 3.45
      vertex 6.68035 -9.30786 3.56437
      vertex 7.36161 -8.77322 3.45
    endloop
  endfacet
  facet normal -0.390598 0.83769 -0.381719
    outer loop
      vertex 5.72631 -9.91827 4.55
      vertex 4.72066 -10.4393 4.43563
      vertex 3.91703 -10.7619 4.55
    endloop
  endfacet
  facet normal -0.390685 0.837791 -0.381407
    outer loop
      vertex 4.72066 -10.4393 4.43563
      vertex 5.72631 -9.91827 4.55
      vertex 5.75 -9.95929 4.43563
    endloop
  endfacet
  facet normal -0.39059 0.837587 -0.381953
    outer loop
      vertex 4.72066 -10.4393 4.43563
      vertex 3.93323 -10.8065 4.43563
      vertex 3.91703 -10.7619 4.55
    endloop
  endfacet
  facet normal -0.335766 0.720041 -0.607291
    outer loop
      vertex 5.72631 -9.91827 4.55
      vertex 3.85724 -10.5977 4.77782
      vertex 5.63891 -9.76688 4.77782
    endloop
  endfacet
  facet normal -0.335786 0.72014 -0.607162
    outer loop
      vertex 3.91703 -10.7619 4.55
      vertex 3.85724 -10.5977 4.77782
      vertex 5.72631 -9.91827 4.55
    endloop
  endfacet
  facet normal -0.257886 0.553042 -0.792237
    outer loop
      vertex 5.63891 -9.76688 4.77782
      vertex 3.77932 -10.3836 4.95263
      vertex 5.525 -9.56958 4.95263
    endloop
  endfacet
  facet normal -0.25788 0.553015 -0.792258
    outer loop
      vertex 3.85724 -10.5977 4.77782
      vertex 3.77932 -10.3836 4.95263
      vertex 5.63891 -9.76688 4.77782
    endloop
  endfacet
  facet normal -0.162253 0.347953 -0.923365
    outer loop
      vertex 5.525 -9.56958 4.95263
      vertex 3.68858 -10.1343 5.06252
      vertex 5.39235 -9.33982 5.06252
    endloop
  endfacet
  facet normal -0.162254 0.347956 -0.923363
    outer loop
      vertex 3.77932 -10.3836 4.95263
      vertex 3.68858 -10.1343 5.06252
      vertex 5.525 -9.56958 4.95263
    endloop
  endfacet
  facet normal -0.0553687 0.118739 -0.99138
    outer loop
      vertex 5.39235 -9.33982 5.06252
      vertex 3.59121 -9.86677 5.1
      vertex 5.25 -9.09327 5.1
    endloop
  endfacet
  facet normal -0.055368 0.118737 -0.991381
    outer loop
      vertex 3.68858 -10.1343 5.06252
      vertex 3.59121 -9.86677 5.1
      vertex 5.39235 -9.33982 5.06252
    endloop
  endfacet
  facet normal 0.0553672 -0.118736 -0.991381
    outer loop
      vertex 5.25 -9.09327 5.1
      vertex 3.49384 -9.59924 5.06252
      vertex 5.10765 -8.84671 5.06252
    endloop
  endfacet
  facet normal 0.0553677 -0.118737 -0.991381
    outer loop
      vertex 3.59121 -9.86677 5.1
      vertex 3.49384 -9.59924 5.06252
      vertex 5.25 -9.09327 5.1
    endloop
  endfacet
  facet normal 0.162253 -0.347953 -0.923365
    outer loop
      vertex 5.10765 -8.84671 5.06252
      vertex 3.4031 -9.34994 4.95263
      vertex 4.975 -8.61695 4.95263
    endloop
  endfacet
  facet normal 0.162254 -0.347956 -0.923363
    outer loop
      vertex 3.49384 -9.59924 5.06252
      vertex 3.4031 -9.34994 4.95263
      vertex 5.10765 -8.84671 5.06252
    endloop
  endfacet
  facet normal 0.257892 -0.553056 -0.792225
    outer loop
      vertex 4.975 -8.61695 4.95263
      vertex 3.32518 -9.13586 4.77782
      vertex 4.86109 -8.41966 4.77782
    endloop
  endfacet
  facet normal 0.257889 -0.553044 -0.792234
    outer loop
      vertex 3.4031 -9.34994 4.95263
      vertex 3.32518 -9.13586 4.77782
      vertex 4.975 -8.61695 4.95263
    endloop
  endfacet
  facet normal 0.335757 -0.720046 -0.60729
    outer loop
      vertex 4.86109 -8.41966 4.77782
      vertex 3.26539 -8.97159 4.55
      vertex 4.77369 -8.26827 4.55
    endloop
  endfacet
  facet normal 0.335756 -0.720037 -0.607301
    outer loop
      vertex 3.32518 -9.13586 4.77782
      vertex 3.26539 -8.97159 4.55
      vertex 4.86109 -8.41966 4.77782
    endloop
  endfacet
  facet normal 0.390663 -0.837782 -0.38145
    outer loop
      vertex 4.77369 -8.26827 4.55
      vertex 3.22781 -8.86833 4.2847
      vertex 4.71874 -8.1731 4.2847
    endloop
  endfacet
  facet normal 0.390663 -0.837794 -0.381424
    outer loop
      vertex 3.26539 -8.97159 4.55
      vertex 3.22781 -8.86833 4.2847
      vertex 4.77369 -8.26827 4.55
    endloop
  endfacet
  facet normal 0.419029 -0.898613 -0.130037
    outer loop
      vertex 4.71874 -8.1731 4.2847
      vertex 3.21499 -8.83311 4
      vertex 4.7 -8.14064 4
    endloop
  endfacet
  facet normal 0.419029 -0.898613 -0.130035
    outer loop
      vertex 3.22781 -8.86833 4.2847
      vertex 3.21499 -8.83311 4
      vertex 4.71874 -8.1731 4.2847
    endloop
  endfacet
  facet normal 0.419029 -0.898613 0.130037
    outer loop
      vertex 4.7 -8.14064 4
      vertex 3.22781 -8.86833 3.7153
      vertex 4.71874 -8.1731 3.7153
    endloop
  endfacet
  facet normal 0.419029 -0.898613 0.130035
    outer loop
      vertex 4.7 -8.14064 4
      vertex 3.21499 -8.83311 4
      vertex 3.22781 -8.86833 3.7153
    endloop
  endfacet
  facet normal 0.390659 -0.837784 0.38145
    outer loop
      vertex 4.71874 -8.1731 3.7153
      vertex 3.26539 -8.97159 3.45
      vertex 4.77369 -8.26827 3.45
    endloop
  endfacet
  facet normal 0.390668 -0.837792 0.381424
    outer loop
      vertex 4.71874 -8.1731 3.7153
      vertex 3.22781 -8.86833 3.7153
      vertex 3.26539 -8.97159 3.45
    endloop
  endfacet
  facet normal 0.335759 -0.720045 0.60729
    outer loop
      vertex 4.77369 -8.26827 3.45
      vertex 3.32518 -9.13586 3.22218
      vertex 4.86109 -8.41966 3.22218
    endloop
  endfacet
  facet normal 0.335754 -0.720038 0.607301
    outer loop
      vertex 4.77369 -8.26827 3.45
      vertex 3.26539 -8.97159 3.45
      vertex 3.32518 -9.13586 3.22218
    endloop
  endfacet
  facet normal 0.257894 -0.553055 0.792225
    outer loop
      vertex 4.86109 -8.41966 3.22218
      vertex 3.4031 -9.34994 3.04737
      vertex 4.975 -8.61695 3.04737
    endloop
  endfacet
  facet normal 0.257887 -0.553045 0.792234
    outer loop
      vertex 4.86109 -8.41966 3.22218
      vertex 3.32518 -9.13586 3.22218
      vertex 3.4031 -9.34994 3.04737
    endloop
  endfacet
  facet normal 0.162253 -0.347953 0.923365
    outer loop
      vertex 4.975 -8.61695 3.04737
      vertex 3.49384 -9.59924 2.93748
      vertex 5.10765 -8.84671 2.93748
    endloop
  endfacet
  facet normal 0.162255 -0.347956 0.923363
    outer loop
      vertex 4.975 -8.61695 3.04737
      vertex 3.4031 -9.34994 3.04737
      vertex 3.49384 -9.59924 2.93748
    endloop
  endfacet
  facet normal 0.0553669 -0.118736 0.991381
    outer loop
      vertex 5.10765 -8.84671 2.93748
      vertex 3.59121 -9.86677 2.9
      vertex 5.25 -9.09327 2.9
    endloop
  endfacet
  facet normal 0.0553679 -0.118737 0.991381
    outer loop
      vertex 5.10765 -8.84671 2.93748
      vertex 3.49384 -9.59924 2.93748
      vertex 3.59121 -9.86677 2.9
    endloop
  endfacet
  facet normal -0.055369 0.118739 0.99138
    outer loop
      vertex 5.25 -9.09327 2.9
      vertex 3.68858 -10.1343 2.93748
      vertex 5.39235 -9.33982 2.93748
    endloop
  endfacet
  facet normal -0.0553677 0.118737 0.991381
    outer loop
      vertex 5.25 -9.09327 2.9
      vertex 3.59121 -9.86677 2.9
      vertex 3.68858 -10.1343 2.93748
    endloop
  endfacet
  facet normal -0.162253 0.347953 0.923365
    outer loop
      vertex 5.39235 -9.33982 2.93748
      vertex 3.77932 -10.3836 3.04737
      vertex 5.525 -9.56958 3.04737
    endloop
  endfacet
  facet normal -0.162254 0.347956 0.923363
    outer loop
      vertex 5.39235 -9.33982 2.93748
      vertex 3.68858 -10.1343 2.93748
      vertex 3.77932 -10.3836 3.04737
    endloop
  endfacet
  facet normal -0.257891 0.553039 0.792237
    outer loop
      vertex 5.525 -9.56958 3.04737
      vertex 3.85724 -10.5977 3.22218
      vertex 5.63891 -9.76688 3.22218
    endloop
  endfacet
  facet normal -0.257875 0.553017 0.792258
    outer loop
      vertex 5.525 -9.56958 3.04737
      vertex 3.77932 -10.3836 3.04737
      vertex 3.85724 -10.5977 3.22218
    endloop
  endfacet
  facet normal -0.335745 0.720052 0.60729
    outer loop
      vertex 5.63891 -9.76688 3.22218
      vertex 3.91703 -10.7619 3.45
      vertex 5.72631 -9.91827 3.45
    endloop
  endfacet
  facet normal -0.335808 0.720131 0.607161
    outer loop
      vertex 5.63891 -9.76688 3.22218
      vertex 3.85724 -10.5977 3.22218
      vertex 3.91703 -10.7619 3.45
    endloop
  endfacet
  facet normal -0.390689 0.837789 0.381407
    outer loop
      vertex 5.72631 -9.91827 3.45
      vertex 4.96256 -10.3265 3.56437
      vertex 5.75 -9.95929 3.56437
    endloop
  endfacet
  facet normal -0.390605 0.837706 0.381675
    outer loop
      vertex 3.91703 -10.7619 3.45
      vertex 4.96256 -10.3265 3.56437
      vertex 5.72631 -9.91827 3.45
    endloop
  endfacet
  facet normal -0.390587 0.837588 0.381953
    outer loop
      vertex 4.96256 -10.3265 3.56437
      vertex 3.91703 -10.7619 3.45
      vertex 3.93323 -10.8065 3.56437
    endloop
  endfacet
  facet normal -0.239153 0.892687 -0.381989
    outer loop
      vertex 2.83619 -11.1004 4.43563
      vertex 3.91703 -10.7619 4.55
      vertex 3.93323 -10.8065 4.43563
    endloop
  endfacet
  facet normal -0.23924 0.892831 -0.381599
    outer loop
      vertex 3.91703 -10.7619 4.55
      vertex 2.83619 -11.1004 4.43563
      vertex 1.98873 -11.2786 4.55
    endloop
  endfacet
  facet normal -0.239245 0.892771 -0.381735
    outer loop
      vertex 1.99695 -11.3253 4.43563
      vertex 1.98873 -11.2786 4.55
      vertex 2.83619 -11.1004 4.43563
    endloop
  endfacet
  facet normal -0.205654 0.767511 -0.607152
    outer loop
      vertex 3.91703 -10.7619 4.55
      vertex 1.95837 -11.1065 4.77782
      vertex 3.85724 -10.5977 4.77782
    endloop
  endfacet
  facet normal -0.205653 0.767487 -0.607182
    outer loop
      vertex 1.98873 -11.2786 4.55
      vertex 1.95837 -11.1065 4.77782
      vertex 3.91703 -10.7619 4.55
    endloop
  endfacet
  facet normal -0.157921 0.589395 -0.792259
    outer loop
      vertex 3.85724 -10.5977 4.77782
      vertex 1.91881 -10.8821 4.95263
      vertex 3.77932 -10.3836 4.95263
    endloop
  endfacet
  facet normal -0.157918 0.58936 -0.792286
    outer loop
      vertex 1.95837 -11.1065 4.77782
      vertex 1.91881 -10.8821 4.95263
      vertex 3.85724 -10.5977 4.77782
    endloop
  endfacet
  facet normal -0.0993765 0.370842 -0.923364
    outer loop
      vertex 3.77932 -10.3836 4.95263
      vertex 1.87274 -10.6209 5.06252
      vertex 3.68858 -10.1343 5.06252
    endloop
  endfacet
  facet normal -0.099385 0.370926 -0.923329
    outer loop
      vertex 1.91881 -10.8821 4.95263
      vertex 1.87274 -10.6209 5.06252
      vertex 3.77932 -10.3836 4.95263
    endloop
  endfacet
  facet normal -0.0339098 0.126547 -0.991381
    outer loop
      vertex 3.68858 -10.1343 5.06252
      vertex 1.82331 -10.3405 5.1
      vertex 3.59121 -9.86677 5.1
    endloop
  endfacet
  facet normal -0.0339087 0.126537 -0.991382
    outer loop
      vertex 1.87274 -10.6209 5.06252
      vertex 1.82331 -10.3405 5.1
      vertex 3.68858 -10.1343 5.06252
    endloop
  endfacet
  facet normal 0.033908 -0.126548 -0.991381
    outer loop
      vertex 3.59121 -9.86677 5.1
      vertex 1.77387 -10.0601 5.06252
      vertex 3.49384 -9.59924 5.06252
    endloop
  endfacet
  facet normal 0.0339068 -0.126536 -0.991382
    outer loop
      vertex 1.82331 -10.3405 5.1
      vertex 1.77387 -10.0601 5.06252
      vertex 3.59121 -9.86677 5.1
    endloop
  endfacet
  facet normal 0.0993687 -0.370845 -0.923363
    outer loop
      vertex 3.49384 -9.59924 5.06252
      vertex 1.7278 -9.79884 4.95263
      vertex 3.4031 -9.34994 4.95263
    endloop
  endfacet
  facet normal 0.0993697 -0.370856 -0.923359
    outer loop
      vertex 1.77387 -10.0601 5.06252
      vertex 1.7278 -9.79884 4.95263
      vertex 3.49384 -9.59924 5.06252
    endloop
  endfacet
  facet normal 0.157937 -0.589424 -0.792234
    outer loop
      vertex 3.4031 -9.34994 4.95263
      vertex 1.68824 -9.57448 4.77782
      vertex 3.32518 -9.13586 4.77782
    endloop
  endfacet
  facet normal 0.157937 -0.589422 -0.792236
    outer loop
      vertex 1.7278 -9.79884 4.95263
      vertex 1.68824 -9.57448 4.77782
      vertex 3.4031 -9.34994 4.95263
    endloop
  endfacet
  facet normal 0.205628 -0.7674 -0.607301
    outer loop
      vertex 3.32518 -9.13586 4.77782
      vertex 1.65788 -9.40233 4.55
      vertex 3.26539 -8.97159 4.55
    endloop
  endfacet
  facet normal 0.205628 -0.76741 -0.607288
    outer loop
      vertex 1.68824 -9.57448 4.77782
      vertex 1.65788 -9.40233 4.55
      vertex 3.32518 -9.13586 4.77782
    endloop
  endfacet
  facet normal 0.23925 -0.892902 -0.381425
    outer loop
      vertex 3.26539 -8.97159 4.55
      vertex 1.6388 -9.2941 4.2847
      vertex 3.22781 -8.86833 4.2847
    endloop
  endfacet
  facet normal 0.239253 -0.892886 -0.381462
    outer loop
      vertex 1.65788 -9.40233 4.55
      vertex 1.6388 -9.2941 4.2847
      vertex 3.26539 -8.97159 4.55
    endloop
  endfacet
  facet normal 0.25662 -0.957725 -0.130035
    outer loop
      vertex 3.22781 -8.86833 4.2847
      vertex 1.63229 -9.25719 4
      vertex 3.21499 -8.83311 4
    endloop
  endfacet
  facet normal 0.256619 -0.957725 -0.130032
    outer loop
      vertex 1.6388 -9.2941 4.2847
      vertex 1.63229 -9.25719 4
      vertex 3.22781 -8.86833 4.2847
    endloop
  endfacet
  facet normal 0.256619 -0.957725 0.130035
    outer loop
      vertex 3.21499 -8.83311 4
      vertex 1.6388 -9.2941 3.7153
      vertex 3.22781 -8.86833 3.7153
    endloop
  endfacet
  facet normal 0.25662 -0.957725 0.130032
    outer loop
      vertex 3.21499 -8.83311 4
      vertex 1.63229 -9.25719 4
      vertex 1.6388 -9.2941 3.7153
    endloop
  endfacet
  facet normal 0.239257 -0.8929 0.381425
    outer loop
      vertex 3.22781 -8.86833 3.7153
      vertex 1.65788 -9.40233 3.45
      vertex 3.26539 -8.97159 3.45
    endloop
  endfacet
  facet normal 0.239246 -0.892887 0.381463
    outer loop
      vertex 3.22781 -8.86833 3.7153
      vertex 1.6388 -9.2941 3.7153
      vertex 1.65788 -9.40233 3.45
    endloop
  endfacet
  facet normal 0.205626 -0.767401 0.607301
    outer loop
      vertex 3.26539 -8.97159 3.45
      vertex 1.68824 -9.57448 3.22218
      vertex 3.32518 -9.13586 3.22218
    endloop
  endfacet
  facet normal 0.205631 -0.767409 0.607288
    outer loop
      vertex 3.26539 -8.97159 3.45
      vertex 1.65788 -9.40233 3.45
      vertex 1.68824 -9.57448 3.22218
    endloop
  endfacet
  facet normal 0.157937 -0.589424 0.792234
    outer loop
      vertex 3.32518 -9.13586 3.22218
      vertex 1.7278 -9.79884 3.04737
      vertex 3.4031 -9.34994 3.04737
    endloop
  endfacet
  facet normal 0.157936 -0.589422 0.792236
    outer loop
      vertex 3.32518 -9.13586 3.22218
      vertex 1.68824 -9.57448 3.22218
      vertex 1.7278 -9.79884 3.04737
    endloop
  endfacet
  facet normal 0.0993668 -0.370846 0.923363
    outer loop
      vertex 3.4031 -9.34994 3.04737
      vertex 1.77387 -10.0601 2.93748
      vertex 3.49384 -9.59924 2.93748
    endloop
  endfacet
  facet normal 0.0993716 -0.370856 0.923359
    outer loop
      vertex 3.4031 -9.34994 3.04737
      vertex 1.7278 -9.79884 3.04737
      vertex 1.77387 -10.0601 2.93748
    endloop
  endfacet
  facet normal 0.0339098 -0.126547 0.991381
    outer loop
      vertex 3.49384 -9.59924 2.93748
      vertex 1.82331 -10.3405 2.9
      vertex 3.59121 -9.86677 2.9
    endloop
  endfacet
  facet normal 0.0339049 -0.126536 0.991382
    outer loop
      vertex 3.49384 -9.59924 2.93748
      vertex 1.77387 -10.0601 2.93748
      vertex 1.82331 -10.3405 2.9
    endloop
  endfacet
  facet normal -0.0339113 0.126547 0.991381
    outer loop
      vertex 3.59121 -9.86677 2.9
      vertex 1.87274 -10.6209 2.93748
      vertex 3.68858 -10.1343 2.93748
    endloop
  endfacet
  facet normal -0.0339071 0.126537 0.991382
    outer loop
      vertex 3.59121 -9.86677 2.9
      vertex 1.82331 -10.3405 2.9
      vertex 1.87274 -10.6209 2.93748
    endloop
  endfacet
  facet normal -0.0993637 0.370847 0.923363
    outer loop
      vertex 3.68858 -10.1343 2.93748
      vertex 1.91881 -10.8821 3.04737
      vertex 3.77932 -10.3836 3.04737
    endloop
  endfacet
  facet normal -0.0993984 0.370924 0.923329
    outer loop
      vertex 3.68858 -10.1343 2.93748
      vertex 1.87274 -10.6209 2.93748
      vertex 1.91881 -10.8821 3.04737
    endloop
  endfacet
  facet normal -0.157927 0.589393 0.792259
    outer loop
      vertex 3.77932 -10.3836 3.04737
      vertex 1.95837 -11.1065 3.22218
      vertex 3.85724 -10.5977 3.22218
    endloop
  endfacet
  facet normal -0.157912 0.589361 0.792286
    outer loop
      vertex 3.77932 -10.3836 3.04737
      vertex 1.91881 -10.8821 3.04737
      vertex 1.95837 -11.1065 3.22218
    endloop
  endfacet
  facet normal -0.205659 0.767509 0.607152
    outer loop
      vertex 3.85724 -10.5977 3.22218
      vertex 1.98873 -11.2786 3.45
      vertex 3.91703 -10.7619 3.45
    endloop
  endfacet
  facet normal -0.205648 0.767489 0.607182
    outer loop
      vertex 3.85724 -10.5977 3.22218
      vertex 1.95837 -11.1065 3.22218
      vertex 1.98873 -11.2786 3.45
    endloop
  endfacet
  facet normal -0.239122 0.892696 0.381988
    outer loop
      vertex 3.91703 -10.7619 3.45
      vertex 3.094 -11.0313 3.56437
      vertex 3.93323 -10.8065 3.56437
    endloop
  endfacet
  facet normal -0.239254 0.892769 0.381734
    outer loop
      vertex 1.98873 -11.2786 3.45
      vertex 1.99695 -11.3253 3.56437
      vertex 3.094 -11.0313 3.56437
    endloop
  endfacet
  facet normal -0.239252 0.892879 0.381478
    outer loop
      vertex 1.98873 -11.2786 3.45
      vertex 3.094 -11.0313 3.56437
      vertex 3.91703 -10.7619 3.45
    endloop
  endfacet
  facet normal -0.080567 0.920746 -0.381753
    outer loop
      vertex 0.865546 -11.4243 4.43563
      vertex 1.98873 -11.2786 4.55
      vertex 1.99695 -11.3253 4.43563
    endloop
  endfacet
  facet normal -0.0805564 0.920719 -0.381822
    outer loop
      vertex 1.98873 -11.2786 4.55
      vertex 0.865546 -11.4243 4.43563
      vertex 0 -11.4526 4.55
    endloop
  endfacet
  facet normal -0.0805328 0.920804 -0.381622
    outer loop
      vertex 0.865546 -11.4243 4.43563
      vertex 0 -11.5 4.43563
      vertex 0 -11.4526 4.55
    endloop
  endfacet
  facet normal -0.069237 0.791545 -0.607176
    outer loop
      vertex 1.98873 -11.2786 4.55
      vertex 0 -11.2778 4.77782
      vertex 1.95837 -11.1065 4.77782
    endloop
  endfacet
  facet normal -0.0692481 0.79147 -0.607273
    outer loop
      vertex 1.98873 -11.2786 4.55
      vertex 0 -11.4526 4.55
      vertex 0 -11.2778 4.77782
    endloop
  endfacet
  facet normal -0.053186 0.607825 -0.792288
    outer loop
      vertex 1.95837 -11.1065 4.77782
      vertex 0 -11.05 4.95263
      vertex 1.91881 -10.8821 4.95263
    endloop
  endfacet
  facet normal -0.0531759 0.607928 -0.792209
    outer loop
      vertex 1.95837 -11.1065 4.77782
      vertex 0 -11.2778 4.77782
      vertex 0 -11.05 4.95263
    endloop
  endfacet
  facet normal -0.0334602 0.382553 -0.923327
    outer loop
      vertex 1.91881 -10.8821 4.95263
      vertex 0 -10.7847 5.06252
      vertex 1.87274 -10.6209 5.06252
    endloop
  endfacet
  facet normal -0.0334666 0.382467 -0.923363
    outer loop
      vertex 1.91881 -10.8821 4.95263
      vertex 0 -11.05 4.95263
      vertex 0 -10.7847 5.06252
    endloop
  endfacet
  facet normal -0.0114161 0.130502 -0.991382
    outer loop
      vertex 1.87274 -10.6209 5.06252
      vertex 0 -10.5 5.1
      vertex 1.82331 -10.3405 5.1
    endloop
  endfacet
  facet normal -0.0114153 0.130513 -0.991381
    outer loop
      vertex 1.87274 -10.6209 5.06252
      vertex 0 -10.7847 5.06252
      vertex 0 -10.5 5.1
    endloop
  endfacet
  facet normal 0.0114178 -0.130501 -0.991382
    outer loop
      vertex 1.82331 -10.3405 5.1
      vertex 0 -10.2153 5.06252
      vertex 1.77387 -10.0601 5.06252
    endloop
  endfacet
  facet normal 0.011417 -0.130513 -0.991381
    outer loop
      vertex 1.82331 -10.3405 5.1
      vertex 0 -10.5 5.1
      vertex 0 -10.2153 5.06252
    endloop
  endfacet
  facet normal 0.0334619 -0.382478 -0.923358
    outer loop
      vertex 1.77387 -10.0601 5.06252
      vertex 0 -9.95 4.95263
      vertex 1.7278 -9.79884 4.95263
    endloop
  endfacet
  facet normal 0.0334629 -0.382467 -0.923363
    outer loop
      vertex 1.77387 -10.0601 5.06252
      vertex 0 -10.2153 5.06252
      vertex 0 -9.95 4.95263
    endloop
  endfacet
  facet normal 0.0531831 -0.607893 -0.792236
    outer loop
      vertex 1.7278 -9.79884 4.95263
      vertex 0 -9.72218 4.77782
      vertex 1.68824 -9.57448 4.77782
    endloop
  endfacet
  facet normal 0.0531829 -0.607895 -0.792235
    outer loop
      vertex 1.7278 -9.79884 4.95263
      vertex 0 -9.95 4.95263
      vertex 0 -9.72218 4.77782
    endloop
  endfacet
  facet normal 0.0692411 -0.79146 -0.607286
    outer loop
      vertex 1.68824 -9.57448 4.77782
      vertex 0 -9.54737 4.55
      vertex 1.65788 -9.40233 4.55
    endloop
  endfacet
  facet normal 0.0692423 -0.791453 -0.607295
    outer loop
      vertex 1.68824 -9.57448 4.77782
      vertex 0 -9.72218 4.77782
      vertex 0 -9.54737 4.55
    endloop
  endfacet
  facet normal 0.0805673 -0.920866 -0.381464
    outer loop
      vertex 1.65788 -9.40233 4.55
      vertex 0 -9.43748 4.2847
      vertex 1.6388 -9.2941 4.2847
    endloop
  endfacet
  facet normal 0.0805632 -0.920878 -0.381437
    outer loop
      vertex 1.65788 -9.40233 4.55
      vertex 0 -9.54737 4.55
      vertex 0 -9.43748 4.2847
    endloop
  endfacet
  facet normal 0.0864177 -0.987737 -0.130031
    outer loop
      vertex 1.6388 -9.2941 4.2847
      vertex 0 -9.4 4
      vertex 1.63229 -9.25719 4
    endloop
  endfacet
  facet normal 0.0864179 -0.987736 -0.130033
    outer loop
      vertex 1.6388 -9.2941 4.2847
      vertex 0 -9.43748 4.2847
      vertex 0 -9.4 4
    endloop
  endfacet
  facet normal 0.0864179 -0.987737 0.130031
    outer loop
      vertex 1.63229 -9.25719 4
      vertex 0 -9.43748 3.7153
      vertex 1.6388 -9.2941 3.7153
    endloop
  endfacet
  facet normal 0.0864176 -0.987737 0.130033
    outer loop
      vertex 0 -9.4 4
      vertex 0 -9.43748 3.7153
      vertex 1.63229 -9.25719 4
    endloop
  endfacet
  facet normal 0.0805622 -0.920866 0.381464
    outer loop
      vertex 1.6388 -9.2941 3.7153
      vertex 0 -9.54737 3.45
      vertex 1.65788 -9.40233 3.45
    endloop
  endfacet
  facet normal 0.0805683 -0.920877 0.381437
    outer loop
      vertex 0 -9.43748 3.7153
      vertex 0 -9.54737 3.45
      vertex 1.6388 -9.2941 3.7153
    endloop
  endfacet
  facet normal 0.0692429 -0.79146 0.607286
    outer loop
      vertex 1.65788 -9.40233 3.45
      vertex 0 -9.72218 3.22218
      vertex 1.68824 -9.57448 3.22218
    endloop
  endfacet
  facet normal 0.0692405 -0.791453 0.607295
    outer loop
      vertex 0 -9.54737 3.45
      vertex 0 -9.72218 3.22218
      vertex 1.65788 -9.40233 3.45
    endloop
  endfacet
  facet normal 0.0531827 -0.607893 0.792236
    outer loop
      vertex 1.68824 -9.57448 3.22218
      vertex 0 -9.95 3.04737
      vertex 1.7278 -9.79884 3.04737
    endloop
  endfacet
  facet normal 0.0531832 -0.607895 0.792235
    outer loop
      vertex 0 -9.72218 3.22218
      vertex 0 -9.95 3.04737
      vertex 1.68824 -9.57448 3.22218
    endloop
  endfacet
  facet normal 0.0334639 -0.382478 0.923358
    outer loop
      vertex 1.7278 -9.79884 3.04737
      vertex 0 -10.2153 2.93748
      vertex 1.77387 -10.0601 2.93748
    endloop
  endfacet
  facet normal 0.0334608 -0.382467 0.923363
    outer loop
      vertex 0 -9.95 3.04737
      vertex 0 -10.2153 2.93748
      vertex 1.7278 -9.79884 3.04737
    endloop
  endfacet
  facet normal 0.011416 -0.130501 0.991382
    outer loop
      vertex 1.77387 -10.0601 2.93748
      vertex 0 -10.5 2.9
      vertex 1.82331 -10.3405 2.9
    endloop
  endfacet
  facet normal 0.0114189 -0.130513 0.991381
    outer loop
      vertex 0 -10.2153 2.93748
      vertex 0 -10.5 2.9
      vertex 1.77387 -10.0601 2.93748
    endloop
  endfacet
  facet normal -0.0114144 0.130502 0.991382
    outer loop
      vertex 1.82331 -10.3405 2.9
      vertex 0 -10.7847 2.93748
      vertex 1.87274 -10.6209 2.93748
    endloop
  endfacet
  facet normal -0.011417 0.130513 0.991381
    outer loop
      vertex 0 -10.5 2.9
      vertex 0 -10.7847 2.93748
      vertex 1.82331 -10.3405 2.9
    endloop
  endfacet
  facet normal -0.033474 0.382551 0.923328
    outer loop
      vertex 1.87274 -10.6209 2.93748
      vertex 0 -11.05 3.04737
      vertex 1.91881 -10.8821 3.04737
    endloop
  endfacet
  facet normal -0.0334526 0.382467 0.923363
    outer loop
      vertex 0 -10.7847 2.93748
      vertex 0 -11.05 3.04737
      vertex 1.87274 -10.6209 2.93748
    endloop
  endfacet
  facet normal -0.0531671 0.607827 0.792287
    outer loop
      vertex 1.91881 -10.8821 3.04737
      vertex 0 -11.2778 3.22218
      vertex 1.95837 -11.1065 3.22218
    endloop
  endfacet
  facet normal -0.053195 0.607928 0.792208
    outer loop
      vertex 0 -11.05 3.04737
      vertex 0 -11.2778 3.22218
      vertex 1.91881 -10.8821 3.04737
    endloop
  endfacet
  facet normal -0.0692545 0.791543 0.607177
    outer loop
      vertex 1.95837 -11.1065 3.22218
      vertex 0 -11.4526 3.45
      vertex 1.98873 -11.2786 3.45
    endloop
  endfacet
  facet normal -0.0692305 0.791471 0.607274
    outer loop
      vertex 0 -11.2778 3.22218
      vertex 0 -11.4526 3.45
      vertex 1.95837 -11.1065 3.22218
    endloop
  endfacet
  facet normal -0.0805287 0.92075 0.381752
    outer loop
      vertex 1.98873 -11.2786 3.45
      vertex 1.13141 -11.401 3.56437
      vertex 1.99695 -11.3253 3.56437
    endloop
  endfacet
  facet normal -0.080566 0.920828 0.381555
    outer loop
      vertex 0 -11.4526 3.45
      vertex 1.13141 -11.401 3.56437
      vertex 1.98873 -11.2786 3.45
    endloop
  endfacet
  facet normal -0.0805714 0.920801 0.381621
    outer loop
      vertex 1.13141 -11.401 3.56437
      vertex 0 -11.4526 3.45
      vertex 0 -11.5 3.56437
    endloop
  endfacet
  facet normal 0.080566 0.920828 -0.381555
    outer loop
      vertex 0 -11.4526 4.55
      vertex -1.13141 -11.401 4.43563
      vertex -1.98873 -11.2786 4.55
    endloop
  endfacet
  facet normal 0.0805714 0.920801 -0.381621
    outer loop
      vertex -1.13141 -11.401 4.43563
      vertex 0 -11.4526 4.55
      vertex 0 -11.5 4.43563
    endloop
  endfacet
  facet normal 0.0805287 0.92075 -0.381752
    outer loop
      vertex -1.13141 -11.401 4.43563
      vertex -1.99695 -11.3253 4.43563
      vertex -1.98873 -11.2786 4.55
    endloop
  endfacet
  facet normal 0.0692305 0.791471 -0.607274
    outer loop
      vertex 0 -11.4526 4.55
      vertex -1.95837 -11.1065 4.77782
      vertex 0 -11.2778 4.77782
    endloop
  endfacet
  facet normal 0.0692545 0.791543 -0.607177
    outer loop
      vertex 0 -11.4526 4.55
      vertex -1.98873 -11.2786 4.55
      vertex -1.95837 -11.1065 4.77782
    endloop
  endfacet
  facet normal 0.053195 0.607928 -0.792208
    outer loop
      vertex 0 -11.2778 4.77782
      vertex -1.91881 -10.8821 4.95263
      vertex 0 -11.05 4.95263
    endloop
  endfacet
  facet normal 0.0531671 0.607827 -0.792287
    outer loop
      vertex 0 -11.2778 4.77782
      vertex -1.95837 -11.1065 4.77782
      vertex -1.91881 -10.8821 4.95263
    endloop
  endfacet
  facet normal 0.0334526 0.382467 -0.923363
    outer loop
      vertex 0 -11.05 4.95263
      vertex -1.87274 -10.6209 5.06252
      vertex 0 -10.7847 5.06252
    endloop
  endfacet
  facet normal 0.033474 0.382551 -0.923328
    outer loop
      vertex 0 -11.05 4.95263
      vertex -1.91881 -10.8821 4.95263
      vertex -1.87274 -10.6209 5.06252
    endloop
  endfacet
  facet normal 0.011417 0.130513 -0.991381
    outer loop
      vertex 0 -10.7847 5.06252
      vertex -1.82331 -10.3405 5.1
      vertex 0 -10.5 5.1
    endloop
  endfacet
  facet normal 0.0114144 0.130502 -0.991382
    outer loop
      vertex 0 -10.7847 5.06252
      vertex -1.87274 -10.6209 5.06252
      vertex -1.82331 -10.3405 5.1
    endloop
  endfacet
  facet normal -0.0114189 -0.130513 -0.991381
    outer loop
      vertex 0 -10.5 5.1
      vertex -1.77387 -10.0601 5.06252
      vertex 0 -10.2153 5.06252
    endloop
  endfacet
  facet normal -0.011416 -0.130501 -0.991382
    outer loop
      vertex 0 -10.5 5.1
      vertex -1.82331 -10.3405 5.1
      vertex -1.77387 -10.0601 5.06252
    endloop
  endfacet
  facet normal -0.0334608 -0.382467 -0.923363
    outer loop
      vertex 0 -10.2153 5.06252
      vertex -1.7278 -9.79884 4.95263
      vertex 0 -9.95 4.95263
    endloop
  endfacet
  facet normal -0.0334639 -0.382478 -0.923358
    outer loop
      vertex 0 -10.2153 5.06252
      vertex -1.77387 -10.0601 5.06252
      vertex -1.7278 -9.79884 4.95263
    endloop
  endfacet
  facet normal -0.0531832 -0.607895 -0.792235
    outer loop
      vertex 0 -9.95 4.95263
      vertex -1.68824 -9.57448 4.77782
      vertex 0 -9.72218 4.77782
    endloop
  endfacet
  facet normal -0.0531827 -0.607893 -0.792236
    outer loop
      vertex 0 -9.95 4.95263
      vertex -1.7278 -9.79884 4.95263
      vertex -1.68824 -9.57448 4.77782
    endloop
  endfacet
  facet normal -0.0692405 -0.791453 -0.607295
    outer loop
      vertex 0 -9.72218 4.77782
      vertex -1.65788 -9.40233 4.55
      vertex 0 -9.54737 4.55
    endloop
  endfacet
  facet normal -0.0692429 -0.79146 -0.607286
    outer loop
      vertex 0 -9.72218 4.77782
      vertex -1.68824 -9.57448 4.77782
      vertex -1.65788 -9.40233 4.55
    endloop
  endfacet
  facet normal -0.0805683 -0.920877 -0.381437
    outer loop
      vertex 0 -9.54737 4.55
      vertex -1.6388 -9.2941 4.2847
      vertex 0 -9.43748 4.2847
    endloop
  endfacet
  facet normal -0.0805622 -0.920866 -0.381464
    outer loop
      vertex 0 -9.54737 4.55
      vertex -1.65788 -9.40233 4.55
      vertex -1.6388 -9.2941 4.2847
    endloop
  endfacet
  facet normal -0.0864176 -0.987737 -0.130033
    outer loop
      vertex 0 -9.43748 4.2847
      vertex -1.63229 -9.25719 4
      vertex 0 -9.4 4
    endloop
  endfacet
  facet normal -0.0864179 -0.987737 -0.130031
    outer loop
      vertex 0 -9.43748 4.2847
      vertex -1.6388 -9.2941 4.2847
      vertex -1.63229 -9.25719 4
    endloop
  endfacet
  facet normal -0.0864179 -0.987736 0.130033
    outer loop
      vertex 0 -9.4 4
      vertex -1.6388 -9.2941 3.7153
      vertex 0 -9.43748 3.7153
    endloop
  endfacet
  facet normal -0.0864177 -0.987737 0.130031
    outer loop
      vertex -1.63229 -9.25719 4
      vertex -1.6388 -9.2941 3.7153
      vertex 0 -9.4 4
    endloop
  endfacet
  facet normal -0.0805632 -0.920878 0.381437
    outer loop
      vertex 0 -9.43748 3.7153
      vertex -1.65788 -9.40233 3.45
      vertex 0 -9.54737 3.45
    endloop
  endfacet
  facet normal -0.0805673 -0.920866 0.381464
    outer loop
      vertex -1.6388 -9.2941 3.7153
      vertex -1.65788 -9.40233 3.45
      vertex 0 -9.43748 3.7153
    endloop
  endfacet
  facet normal -0.0692423 -0.791453 0.607295
    outer loop
      vertex 0 -9.54737 3.45
      vertex -1.68824 -9.57448 3.22218
      vertex 0 -9.72218 3.22218
    endloop
  endfacet
  facet normal -0.0692411 -0.79146 0.607286
    outer loop
      vertex -1.65788 -9.40233 3.45
      vertex -1.68824 -9.57448 3.22218
      vertex 0 -9.54737 3.45
    endloop
  endfacet
  facet normal -0.0531829 -0.607895 0.792235
    outer loop
      vertex 0 -9.72218 3.22218
      vertex -1.7278 -9.79884 3.04737
      vertex 0 -9.95 3.04737
    endloop
  endfacet
  facet normal -0.0531831 -0.607893 0.792236
    outer loop
      vertex -1.68824 -9.57448 3.22218
      vertex -1.7278 -9.79884 3.04737
      vertex 0 -9.72218 3.22218
    endloop
  endfacet
  facet normal -0.0334629 -0.382467 0.923363
    outer loop
      vertex 0 -9.95 3.04737
      vertex -1.77387 -10.0601 2.93748
      vertex 0 -10.2153 2.93748
    endloop
  endfacet
  facet normal -0.0334619 -0.382478 0.923358
    outer loop
      vertex -1.7278 -9.79884 3.04737
      vertex -1.77387 -10.0601 2.93748
      vertex 0 -9.95 3.04737
    endloop
  endfacet
  facet normal -0.011417 -0.130513 0.991381
    outer loop
      vertex 0 -10.2153 2.93748
      vertex -1.82331 -10.3405 2.9
      vertex 0 -10.5 2.9
    endloop
  endfacet
  facet normal -0.0114178 -0.130501 0.991382
    outer loop
      vertex -1.77387 -10.0601 2.93748
      vertex -1.82331 -10.3405 2.9
      vertex 0 -10.2153 2.93748
    endloop
  endfacet
  facet normal 0.0114153 0.130513 0.991381
    outer loop
      vertex 0 -10.5 2.9
      vertex -1.87274 -10.6209 2.93748
      vertex 0 -10.7847 2.93748
    endloop
  endfacet
  facet normal 0.0114161 0.130502 0.991382
    outer loop
      vertex -1.82331 -10.3405 2.9
      vertex -1.87274 -10.6209 2.93748
      vertex 0 -10.5 2.9
    endloop
  endfacet
  facet normal 0.0334666 0.382467 0.923363
    outer loop
      vertex 0 -10.7847 2.93748
      vertex -1.91881 -10.8821 3.04737
      vertex 0 -11.05 3.04737
    endloop
  endfacet
  facet normal 0.0334602 0.382553 0.923327
    outer loop
      vertex -1.87274 -10.6209 2.93748
      vertex -1.91881 -10.8821 3.04737
      vertex 0 -10.7847 2.93748
    endloop
  endfacet
  facet normal 0.0531759 0.607928 0.792209
    outer loop
      vertex 0 -11.05 3.04737
      vertex -1.95837 -11.1065 3.22218
      vertex 0 -11.2778 3.22218
    endloop
  endfacet
  facet normal 0.053186 0.607825 0.792288
    outer loop
      vertex -1.91881 -10.8821 3.04737
      vertex -1.95837 -11.1065 3.22218
      vertex 0 -11.05 3.04737
    endloop
  endfacet
  facet normal 0.0692481 0.79147 0.607273
    outer loop
      vertex 0 -11.2778 3.22218
      vertex -1.98873 -11.2786 3.45
      vertex 0 -11.4526 3.45
    endloop
  endfacet
  facet normal 0.069237 0.791545 0.607176
    outer loop
      vertex -1.95837 -11.1065 3.22218
      vertex -1.98873 -11.2786 3.45
      vertex 0 -11.2778 3.22218
    endloop
  endfacet
  facet normal 0.0805328 0.920804 0.381622
    outer loop
      vertex 0 -11.4526 3.45
      vertex -0.865546 -11.4243 3.56437
      vertex 0 -11.5 3.56437
    endloop
  endfacet
  facet normal 0.0805564 0.920719 0.381822
    outer loop
      vertex -1.98873 -11.2786 3.45
      vertex -0.865546 -11.4243 3.56437
      vertex 0 -11.4526 3.45
    endloop
  endfacet
  facet normal 0.080567 0.920746 0.381753
    outer loop
      vertex -0.865546 -11.4243 3.56437
      vertex -1.98873 -11.2786 3.45
      vertex -1.99695 -11.3253 3.56437
    endloop
  endfacet
  facet normal 0.239252 0.892879 -0.381478
    outer loop
      vertex -1.98873 -11.2786 4.55
      vertex -3.094 -11.0313 4.43563
      vertex -3.91703 -10.7619 4.55
    endloop
  endfacet
  facet normal 0.239254 0.892769 -0.381734
    outer loop
      vertex -1.98873 -11.2786 4.55
      vertex -1.99695 -11.3253 4.43563
      vertex -3.094 -11.0313 4.43563
    endloop
  endfacet
  facet normal 0.239122 0.892696 -0.381988
    outer loop
      vertex -3.094 -11.0313 4.43563
      vertex -3.93323 -10.8065 4.43563
      vertex -3.91703 -10.7619 4.55
    endloop
  endfacet
  facet normal 0.205648 0.767489 -0.607182
    outer loop
      vertex -1.98873 -11.2786 4.55
      vertex -3.85724 -10.5977 4.77782
      vertex -1.95837 -11.1065 4.77782
    endloop
  endfacet
  facet normal 0.205659 0.767509 -0.607152
    outer loop
      vertex -1.98873 -11.2786 4.55
      vertex -3.91703 -10.7619 4.55
      vertex -3.85724 -10.5977 4.77782
    endloop
  endfacet
  facet normal 0.157912 0.589361 -0.792286
    outer loop
      vertex -1.95837 -11.1065 4.77782
      vertex -3.77932 -10.3836 4.95263
      vertex -1.91881 -10.8821 4.95263
    endloop
  endfacet
  facet normal 0.157927 0.589393 -0.792259
    outer loop
      vertex -1.95837 -11.1065 4.77782
      vertex -3.85724 -10.5977 4.77782
      vertex -3.77932 -10.3836 4.95263
    endloop
  endfacet
  facet normal 0.0993984 0.370924 -0.923329
    outer loop
      vertex -1.91881 -10.8821 4.95263
      vertex -3.68858 -10.1343 5.06252
      vertex -1.87274 -10.6209 5.06252
    endloop
  endfacet
  facet normal 0.0993637 0.370847 -0.923363
    outer loop
      vertex -1.91881 -10.8821 4.95263
      vertex -3.77932 -10.3836 4.95263
      vertex -3.68858 -10.1343 5.06252
    endloop
  endfacet
  facet normal 0.0339071 0.126537 -0.991382
    outer loop
      vertex -1.87274 -10.6209 5.06252
      vertex -3.59121 -9.86677 5.1
      vertex -1.82331 -10.3405 5.1
    endloop
  endfacet
  facet normal 0.0339113 0.126547 -0.991381
    outer loop
      vertex -1.87274 -10.6209 5.06252
      vertex -3.68858 -10.1343 5.06252
      vertex -3.59121 -9.86677 5.1
    endloop
  endfacet
  facet normal -0.0339049 -0.126536 -0.991382
    outer loop
      vertex -1.82331 -10.3405 5.1
      vertex -3.49384 -9.59924 5.06252
      vertex -1.77387 -10.0601 5.06252
    endloop
  endfacet
  facet normal -0.0339098 -0.126547 -0.991381
    outer loop
      vertex -1.82331 -10.3405 5.1
      vertex -3.59121 -9.86677 5.1
      vertex -3.49384 -9.59924 5.06252
    endloop
  endfacet
  facet normal -0.0993716 -0.370856 -0.923359
    outer loop
      vertex -1.77387 -10.0601 5.06252
      vertex -3.4031 -9.34994 4.95263
      vertex -1.7278 -9.79884 4.95263
    endloop
  endfacet
  facet normal -0.0993668 -0.370846 -0.923363
    outer loop
      vertex -1.77387 -10.0601 5.06252
      vertex -3.49384 -9.59924 5.06252
      vertex -3.4031 -9.34994 4.95263
    endloop
  endfacet
  facet normal -0.157936 -0.589422 -0.792236
    outer loop
      vertex -1.7278 -9.79884 4.95263
      vertex -3.32518 -9.13586 4.77782
      vertex -1.68824 -9.57448 4.77782
    endloop
  endfacet
  facet normal -0.157937 -0.589424 -0.792234
    outer loop
      vertex -1.7278 -9.79884 4.95263
      vertex -3.4031 -9.34994 4.95263
      vertex -3.32518 -9.13586 4.77782
    endloop
  endfacet
  facet normal -0.205631 -0.767409 -0.607288
    outer loop
      vertex -1.68824 -9.57448 4.77782
      vertex -3.26539 -8.97159 4.55
      vertex -1.65788 -9.40233 4.55
    endloop
  endfacet
  facet normal -0.205626 -0.767401 -0.607301
    outer loop
      vertex -1.68824 -9.57448 4.77782
      vertex -3.32518 -9.13586 4.77782
      vertex -3.26539 -8.97159 4.55
    endloop
  endfacet
  facet normal -0.239246 -0.892887 -0.381463
    outer loop
      vertex -1.65788 -9.40233 4.55
      vertex -3.22781 -8.86833 4.2847
      vertex -1.6388 -9.2941 4.2847
    endloop
  endfacet
  facet normal -0.239257 -0.8929 -0.381425
    outer loop
      vertex -1.65788 -9.40233 4.55
      vertex -3.26539 -8.97159 4.55
      vertex -3.22781 -8.86833 4.2847
    endloop
  endfacet
  facet normal -0.25662 -0.957725 -0.130032
    outer loop
      vertex -1.6388 -9.2941 4.2847
      vertex -3.21499 -8.83311 4
      vertex -1.63229 -9.25719 4
    endloop
  endfacet
  facet normal -0.256619 -0.957725 -0.130035
    outer loop
      vertex -1.6388 -9.2941 4.2847
      vertex -3.22781 -8.86833 4.2847
      vertex -3.21499 -8.83311 4
    endloop
  endfacet
  facet normal -0.256619 -0.957725 0.130032
    outer loop
      vertex -1.63229 -9.25719 4
      vertex -3.22781 -8.86833 3.7153
      vertex -1.6388 -9.2941 3.7153
    endloop
  endfacet
  facet normal -0.25662 -0.957725 0.130035
    outer loop
      vertex -3.21499 -8.83311 4
      vertex -3.22781 -8.86833 3.7153
      vertex -1.63229 -9.25719 4
    endloop
  endfacet
  facet normal -0.239253 -0.892886 0.381462
    outer loop
      vertex -1.6388 -9.2941 3.7153
      vertex -3.26539 -8.97159 3.45
      vertex -1.65788 -9.40233 3.45
    endloop
  endfacet
  facet normal -0.23925 -0.892902 0.381425
    outer loop
      vertex -3.22781 -8.86833 3.7153
      vertex -3.26539 -8.97159 3.45
      vertex -1.6388 -9.2941 3.7153
    endloop
  endfacet
  facet normal -0.205628 -0.76741 0.607288
    outer loop
      vertex -1.65788 -9.40233 3.45
      vertex -3.32518 -9.13586 3.22218
      vertex -1.68824 -9.57448 3.22218
    endloop
  endfacet
  facet normal -0.205628 -0.7674 0.607301
    outer loop
      vertex -3.26539 -8.97159 3.45
      vertex -3.32518 -9.13586 3.22218
      vertex -1.65788 -9.40233 3.45
    endloop
  endfacet
  facet normal -0.157937 -0.589422 0.792236
    outer loop
      vertex -1.68824 -9.57448 3.22218
      vertex -3.4031 -9.34994 3.04737
      vertex -1.7278 -9.79884 3.04737
    endloop
  endfacet
  facet normal -0.157937 -0.589424 0.792234
    outer loop
      vertex -3.32518 -9.13586 3.22218
      vertex -3.4031 -9.34994 3.04737
      vertex -1.68824 -9.57448 3.22218
    endloop
  endfacet
  facet normal -0.0993697 -0.370856 0.923359
    outer loop
      vertex -1.7278 -9.79884 3.04737
      vertex -3.49384 -9.59924 2.93748
      vertex -1.77387 -10.0601 2.93748
    endloop
  endfacet
  facet normal -0.0993687 -0.370845 0.923363
    outer loop
      vertex -3.4031 -9.34994 3.04737
      vertex -3.49384 -9.59924 2.93748
      vertex -1.7278 -9.79884 3.04737
    endloop
  endfacet
  facet normal -0.0339068 -0.126536 0.991382
    outer loop
      vertex -1.77387 -10.0601 2.93748
      vertex -3.59121 -9.86677 2.9
      vertex -1.82331 -10.3405 2.9
    endloop
  endfacet
  facet normal -0.033908 -0.126548 0.991381
    outer loop
      vertex -3.49384 -9.59924 2.93748
      vertex -3.59121 -9.86677 2.9
      vertex -1.77387 -10.0601 2.93748
    endloop
  endfacet
  facet normal 0.0339087 0.126537 0.991382
    outer loop
      vertex -1.82331 -10.3405 2.9
      vertex -3.68858 -10.1343 2.93748
      vertex -1.87274 -10.6209 2.93748
    endloop
  endfacet
  facet normal 0.0339098 0.126547 0.991381
    outer loop
      vertex -3.59121 -9.86677 2.9
      vertex -3.68858 -10.1343 2.93748
      vertex -1.82331 -10.3405 2.9
    endloop
  endfacet
  facet normal 0.099385 0.370926 0.923329
    outer loop
      vertex -1.87274 -10.6209 2.93748
      vertex -3.77932 -10.3836 3.04737
      vertex -1.91881 -10.8821 3.04737
    endloop
  endfacet
  facet normal 0.0993765 0.370842 0.923364
    outer loop
      vertex -3.68858 -10.1343 2.93748
      vertex -3.77932 -10.3836 3.04737
      vertex -1.87274 -10.6209 2.93748
    endloop
  endfacet
  facet normal 0.157918 0.58936 0.792286
    outer loop
      vertex -1.91881 -10.8821 3.04737
      vertex -3.85724 -10.5977 3.22218
      vertex -1.95837 -11.1065 3.22218
    endloop
  endfacet
  facet normal 0.157921 0.589395 0.792259
    outer loop
      vertex -3.77932 -10.3836 3.04737
      vertex -3.85724 -10.5977 3.22218
      vertex -1.91881 -10.8821 3.04737
    endloop
  endfacet
  facet normal 0.205653 0.767487 0.607182
    outer loop
      vertex -1.95837 -11.1065 3.22218
      vertex -3.91703 -10.7619 3.45
      vertex -1.98873 -11.2786 3.45
    endloop
  endfacet
  facet normal 0.205654 0.767511 0.607152
    outer loop
      vertex -3.85724 -10.5977 3.22218
      vertex -3.91703 -10.7619 3.45
      vertex -1.95837 -11.1065 3.22218
    endloop
  endfacet
  facet normal 0.239245 0.892771 0.381735
    outer loop
      vertex -1.99695 -11.3253 3.56437
      vertex -1.98873 -11.2786 3.45
      vertex -2.83619 -11.1004 3.56437
    endloop
  endfacet
  facet normal 0.23924 0.892831 0.381599
    outer loop
      vertex -3.91703 -10.7619 3.45
      vertex -2.83619 -11.1004 3.56437
      vertex -1.98873 -11.2786 3.45
    endloop
  endfacet
  facet normal 0.239153 0.892687 0.381989
    outer loop
      vertex -2.83619 -11.1004 3.56437
      vertex -3.91703 -10.7619 3.45
      vertex -3.93323 -10.8065 3.56437
    endloop
  endfacet
  facet normal 0.390587 0.837588 -0.381953
    outer loop
      vertex -4.96256 -10.3265 4.43563
      vertex -3.91703 -10.7619 4.55
      vertex -3.93323 -10.8065 4.43563
    endloop
  endfacet
  facet normal 0.390605 0.837706 -0.381675
    outer loop
      vertex -3.91703 -10.7619 4.55
      vertex -4.96256 -10.3265 4.43563
      vertex -5.72631 -9.91827 4.55
    endloop
  endfacet
  facet normal 0.390689 0.837789 -0.381407
    outer loop
      vertex -4.96256 -10.3265 4.43563
      vertex -5.75 -9.95929 4.43563
      vertex -5.72631 -9.91827 4.55
    endloop
  endfacet
  facet normal 0.335808 0.720131 -0.607161
    outer loop
      vertex -3.91703 -10.7619 4.55
      vertex -5.63891 -9.76688 4.77782
      vertex -3.85724 -10.5977 4.77782
    endloop
  endfacet
  facet normal 0.335745 0.720052 -0.60729
    outer loop
      vertex -3.91703 -10.7619 4.55
      vertex -5.72631 -9.91827 4.55
      vertex -5.63891 -9.76688 4.77782
    endloop
  endfacet
  facet normal 0.257875 0.553017 -0.792258
    outer loop
      vertex -3.85724 -10.5977 4.77782
      vertex -5.525 -9.56958 4.95263
      vertex -3.77932 -10.3836 4.95263
    endloop
  endfacet
  facet normal 0.257891 0.553039 -0.792237
    outer loop
      vertex -3.85724 -10.5977 4.77782
      vertex -5.63891 -9.76688 4.77782
      vertex -5.525 -9.56958 4.95263
    endloop
  endfacet
  facet normal 0.162254 0.347956 -0.923363
    outer loop
      vertex -3.77932 -10.3836 4.95263
      vertex -5.39235 -9.33982 5.06252
      vertex -3.68858 -10.1343 5.06252
    endloop
  endfacet
  facet normal 0.162253 0.347953 -0.923365
    outer loop
      vertex -3.77932 -10.3836 4.95263
      vertex -5.525 -9.56958 4.95263
      vertex -5.39235 -9.33982 5.06252
    endloop
  endfacet
  facet normal 0.0553677 0.118737 -0.991381
    outer loop
      vertex -3.68858 -10.1343 5.06252
      vertex -5.25 -9.09327 5.1
      vertex -3.59121 -9.86677 5.1
    endloop
  endfacet
  facet normal 0.055369 0.118739 -0.99138
    outer loop
      vertex -3.68858 -10.1343 5.06252
      vertex -5.39235 -9.33982 5.06252
      vertex -5.25 -9.09327 5.1
    endloop
  endfacet
  facet normal -0.0553679 -0.118737 -0.991381
    outer loop
      vertex -3.59121 -9.86677 5.1
      vertex -5.10765 -8.84671 5.06252
      vertex -3.49384 -9.59924 5.06252
    endloop
  endfacet
  facet normal -0.0553669 -0.118736 -0.991381
    outer loop
      vertex -3.59121 -9.86677 5.1
      vertex -5.25 -9.09327 5.1
      vertex -5.10765 -8.84671 5.06252
    endloop
  endfacet
  facet normal -0.162255 -0.347956 -0.923363
    outer loop
      vertex -3.49384 -9.59924 5.06252
      vertex -4.975 -8.61695 4.95263
      vertex -3.4031 -9.34994 4.95263
    endloop
  endfacet
  facet normal -0.162253 -0.347953 -0.923365
    outer loop
      vertex -3.49384 -9.59924 5.06252
      vertex -5.10765 -8.84671 5.06252
      vertex -4.975 -8.61695 4.95263
    endloop
  endfacet
  facet normal -0.257887 -0.553045 -0.792234
    outer loop
      vertex -3.4031 -9.34994 4.95263
      vertex -4.86109 -8.41966 4.77782
      vertex -3.32518 -9.13586 4.77782
    endloop
  endfacet
  facet normal -0.257894 -0.553055 -0.792225
    outer loop
      vertex -3.4031 -9.34994 4.95263
      vertex -4.975 -8.61695 4.95263
      vertex -4.86109 -8.41966 4.77782
    endloop
  endfacet
  facet normal -0.335754 -0.720038 -0.607301
    outer loop
      vertex -3.32518 -9.13586 4.77782
      vertex -4.77369 -8.26827 4.55
      vertex -3.26539 -8.97159 4.55
    endloop
  endfacet
  facet normal -0.335759 -0.720045 -0.60729
    outer loop
      vertex -3.32518 -9.13586 4.77782
      vertex -4.86109 -8.41966 4.77782
      vertex -4.77369 -8.26827 4.55
    endloop
  endfacet
  facet normal -0.390668 -0.837792 -0.381424
    outer loop
      vertex -3.26539 -8.97159 4.55
      vertex -4.71874 -8.1731 4.2847
      vertex -3.22781 -8.86833 4.2847
    endloop
  endfacet
  facet normal -0.390659 -0.837784 -0.38145
    outer loop
      vertex -3.26539 -8.97159 4.55
      vertex -4.77369 -8.26827 4.55
      vertex -4.71874 -8.1731 4.2847
    endloop
  endfacet
  facet normal -0.419029 -0.898613 -0.130035
    outer loop
      vertex -3.22781 -8.86833 4.2847
      vertex -4.7 -8.14064 4
      vertex -3.21499 -8.83311 4
    endloop
  endfacet
  facet normal -0.419029 -0.898613 -0.130037
    outer loop
      vertex -3.22781 -8.86833 4.2847
      vertex -4.71874 -8.1731 4.2847
      vertex -4.7 -8.14064 4
    endloop
  endfacet
  facet normal -0.419029 -0.898613 0.130035
    outer loop
      vertex -3.21499 -8.83311 4
      vertex -4.71874 -8.1731 3.7153
      vertex -3.22781 -8.86833 3.7153
    endloop
  endfacet
  facet normal -0.419029 -0.898613 0.130037
    outer loop
      vertex -4.7 -8.14064 4
      vertex -4.71874 -8.1731 3.7153
      vertex -3.21499 -8.83311 4
    endloop
  endfacet
  facet normal -0.390663 -0.837794 0.381424
    outer loop
      vertex -3.22781 -8.86833 3.7153
      vertex -4.77369 -8.26827 3.45
      vertex -3.26539 -8.97159 3.45
    endloop
  endfacet
  facet normal -0.390663 -0.837782 0.38145
    outer loop
      vertex -4.71874 -8.1731 3.7153
      vertex -4.77369 -8.26827 3.45
      vertex -3.22781 -8.86833 3.7153
    endloop
  endfacet
  facet normal -0.335756 -0.720037 0.607301
    outer loop
      vertex -3.26539 -8.97159 3.45
      vertex -4.86109 -8.41966 3.22218
      vertex -3.32518 -9.13586 3.22218
    endloop
  endfacet
  facet normal -0.335757 -0.720046 0.60729
    outer loop
      vertex -4.77369 -8.26827 3.45
      vertex -4.86109 -8.41966 3.22218
      vertex -3.26539 -8.97159 3.45
    endloop
  endfacet
  facet normal -0.257889 -0.553044 0.792234
    outer loop
      vertex -3.32518 -9.13586 3.22218
      vertex -4.975 -8.61695 3.04737
      vertex -3.4031 -9.34994 3.04737
    endloop
  endfacet
  facet normal -0.257892 -0.553056 0.792225
    outer loop
      vertex -4.86109 -8.41966 3.22218
      vertex -4.975 -8.61695 3.04737
      vertex -3.32518 -9.13586 3.22218
    endloop
  endfacet
  facet normal -0.162254 -0.347956 0.923363
    outer loop
      vertex -3.4031 -9.34994 3.04737
      vertex -5.10765 -8.84671 2.93748
      vertex -3.49384 -9.59924 2.93748
    endloop
  endfacet
  facet normal -0.162253 -0.347953 0.923365
    outer loop
      vertex -4.975 -8.61695 3.04737
      vertex -5.10765 -8.84671 2.93748
      vertex -3.4031 -9.34994 3.04737
    endloop
  endfacet
  facet normal -0.0553677 -0.118737 0.991381
    outer loop
      vertex -3.49384 -9.59924 2.93748
      vertex -5.25 -9.09327 2.9
      vertex -3.59121 -9.86677 2.9
    endloop
  endfacet
  facet normal -0.0553672 -0.118736 0.991381
    outer loop
      vertex -5.10765 -8.84671 2.93748
      vertex -5.25 -9.09327 2.9
      vertex -3.49384 -9.59924 2.93748
    endloop
  endfacet
  facet normal 0.055368 0.118737 0.991381
    outer loop
      vertex -3.59121 -9.86677 2.9
      vertex -5.39235 -9.33982 2.93748
      vertex -3.68858 -10.1343 2.93748
    endloop
  endfacet
  facet normal 0.0553687 0.118739 0.99138
    outer loop
      vertex -5.25 -9.09327 2.9
      vertex -5.39235 -9.33982 2.93748
      vertex -3.59121 -9.86677 2.9
    endloop
  endfacet
  facet normal 0.162254 0.347956 0.923363
    outer loop
      vertex -3.68858 -10.1343 2.93748
      vertex -5.525 -9.56958 3.04737
      vertex -3.77932 -10.3836 3.04737
    endloop
  endfacet
  facet normal 0.162253 0.347953 0.923365
    outer loop
      vertex -5.39235 -9.33982 2.93748
      vertex -5.525 -9.56958 3.04737
      vertex -3.68858 -10.1343 2.93748
    endloop
  endfacet
  facet normal 0.25788 0.553015 0.792258
    outer loop
      vertex -3.77932 -10.3836 3.04737
      vertex -5.63891 -9.76688 3.22218
      vertex -3.85724 -10.5977 3.22218
    endloop
  endfacet
  facet normal 0.257886 0.553042 0.792237
    outer loop
      vertex -5.525 -9.56958 3.04737
      vertex -5.63891 -9.76688 3.22218
      vertex -3.77932 -10.3836 3.04737
    endloop
  endfacet
  facet normal 0.335786 0.72014 0.607162
    outer loop
      vertex -3.85724 -10.5977 3.22218
      vertex -5.72631 -9.91827 3.45
      vertex -3.91703 -10.7619 3.45
    endloop
  endfacet
  facet normal 0.335766 0.720041 0.607291
    outer loop
      vertex -5.63891 -9.76688 3.22218
      vertex -5.72631 -9.91827 3.45
      vertex -3.85724 -10.5977 3.22218
    endloop
  endfacet
  facet normal 0.39059 0.837587 0.381953
    outer loop
      vertex -3.91703 -10.7619 3.45
      vertex -4.72066 -10.4393 3.56437
      vertex -3.93323 -10.8065 3.56437
    endloop
  endfacet
  facet normal 0.390598 0.83769 0.381719
    outer loop
      vertex -5.72631 -9.91827 3.45
      vertex -4.72066 -10.4393 3.56437
      vertex -3.91703 -10.7619 3.45
    endloop
  endfacet
  facet normal 0.390685 0.837791 0.381407
    outer loop
      vertex -4.72066 -10.4393 3.56437
      vertex -5.72631 -9.91827 3.45
      vertex -5.75 -9.95929 3.56437
    endloop
  endfacet
  facet normal 0.530205 0.757211 -0.381462
    outer loop
      vertex -5.72631 -9.91827 4.55
      vertex -6.68035 -9.30786 4.43563
      vertex -7.36161 -8.77322 4.55
    endloop
  endfacet
  facet normal 0.530212 0.757231 -0.381414
    outer loop
      vertex -5.72631 -9.91827 4.55
      vertex -5.75 -9.95929 4.43563
      vertex -6.68035 -9.30786 4.43563
    endloop
  endfacet
  facet normal 0.530216 0.757219 -0.381433
    outer loop
      vertex -6.68035 -9.30786 4.43563
      vertex -7.39206 -8.80951 4.43563
      vertex -7.36161 -8.77322 4.55
    endloop
  endfacet
  facet normal 0.455697 0.6508 -0.607289
    outer loop
      vertex -5.72631 -9.91827 4.55
      vertex -7.24924 -8.63931 4.77782
      vertex -5.63891 -9.76688 4.77782
    endloop
  endfacet
  facet normal 0.455693 0.650796 -0.607296
    outer loop
      vertex -5.72631 -9.91827 4.55
      vertex -7.36161 -8.77322 4.55
      vertex -7.24924 -8.63931 4.77782
    endloop
  endfacet
  facet normal 0.350005 0.499857 -0.792237
    outer loop
      vertex -5.63891 -9.76688 4.77782
      vertex -7.1028 -8.46479 4.95263
      vertex -5.525 -9.56958 4.95263
    endloop
  endfacet
  facet normal 0.350007 0.49986 -0.792235
    outer loop
      vertex -5.63891 -9.76688 4.77782
      vertex -7.24924 -8.63931 4.77782
      vertex -7.1028 -8.46479 4.95263
    endloop
  endfacet
  facet normal 0.220209 0.314492 -0.923365
    outer loop
      vertex -5.525 -9.56958 4.95263
      vertex -6.93227 -8.26156 5.06252
      vertex -5.39235 -9.33982 5.06252
    endloop
  endfacet
  facet normal 0.220214 0.314497 -0.923362
    outer loop
      vertex -5.525 -9.56958 4.95263
      vertex -7.1028 -8.46479 4.95263
      vertex -6.93227 -8.26156 5.06252
    endloop
  endfacet
  facet normal 0.0751465 0.10732 -0.991381
    outer loop
      vertex -5.39235 -9.33982 5.06252
      vertex -6.74927 -8.04347 5.1
      vertex -5.25 -9.09327 5.1
    endloop
  endfacet
  facet normal 0.0751456 0.107319 -0.991381
    outer loop
      vertex -5.39235 -9.33982 5.06252
      vertex -6.93227 -8.26156 5.06252
      vertex -6.74927 -8.04347 5.1
    endloop
  endfacet
  facet normal -0.0751446 -0.107317 -0.991381
    outer loop
      vertex -5.25 -9.09327 5.1
      vertex -6.56627 -7.82537 5.06252
      vertex -5.10765 -8.84671 5.06252
    endloop
  endfacet
  facet normal -0.0751437 -0.107316 -0.991381
    outer loop
      vertex -5.25 -9.09327 5.1
      vertex -6.74927 -8.04347 5.1
      vertex -6.56627 -7.82537 5.06252
    endloop
  endfacet
  facet normal -0.220209 -0.314492 -0.923365
    outer loop
      vertex -5.10765 -8.84671 5.06252
      vertex -6.39574 -7.62214 4.95263
      vertex -4.975 -8.61695 4.95263
    endloop
  endfacet
  facet normal -0.220214 -0.314497 -0.923362
    outer loop
      vertex -5.10765 -8.84671 5.06252
      vertex -6.56627 -7.82537 5.06252
      vertex -6.39574 -7.62214 4.95263
    endloop
  endfacet
  facet normal -0.350013 -0.499868 -0.792226
    outer loop
      vertex -4.975 -8.61695 4.95263
      vertex -6.2493 -7.44762 4.77782
      vertex -4.86109 -8.41966 4.77782
    endloop
  endfacet
  facet normal -0.350005 -0.499861 -0.792234
    outer loop
      vertex -4.975 -8.61695 4.95263
      vertex -6.39574 -7.62214 4.95263
      vertex -6.2493 -7.44762 4.77782
    endloop
  endfacet
  facet normal -0.455699 -0.650799 -0.607289
    outer loop
      vertex -4.86109 -8.41966 4.77782
      vertex -6.13693 -7.31371 4.55
      vertex -4.77369 -8.26827 4.55
    endloop
  endfacet
  facet normal -0.455694 -0.650795 -0.607296
    outer loop
      vertex -4.86109 -8.41966 4.77782
      vertex -6.2493 -7.44762 4.77782
      vertex -6.13693 -7.31371 4.55
    endloop
  endfacet
  facet normal -0.530207 -0.757215 -0.381451
    outer loop
      vertex -4.77369 -8.26827 4.55
      vertex -6.0663 -7.22953 4.2847
      vertex -4.71874 -8.1731 4.2847
    endloop
  endfacet
  facet normal -0.530217 -0.757221 -0.381425
    outer loop
      vertex -4.77369 -8.26827 4.55
      vertex -6.13693 -7.31371 4.55
      vertex -6.0663 -7.22953 4.2847
    endloop
  endfacet
  facet normal -0.568707 -0.812196 -0.130037
    outer loop
      vertex -4.71874 -8.1731 4.2847
      vertex -6.0422 -7.20082 4
      vertex -4.7 -8.14064 4
    endloop
  endfacet
  facet normal -0.568705 -0.812196 -0.130045
    outer loop
      vertex -4.71874 -8.1731 4.2847
      vertex -6.0663 -7.22953 4.2847
      vertex -6.0422 -7.20082 4
    endloop
  endfacet
  facet normal -0.568706 -0.812197 0.130037
    outer loop
      vertex -4.7 -8.14064 4
      vertex -6.0663 -7.22953 3.7153
      vertex -4.71874 -8.1731 3.7153
    endloop
  endfacet
  facet normal -0.568706 -0.812195 0.130045
    outer loop
      vertex -6.0422 -7.20082 4
      vertex -6.0663 -7.22953 3.7153
      vertex -4.7 -8.14064 4
    endloop
  endfacet
  facet normal -0.530211 -0.757213 0.381451
    outer loop
      vertex -4.71874 -8.1731 3.7153
      vertex -6.13693 -7.31371 3.45
      vertex -4.77369 -8.26827 3.45
    endloop
  endfacet
  facet normal -0.530213 -0.757224 0.381425
    outer loop
      vertex -6.0663 -7.22953 3.7153
      vertex -6.13693 -7.31371 3.45
      vertex -4.71874 -8.1731 3.7153
    endloop
  endfacet
  facet normal -0.455697 -0.6508 0.607289
    outer loop
      vertex -4.77369 -8.26827 3.45
      vertex -6.2493 -7.44762 3.22218
      vertex -4.86109 -8.41966 3.22218
    endloop
  endfacet
  facet normal -0.455695 -0.650794 0.607297
    outer loop
      vertex -6.13693 -7.31371 3.45
      vertex -6.2493 -7.44762 3.22218
      vertex -4.77369 -8.26827 3.45
    endloop
  endfacet
  facet normal -0.350011 -0.49987 0.792226
    outer loop
      vertex -4.86109 -8.41966 3.22218
      vertex -6.39574 -7.62214 3.04737
      vertex -4.975 -8.61695 3.04737
    endloop
  endfacet
  facet normal -0.350007 -0.499859 0.792235
    outer loop
      vertex -6.2493 -7.44762 3.22218
      vertex -6.39574 -7.62214 3.04737
      vertex -4.86109 -8.41966 3.22218
    endloop
  endfacet
  facet normal -0.22021 -0.314492 0.923365
    outer loop
      vertex -4.975 -8.61695 3.04737
      vertex -6.56627 -7.82537 2.93748
      vertex -5.10765 -8.84671 2.93748
    endloop
  endfacet
  facet normal -0.220213 -0.314498 0.923362
    outer loop
      vertex -6.39574 -7.62214 3.04737
      vertex -6.56627 -7.82537 2.93748
      vertex -4.975 -8.61695 3.04737
    endloop
  endfacet
  facet normal -0.0751444 -0.107317 0.991381
    outer loop
      vertex -5.10765 -8.84671 2.93748
      vertex -6.74927 -8.04347 2.9
      vertex -5.25 -9.09327 2.9
    endloop
  endfacet
  facet normal -0.0751438 -0.107316 0.991381
    outer loop
      vertex -6.56627 -7.82537 2.93748
      vertex -6.74927 -8.04347 2.9
      vertex -5.10765 -8.84671 2.93748
    endloop
  endfacet
  facet normal 0.0751463 0.10732 0.991381
    outer loop
      vertex -5.25 -9.09327 2.9
      vertex -6.93227 -8.26156 2.93748
      vertex -5.39235 -9.33982 2.93748
    endloop
  endfacet
  facet normal 0.0751458 0.107319 0.991381
    outer loop
      vertex -6.74927 -8.04347 2.9
      vertex -6.93227 -8.26156 2.93748
      vertex -5.25 -9.09327 2.9
    endloop
  endfacet
  facet normal 0.22021 0.314492 0.923365
    outer loop
      vertex -5.39235 -9.33982 2.93748
      vertex -7.1028 -8.46479 3.04737
      vertex -5.525 -9.56958 3.04737
    endloop
  endfacet
  facet normal 0.220213 0.314498 0.923362
    outer loop
      vertex -6.93227 -8.26156 2.93748
      vertex -7.1028 -8.46479 3.04737
      vertex -5.39235 -9.33982 2.93748
    endloop
  endfacet
  facet normal 0.350005 0.499857 0.792237
    outer loop
      vertex -5.525 -9.56958 3.04737
      vertex -7.24924 -8.63931 3.22218
      vertex -5.63891 -9.76688 3.22218
    endloop
  endfacet
  facet normal 0.350007 0.49986 0.792234
    outer loop
      vertex -7.1028 -8.46479 3.04737
      vertex -7.24924 -8.63931 3.22218
      vertex -5.525 -9.56958 3.04737
    endloop
  endfacet
  facet normal 0.455696 0.650801 0.607289
    outer loop
      vertex -5.63891 -9.76688 3.22218
      vertex -7.36161 -8.77322 3.45
      vertex -5.72631 -9.91827 3.45
    endloop
  endfacet
  facet normal 0.455694 0.650795 0.607296
    outer loop
      vertex -7.24924 -8.63931 3.22218
      vertex -7.36161 -8.77322 3.45
      vertex -5.63891 -9.76688 3.22218
    endloop
  endfacet
  facet normal 0.530213 0.75723 0.381414
    outer loop
      vertex -5.75 -9.95929 3.56437
      vertex -5.72631 -9.91827 3.45
      vertex -6.46171 -9.46095 3.56437
    endloop
  endfacet
  facet normal 0.53021 0.757218 0.381442
    outer loop
      vertex -7.36161 -8.77322 3.45
      vertex -6.46171 -9.46095 3.56437
      vertex -5.72631 -9.91827 3.45
    endloop
  endfacet
  facet normal 0.530213 0.75722 0.381433
    outer loop
      vertex -6.46171 -9.46095 3.56437
      vertex -7.36161 -8.77322 3.45
      vertex -7.39206 -8.80951 3.56437
    endloop
  endfacet
  facet normal 0.653647 0.653647 -0.381432
    outer loop
      vertex -7.36161 -8.77322 4.55
      vertex -8.80951 -7.39206 4.43563
      vertex -8.77322 -7.36161 4.55
    endloop
  endfacet
  facet normal 0.653647 0.653647 -0.381432
    outer loop
      vertex -7.36161 -8.77322 4.55
      vertex -7.39206 -8.80951 4.43563
      vertex -8.80951 -7.39206 4.43563
    endloop
  endfacet
  facet normal 0.561778 0.561778 -0.607298
    outer loop
      vertex -7.36161 -8.77322 4.55
      vertex -8.63931 -7.24924 4.77782
      vertex -7.24924 -8.63931 4.77782
    endloop
  endfacet
  facet normal 0.561778 0.561778 -0.607298
    outer loop
      vertex -8.63931 -7.24924 4.77782
      vertex -7.36161 -8.77322 4.55
      vertex -8.77322 -7.36161 4.55
    endloop
  endfacet
  facet normal 0.431488 0.431488 -0.792235
    outer loop
      vertex -7.24924 -8.63931 4.77782
      vertex -8.46479 -7.1028 4.95263
      vertex -7.1028 -8.46479 4.95263
    endloop
  endfacet
  facet normal 0.431488 0.431488 -0.792235
    outer loop
      vertex -8.46479 -7.1028 4.95263
      vertex -7.24924 -8.63931 4.77782
      vertex -8.63931 -7.24924 4.77782
    endloop
  endfacet
  facet normal 0.27148 0.27148 -0.923362
    outer loop
      vertex -7.1028 -8.46479 4.95263
      vertex -8.26156 -6.93227 5.06252
      vertex -6.93227 -8.26156 5.06252
    endloop
  endfacet
  facet normal 0.27148 0.27148 -0.923362
    outer loop
      vertex -8.26156 -6.93227 5.06252
      vertex -7.1028 -8.46479 4.95263
      vertex -8.46479 -7.1028 4.95263
    endloop
  endfacet
  facet normal 0.0926399 0.0926399 -0.991381
    outer loop
      vertex -6.93227 -8.26156 5.06252
      vertex -8.04347 -6.74927 5.1
      vertex -6.74927 -8.04347 5.1
    endloop
  endfacet
  facet normal 0.0926399 0.0926399 -0.991381
    outer loop
      vertex -8.04347 -6.74927 5.1
      vertex -6.93227 -8.26156 5.06252
      vertex -8.26156 -6.93227 5.06252
    endloop
  endfacet
  facet normal -0.0926377 -0.0926377 -0.991381
    outer loop
      vertex -6.74927 -8.04347 5.1
      vertex -7.82537 -6.56627 5.06252
      vertex -6.56627 -7.82537 5.06252
    endloop
  endfacet
  facet normal -0.0926377 -0.0926377 -0.991381
    outer loop
      vertex -7.82537 -6.56627 5.06252
      vertex -6.74927 -8.04347 5.1
      vertex -8.04347 -6.74927 5.1
    endloop
  endfacet
  facet normal -0.27148 -0.27148 -0.923362
    outer loop
      vertex -6.56627 -7.82537 5.06252
      vertex -7.62214 -6.39574 4.95263
      vertex -6.39574 -7.62214 4.95263
    endloop
  endfacet
  facet normal -0.27148 -0.27148 -0.923362
    outer loop
      vertex -7.62214 -6.39574 4.95263
      vertex -6.56627 -7.82537 5.06252
      vertex -7.82537 -6.56627 5.06252
    endloop
  endfacet
  facet normal -0.431488 -0.431488 -0.792235
    outer loop
      vertex -6.39574 -7.62214 4.95263
      vertex -7.44762 -6.2493 4.77782
      vertex -6.2493 -7.44762 4.77782
    endloop
  endfacet
  facet normal -0.431488 -0.431488 -0.792235
    outer loop
      vertex -7.44762 -6.2493 4.77782
      vertex -6.39574 -7.62214 4.95263
      vertex -7.62214 -6.39574 4.95263
    endloop
  endfacet
  facet normal -0.561778 -0.561778 -0.607298
    outer loop
      vertex -6.2493 -7.44762 4.77782
      vertex -7.31371 -6.13693 4.55
      vertex -6.13693 -7.31371 4.55
    endloop
  endfacet
  facet normal -0.561778 -0.561778 -0.607298
    outer loop
      vertex -7.31371 -6.13693 4.55
      vertex -6.2493 -7.44762 4.77782
      vertex -7.44762 -6.2493 4.77782
    endloop
  endfacet
  facet normal -0.65365 -0.65365 -0.381423
    outer loop
      vertex -6.0663 -7.22953 4.2847
      vertex -7.31371 -6.13693 4.55
      vertex -7.22953 -6.0663 4.2847
    endloop
  endfacet
  facet normal -0.65365 -0.65365 -0.381423
    outer loop
      vertex -7.31371 -6.13693 4.55
      vertex -6.0663 -7.22953 4.2847
      vertex -6.13693 -7.31371 4.55
    endloop
  endfacet
  facet normal -0.701102 -0.701102 -0.13005
    outer loop
      vertex -7.20082 -6.0422 4
      vertex -6.0663 -7.22953 4.2847
      vertex -7.22953 -6.0663 4.2847
    endloop
  endfacet
  facet normal -0.701102 -0.701102 -0.13005
    outer loop
      vertex -6.0663 -7.22953 4.2847
      vertex -7.20082 -6.0422 4
      vertex -6.0422 -7.20082 4
    endloop
  endfacet
  facet normal -0.701102 -0.701102 0.13005
    outer loop
      vertex -7.22953 -6.0663 3.7153
      vertex -6.0422 -7.20082 4
      vertex -7.20082 -6.0422 4
    endloop
  endfacet
  facet normal -0.701102 -0.701102 0.13005
    outer loop
      vertex -6.0422 -7.20082 4
      vertex -7.22953 -6.0663 3.7153
      vertex -6.0663 -7.22953 3.7153
    endloop
  endfacet
  facet normal -0.65365 -0.65365 0.381423
    outer loop
      vertex -7.31371 -6.13693 3.45
      vertex -6.0663 -7.22953 3.7153
      vertex -7.22953 -6.0663 3.7153
    endloop
  endfacet
  facet normal -0.65365 -0.65365 0.381423
    outer loop
      vertex -6.0663 -7.22953 3.7153
      vertex -7.31371 -6.13693 3.45
      vertex -6.13693 -7.31371 3.45
    endloop
  endfacet
  facet normal -0.561778 -0.561778 0.607298
    outer loop
      vertex -7.31371 -6.13693 3.45
      vertex -6.2493 -7.44762 3.22218
      vertex -6.13693 -7.31371 3.45
    endloop
  endfacet
  facet normal -0.561778 -0.561778 0.607298
    outer loop
      vertex -6.2493 -7.44762 3.22218
      vertex -7.31371 -6.13693 3.45
      vertex -7.44762 -6.2493 3.22218
    endloop
  endfacet
  facet normal -0.431488 -0.431488 0.792235
    outer loop
      vertex -7.44762 -6.2493 3.22218
      vertex -6.39574 -7.62214 3.04737
      vertex -6.2493 -7.44762 3.22218
    endloop
  endfacet
  facet normal -0.431488 -0.431488 0.792235
    outer loop
      vertex -6.39574 -7.62214 3.04737
      vertex -7.44762 -6.2493 3.22218
      vertex -7.62214 -6.39574 3.04737
    endloop
  endfacet
  facet normal -0.27148 -0.27148 0.923362
    outer loop
      vertex -7.62214 -6.39574 3.04737
      vertex -6.56627 -7.82537 2.93748
      vertex -6.39574 -7.62214 3.04737
    endloop
  endfacet
  facet normal -0.27148 -0.27148 0.923362
    outer loop
      vertex -6.56627 -7.82537 2.93748
      vertex -7.62214 -6.39574 3.04737
      vertex -7.82537 -6.56627 2.93748
    endloop
  endfacet
  facet normal -0.0926377 -0.0926377 0.991381
    outer loop
      vertex -7.82537 -6.56627 2.93748
      vertex -6.74927 -8.04347 2.9
      vertex -6.56627 -7.82537 2.93748
    endloop
  endfacet
  facet normal -0.0926377 -0.0926377 0.991381
    outer loop
      vertex -6.74927 -8.04347 2.9
      vertex -7.82537 -6.56627 2.93748
      vertex -8.04347 -6.74927 2.9
    endloop
  endfacet
  facet normal 0.0926399 0.0926399 0.991381
    outer loop
      vertex -8.04347 -6.74927 2.9
      vertex -6.93227 -8.26156 2.93748
      vertex -6.74927 -8.04347 2.9
    endloop
  endfacet
  facet normal 0.0926399 0.0926399 0.991381
    outer loop
      vertex -6.93227 -8.26156 2.93748
      vertex -8.04347 -6.74927 2.9
      vertex -8.26156 -6.93227 2.93748
    endloop
  endfacet
  facet normal 0.27148 0.27148 0.923362
    outer loop
      vertex -8.26156 -6.93227 2.93748
      vertex -7.1028 -8.46479 3.04737
      vertex -6.93227 -8.26156 2.93748
    endloop
  endfacet
  facet normal 0.27148 0.27148 0.923362
    outer loop
      vertex -7.1028 -8.46479 3.04737
      vertex -8.26156 -6.93227 2.93748
      vertex -8.46479 -7.1028 3.04737
    endloop
  endfacet
  facet normal 0.431488 0.431488 0.792235
    outer loop
      vertex -8.46479 -7.1028 3.04737
      vertex -7.24924 -8.63931 3.22218
      vertex -7.1028 -8.46479 3.04737
    endloop
  endfacet
  facet normal 0.431488 0.431488 0.792235
    outer loop
      vertex -7.24924 -8.63931 3.22218
      vertex -8.46479 -7.1028 3.04737
      vertex -8.63931 -7.24924 3.22218
    endloop
  endfacet
  facet normal 0.561778 0.561778 0.607298
    outer loop
      vertex -8.63931 -7.24924 3.22218
      vertex -7.36161 -8.77322 3.45
      vertex -7.24924 -8.63931 3.22218
    endloop
  endfacet
  facet normal 0.561778 0.561778 0.607298
    outer loop
      vertex -7.36161 -8.77322 3.45
      vertex -8.63931 -7.24924 3.22218
      vertex -8.77322 -7.36161 3.45
    endloop
  endfacet
  facet normal 0.653647 0.653647 0.381432
    outer loop
      vertex -8.80951 -7.39206 3.56437
      vertex -7.36161 -8.77322 3.45
      vertex -8.77322 -7.36161 3.45
    endloop
  endfacet
  facet normal 0.653647 0.653647 0.381432
    outer loop
      vertex -7.39206 -8.80951 3.56437
      vertex -7.36161 -8.77322 3.45
      vertex -8.80951 -7.39206 3.56437
    endloop
  endfacet
  facet normal 0.757218 0.53021 -0.381442
    outer loop
      vertex -8.77322 -7.36161 4.55
      vertex -9.46095 -6.46171 4.43563
      vertex -9.91827 -5.72631 4.55
    endloop
  endfacet
  facet normal 0.75722 0.530213 -0.381433
    outer loop
      vertex -9.46095 -6.46171 4.43563
      vertex -8.77322 -7.36161 4.55
      vertex -8.80951 -7.39206 4.43563
    endloop
  endfacet
  facet normal 0.75723 0.530213 -0.381414
    outer loop
      vertex -9.95929 -5.75 4.43563
      vertex -9.91827 -5.72631 4.55
      vertex -9.46095 -6.46171 4.43563
    endloop
  endfacet
  facet normal 0.650795 0.455694 -0.607296
    outer loop
      vertex -8.77322 -7.36161 4.55
      vertex -9.76688 -5.63891 4.77782
      vertex -8.63931 -7.24924 4.77782
    endloop
  endfacet
  facet normal 0.650801 0.455696 -0.607289
    outer loop
      vertex -8.77322 -7.36161 4.55
      vertex -9.91827 -5.72631 4.55
      vertex -9.76688 -5.63891 4.77782
    endloop
  endfacet
  facet normal 0.49986 0.350007 -0.792234
    outer loop
      vertex -8.63931 -7.24924 4.77782
      vertex -9.56958 -5.525 4.95263
      vertex -8.46479 -7.1028 4.95263
    endloop
  endfacet
  facet normal 0.499857 0.350005 -0.792237
    outer loop
      vertex -8.63931 -7.24924 4.77782
      vertex -9.76688 -5.63891 4.77782
      vertex -9.56958 -5.525 4.95263
    endloop
  endfacet
  facet normal 0.314498 0.220213 -0.923362
    outer loop
      vertex -8.46479 -7.1028 4.95263
      vertex -9.33982 -5.39235 5.06252
      vertex -8.26156 -6.93227 5.06252
    endloop
  endfacet
  facet normal 0.314492 0.22021 -0.923365
    outer loop
      vertex -8.46479 -7.1028 4.95263
      vertex -9.56958 -5.525 4.95263
      vertex -9.33982 -5.39235 5.06252
    endloop
  endfacet
  facet normal 0.107319 0.0751458 -0.991381
    outer loop
      vertex -8.26156 -6.93227 5.06252
      vertex -9.09327 -5.25 5.1
      vertex -8.04347 -6.74927 5.1
    endloop
  endfacet
  facet normal 0.10732 0.0751463 -0.991381
    outer loop
      vertex -8.26156 -6.93227 5.06252
      vertex -9.33982 -5.39235 5.06252
      vertex -9.09327 -5.25 5.1
    endloop
  endfacet
  facet normal -0.107316 -0.0751438 -0.991381
    outer loop
      vertex -8.04347 -6.74927 5.1
      vertex -8.84671 -5.10765 5.06252
      vertex -7.82537 -6.56627 5.06252
    endloop
  endfacet
  facet normal -0.107317 -0.0751444 -0.991381
    outer loop
      vertex -8.04347 -6.74927 5.1
      vertex -9.09327 -5.25 5.1
      vertex -8.84671 -5.10765 5.06252
    endloop
  endfacet
  facet normal -0.314498 -0.220213 -0.923362
    outer loop
      vertex -7.82537 -6.56627 5.06252
      vertex -8.61695 -4.975 4.95263
      vertex -7.62214 -6.39574 4.95263
    endloop
  endfacet
  facet normal -0.314492 -0.22021 -0.923365
    outer loop
      vertex -7.82537 -6.56627 5.06252
      vertex -8.84671 -5.10765 5.06252
      vertex -8.61695 -4.975 4.95263
    endloop
  endfacet
  facet normal -0.499859 -0.350007 -0.792235
    outer loop
      vertex -7.62214 -6.39574 4.95263
      vertex -8.41966 -4.86109 4.77782
      vertex -7.44762 -6.2493 4.77782
    endloop
  endfacet
  facet normal -0.49987 -0.350011 -0.792226
    outer loop
      vertex -7.62214 -6.39574 4.95263
      vertex -8.61695 -4.975 4.95263
      vertex -8.41966 -4.86109 4.77782
    endloop
  endfacet
  facet normal -0.650794 -0.455695 -0.607297
    outer loop
      vertex -7.44762 -6.2493 4.77782
      vertex -8.26827 -4.77369 4.55
      vertex -7.31371 -6.13693 4.55
    endloop
  endfacet
  facet normal -0.6508 -0.455697 -0.607289
    outer loop
      vertex -7.44762 -6.2493 4.77782
      vertex -8.41966 -4.86109 4.77782
      vertex -8.26827 -4.77369 4.55
    endloop
  endfacet
  facet normal -0.757224 -0.530213 -0.381425
    outer loop
      vertex -7.31371 -6.13693 4.55
      vertex -8.1731 -4.71874 4.2847
      vertex -7.22953 -6.0663 4.2847
    endloop
  endfacet
  facet normal -0.757213 -0.530211 -0.381451
    outer loop
      vertex -7.31371 -6.13693 4.55
      vertex -8.26827 -4.77369 4.55
      vertex -8.1731 -4.71874 4.2847
    endloop
  endfacet
  facet normal -0.812195 -0.568706 -0.130045
    outer loop
      vertex -7.22953 -6.0663 4.2847
      vertex -8.14064 -4.7 4
      vertex -7.20082 -6.0422 4
    endloop
  endfacet
  facet normal -0.812197 -0.568706 -0.130037
    outer loop
      vertex -7.22953 -6.0663 4.2847
      vertex -8.1731 -4.71874 4.2847
      vertex -8.14064 -4.7 4
    endloop
  endfacet
  facet normal -0.812196 -0.568705 0.130045
    outer loop
      vertex -7.20082 -6.0422 4
      vertex -8.1731 -4.71874 3.7153
      vertex -7.22953 -6.0663 3.7153
    endloop
  endfacet
  facet normal -0.812196 -0.568707 0.130037
    outer loop
      vertex -8.14064 -4.7 4
      vertex -8.1731 -4.71874 3.7153
      vertex -7.20082 -6.0422 4
    endloop
  endfacet
  facet normal -0.757221 -0.530217 0.381425
    outer loop
      vertex -7.22953 -6.0663 3.7153
      vertex -8.26827 -4.77369 3.45
      vertex -7.31371 -6.13693 3.45
    endloop
  endfacet
  facet normal -0.757215 -0.530207 0.381451
    outer loop
      vertex -8.1731 -4.71874 3.7153
      vertex -8.26827 -4.77369 3.45
      vertex -7.22953 -6.0663 3.7153
    endloop
  endfacet
  facet normal -0.650795 -0.455694 0.607296
    outer loop
      vertex -7.31371 -6.13693 3.45
      vertex -8.41966 -4.86109 3.22218
      vertex -7.44762 -6.2493 3.22218
    endloop
  endfacet
  facet normal -0.650799 -0.455699 0.607289
    outer loop
      vertex -8.26827 -4.77369 3.45
      vertex -8.41966 -4.86109 3.22218
      vertex -7.31371 -6.13693 3.45
    endloop
  endfacet
  facet normal -0.499861 -0.350005 0.792234
    outer loop
      vertex -7.44762 -6.2493 3.22218
      vertex -8.61695 -4.975 3.04737
      vertex -7.62214 -6.39574 3.04737
    endloop
  endfacet
  facet normal -0.499868 -0.350013 0.792226
    outer loop
      vertex -8.41966 -4.86109 3.22218
      vertex -8.61695 -4.975 3.04737
      vertex -7.44762 -6.2493 3.22218
    endloop
  endfacet
  facet normal -0.314497 -0.220214 0.923362
    outer loop
      vertex -7.62214 -6.39574 3.04737
      vertex -8.84671 -5.10765 2.93748
      vertex -7.82537 -6.56627 2.93748
    endloop
  endfacet
  facet normal -0.314492 -0.220209 0.923365
    outer loop
      vertex -8.61695 -4.975 3.04737
      vertex -8.84671 -5.10765 2.93748
      vertex -7.62214 -6.39574 3.04737
    endloop
  endfacet
  facet normal -0.107316 -0.0751437 0.991381
    outer loop
      vertex -7.82537 -6.56627 2.93748
      vertex -9.09327 -5.25 2.9
      vertex -8.04347 -6.74927 2.9
    endloop
  endfacet
  facet normal -0.107317 -0.0751446 0.991381
    outer loop
      vertex -8.84671 -5.10765 2.93748
      vertex -9.09327 -5.25 2.9
      vertex -7.82537 -6.56627 2.93748
    endloop
  endfacet
  facet normal 0.107319 0.0751456 0.991381
    outer loop
      vertex -8.04347 -6.74927 2.9
      vertex -9.33982 -5.39235 2.93748
      vertex -8.26156 -6.93227 2.93748
    endloop
  endfacet
  facet normal 0.10732 0.0751465 0.991381
    outer loop
      vertex -9.09327 -5.25 2.9
      vertex -9.33982 -5.39235 2.93748
      vertex -8.04347 -6.74927 2.9
    endloop
  endfacet
  facet normal 0.314497 0.220214 0.923362
    outer loop
      vertex -8.26156 -6.93227 2.93748
      vertex -9.56958 -5.525 3.04737
      vertex -8.46479 -7.1028 3.04737
    endloop
  endfacet
  facet normal 0.314492 0.220209 0.923365
    outer loop
      vertex -9.33982 -5.39235 2.93748
      vertex -9.56958 -5.525 3.04737
      vertex -8.26156 -6.93227 2.93748
    endloop
  endfacet
  facet normal 0.49986 0.350007 0.792235
    outer loop
      vertex -8.46479 -7.1028 3.04737
      vertex -9.76688 -5.63891 3.22218
      vertex -8.63931 -7.24924 3.22218
    endloop
  endfacet
  facet normal 0.499857 0.350005 0.792237
    outer loop
      vertex -9.56958 -5.525 3.04737
      vertex -9.76688 -5.63891 3.22218
      vertex -8.46479 -7.1028 3.04737
    endloop
  endfacet
  facet normal 0.650796 0.455693 0.607296
    outer loop
      vertex -8.63931 -7.24924 3.22218
      vertex -9.91827 -5.72631 3.45
      vertex -8.77322 -7.36161 3.45
    endloop
  endfacet
  facet normal 0.6508 0.455697 0.607289
    outer loop
      vertex -9.76688 -5.63891 3.22218
      vertex -9.91827 -5.72631 3.45
      vertex -8.63931 -7.24924 3.22218
    endloop
  endfacet
  facet normal 0.757219 0.530216 0.381433
    outer loop
      vertex -8.77322 -7.36161 3.45
      vertex -9.30786 -6.68035 3.56437
      vertex -8.80951 -7.39206 3.56437
    endloop
  endfacet
  facet normal 0.757231 0.530212 0.381414
    outer loop
      vertex -9.30786 -6.68035 3.56437
      vertex -9.91827 -5.72631 3.45
      vertex -9.95929 -5.75 3.56437
    endloop
  endfacet
  facet normal 0.757211 0.530205 0.381462
    outer loop
      vertex -9.91827 -5.72631 3.45
      vertex -9.30786 -6.68035 3.56437
      vertex -8.77322 -7.36161 3.45
    endloop
  endfacet
  facet normal 0.83769 0.390598 -0.381719
    outer loop
      vertex -9.91827 -5.72631 4.55
      vertex -10.4393 -4.72066 4.43563
      vertex -10.7619 -3.91703 4.55
    endloop
  endfacet
  facet normal 0.837791 0.390685 -0.381407
    outer loop
      vertex -10.4393 -4.72066 4.43563
      vertex -9.91827 -5.72631 4.55
      vertex -9.95929 -5.75 4.43563
    endloop
  endfacet
  facet normal 0.837587 0.39059 -0.381953
    outer loop
      vertex -10.4393 -4.72066 4.43563
      vertex -10.8065 -3.93323 4.43563
      vertex -10.7619 -3.91703 4.55
    endloop
  endfacet
  facet normal 0.720041 0.335766 -0.607291
    outer loop
      vertex -9.91827 -5.72631 4.55
      vertex -10.5977 -3.85724 4.77782
      vertex -9.76688 -5.63891 4.77782
    endloop
  endfacet
  facet normal 0.72014 0.335786 -0.607162
    outer loop
      vertex -9.91827 -5.72631 4.55
      vertex -10.7619 -3.91703 4.55
      vertex -10.5977 -3.85724 4.77782
    endloop
  endfacet
  facet normal 0.553042 0.257886 -0.792237
    outer loop
      vertex -9.76688 -5.63891 4.77782
      vertex -10.3836 -3.77932 4.95263
      vertex -9.56958 -5.525 4.95263
    endloop
  endfacet
  facet normal 0.553015 0.25788 -0.792258
    outer loop
      vertex -9.76688 -5.63891 4.77782
      vertex -10.5977 -3.85724 4.77782
      vertex -10.3836 -3.77932 4.95263
    endloop
  endfacet
  facet normal 0.347953 0.162253 -0.923365
    outer loop
      vertex -9.56958 -5.525 4.95263
      vertex -10.1343 -3.68858 5.06252
      vertex -9.33982 -5.39235 5.06252
    endloop
  endfacet
  facet normal 0.347956 0.162254 -0.923363
    outer loop
      vertex -9.56958 -5.525 4.95263
      vertex -10.3836 -3.77932 4.95263
      vertex -10.1343 -3.68858 5.06252
    endloop
  endfacet
  facet normal 0.118739 0.0553687 -0.99138
    outer loop
      vertex -9.33982 -5.39235 5.06252
      vertex -9.86677 -3.59121 5.1
      vertex -9.09327 -5.25 5.1
    endloop
  endfacet
  facet normal 0.118737 0.055368 -0.991381
    outer loop
      vertex -9.33982 -5.39235 5.06252
      vertex -10.1343 -3.68858 5.06252
      vertex -9.86677 -3.59121 5.1
    endloop
  endfacet
  facet normal -0.118736 -0.0553672 -0.991381
    outer loop
      vertex -9.09327 -5.25 5.1
      vertex -9.59924 -3.49384 5.06252
      vertex -8.84671 -5.10765 5.06252
    endloop
  endfacet
  facet normal -0.118737 -0.0553677 -0.991381
    outer loop
      vertex -9.09327 -5.25 5.1
      vertex -9.86677 -3.59121 5.1
      vertex -9.59924 -3.49384 5.06252
    endloop
  endfacet
  facet normal -0.347953 -0.162253 -0.923365
    outer loop
      vertex -8.84671 -5.10765 5.06252
      vertex -9.34994 -3.4031 4.95263
      vertex -8.61695 -4.975 4.95263
    endloop
  endfacet
  facet normal -0.347956 -0.162254 -0.923363
    outer loop
      vertex -8.84671 -5.10765 5.06252
      vertex -9.59924 -3.49384 5.06252
      vertex -9.34994 -3.4031 4.95263
    endloop
  endfacet
  facet normal -0.553056 -0.257892 -0.792225
    outer loop
      vertex -8.61695 -4.975 4.95263
      vertex -9.13586 -3.32518 4.77782
      vertex -8.41966 -4.86109 4.77782
    endloop
  endfacet
  facet normal -0.553044 -0.257889 -0.792234
    outer loop
      vertex -8.61695 -4.975 4.95263
      vertex -9.34994 -3.4031 4.95263
      vertex -9.13586 -3.32518 4.77782
    endloop
  endfacet
  facet normal -0.720046 -0.335757 -0.60729
    outer loop
      vertex -8.41966 -4.86109 4.77782
      vertex -8.97159 -3.26539 4.55
      vertex -8.26827 -4.77369 4.55
    endloop
  endfacet
  facet normal -0.720037 -0.335756 -0.607301
    outer loop
      vertex -8.41966 -4.86109 4.77782
      vertex -9.13586 -3.32518 4.77782
      vertex -8.97159 -3.26539 4.55
    endloop
  endfacet
  facet normal -0.837782 -0.390663 -0.38145
    outer loop
      vertex -8.26827 -4.77369 4.55
      vertex -8.86833 -3.22781 4.2847
      vertex -8.1731 -4.71874 4.2847
    endloop
  endfacet
  facet normal -0.837794 -0.390663 -0.381424
    outer loop
      vertex -8.26827 -4.77369 4.55
      vertex -8.97159 -3.26539 4.55
      vertex -8.86833 -3.22781 4.2847
    endloop
  endfacet
  facet normal -0.898613 -0.419029 -0.130037
    outer loop
      vertex -8.1731 -4.71874 4.2847
      vertex -8.83311 -3.21499 4
      vertex -8.14064 -4.7 4
    endloop
  endfacet
  facet normal -0.898613 -0.419029 -0.130035
    outer loop
      vertex -8.1731 -4.71874 4.2847
      vertex -8.86833 -3.22781 4.2847
      vertex -8.83311 -3.21499 4
    endloop
  endfacet
  facet normal -0.898613 -0.419029 0.130037
    outer loop
      vertex -8.14064 -4.7 4
      vertex -8.86833 -3.22781 3.7153
      vertex -8.1731 -4.71874 3.7153
    endloop
  endfacet
  facet normal -0.898613 -0.419029 0.130035
    outer loop
      vertex -8.83311 -3.21499 4
      vertex -8.86833 -3.22781 3.7153
      vertex -8.14064 -4.7 4
    endloop
  endfacet
  facet normal -0.837784 -0.390659 0.38145
    outer loop
      vertex -8.1731 -4.71874 3.7153
      vertex -8.97159 -3.26539 3.45
      vertex -8.26827 -4.77369 3.45
    endloop
  endfacet
  facet normal -0.837792 -0.390668 0.381424
    outer loop
      vertex -8.86833 -3.22781 3.7153
      vertex -8.97159 -3.26539 3.45
      vertex -8.1731 -4.71874 3.7153
    endloop
  endfacet
  facet normal -0.720045 -0.335759 0.60729
    outer loop
      vertex -8.26827 -4.77369 3.45
      vertex -9.13586 -3.32518 3.22218
      vertex -8.41966 -4.86109 3.22218
    endloop
  endfacet
  facet normal -0.720038 -0.335754 0.607301
    outer loop
      vertex -8.97159 -3.26539 3.45
      vertex -9.13586 -3.32518 3.22218
      vertex -8.26827 -4.77369 3.45
    endloop
  endfacet
  facet normal -0.553055 -0.257894 0.792225
    outer loop
      vertex -8.41966 -4.86109 3.22218
      vertex -9.34994 -3.4031 3.04737
      vertex -8.61695 -4.975 3.04737
    endloop
  endfacet
  facet normal -0.553045 -0.257887 0.792234
    outer loop
      vertex -9.13586 -3.32518 3.22218
      vertex -9.34994 -3.4031 3.04737
      vertex -8.41966 -4.86109 3.22218
    endloop
  endfacet
  facet normal -0.347953 -0.162253 0.923365
    outer loop
      vertex -8.61695 -4.975 3.04737
      vertex -9.59924 -3.49384 2.93748
      vertex -8.84671 -5.10765 2.93748
    endloop
  endfacet
  facet normal -0.347956 -0.162255 0.923363
    outer loop
      vertex -9.34994 -3.4031 3.04737
      vertex -9.59924 -3.49384 2.93748
      vertex -8.61695 -4.975 3.04737
    endloop
  endfacet
  facet normal -0.118736 -0.0553669 0.991381
    outer loop
      vertex -8.84671 -5.10765 2.93748
      vertex -9.86677 -3.59121 2.9
      vertex -9.09327 -5.25 2.9
    endloop
  endfacet
  facet normal -0.118737 -0.0553679 0.991381
    outer loop
      vertex -9.59924 -3.49384 2.93748
      vertex -9.86677 -3.59121 2.9
      vertex -8.84671 -5.10765 2.93748
    endloop
  endfacet
  facet normal 0.118739 0.055369 0.99138
    outer loop
      vertex -9.09327 -5.25 2.9
      vertex -10.1343 -3.68858 2.93748
      vertex -9.33982 -5.39235 2.93748
    endloop
  endfacet
  facet normal 0.118737 0.0553677 0.991381
    outer loop
      vertex -9.86677 -3.59121 2.9
      vertex -10.1343 -3.68858 2.93748
      vertex -9.09327 -5.25 2.9
    endloop
  endfacet
  facet normal 0.347953 0.162253 0.923365
    outer loop
      vertex -9.33982 -5.39235 2.93748
      vertex -10.3836 -3.77932 3.04737
      vertex -9.56958 -5.525 3.04737
    endloop
  endfacet
  facet normal 0.347956 0.162254 0.923363
    outer loop
      vertex -10.1343 -3.68858 2.93748
      vertex -10.3836 -3.77932 3.04737
      vertex -9.33982 -5.39235 2.93748
    endloop
  endfacet
  facet normal 0.553039 0.257891 0.792237
    outer loop
      vertex -9.56958 -5.525 3.04737
      vertex -10.5977 -3.85724 3.22218
      vertex -9.76688 -5.63891 3.22218
    endloop
  endfacet
  facet normal 0.553017 0.257875 0.792258
    outer loop
      vertex -10.3836 -3.77932 3.04737
      vertex -10.5977 -3.85724 3.22218
      vertex -9.56958 -5.525 3.04737
    endloop
  endfacet
  facet normal 0.720052 0.335745 0.60729
    outer loop
      vertex -9.76688 -5.63891 3.22218
      vertex -10.7619 -3.91703 3.45
      vertex -9.91827 -5.72631 3.45
    endloop
  endfacet
  facet normal 0.720131 0.335808 0.607161
    outer loop
      vertex -10.5977 -3.85724 3.22218
      vertex -10.7619 -3.91703 3.45
      vertex -9.76688 -5.63891 3.22218
    endloop
  endfacet
  facet normal 0.837789 0.390689 0.381407
    outer loop
      vertex -9.91827 -5.72631 3.45
      vertex -10.3265 -4.96256 3.56437
      vertex -9.95929 -5.75 3.56437
    endloop
  endfacet
  facet normal 0.837588 0.390587 0.381953
    outer loop
      vertex -10.3265 -4.96256 3.56437
      vertex -10.7619 -3.91703 3.45
      vertex -10.8065 -3.93323 3.56437
    endloop
  endfacet
  facet normal 0.837706 0.390605 0.381675
    outer loop
      vertex -10.7619 -3.91703 3.45
      vertex -10.3265 -4.96256 3.56437
      vertex -9.91827 -5.72631 3.45
    endloop
  endfacet
  facet normal 0.892831 0.23924 -0.381599
    outer loop
      vertex -10.7619 -3.91703 4.55
      vertex -11.1004 -2.83619 4.43563
      vertex -11.2786 -1.98873 4.55
    endloop
  endfacet
  facet normal 0.892687 0.239153 -0.381989
    outer loop
      vertex -11.1004 -2.83619 4.43563
      vertex -10.7619 -3.91703 4.55
      vertex -10.8065 -3.93323 4.43563
    endloop
  endfacet
  facet normal 0.892771 0.239245 -0.381735
    outer loop
      vertex -11.3253 -1.99695 4.43563
      vertex -11.2786 -1.98873 4.55
      vertex -11.1004 -2.83619 4.43563
    endloop
  endfacet
  facet normal 0.767511 0.205654 -0.607152
    outer loop
      vertex -10.7619 -3.91703 4.55
      vertex -11.1065 -1.95837 4.77782
      vertex -10.5977 -3.85724 4.77782
    endloop
  endfacet
  facet normal 0.767487 0.205653 -0.607182
    outer loop
      vertex -10.7619 -3.91703 4.55
      vertex -11.2786 -1.98873 4.55
      vertex -11.1065 -1.95837 4.77782
    endloop
  endfacet
  facet normal 0.589395 0.157921 -0.792259
    outer loop
      vertex -10.5977 -3.85724 4.77782
      vertex -10.8821 -1.91881 4.95263
      vertex -10.3836 -3.77932 4.95263
    endloop
  endfacet
  facet normal 0.58936 0.157918 -0.792286
    outer loop
      vertex -10.5977 -3.85724 4.77782
      vertex -11.1065 -1.95837 4.77782
      vertex -10.8821 -1.91881 4.95263
    endloop
  endfacet
  facet normal 0.370842 0.0993765 -0.923364
    outer loop
      vertex -10.3836 -3.77932 4.95263
      vertex -10.6209 -1.87274 5.06252
      vertex -10.1343 -3.68858 5.06252
    endloop
  endfacet
  facet normal 0.370926 0.099385 -0.923329
    outer loop
      vertex -10.3836 -3.77932 4.95263
      vertex -10.8821 -1.91881 4.95263
      vertex -10.6209 -1.87274 5.06252
    endloop
  endfacet
  facet normal 0.126547 0.0339098 -0.991381
    outer loop
      vertex -10.1343 -3.68858 5.06252
      vertex -10.3405 -1.82331 5.1
      vertex -9.86677 -3.59121 5.1
    endloop
  endfacet
  facet normal 0.126537 0.0339087 -0.991382
    outer loop
      vertex -10.1343 -3.68858 5.06252
      vertex -10.6209 -1.87274 5.06252
      vertex -10.3405 -1.82331 5.1
    endloop
  endfacet
  facet normal -0.126548 -0.033908 -0.991381
    outer loop
      vertex -9.86677 -3.59121 5.1
      vertex -10.0601 -1.77387 5.06252
      vertex -9.59924 -3.49384 5.06252
    endloop
  endfacet
  facet normal -0.126536 -0.0339068 -0.991382
    outer loop
      vertex -9.86677 -3.59121 5.1
      vertex -10.3405 -1.82331 5.1
      vertex -10.0601 -1.77387 5.06252
    endloop
  endfacet
  facet normal -0.370845 -0.0993687 -0.923363
    outer loop
      vertex -9.59924 -3.49384 5.06252
      vertex -9.79884 -1.7278 4.95263
      vertex -9.34994 -3.4031 4.95263
    endloop
  endfacet
  facet normal -0.370856 -0.0993697 -0.923359
    outer loop
      vertex -9.59924 -3.49384 5.06252
      vertex -10.0601 -1.77387 5.06252
      vertex -9.79884 -1.7278 4.95263
    endloop
  endfacet
  facet normal -0.589424 -0.157937 -0.792234
    outer loop
      vertex -9.34994 -3.4031 4.95263
      vertex -9.57448 -1.68824 4.77782
      vertex -9.13586 -3.32518 4.77782
    endloop
  endfacet
  facet normal -0.589422 -0.157937 -0.792236
    outer loop
      vertex -9.34994 -3.4031 4.95263
      vertex -9.79884 -1.7278 4.95263
      vertex -9.57448 -1.68824 4.77782
    endloop
  endfacet
  facet normal -0.7674 -0.205628 -0.607301
    outer loop
      vertex -9.13586 -3.32518 4.77782
      vertex -9.40233 -1.65788 4.55
      vertex -8.97159 -3.26539 4.55
    endloop
  endfacet
  facet normal -0.76741 -0.205628 -0.607288
    outer loop
      vertex -9.13586 -3.32518 4.77782
      vertex -9.57448 -1.68824 4.77782
      vertex -9.40233 -1.65788 4.55
    endloop
  endfacet
  facet normal -0.892902 -0.23925 -0.381425
    outer loop
      vertex -8.97159 -3.26539 4.55
      vertex -9.2941 -1.6388 4.2847
      vertex -8.86833 -3.22781 4.2847
    endloop
  endfacet
  facet normal -0.892886 -0.239253 -0.381462
    outer loop
      vertex -8.97159 -3.26539 4.55
      vertex -9.40233 -1.65788 4.55
      vertex -9.2941 -1.6388 4.2847
    endloop
  endfacet
  facet normal -0.957725 -0.25662 -0.130035
    outer loop
      vertex -8.86833 -3.22781 4.2847
      vertex -9.25719 -1.63229 4
      vertex -8.83311 -3.21499 4
    endloop
  endfacet
  facet normal -0.957725 -0.256619 -0.130032
    outer loop
      vertex -8.86833 -3.22781 4.2847
      vertex -9.2941 -1.6388 4.2847
      vertex -9.25719 -1.63229 4
    endloop
  endfacet
  facet normal -0.957725 -0.256619 0.130035
    outer loop
      vertex -8.83311 -3.21499 4
      vertex -9.2941 -1.6388 3.7153
      vertex -8.86833 -3.22781 3.7153
    endloop
  endfacet
  facet normal -0.957725 -0.25662 0.130032
    outer loop
      vertex -9.25719 -1.63229 4
      vertex -9.2941 -1.6388 3.7153
      vertex -8.83311 -3.21499 4
    endloop
  endfacet
  facet normal -0.8929 -0.239257 0.381425
    outer loop
      vertex -8.86833 -3.22781 3.7153
      vertex -9.40233 -1.65788 3.45
      vertex -8.97159 -3.26539 3.45
    endloop
  endfacet
  facet normal -0.892887 -0.239246 0.381463
    outer loop
      vertex -9.2941 -1.6388 3.7153
      vertex -9.40233 -1.65788 3.45
      vertex -8.86833 -3.22781 3.7153
    endloop
  endfacet
  facet normal -0.767401 -0.205626 0.607301
    outer loop
      vertex -8.97159 -3.26539 3.45
      vertex -9.57448 -1.68824 3.22218
      vertex -9.13586 -3.32518 3.22218
    endloop
  endfacet
  facet normal -0.767409 -0.205631 0.607288
    outer loop
      vertex -9.40233 -1.65788 3.45
      vertex -9.57448 -1.68824 3.22218
      vertex -8.97159 -3.26539 3.45
    endloop
  endfacet
  facet normal -0.589424 -0.157937 0.792234
    outer loop
      vertex -9.13586 -3.32518 3.22218
      vertex -9.79884 -1.7278 3.04737
      vertex -9.34994 -3.4031 3.04737
    endloop
  endfacet
  facet normal -0.589422 -0.157936 0.792236
    outer loop
      vertex -9.57448 -1.68824 3.22218
      vertex -9.79884 -1.7278 3.04737
      vertex -9.13586 -3.32518 3.22218
    endloop
  endfacet
  facet normal -0.370846 -0.0993668 0.923363
    outer loop
      vertex -9.34994 -3.4031 3.04737
      vertex -10.0601 -1.77387 2.93748
      vertex -9.59924 -3.49384 2.93748
    endloop
  endfacet
  facet normal -0.370856 -0.0993716 0.923359
    outer loop
      vertex -9.79884 -1.7278 3.04737
      vertex -10.0601 -1.77387 2.93748
      vertex -9.34994 -3.4031 3.04737
    endloop
  endfacet
  facet normal -0.126547 -0.0339098 0.991381
    outer loop
      vertex -9.59924 -3.49384 2.93748
      vertex -10.3405 -1.82331 2.9
      vertex -9.86677 -3.59121 2.9
    endloop
  endfacet
  facet normal -0.126536 -0.0339049 0.991382
    outer loop
      vertex -10.0601 -1.77387 2.93748
      vertex -10.3405 -1.82331 2.9
      vertex -9.59924 -3.49384 2.93748
    endloop
  endfacet
  facet normal 0.126547 0.0339113 0.991381
    outer loop
      vertex -9.86677 -3.59121 2.9
      vertex -10.6209 -1.87274 2.93748
      vertex -10.1343 -3.68858 2.93748
    endloop
  endfacet
  facet normal 0.126537 0.0339071 0.991382
    outer loop
      vertex -10.3405 -1.82331 2.9
      vertex -10.6209 -1.87274 2.93748
      vertex -9.86677 -3.59121 2.9
    endloop
  endfacet
  facet normal 0.370847 0.0993637 0.923363
    outer loop
      vertex -10.1343 -3.68858 2.93748
      vertex -10.8821 -1.91881 3.04737
      vertex -10.3836 -3.77932 3.04737
    endloop
  endfacet
  facet normal 0.370924 0.0993984 0.923329
    outer loop
      vertex -10.6209 -1.87274 2.93748
      vertex -10.8821 -1.91881 3.04737
      vertex -10.1343 -3.68858 2.93748
    endloop
  endfacet
  facet normal 0.589393 0.157927 0.792259
    outer loop
      vertex -10.3836 -3.77932 3.04737
      vertex -11.1065 -1.95837 3.22218
      vertex -10.5977 -3.85724 3.22218
    endloop
  endfacet
  facet normal 0.589361 0.157912 0.792286
    outer loop
      vertex -10.8821 -1.91881 3.04737
      vertex -11.1065 -1.95837 3.22218
      vertex -10.3836 -3.77932 3.04737
    endloop
  endfacet
  facet normal 0.767509 0.205659 0.607152
    outer loop
      vertex -10.5977 -3.85724 3.22218
      vertex -11.2786 -1.98873 3.45
      vertex -10.7619 -3.91703 3.45
    endloop
  endfacet
  facet normal 0.767489 0.205648 0.607182
    outer loop
      vertex -11.1065 -1.95837 3.22218
      vertex -11.2786 -1.98873 3.45
      vertex -10.5977 -3.85724 3.22218
    endloop
  endfacet
  facet normal 0.892696 0.239122 0.381988
    outer loop
      vertex -10.7619 -3.91703 3.45
      vertex -11.0313 -3.094 3.56437
      vertex -10.8065 -3.93323 3.56437
    endloop
  endfacet
  facet normal 0.892769 0.239254 0.381734
    outer loop
      vertex -11.0313 -3.094 3.56437
      vertex -11.2786 -1.98873 3.45
      vertex -11.3253 -1.99695 3.56437
    endloop
  endfacet
  facet normal 0.892879 0.239252 0.381478
    outer loop
      vertex -11.2786 -1.98873 3.45
      vertex -11.0313 -3.094 3.56437
      vertex -10.7619 -3.91703 3.45
    endloop
  endfacet
  facet normal 0.920719 0.0805564 -0.381822
    outer loop
      vertex -11.2786 -1.98873 4.55
      vertex -11.4243 -0.865546 4.43563
      vertex -11.4526 0 4.55
    endloop
  endfacet
  facet normal 0.920746 0.080567 -0.381753
    outer loop
      vertex -11.4243 -0.865546 4.43563
      vertex -11.2786 -1.98873 4.55
      vertex -11.3253 -1.99695 4.43563
    endloop
  endfacet
  facet normal 0.920804 0.0805328 -0.381622
    outer loop
      vertex -11.4243 -0.865546 4.43563
      vertex -11.5 0 4.43563
      vertex -11.4526 0 4.55
    endloop
  endfacet
  facet normal 0.791545 0.069237 -0.607176
    outer loop
      vertex -11.1065 -1.95837 4.77782
      vertex -11.2786 -1.98873 4.55
      vertex -11.2778 0 4.77782
    endloop
  endfacet
  facet normal 0.79147 0.0692481 -0.607273
    outer loop
      vertex -11.2786 -1.98873 4.55
      vertex -11.4526 0 4.55
      vertex -11.2778 0 4.77782
    endloop
  endfacet
  facet normal 0.607825 0.053186 -0.792288
    outer loop
      vertex -10.8821 -1.91881 4.95263
      vertex -11.1065 -1.95837 4.77782
      vertex -11.05 0 4.95263
    endloop
  endfacet
  facet normal 0.607928 0.0531759 -0.792209
    outer loop
      vertex -11.1065 -1.95837 4.77782
      vertex -11.2778 0 4.77782
      vertex -11.05 0 4.95263
    endloop
  endfacet
  facet normal 0.382553 0.0334602 -0.923327
    outer loop
      vertex -10.6209 -1.87274 5.06252
      vertex -10.8821 -1.91881 4.95263
      vertex -10.7847 0 5.06252
    endloop
  endfacet
  facet normal 0.382467 0.0334666 -0.923363
    outer loop
      vertex -10.8821 -1.91881 4.95263
      vertex -11.05 0 4.95263
      vertex -10.7847 0 5.06252
    endloop
  endfacet
  facet normal 0.130502 0.0114161 -0.991382
    outer loop
      vertex -10.3405 -1.82331 5.1
      vertex -10.6209 -1.87274 5.06252
      vertex -10.5 0 5.1
    endloop
  endfacet
  facet normal 0.130513 0.0114153 -0.991381
    outer loop
      vertex -10.6209 -1.87274 5.06252
      vertex -10.7847 0 5.06252
      vertex -10.5 0 5.1
    endloop
  endfacet
  facet normal -0.130501 -0.0114178 -0.991382
    outer loop
      vertex -10.0601 -1.77387 5.06252
      vertex -10.3405 -1.82331 5.1
      vertex -10.2153 0 5.06252
    endloop
  endfacet
  facet normal -0.130513 -0.011417 -0.991381
    outer loop
      vertex -10.3405 -1.82331 5.1
      vertex -10.5 0 5.1
      vertex -10.2153 0 5.06252
    endloop
  endfacet
  facet normal -0.382478 -0.0334619 -0.923358
    outer loop
      vertex -9.79884 -1.7278 4.95263
      vertex -10.0601 -1.77387 5.06252
      vertex -9.95 0 4.95263
    endloop
  endfacet
  facet normal -0.382467 -0.0334629 -0.923363
    outer loop
      vertex -10.0601 -1.77387 5.06252
      vertex -10.2153 0 5.06252
      vertex -9.95 0 4.95263
    endloop
  endfacet
  facet normal -0.607893 -0.0531831 -0.792236
    outer loop
      vertex -9.57448 -1.68824 4.77782
      vertex -9.79884 -1.7278 4.95263
      vertex -9.72218 0 4.77782
    endloop
  endfacet
  facet normal -0.607895 -0.0531829 -0.792235
    outer loop
      vertex -9.79884 -1.7278 4.95263
      vertex -9.95 0 4.95263
      vertex -9.72218 0 4.77782
    endloop
  endfacet
  facet normal -0.79146 -0.0692411 -0.607286
    outer loop
      vertex -9.40233 -1.65788 4.55
      vertex -9.57448 -1.68824 4.77782
      vertex -9.54737 0 4.55
    endloop
  endfacet
  facet normal -0.791453 -0.0692423 -0.607295
    outer loop
      vertex -9.57448 -1.68824 4.77782
      vertex -9.72218 0 4.77782
      vertex -9.54737 0 4.55
    endloop
  endfacet
  facet normal -0.920866 -0.0805673 -0.381464
    outer loop
      vertex -9.40233 -1.65788 4.55
      vertex -9.43748 0 4.2847
      vertex -9.2941 -1.6388 4.2847
    endloop
  endfacet
  facet normal -0.920878 -0.0805632 -0.381437
    outer loop
      vertex -9.40233 -1.65788 4.55
      vertex -9.54737 0 4.55
      vertex -9.43748 0 4.2847
    endloop
  endfacet
  facet normal -0.987737 -0.0864177 -0.130031
    outer loop
      vertex -9.2941 -1.6388 4.2847
      vertex -9.4 0 4
      vertex -9.25719 -1.63229 4
    endloop
  endfacet
  facet normal -0.987736 -0.0864179 -0.130033
    outer loop
      vertex -9.2941 -1.6388 4.2847
      vertex -9.43748 0 4.2847
      vertex -9.4 0 4
    endloop
  endfacet
  facet normal -0.987737 -0.0864179 0.130031
    outer loop
      vertex -9.25719 -1.63229 4
      vertex -9.43748 0 3.7153
      vertex -9.2941 -1.6388 3.7153
    endloop
  endfacet
  facet normal -0.987737 -0.0864176 0.130033
    outer loop
      vertex -9.4 0 4
      vertex -9.43748 0 3.7153
      vertex -9.25719 -1.63229 4
    endloop
  endfacet
  facet normal -0.920866 -0.0805622 0.381464
    outer loop
      vertex -9.2941 -1.6388 3.7153
      vertex -9.54737 0 3.45
      vertex -9.40233 -1.65788 3.45
    endloop
  endfacet
  facet normal -0.920877 -0.0805683 0.381437
    outer loop
      vertex -9.43748 0 3.7153
      vertex -9.54737 0 3.45
      vertex -9.2941 -1.6388 3.7153
    endloop
  endfacet
  facet normal -0.79146 -0.0692429 0.607286
    outer loop
      vertex -9.40233 -1.65788 3.45
      vertex -9.72218 0 3.22218
      vertex -9.57448 -1.68824 3.22218
    endloop
  endfacet
  facet normal -0.791453 -0.0692405 0.607295
    outer loop
      vertex -9.54737 0 3.45
      vertex -9.72218 0 3.22218
      vertex -9.40233 -1.65788 3.45
    endloop
  endfacet
  facet normal -0.607893 -0.0531827 0.792236
    outer loop
      vertex -9.57448 -1.68824 3.22218
      vertex -9.95 0 3.04737
      vertex -9.79884 -1.7278 3.04737
    endloop
  endfacet
  facet normal -0.607895 -0.0531832 0.792235
    outer loop
      vertex -9.72218 0 3.22218
      vertex -9.95 0 3.04737
      vertex -9.57448 -1.68824 3.22218
    endloop
  endfacet
  facet normal -0.382478 -0.0334639 0.923358
    outer loop
      vertex -9.79884 -1.7278 3.04737
      vertex -10.2153 0 2.93748
      vertex -10.0601 -1.77387 2.93748
    endloop
  endfacet
  facet normal -0.382467 -0.0334608 0.923363
    outer loop
      vertex -9.95 0 3.04737
      vertex -10.2153 0 2.93748
      vertex -9.79884 -1.7278 3.04737
    endloop
  endfacet
  facet normal -0.130501 -0.011416 0.991382
    outer loop
      vertex -10.0601 -1.77387 2.93748
      vertex -10.5 0 2.9
      vertex -10.3405 -1.82331 2.9
    endloop
  endfacet
  facet normal -0.130513 -0.0114189 0.991381
    outer loop
      vertex -10.2153 0 2.93748
      vertex -10.5 0 2.9
      vertex -10.0601 -1.77387 2.93748
    endloop
  endfacet
  facet normal 0.130502 0.0114144 0.991382
    outer loop
      vertex -10.3405 -1.82331 2.9
      vertex -10.7847 0 2.93748
      vertex -10.6209 -1.87274 2.93748
    endloop
  endfacet
  facet normal 0.130513 0.011417 0.991381
    outer loop
      vertex -10.5 0 2.9
      vertex -10.7847 0 2.93748
      vertex -10.3405 -1.82331 2.9
    endloop
  endfacet
  facet normal 0.382551 0.033474 0.923328
    outer loop
      vertex -10.6209 -1.87274 2.93748
      vertex -11.05 0 3.04737
      vertex -10.8821 -1.91881 3.04737
    endloop
  endfacet
  facet normal 0.382467 0.0334526 0.923363
    outer loop
      vertex -10.7847 0 2.93748
      vertex -11.05 0 3.04737
      vertex -10.6209 -1.87274 2.93748
    endloop
  endfacet
  facet normal 0.607827 0.0531671 0.792287
    outer loop
      vertex -10.8821 -1.91881 3.04737
      vertex -11.2778 0 3.22218
      vertex -11.1065 -1.95837 3.22218
    endloop
  endfacet
  facet normal 0.607928 0.053195 0.792208
    outer loop
      vertex -11.05 0 3.04737
      vertex -11.2778 0 3.22218
      vertex -10.8821 -1.91881 3.04737
    endloop
  endfacet
  facet normal 0.791543 0.0692545 0.607177
    outer loop
      vertex -11.1065 -1.95837 3.22218
      vertex -11.4526 0 3.45
      vertex -11.2786 -1.98873 3.45
    endloop
  endfacet
  facet normal 0.791471 0.0692305 0.607274
    outer loop
      vertex -11.2778 0 3.22218
      vertex -11.4526 0 3.45
      vertex -11.1065 -1.95837 3.22218
    endloop
  endfacet
  facet normal 0.92075 0.0805287 0.381752
    outer loop
      vertex -11.2786 -1.98873 3.45
      vertex -11.401 -1.13141 3.56437
      vertex -11.3253 -1.99695 3.56437
    endloop
  endfacet
  facet normal 0.920801 0.0805714 0.381621
    outer loop
      vertex -11.401 -1.13141 3.56437
      vertex -11.4526 0 3.45
      vertex -11.5 0 3.56437
    endloop
  endfacet
  facet normal 0.920828 0.080566 0.381555
    outer loop
      vertex -11.4526 0 3.45
      vertex -11.401 -1.13141 3.56437
      vertex -11.2786 -1.98873 3.45
    endloop
  endfacet
endsolid OpenSCAD_Model
