solid OpenSCAD_Model
  facet normal -0.996195 -0.0871557 0
    outer loop
      vertex 0.0759611 4.13176 0
      vertex 0 5 8
      vertex 0 5 0
    endloop
  endfacet
  facet normal -0.996195 -0.0871557 0
    outer loop
      vertex 0 5 8
      vertex 0.0759611 4.13176 0
      vertex 0.0759611 4.13176 8
    endloop
  endfacet
  facet normal -0 0 1
    outer loop
      vertex 10 24.85 8
      vertex 11 21.5 8
      vertex 11 24.85 8
    endloop
  endfacet
  facet normal 0 0 1
    outer loop
      vertex 11 21.5 8
      vertex 10.2158 8.39071 8
      vertex 10.25 8 8
    endloop
  endfacet
  facet normal 0 0 1
    outer loop
      vertex 11 21.5 8
      vertex 10.1143 8.76954 8
      vertex 10.2158 8.39071 8
    endloop
  endfacet
  facet normal 0 0 1
    outer loop
      vertex 6.55373 9.7236 8
      vertex 11 21.5 8
      vertex 10 24.85 8
    endloop
  endfacet
  facet normal 0 0 1
    outer loop
      vertex 11 21.5 8
      vertex 9.94856 9.125 8
      vertex 10.1143 8.76954 8
    endloop
  endfacet
  facet normal -0 0 1
    outer loop
      vertex 9.125 58.0514 8
      vertex 11 46.5 8
      vertex 9.44627 58.2764 8
    endloop
  endfacet
  facet normal -0 0 1
    outer loop
      vertex 8.76954 57.8857 8
      vertex 11 46.5 8
      vertex 9.125 58.0514 8
    endloop
  endfacet
  facet normal 0 0 1
    outer loop
      vertex 11 21.5 8
      vertex 9.7236 9.44627 8
      vertex 9.94856 9.125 8
    endloop
  endfacet
  facet normal -0 0 1
    outer loop
      vertex 8.39071 57.7842 8
      vertex 11 46.5 8
      vertex 8.76954 57.8857 8
    endloop
  endfacet
  facet normal 0 0 1
    outer loop
      vertex 11 21.5 8
      vertex 9.44627 9.7236 8
      vertex 9.7236 9.44627 8
    endloop
  endfacet
  facet normal -0 0 1
    outer loop
      vertex 8 57.75 8
      vertex 11 46.5 8
      vertex 8.39071 57.7842 8
    endloop
  endfacet
  facet normal 0 0 1
    outer loop
      vertex 11 21.5 8
      vertex 9.125 9.94856 8
      vertex 9.44627 9.7236 8
    endloop
  endfacet
  facet normal 0 0 1
    outer loop
      vertex 7.60929 57.7842 8
      vertex 11 46.5 8
      vertex 8 57.75 8
    endloop
  endfacet
  facet normal 0 0 1
    outer loop
      vertex 11 21.5 8
      vertex 8.76954 10.1143 8
      vertex 9.125 9.94856 8
    endloop
  endfacet
  facet normal 0 0 1
    outer loop
      vertex 7.23045 57.8857 8
      vertex 11 46.5 8
      vertex 7.60929 57.7842 8
    endloop
  endfacet
  facet normal 0 0 1
    outer loop
      vertex 11 21.5 8
      vertex 8.39071 10.2158 8
      vertex 8.76954 10.1143 8
    endloop
  endfacet
  facet normal 0 0 1
    outer loop
      vertex 6.875 58.0514 8
      vertex 11 46.5 8
      vertex 7.23045 57.8857 8
    endloop
  endfacet
  facet normal 0 0 1
    outer loop
      vertex 11 21.5 8
      vertex 8 10.25 8
      vertex 8.39071 10.2158 8
    endloop
  endfacet
  facet normal 0 0 1
    outer loop
      vertex 6.55373 58.2764 8
      vertex 11 46.5 8
      vertex 6.875 58.0514 8
    endloop
  endfacet
  facet normal 0 0 1
    outer loop
      vertex 11 21.5 8
      vertex 7.60929 10.2158 8
      vertex 8 10.25 8
    endloop
  endfacet
  facet normal 0 0 1
    outer loop
      vertex 11 46.5 8
      vertex 6.55373 58.2764 8
      vertex 10 43.15 8
    endloop
  endfacet
  facet normal 0 0 1
    outer loop
      vertex 11 21.5 8
      vertex 7.23045 10.1143 8
      vertex 7.60929 10.2158 8
    endloop
  endfacet
  facet normal 0 0 1
    outer loop
      vertex 6.2764 58.5537 8
      vertex 10 43.15 8
      vertex 6.55373 58.2764 8
    endloop
  endfacet
  facet normal 0 0 1
    outer loop
      vertex 11 21.5 8
      vertex 6.875 9.94856 8
      vertex 7.23045 10.1143 8
    endloop
  endfacet
  facet normal 0 0 1
    outer loop
      vertex 10 43.15 8
      vertex 0 63 8
      vertex 10 24.85 8
    endloop
  endfacet
  facet normal 0 0 1
    outer loop
      vertex 11 21.5 8
      vertex 6.55373 9.7236 8
      vertex 6.875 9.94856 8
    endloop
  endfacet
  facet normal 0 0 1
    outer loop
      vertex 10 43.15 8
      vertex 6.2764 58.5537 8
      vertex 0 63 8
    endloop
  endfacet
  facet normal 0 0 1
    outer loop
      vertex 0 5 8
      vertex 10 24.85 8
      vertex 0 63 8
    endloop
  endfacet
  facet normal 0 0 1
    outer loop
      vertex 0 63 8
      vertex 6.2764 58.5537 8
      vertex 6.05144 58.875 8
    endloop
  endfacet
  facet normal 0 -0 1
    outer loop
      vertex 6.2764 9.44627 8
      vertex 10 24.85 8
      vertex 0 5 8
    endloop
  endfacet
  facet normal 0 0 1
    outer loop
      vertex 0 63 8
      vertex 6.05144 58.875 8
      vertex 5.88569 59.2305 8
    endloop
  endfacet
  facet normal 0 0 1
    outer loop
      vertex 10 24.85 8
      vertex 6.2764 9.44627 8
      vertex 6.55373 9.7236 8
    endloop
  endfacet
  facet normal 0 0 1
    outer loop
      vertex 0 63 8
      vertex 5.88569 59.2305 8
      vertex 5.78418 59.6093 8
    endloop
  endfacet
  facet normal 0 0 1
    outer loop
      vertex 6.2764 9.44627 8
      vertex 0 5 8
      vertex 6.05144 9.125 8
    endloop
  endfacet
  facet normal 0 0 1
    outer loop
      vertex 0 63 8
      vertex 5.78418 59.6093 8
      vertex 5.75 60 8
    endloop
  endfacet
  facet normal 0 0 1
    outer loop
      vertex 6.05144 9.125 8
      vertex 0 5 8
      vertex 5.88569 8.76954 8
    endloop
  endfacet
  facet normal 0 0 1
    outer loop
      vertex 10.25 8 8
      vertex 28 21.5 8
      vertex 11 21.5 8
    endloop
  endfacet
  facet normal 0 0 1
    outer loop
      vertex 56 21.5 8
      vertex 36 21.5 8
      vertex 56 6 8
    endloop
  endfacet
  facet normal -0 0 1
    outer loop
      vertex 10.1143 59.2305 8
      vertex 11 46.5 8
      vertex 10.2158 59.6093 8
    endloop
  endfacet
  facet normal -0 0 1
    outer loop
      vertex 9.94856 58.875 8
      vertex 11 46.5 8
      vertex 10.1143 59.2305 8
    endloop
  endfacet
  facet normal -0 0 1
    outer loop
      vertex 9.7236 58.5537 8
      vertex 11 46.5 8
      vertex 9.94856 58.875 8
    endloop
  endfacet
  facet normal -0 0 1
    outer loop
      vertex 9.44627 58.2764 8
      vertex 11 46.5 8
      vertex 9.7236 58.5537 8
    endloop
  endfacet
  facet normal 0 0 1
    outer loop
      vertex 11 46.5 8
      vertex 10 43.15 8
      vertex 11 43.15 8
    endloop
  endfacet
  facet normal 0 0 1
    outer loop
      vertex 85.9486 58.875 8
      vertex 92 63 8
      vertex 86.1143 59.2305 8
    endloop
  endfacet
  facet normal 0 0 1
    outer loop
      vertex 92 5 8
      vertex 86.2158 8.39071 8
      vertex 86.25 8 8
    endloop
  endfacet
  facet normal 0 0 1
    outer loop
      vertex 92 63 8
      vertex 82 43.15 8
      vertex 92 5 8
    endloop
  endfacet
  facet normal 0 0 1
    outer loop
      vertex 92 5 8
      vertex 86.1143 8.76954 8
      vertex 86.2158 8.39071 8
    endloop
  endfacet
  facet normal 0 0 1
    outer loop
      vertex 85.7236 58.5537 8
      vertex 92 63 8
      vertex 85.9486 58.875 8
    endloop
  endfacet
  facet normal -0 0 1
    outer loop
      vertex 82 24.85 8
      vertex 92 5 8
      vertex 82 43.15 8
    endloop
  endfacet
  facet normal 0 0 1
    outer loop
      vertex 92 63 8
      vertex 85.7236 58.5537 8
      vertex 82 43.15 8
    endloop
  endfacet
  facet normal -0 -0 1
    outer loop
      vertex 85.7236 9.44627 8
      vertex 92 5 8
      vertex 82 24.85 8
    endloop
  endfacet
  facet normal 0 0 1
    outer loop
      vertex 82 43.15 8
      vertex 85.7236 58.5537 8
      vertex 85.4463 58.2764 8
    endloop
  endfacet
  facet normal 0 0 1
    outer loop
      vertex 92 5 8
      vertex 85.9486 9.125 8
      vertex 86.1143 8.76954 8
    endloop
  endfacet
  facet normal 0 0 1
    outer loop
      vertex 81 46.5 8
      vertex 85.4463 58.2764 8
      vertex 85.125 58.0514 8
    endloop
  endfacet
  facet normal 0 0 1
    outer loop
      vertex 92 5 8
      vertex 85.7236 9.44627 8
      vertex 85.9486 9.125 8
    endloop
  endfacet
  facet normal 0 0 1
    outer loop
      vertex 81 46.5 8
      vertex 85.125 58.0514 8
      vertex 84.7695 57.8857 8
    endloop
  endfacet
  facet normal 0 0 1
    outer loop
      vertex 85.7236 9.44627 8
      vertex 82 24.85 8
      vertex 85.4463 9.7236 8
    endloop
  endfacet
  facet normal 0 0 1
    outer loop
      vertex 81 46.5 8
      vertex 84.7695 57.8857 8
      vertex 84.3907 57.7842 8
    endloop
  endfacet
  facet normal -0 0 1
    outer loop
      vertex 81 21.5 8
      vertex 85.4463 9.7236 8
      vertex 82 24.85 8
    endloop
  endfacet
  facet normal 0 0 1
    outer loop
      vertex 81 46.5 8
      vertex 84.3907 57.7842 8
      vertex 84 57.75 8
    endloop
  endfacet
  facet normal 0 0 1
    outer loop
      vertex 85.4463 9.7236 8
      vertex 81 21.5 8
      vertex 85.125 9.94856 8
    endloop
  endfacet
  facet normal 0 0 1
    outer loop
      vertex 81 46.5 8
      vertex 84 57.75 8
      vertex 83.6093 57.7842 8
    endloop
  endfacet
  facet normal 0 0 1
    outer loop
      vertex 85.125 9.94856 8
      vertex 81 21.5 8
      vertex 84.7695 10.1143 8
    endloop
  endfacet
  facet normal 0 0 1
    outer loop
      vertex 81 46.5 8
      vertex 83.6093 57.7842 8
      vertex 83.2305 57.8857 8
    endloop
  endfacet
  facet normal 0 0 1
    outer loop
      vertex 84.7695 10.1143 8
      vertex 81 21.5 8
      vertex 84.3907 10.2158 8
    endloop
  endfacet
  facet normal 0 0 1
    outer loop
      vertex 81 46.5 8
      vertex 83.2305 57.8857 8
      vertex 82.875 58.0514 8
    endloop
  endfacet
  facet normal 0 0 1
    outer loop
      vertex 84.3907 10.2158 8
      vertex 81 21.5 8
      vertex 84 10.25 8
    endloop
  endfacet
  facet normal 0 0 1
    outer loop
      vertex 81 46.5 8
      vertex 82.875 58.0514 8
      vertex 82.5537 58.2764 8
    endloop
  endfacet
  facet normal 0 0 1
    outer loop
      vertex 84 10.25 8
      vertex 81 21.5 8
      vertex 83.6093 10.2158 8
    endloop
  endfacet
  facet normal 0 0 1
    outer loop
      vertex 81 46.5 8
      vertex 82.5537 58.2764 8
      vertex 82.2764 58.5537 8
    endloop
  endfacet
  facet normal 0 0 1
    outer loop
      vertex 83.6093 10.2158 8
      vertex 81 21.5 8
      vertex 83.2305 10.1143 8
    endloop
  endfacet
  facet normal 0 0 1
    outer loop
      vertex 81 46.5 8
      vertex 82.2764 58.5537 8
      vertex 82.0514 58.875 8
    endloop
  endfacet
  facet normal 0 0 1
    outer loop
      vertex 83.2305 10.1143 8
      vertex 81 21.5 8
      vertex 82.875 9.94856 8
    endloop
  endfacet
  facet normal 0 0 1
    outer loop
      vertex 82.875 9.94856 8
      vertex 81 21.5 8
      vertex 82.5537 9.7236 8
    endloop
  endfacet
  facet normal 0 0 1
    outer loop
      vertex 81 46.5 8
      vertex 82.0514 58.875 8
      vertex 81.8857 59.2305 8
    endloop
  endfacet
  facet normal 0 0 1
    outer loop
      vertex 81 46.5 8
      vertex 81.8857 59.2305 8
      vertex 81.7842 59.6093 8
    endloop
  endfacet
  facet normal -0 0 1
    outer loop
      vertex 10.25 60 8
      vertex 81.7842 59.6093 8
      vertex 81.75 60 8
    endloop
  endfacet
  facet normal 0 0 1
    outer loop
      vertex 85.4463 58.2764 8
      vertex 81 46.5 8
      vertex 82 43.15 8
    endloop
  endfacet
  facet normal 0 0 1
    outer loop
      vertex 82 43.15 8
      vertex 81 46.5 8
      vertex 81 43.15 8
    endloop
  endfacet
  facet normal 0 0 1
    outer loop
      vertex 85.9486 61.125 8
      vertex 92 63 8
      vertex 91.924 63.8682 8
    endloop
  endfacet
  facet normal 0 0 1
    outer loop
      vertex 86.2158 59.6093 8
      vertex 92 63 8
      vertex 86.25 60 8
    endloop
  endfacet
  facet normal 0 0 1
    outer loop
      vertex 85.7236 61.4463 8
      vertex 91.924 63.8682 8
      vertex 91.6985 64.7101 8
    endloop
  endfacet
  facet normal 0 0 1
    outer loop
      vertex 86.1143 59.2305 8
      vertex 92 63 8
      vertex 86.2158 59.6093 8
    endloop
  endfacet
  facet normal 0 0 1
    outer loop
      vertex 85.7236 61.4463 8
      vertex 91.6985 64.7101 8
      vertex 91.3301 65.5 8
    endloop
  endfacet
  facet normal -0 0 1
    outer loop
      vertex 86.2158 7.60929 8
      vertex 92 5 8
      vertex 86.25 8 8
    endloop
  endfacet
  facet normal 0 0 1
    outer loop
      vertex 85.7236 61.4463 8
      vertex 91.3301 65.5 8
      vertex 90.8302 66.2139 8
    endloop
  endfacet
  facet normal -0 0 1
    outer loop
      vertex 86.1143 7.23045 8
      vertex 92 5 8
      vertex 86.2158 7.60929 8
    endloop
  endfacet
  facet normal 0 0 1
    outer loop
      vertex 85.7236 61.4463 8
      vertex 90.8302 66.2139 8
      vertex 90.2139 66.8302 8
    endloop
  endfacet
  facet normal -0 0 1
    outer loop
      vertex 85.9486 6.875 8
      vertex 92 5 8
      vertex 86.1143 7.23045 8
    endloop
  endfacet
  facet normal 0 0 1
    outer loop
      vertex 85.4463 61.7236 8
      vertex 90.2139 66.8302 8
      vertex 89.5 67.3301 8
    endloop
  endfacet
  facet normal 0 0 1
    outer loop
      vertex 92 5 8
      vertex 85.9486 6.875 8
      vertex 91.924 4.13176 8
    endloop
  endfacet
  facet normal 0 0 1
    outer loop
      vertex 85.4463 61.7236 8
      vertex 89.5 67.3301 8
      vertex 88.7101 67.6985 8
    endloop
  endfacet
  facet normal -0 0 1
    outer loop
      vertex 85.7236 6.55373 8
      vertex 91.924 4.13176 8
      vertex 85.9486 6.875 8
    endloop
  endfacet
  facet normal 0 0 1
    outer loop
      vertex 85.4463 61.7236 8
      vertex 88.7101 67.6985 8
      vertex 87.8682 67.924 8
    endloop
  endfacet
  facet normal 0 0 1
    outer loop
      vertex 91.924 4.13176 8
      vertex 85.7236 6.55373 8
      vertex 91.6985 3.2899 8
    endloop
  endfacet
  facet normal 0 0 1
    outer loop
      vertex 85.125 61.9486 8
      vertex 87.8682 67.924 8
      vertex 87 68 8
    endloop
  endfacet
  facet normal 0 0 1
    outer loop
      vertex 91.6985 3.2899 8
      vertex 85.7236 6.55373 8
      vertex 91.3301 2.5 8
    endloop
  endfacet
  facet normal 0 0 1
    outer loop
      vertex 91.3301 2.5 8
      vertex 85.7236 6.55373 8
      vertex 90.8302 1.78606 8
    endloop
  endfacet
  facet normal 0 0 1
    outer loop
      vertex 92 63 8
      vertex 86.2158 60.3907 8
      vertex 86.25 60 8
    endloop
  endfacet
  facet normal 0 0 1
    outer loop
      vertex 92 63 8
      vertex 86.1143 60.7695 8
      vertex 86.2158 60.3907 8
    endloop
  endfacet
  facet normal 0 0 1
    outer loop
      vertex 92 63 8
      vertex 85.9486 61.125 8
      vertex 86.1143 60.7695 8
    endloop
  endfacet
  facet normal 0 0 1
    outer loop
      vertex 91.924 63.8682 8
      vertex 85.7236 61.4463 8
      vertex 85.9486 61.125 8
    endloop
  endfacet
  facet normal 0 0 1
    outer loop
      vertex 90.2139 66.8302 8
      vertex 85.4463 61.7236 8
      vertex 85.7236 61.4463 8
    endloop
  endfacet
  facet normal 0 0 1
    outer loop
      vertex 87.8682 67.924 8
      vertex 85.125 61.9486 8
      vertex 85.4463 61.7236 8
    endloop
  endfacet
  facet normal 0 0 1
    outer loop
      vertex 87 68 8
      vertex 84.7695 62.1143 8
      vertex 85.125 61.9486 8
    endloop
  endfacet
  facet normal 0 0 1
    outer loop
      vertex 87 68 8
      vertex 84.3907 62.2158 8
      vertex 84.7695 62.1143 8
    endloop
  endfacet
  facet normal 0 0 1
    outer loop
      vertex 87 68 8
      vertex 84 62.25 8
      vertex 84.3907 62.2158 8
    endloop
  endfacet
  facet normal 0 0 1
    outer loop
      vertex 87 68 8
      vertex 83.6093 62.2158 8
      vertex 84 62.25 8
    endloop
  endfacet
  facet normal 0 0 1
    outer loop
      vertex 87 68 8
      vertex 83.2305 62.1143 8
      vertex 83.6093 62.2158 8
    endloop
  endfacet
  facet normal 0 0 1
    outer loop
      vertex 87 68 8
      vertex 82.875 61.9486 8
      vertex 83.2305 62.1143 8
    endloop
  endfacet
  facet normal 0 0 1
    outer loop
      vertex 87 68 8
      vertex 82.5537 61.7236 8
      vertex 82.875 61.9486 8
    endloop
  endfacet
  facet normal 0 0 1
    outer loop
      vertex 87 68 8
      vertex 82.2764 61.4463 8
      vertex 82.5537 61.7236 8
    endloop
  endfacet
  facet normal 0 0 1
    outer loop
      vertex 81.7842 59.6093 8
      vertex 11 46.5 8
      vertex 81 46.5 8
    endloop
  endfacet
  facet normal 0 0 1
    outer loop
      vertex 10.25 60 8
      vertex 81.75 60 8
      vertex 81.7842 60.3907 8
    endloop
  endfacet
  facet normal 0 0 1
    outer loop
      vertex 10.2158 60.3907 8
      vertex 81.7842 60.3907 8
      vertex 81.8857 60.7695 8
    endloop
  endfacet
  facet normal 0 0 1
    outer loop
      vertex 10.1143 60.7695 8
      vertex 81.8857 60.7695 8
      vertex 82.0514 61.125 8
    endloop
  endfacet
  facet normal 0 0 1
    outer loop
      vertex 9.94856 61.125 8
      vertex 82.0514 61.125 8
      vertex 82.2764 61.4463 8
    endloop
  endfacet
  facet normal 0 0 1
    outer loop
      vertex 9.7236 61.4463 8
      vertex 82.2764 61.4463 8
      vertex 87 68 8
    endloop
  endfacet
  facet normal 0 0 1
    outer loop
      vertex 81.7842 59.6093 8
      vertex 10.2158 59.6093 8
      vertex 11 46.5 8
    endloop
  endfacet
  facet normal 0 0 1
    outer loop
      vertex 10.2158 59.6093 8
      vertex 81.7842 59.6093 8
      vertex 10.25 60 8
    endloop
  endfacet
  facet normal 0 0 1
    outer loop
      vertex 81.7842 60.3907 8
      vertex 10.2158 60.3907 8
      vertex 10.25 60 8
    endloop
  endfacet
  facet normal 0 0 1
    outer loop
      vertex 81.8857 60.7695 8
      vertex 10.1143 60.7695 8
      vertex 10.2158 60.3907 8
    endloop
  endfacet
  facet normal 0 0 1
    outer loop
      vertex 82.0514 61.125 8
      vertex 9.94856 61.125 8
      vertex 10.1143 60.7695 8
    endloop
  endfacet
  facet normal 0 0 1
    outer loop
      vertex 82.2764 61.4463 8
      vertex 9.7236 61.4463 8
      vertex 9.94856 61.125 8
    endloop
  endfacet
  facet normal -0 0 1
    outer loop
      vertex 5 68 8
      vertex 9.7236 61.4463 8
      vertex 87 68 8
    endloop
  endfacet
  facet normal 0 0 1
    outer loop
      vertex 9.7236 61.4463 8
      vertex 5 68 8
      vertex 9.44627 61.7236 8
    endloop
  endfacet
  facet normal 0 0 1
    outer loop
      vertex 9.44627 61.7236 8
      vertex 5 68 8
      vertex 9.125 61.9486 8
    endloop
  endfacet
  facet normal 0 0 1
    outer loop
      vertex 9.125 61.9486 8
      vertex 5 68 8
      vertex 8.76954 62.1143 8
    endloop
  endfacet
  facet normal 0 0 1
    outer loop
      vertex 8.76954 62.1143 8
      vertex 5 68 8
      vertex 8.39071 62.2158 8
    endloop
  endfacet
  facet normal -0 0 1
    outer loop
      vertex 1.16978 66.2139 8
      vertex 6.2764 61.4463 8
      vertex 1.78606 66.8302 8
    endloop
  endfacet
  facet normal 0 0 1
    outer loop
      vertex 6.55373 61.7236 8
      vertex 1.78606 66.8302 8
      vertex 6.2764 61.4463 8
    endloop
  endfacet
  facet normal -0 0 1
    outer loop
      vertex 1.78606 66.8302 8
      vertex 6.55373 61.7236 8
      vertex 2.5 67.3301 8
    endloop
  endfacet
  facet normal -0 0 1
    outer loop
      vertex 2.5 67.3301 8
      vertex 6.55373 61.7236 8
      vertex 3.2899 67.6985 8
    endloop
  endfacet
  facet normal -0 0 1
    outer loop
      vertex 3.2899 67.6985 8
      vertex 6.55373 61.7236 8
      vertex 4.13176 67.924 8
    endloop
  endfacet
  facet normal 0 0 1
    outer loop
      vertex 6.875 61.9486 8
      vertex 4.13176 67.924 8
      vertex 6.55373 61.7236 8
    endloop
  endfacet
  facet normal -0 0 1
    outer loop
      vertex 4.13176 67.924 8
      vertex 6.875 61.9486 8
      vertex 5 68 8
    endloop
  endfacet
  facet normal 0 0 1
    outer loop
      vertex 7.23045 62.1143 8
      vertex 5 68 8
      vertex 6.875 61.9486 8
    endloop
  endfacet
  facet normal 0 0 1
    outer loop
      vertex 7.60929 62.2158 8
      vertex 5 68 8
      vertex 7.23045 62.1143 8
    endloop
  endfacet
  facet normal 0 0 1
    outer loop
      vertex 8 62.25 8
      vertex 5 68 8
      vertex 7.60929 62.2158 8
    endloop
  endfacet
  facet normal 0 0 1
    outer loop
      vertex 8.39071 62.2158 8
      vertex 5 68 8
      vertex 8 62.25 8
    endloop
  endfacet
  facet normal 0 0 1
    outer loop
      vertex 90.8302 1.78606 8
      vertex 85.7236 6.55373 8
      vertex 90.2139 1.16978 8
    endloop
  endfacet
  facet normal -0 0 1
    outer loop
      vertex 85.4463 6.2764 8
      vertex 90.2139 1.16978 8
      vertex 85.7236 6.55373 8
    endloop
  endfacet
  facet normal 0 0 1
    outer loop
      vertex 90.2139 1.16978 8
      vertex 85.4463 6.2764 8
      vertex 89.5 0.669872 8
    endloop
  endfacet
  facet normal 0 0 1
    outer loop
      vertex 89.5 0.669872 8
      vertex 85.4463 6.2764 8
      vertex 88.7101 0.301537 8
    endloop
  endfacet
  facet normal 0 0 1
    outer loop
      vertex 88.7101 0.301537 8
      vertex 85.4463 6.2764 8
      vertex 87.8682 0.0759611 8
    endloop
  endfacet
  facet normal -0 0 1
    outer loop
      vertex 85.125 6.05144 8
      vertex 87.8682 0.0759611 8
      vertex 85.4463 6.2764 8
    endloop
  endfacet
  facet normal 0 0 1
    outer loop
      vertex 87.8682 0.0759611 8
      vertex 85.125 6.05144 8
      vertex 87 0 8
    endloop
  endfacet
  facet normal -0 0 1
    outer loop
      vertex 84.7695 5.88569 8
      vertex 87 0 8
      vertex 85.125 6.05144 8
    endloop
  endfacet
  facet normal -0 0 1
    outer loop
      vertex 84.3907 5.78418 8
      vertex 87 0 8
      vertex 84.7695 5.88569 8
    endloop
  endfacet
  facet normal -0 0 1
    outer loop
      vertex 84 5.75 8
      vertex 87 0 8
      vertex 84.3907 5.78418 8
    endloop
  endfacet
  facet normal 0 0 1
    outer loop
      vertex 83.6093 5.78418 8
      vertex 87 0 8
      vertex 84 5.75 8
    endloop
  endfacet
  facet normal 0 0 1
    outer loop
      vertex 83.2305 5.88569 8
      vertex 87 0 8
      vertex 83.6093 5.78418 8
    endloop
  endfacet
  facet normal 0 0 1
    outer loop
      vertex 82.875 6.05144 8
      vertex 87 0 8
      vertex 83.2305 5.88569 8
    endloop
  endfacet
  facet normal 0 0 1
    outer loop
      vertex 82.5537 6.2764 8
      vertex 87 0 8
      vertex 82.875 6.05144 8
    endloop
  endfacet
  facet normal 0 0 1
    outer loop
      vertex 64 6 8
      vertex 82.5537 6.2764 8
      vertex 82.2764 6.55373 8
    endloop
  endfacet
  facet normal 0 0 1
    outer loop
      vertex 82.0514 9.125 8
      vertex 64 6 8
      vertex 81.8857 8.76954 8
    endloop
  endfacet
  facet normal 0 0 1
    outer loop
      vertex 81.8857 8.76954 8
      vertex 64 6 8
      vertex 81.7842 8.39071 8
    endloop
  endfacet
  facet normal 0 0 1
    outer loop
      vertex 81.7842 8.39071 8
      vertex 64 6 8
      vertex 81.75 8 8
    endloop
  endfacet
  facet normal 0 0 1
    outer loop
      vertex 81.75 8 8
      vertex 64 6 8
      vertex 81.7842 7.60929 8
    endloop
  endfacet
  facet normal 0 0 1
    outer loop
      vertex 81.7842 7.60929 8
      vertex 64 6 8
      vertex 81.8857 7.23045 8
    endloop
  endfacet
  facet normal 0 0 1
    outer loop
      vertex 81.8857 7.23045 8
      vertex 64 6 8
      vertex 82.0514 6.875 8
    endloop
  endfacet
  facet normal 0 0 1
    outer loop
      vertex 82.0514 6.875 8
      vertex 64 6 8
      vertex 82.2764 6.55373 8
    endloop
  endfacet
  facet normal 0 0 1
    outer loop
      vertex 82.5537 6.2764 8
      vertex 64 6 8
      vertex 87 0 8
    endloop
  endfacet
  facet normal -0 0 1
    outer loop
      vertex 56 6 8
      vertex 87 0 8
      vertex 64 6 8
    endloop
  endfacet
  facet normal 0 0 1
    outer loop
      vertex 36 6 8
      vertex 56 6 8
      vertex 36 21.5 8
    endloop
  endfacet
  facet normal -0 0 1
    outer loop
      vertex 36 6 8
      vertex 87 0 8
      vertex 56 6 8
    endloop
  endfacet
  facet normal 0 0 1
    outer loop
      vertex 5 0 8
      vertex 36 6 8
      vertex 28 6 8
    endloop
  endfacet
  facet normal 0 0 1
    outer loop
      vertex 28 21.5 8
      vertex 10.25 8 8
      vertex 28 6 8
    endloop
  endfacet
  facet normal -0 0 1
    outer loop
      vertex 10.2158 7.60929 8
      vertex 28 6 8
      vertex 10.25 8 8
    endloop
  endfacet
  facet normal -0 0 1
    outer loop
      vertex 10.1143 7.23045 8
      vertex 28 6 8
      vertex 10.2158 7.60929 8
    endloop
  endfacet
  facet normal -0 0 1
    outer loop
      vertex 9.94856 6.875 8
      vertex 28 6 8
      vertex 10.1143 7.23045 8
    endloop
  endfacet
  facet normal -0 0 1
    outer loop
      vertex 9.7236 6.55373 8
      vertex 28 6 8
      vertex 9.94856 6.875 8
    endloop
  endfacet
  facet normal -0 0 1
    outer loop
      vertex 9.44627 6.2764 8
      vertex 28 6 8
      vertex 9.7236 6.55373 8
    endloop
  endfacet
  facet normal 0 0 1
    outer loop
      vertex 28 6 8
      vertex 9.44627 6.2764 8
      vertex 5 0 8
    endloop
  endfacet
  facet normal 0 0 1
    outer loop
      vertex 5 0 8
      vertex 9.44627 6.2764 8
      vertex 9.125 6.05144 8
    endloop
  endfacet
  facet normal 0 0 1
    outer loop
      vertex 5 0 8
      vertex 9.125 6.05144 8
      vertex 8.76954 5.88569 8
    endloop
  endfacet
  facet normal 0 0 1
    outer loop
      vertex 5 0 8
      vertex 8.76954 5.88569 8
      vertex 8.39071 5.78418 8
    endloop
  endfacet
  facet normal 0 0 1
    outer loop
      vertex 5 0 8
      vertex 8.39071 5.78418 8
      vertex 8 5.75 8
    endloop
  endfacet
  facet normal 0 0 1
    outer loop
      vertex 36 6 8
      vertex 5 0 8
      vertex 87 0 8
    endloop
  endfacet
  facet normal 0 0 1
    outer loop
      vertex 7.60929 5.78418 8
      vertex 5 0 8
      vertex 8 5.75 8
    endloop
  endfacet
  facet normal 0 0 1
    outer loop
      vertex 7.23045 5.88569 8
      vertex 5 0 8
      vertex 7.60929 5.78418 8
    endloop
  endfacet
  facet normal 0 0 1
    outer loop
      vertex 6.875 6.05144 8
      vertex 5 0 8
      vertex 7.23045 5.88569 8
    endloop
  endfacet
  facet normal 0 0 1
    outer loop
      vertex 4.13176 0.0759611 8
      vertex 6.875 6.05144 8
      vertex 6.55373 6.2764 8
    endloop
  endfacet
  facet normal 0 0 1
    outer loop
      vertex 1.78606 1.16978 8
      vertex 6.55373 6.2764 8
      vertex 6.2764 6.55373 8
    endloop
  endfacet
  facet normal 0 0 1
    outer loop
      vertex 0.0759611 4.13176 8
      vertex 6.2764 6.55373 8
      vertex 6.05144 6.875 8
    endloop
  endfacet
  facet normal 0 0 1
    outer loop
      vertex 0 5 8
      vertex 6.05144 6.875 8
      vertex 5.88569 7.23045 8
    endloop
  endfacet
  facet normal 0 0 1
    outer loop
      vertex 0 5 8
      vertex 5.88569 7.23045 8
      vertex 5.78418 7.60929 8
    endloop
  endfacet
  facet normal 0 0 1
    outer loop
      vertex 0 5 8
      vertex 5.78418 7.60929 8
      vertex 5.75 8 8
    endloop
  endfacet
  facet normal 0 0 1
    outer loop
      vertex 5.88569 8.76954 8
      vertex 0 5 8
      vertex 5.78418 8.39071 8
    endloop
  endfacet
  facet normal -0 0 1
    outer loop
      vertex 0.669872 65.5 8
      vertex 6.2764 61.4463 8
      vertex 1.16978 66.2139 8
    endloop
  endfacet
  facet normal 0 0 1
    outer loop
      vertex 5.78418 8.39071 8
      vertex 0 5 8
      vertex 5.75 8 8
    endloop
  endfacet
  facet normal -0 0 1
    outer loop
      vertex 0.301537 64.7101 8
      vertex 6.2764 61.4463 8
      vertex 0.669872 65.5 8
    endloop
  endfacet
  facet normal 0 0 1
    outer loop
      vertex 6.05144 6.875 8
      vertex 0 5 8
      vertex 0.0759611 4.13176 8
    endloop
  endfacet
  facet normal -0 0 1
    outer loop
      vertex 0.0759611 63.8682 8
      vertex 6.2764 61.4463 8
      vertex 0.301537 64.7101 8
    endloop
  endfacet
  facet normal 0 0 1
    outer loop
      vertex 6.875 6.05144 8
      vertex 4.13176 0.0759611 8
      vertex 5 0 8
    endloop
  endfacet
  facet normal 0 0 1
    outer loop
      vertex 6.2764 61.4463 8
      vertex 0.0759611 63.8682 8
      vertex 6.05144 61.125 8
    endloop
  endfacet
  facet normal 0 0 1
    outer loop
      vertex 6.55373 6.2764 8
      vertex 3.2899 0.301537 8
      vertex 4.13176 0.0759611 8
    endloop
  endfacet
  facet normal -0 0 1
    outer loop
      vertex 0 63 8
      vertex 6.05144 61.125 8
      vertex 0.0759611 63.8682 8
    endloop
  endfacet
  facet normal 0 0 1
    outer loop
      vertex 6.55373 6.2764 8
      vertex 2.5 0.669872 8
      vertex 3.2899 0.301537 8
    endloop
  endfacet
  facet normal 0 0 1
    outer loop
      vertex 6.05144 61.125 8
      vertex 0 63 8
      vertex 5.88569 60.7695 8
    endloop
  endfacet
  facet normal 0 0 1
    outer loop
      vertex 6.55373 6.2764 8
      vertex 1.78606 1.16978 8
      vertex 2.5 0.669872 8
    endloop
  endfacet
  facet normal 0 0 1
    outer loop
      vertex 5.88569 60.7695 8
      vertex 0 63 8
      vertex 5.78418 60.3907 8
    endloop
  endfacet
  facet normal 0 0 1
    outer loop
      vertex 6.2764 6.55373 8
      vertex 1.16978 1.78606 8
      vertex 1.78606 1.16978 8
    endloop
  endfacet
  facet normal 0 0 1
    outer loop
      vertex 5.78418 60.3907 8
      vertex 0 63 8
      vertex 5.75 60 8
    endloop
  endfacet
  facet normal 0 0 1
    outer loop
      vertex 6.2764 6.55373 8
      vertex 0.669872 2.5 8
      vertex 1.16978 1.78606 8
    endloop
  endfacet
  facet normal 0 0 1
    outer loop
      vertex 6.2764 6.55373 8
      vertex 0.301537 3.2899 8
      vertex 0.669872 2.5 8
    endloop
  endfacet
  facet normal 0 0 1
    outer loop
      vertex 6.2764 6.55373 8
      vertex 0.0759611 4.13176 8
      vertex 0.301537 3.2899 8
    endloop
  endfacet
  facet normal 0 0 1
    outer loop
      vertex 82.5537 9.7236 8
      vertex 81 21.5 8
      vertex 82.2764 9.44627 8
    endloop
  endfacet
  facet normal 0 0 1
    outer loop
      vertex 81 21.5 8
      vertex 82 24.85 8
      vertex 81 24.85 8
    endloop
  endfacet
  facet normal 0 0 1
    outer loop
      vertex 82.2764 9.44627 8
      vertex 81 21.5 8
      vertex 82.0514 9.125 8
    endloop
  endfacet
  facet normal -0 0 1
    outer loop
      vertex 64 21.5 8
      vertex 82.0514 9.125 8
      vertex 81 21.5 8
    endloop
  endfacet
  facet normal 0 0 1
    outer loop
      vertex 64 6 8
      vertex 82.0514 9.125 8
      vertex 64 21.5 8
    endloop
  endfacet
  facet normal 0.996191 -0.0872 0
    outer loop
      vertex 91.924 4.13176 8
      vertex 92 5 0
      vertex 92 5 8
    endloop
  endfacet
  facet normal 0.996191 -0.0872 0
    outer loop
      vertex 92 5 0
      vertex 91.924 4.13176 8
      vertex 91.924 4.13176 0
    endloop
  endfacet
  facet normal 0 -1 0
    outer loop
      vertex 5 0 0
      vertex 87 0 8
      vertex 5 0 8
    endloop
  endfacet
  facet normal 0 -1 -0
    outer loop
      vertex 87 0 8
      vertex 5 0 0
      vertex 87 0 0
    endloop
  endfacet
  facet normal 0.0871597 -0.996194 0
    outer loop
      vertex 87 0 0
      vertex 87.8682 0.0759611 8
      vertex 87 0 8
    endloop
  endfacet
  facet normal 0.0871597 -0.996194 0
    outer loop
      vertex 87.8682 0.0759611 8
      vertex 87 0 0
      vertex 87.8682 0.0759611 0
    endloop
  endfacet
  facet normal 0 1 -0
    outer loop
      vertex 87 68 0
      vertex 5 68 8
      vertex 87 68 8
    endloop
  endfacet
  facet normal 0 1 0
    outer loop
      vertex 5 68 8
      vertex 87 68 0
      vertex 5 68 0
    endloop
  endfacet
  facet normal -1 0 0
    outer loop
      vertex 0 5 0
      vertex 0 63 8
      vertex 0 63 0
    endloop
  endfacet
  facet normal -1 -0 0
    outer loop
      vertex 0 63 8
      vertex 0 5 0
      vertex 0 5 8
    endloop
  endfacet
  facet normal 0 0 -1
    outer loop
      vertex 10 38.4123 0
      vertex 11 43.6 0
      vertex 11 38.4123 0
    endloop
  endfacet
  facet normal 0 0 -1
    outer loop
      vertex 11 43.6 0
      vertex 10.2158 59.6093 0
      vertex 10.25 60 0
    endloop
  endfacet
  facet normal 0 0 -1
    outer loop
      vertex 11 43.6 0
      vertex 10.1143 59.2305 0
      vertex 10.2158 59.6093 0
    endloop
  endfacet
  facet normal 0 0 -1
    outer loop
      vertex 0 63 0
      vertex 11 43.6 0
      vertex 10 38.4123 0
    endloop
  endfacet
  facet normal 0 0 -1
    outer loop
      vertex 11 43.6 0
      vertex 9.94856 58.875 0
      vertex 10.1143 59.2305 0
    endloop
  endfacet
  facet normal 0 0 -1
    outer loop
      vertex 9.125 9.94856 0
      vertex 11 24.4 0
      vertex 9.44627 9.7236 0
    endloop
  endfacet
  facet normal 0 0 -1
    outer loop
      vertex 8.76954 10.1143 0
      vertex 11 24.4 0
      vertex 9.125 9.94856 0
    endloop
  endfacet
  facet normal 0 0 -1
    outer loop
      vertex 11 43.6 0
      vertex 9.7236 58.5537 0
      vertex 9.94856 58.875 0
    endloop
  endfacet
  facet normal 0 0 -1
    outer loop
      vertex 8.39071 10.2158 0
      vertex 11 24.4 0
      vertex 8.76954 10.1143 0
    endloop
  endfacet
  facet normal 0 0 -1
    outer loop
      vertex 11 43.6 0
      vertex 9.44627 58.2764 0
      vertex 9.7236 58.5537 0
    endloop
  endfacet
  facet normal 0 0 -1
    outer loop
      vertex 8 10.25 0
      vertex 11 24.4 0
      vertex 8.39071 10.2158 0
    endloop
  endfacet
  facet normal 0 0 -1
    outer loop
      vertex 11 43.6 0
      vertex 9.125 58.0514 0
      vertex 9.44627 58.2764 0
    endloop
  endfacet
  facet normal 0 0 -1
    outer loop
      vertex 7.60929 10.2158 0
      vertex 11 24.4 0
      vertex 8 10.25 0
    endloop
  endfacet
  facet normal 0 0 -1
    outer loop
      vertex 11 43.6 0
      vertex 8.76954 57.8857 0
      vertex 9.125 58.0514 0
    endloop
  endfacet
  facet normal 0 0 -1
    outer loop
      vertex 7.23045 10.1143 0
      vertex 11 24.4 0
      vertex 7.60929 10.2158 0
    endloop
  endfacet
  facet normal 0 0 -1
    outer loop
      vertex 11 43.6 0
      vertex 8.39071 57.7842 0
      vertex 8.76954 57.8857 0
    endloop
  endfacet
  facet normal 0 0 -1
    outer loop
      vertex 6.875 9.94856 0
      vertex 11 24.4 0
      vertex 7.23045 10.1143 0
    endloop
  endfacet
  facet normal 0 0 -1
    outer loop
      vertex 11 43.6 0
      vertex 8 57.75 0
      vertex 8.39071 57.7842 0
    endloop
  endfacet
  facet normal 0 0 -1
    outer loop
      vertex 6.55373 9.7236 0
      vertex 11 24.4 0
      vertex 6.875 9.94856 0
    endloop
  endfacet
  facet normal 0 0 -1
    outer loop
      vertex 11 43.6 0
      vertex 7.60929 57.7842 0
      vertex 8 57.75 0
    endloop
  endfacet
  facet normal 0 0 -1
    outer loop
      vertex 6.2764 9.44627 0
      vertex 11 24.4 0
      vertex 6.55373 9.7236 0
    endloop
  endfacet
  facet normal 0 0 -1
    outer loop
      vertex 11 43.6 0
      vertex 7.23045 57.8857 0
      vertex 7.60929 57.7842 0
    endloop
  endfacet
  facet normal 0 0 -1
    outer loop
      vertex 0 5 0
      vertex 11 24.4 0
      vertex 6.2764 9.44627 0
    endloop
  endfacet
  facet normal 0 0 -1
    outer loop
      vertex 11 43.6 0
      vertex 6.875 58.0514 0
      vertex 7.23045 57.8857 0
    endloop
  endfacet
  facet normal -0 0 -1
    outer loop
      vertex 10 29.5877 0
      vertex 0 5 0
      vertex 10 38.4123 0
    endloop
  endfacet
  facet normal 0 0 -1
    outer loop
      vertex 11 43.6 0
      vertex 6.55373 58.2764 0
      vertex 6.875 58.0514 0
    endloop
  endfacet
  facet normal -0 0 -1
    outer loop
      vertex 11 24.4 0
      vertex 0 5 0
      vertex 10 29.5877 0
    endloop
  endfacet
  facet normal 0 0 -1
    outer loop
      vertex 0 63 0
      vertex 10 38.4123 0
      vertex 0 5 0
    endloop
  endfacet
  facet normal 0 0 -1
    outer loop
      vertex 0 5 0
      vertex 6.2764 9.44627 0
      vertex 6.05144 9.125 0
    endloop
  endfacet
  facet normal 0 0 -1
    outer loop
      vertex 11 43.6 0
      vertex 0 63 0
      vertex 6.2764 58.5537 0
    endloop
  endfacet
  facet normal 0 0 -1
    outer loop
      vertex 0 5 0
      vertex 6.05144 9.125 0
      vertex 5.88569 8.76954 0
    endloop
  endfacet
  facet normal 0 0 -1
    outer loop
      vertex 11 43.6 0
      vertex 6.2764 58.5537 0
      vertex 6.55373 58.2764 0
    endloop
  endfacet
  facet normal 0 0 -1
    outer loop
      vertex 0 5 0
      vertex 5.88569 8.76954 0
      vertex 5.78418 8.39071 0
    endloop
  endfacet
  facet normal 0 0 -1
    outer loop
      vertex 6.2764 58.5537 0
      vertex 0 63 0
      vertex 6.05144 58.875 0
    endloop
  endfacet
  facet normal 0 0 -1
    outer loop
      vertex 0 5 0
      vertex 5.78418 8.39071 0
      vertex 5.75 8 0
    endloop
  endfacet
  facet normal 0 0 -1
    outer loop
      vertex 6.05144 58.875 0
      vertex 0 63 0
      vertex 5.88569 59.2305 0
    endloop
  endfacet
  facet normal 0 0 -1
    outer loop
      vertex 10.1143 8.76954 0
      vertex 11 24.4 0
      vertex 10.2158 8.39071 0
    endloop
  endfacet
  facet normal 0 0 -1
    outer loop
      vertex 9.94856 9.125 0
      vertex 11 24.4 0
      vertex 10.1143 8.76954 0
    endloop
  endfacet
  facet normal 0 0 -1
    outer loop
      vertex 9.7236 9.44627 0
      vertex 11 24.4 0
      vertex 9.94856 9.125 0
    endloop
  endfacet
  facet normal 0 0 -1
    outer loop
      vertex 9.44627 9.7236 0
      vertex 11 24.4 0
      vertex 9.7236 9.44627 0
    endloop
  endfacet
  facet normal 0 0 -1
    outer loop
      vertex 11 24.4 0
      vertex 10 29.5877 0
      vertex 11 29.5877 0
    endloop
  endfacet
  facet normal 0 0 -1
    outer loop
      vertex 85.9486 9.125 0
      vertex 92 5 0
      vertex 86.1143 8.76954 0
    endloop
  endfacet
  facet normal 0 0 -1
    outer loop
      vertex 92 63 0
      vertex 86.2158 59.6093 0
      vertex 86.25 60 0
    endloop
  endfacet
  facet normal 0 0 -1
    outer loop
      vertex 92 5 0
      vertex 82 29.5877 0
      vertex 92 63 0
    endloop
  endfacet
  facet normal 0 0 -1
    outer loop
      vertex 92 63 0
      vertex 86.1143 59.2305 0
      vertex 86.2158 59.6093 0
    endloop
  endfacet
  facet normal 0 0 -1
    outer loop
      vertex 85.7236 9.44627 0
      vertex 92 5 0
      vertex 85.9486 9.125 0
    endloop
  endfacet
  facet normal 0 0 -1
    outer loop
      vertex 82 38.4123 0
      vertex 92 63 0
      vertex 82 29.5877 0
    endloop
  endfacet
  facet normal 0 0 -1
    outer loop
      vertex 81 24.4 0
      vertex 92 5 0
      vertex 85.7236 9.44627 0
    endloop
  endfacet
  facet normal 0 0 -1
    outer loop
      vertex 81 43.6 0
      vertex 92 63 0
      vertex 82 38.4123 0
    endloop
  endfacet
  facet normal 0 0 -1
    outer loop
      vertex 81 24.4 0
      vertex 85.7236 9.44627 0
      vertex 85.4463 9.7236 0
    endloop
  endfacet
  facet normal 0 0 -1
    outer loop
      vertex 92 63 0
      vertex 85.9486 58.875 0
      vertex 86.1143 59.2305 0
    endloop
  endfacet
  facet normal 0 0 -1
    outer loop
      vertex 81 24.4 0
      vertex 85.4463 9.7236 0
      vertex 85.125 9.94856 0
    endloop
  endfacet
  facet normal 0 0 -1
    outer loop
      vertex 92 63 0
      vertex 85.7236 58.5537 0
      vertex 85.9486 58.875 0
    endloop
  endfacet
  facet normal 0 0 -1
    outer loop
      vertex 81 24.4 0
      vertex 85.125 9.94856 0
      vertex 84.7695 10.1143 0
    endloop
  endfacet
  facet normal 0 0 -1
    outer loop
      vertex 92 63 0
      vertex 81 43.6 0
      vertex 85.7236 58.5537 0
    endloop
  endfacet
  facet normal 0 0 -1
    outer loop
      vertex 81 24.4 0
      vertex 84.7695 10.1143 0
      vertex 84.3907 10.2158 0
    endloop
  endfacet
  facet normal 0 0 -1
    outer loop
      vertex 85.7236 58.5537 0
      vertex 81 43.6 0
      vertex 85.4463 58.2764 0
    endloop
  endfacet
  facet normal 0 0 -1
    outer loop
      vertex 81 24.4 0
      vertex 84.3907 10.2158 0
      vertex 84 10.25 0
    endloop
  endfacet
  facet normal 0 0 -1
    outer loop
      vertex 85.4463 58.2764 0
      vertex 81 43.6 0
      vertex 85.125 58.0514 0
    endloop
  endfacet
  facet normal 0 0 -1
    outer loop
      vertex 81 24.4 0
      vertex 84 10.25 0
      vertex 83.6093 10.2158 0
    endloop
  endfacet
  facet normal 0 0 -1
    outer loop
      vertex 85.125 58.0514 0
      vertex 81 43.6 0
      vertex 84.7695 57.8857 0
    endloop
  endfacet
  facet normal 0 0 -1
    outer loop
      vertex 81 24.4 0
      vertex 83.6093 10.2158 0
      vertex 83.2305 10.1143 0
    endloop
  endfacet
  facet normal 0 0 -1
    outer loop
      vertex 84.7695 57.8857 0
      vertex 81 43.6 0
      vertex 84.3907 57.7842 0
    endloop
  endfacet
  facet normal 0 0 -1
    outer loop
      vertex 81 24.4 0
      vertex 83.2305 10.1143 0
      vertex 82.875 9.94856 0
    endloop
  endfacet
  facet normal 0 0 -1
    outer loop
      vertex 84.3907 57.7842 0
      vertex 81 43.6 0
      vertex 84 57.75 0
    endloop
  endfacet
  facet normal 0 0 -1
    outer loop
      vertex 81 24.4 0
      vertex 82.875 9.94856 0
      vertex 82.5537 9.7236 0
    endloop
  endfacet
  facet normal -0 0 -1
    outer loop
      vertex 84 57.75 0
      vertex 81 43.6 0
      vertex 83.6093 57.7842 0
    endloop
  endfacet
  facet normal 0 0 -1
    outer loop
      vertex 81 24.4 0
      vertex 82.5537 9.7236 0
      vertex 82.2764 9.44627 0
    endloop
  endfacet
  facet normal -0 0 -1
    outer loop
      vertex 83.6093 57.7842 0
      vertex 81 43.6 0
      vertex 83.2305 57.8857 0
    endloop
  endfacet
  facet normal 0 0 -1
    outer loop
      vertex 81 24.4 0
      vertex 82.2764 9.44627 0
      vertex 82.0514 9.125 0
    endloop
  endfacet
  facet normal -0 0 -1
    outer loop
      vertex 83.2305 57.8857 0
      vertex 81 43.6 0
      vertex 82.875 58.0514 0
    endloop
  endfacet
  facet normal -0 0 -1
    outer loop
      vertex 82.875 58.0514 0
      vertex 81 43.6 0
      vertex 82.5537 58.2764 0
    endloop
  endfacet
  facet normal 0 0 -1
    outer loop
      vertex 81 24.4 0
      vertex 82.0514 9.125 0
      vertex 81.8857 8.76954 0
    endloop
  endfacet
  facet normal 0 0 -1
    outer loop
      vertex 81 24.4 0
      vertex 81.8857 8.76954 0
      vertex 81.7842 8.39071 0
    endloop
  endfacet
  facet normal 0 0 -1
    outer loop
      vertex 10.25 8 0
      vertex 81.7842 8.39071 0
      vertex 81.75 8 0
    endloop
  endfacet
  facet normal 0 0 -1
    outer loop
      vertex 92 5 0
      vertex 81 24.4 0
      vertex 82 29.5877 0
    endloop
  endfacet
  facet normal -0 0 -1
    outer loop
      vertex 82 29.5877 0
      vertex 81 24.4 0
      vertex 81 29.5877 0
    endloop
  endfacet
  facet normal 0 0 -1
    outer loop
      vertex 85.9486 6.875 0
      vertex 92 5 0
      vertex 91.924 4.13176 0
    endloop
  endfacet
  facet normal 0 0 -1
    outer loop
      vertex 86.2158 8.39071 0
      vertex 92 5 0
      vertex 86.25 8 0
    endloop
  endfacet
  facet normal 0 0 -1
    outer loop
      vertex 85.7236 6.55373 0
      vertex 91.924 4.13176 0
      vertex 91.6985 3.2899 0
    endloop
  endfacet
  facet normal 0 0 -1
    outer loop
      vertex 86.1143 8.76954 0
      vertex 92 5 0
      vertex 86.2158 8.39071 0
    endloop
  endfacet
  facet normal 0 0 -1
    outer loop
      vertex 85.7236 6.55373 0
      vertex 91.6985 3.2899 0
      vertex 91.3301 2.5 0
    endloop
  endfacet
  facet normal 0 0 -1
    outer loop
      vertex 86.2158 60.3907 0
      vertex 92 63 0
      vertex 86.25 60 0
    endloop
  endfacet
  facet normal 0 0 -1
    outer loop
      vertex 85.7236 6.55373 0
      vertex 91.3301 2.5 0
      vertex 90.8302 1.78606 0
    endloop
  endfacet
  facet normal 0 0 -1
    outer loop
      vertex 86.1143 60.7695 0
      vertex 92 63 0
      vertex 86.2158 60.3907 0
    endloop
  endfacet
  facet normal 0 0 -1
    outer loop
      vertex 85.7236 6.55373 0
      vertex 90.8302 1.78606 0
      vertex 90.2139 1.16978 0
    endloop
  endfacet
  facet normal 0 0 -1
    outer loop
      vertex 85.9486 61.125 0
      vertex 92 63 0
      vertex 86.1143 60.7695 0
    endloop
  endfacet
  facet normal 0 0 -1
    outer loop
      vertex 85.4463 6.2764 0
      vertex 90.2139 1.16978 0
      vertex 89.5 0.669872 0
    endloop
  endfacet
  facet normal -0 0 -1
    outer loop
      vertex 92 63 0
      vertex 85.9486 61.125 0
      vertex 91.924 63.8682 0
    endloop
  endfacet
  facet normal 0 0 -1
    outer loop
      vertex 85.4463 6.2764 0
      vertex 89.5 0.669872 0
      vertex 88.7101 0.301537 0
    endloop
  endfacet
  facet normal 0 0 -1
    outer loop
      vertex 85.7236 61.4463 0
      vertex 91.924 63.8682 0
      vertex 85.9486 61.125 0
    endloop
  endfacet
  facet normal 0 0 -1
    outer loop
      vertex 85.4463 6.2764 0
      vertex 88.7101 0.301537 0
      vertex 87.8682 0.0759611 0
    endloop
  endfacet
  facet normal -0 0 -1
    outer loop
      vertex 91.924 63.8682 0
      vertex 85.7236 61.4463 0
      vertex 91.6985 64.7101 0
    endloop
  endfacet
  facet normal 0 0 -1
    outer loop
      vertex 85.125 6.05144 0
      vertex 87.8682 0.0759611 0
      vertex 87 0 0
    endloop
  endfacet
  facet normal -0 0 -1
    outer loop
      vertex 91.6985 64.7101 0
      vertex 85.7236 61.4463 0
      vertex 91.3301 65.5 0
    endloop
  endfacet
  facet normal -0 0 -1
    outer loop
      vertex 91.3301 65.5 0
      vertex 85.7236 61.4463 0
      vertex 90.8302 66.2139 0
    endloop
  endfacet
  facet normal 0 0 -1
    outer loop
      vertex 92 5 0
      vertex 86.2158 7.60929 0
      vertex 86.25 8 0
    endloop
  endfacet
  facet normal 0 0 -1
    outer loop
      vertex 92 5 0
      vertex 86.1143 7.23045 0
      vertex 86.2158 7.60929 0
    endloop
  endfacet
  facet normal 0 0 -1
    outer loop
      vertex 92 5 0
      vertex 85.9486 6.875 0
      vertex 86.1143 7.23045 0
    endloop
  endfacet
  facet normal 0 0 -1
    outer loop
      vertex 91.924 4.13176 0
      vertex 85.7236 6.55373 0
      vertex 85.9486 6.875 0
    endloop
  endfacet
  facet normal 0 0 -1
    outer loop
      vertex 90.2139 1.16978 0
      vertex 85.4463 6.2764 0
      vertex 85.7236 6.55373 0
    endloop
  endfacet
  facet normal 0 0 -1
    outer loop
      vertex 87.8682 0.0759611 0
      vertex 85.125 6.05144 0
      vertex 85.4463 6.2764 0
    endloop
  endfacet
  facet normal 0 0 -1
    outer loop
      vertex 87 0 0
      vertex 84.7695 5.88569 0
      vertex 85.125 6.05144 0
    endloop
  endfacet
  facet normal 0 0 -1
    outer loop
      vertex 87 0 0
      vertex 84.3907 5.78418 0
      vertex 84.7695 5.88569 0
    endloop
  endfacet
  facet normal 0 0 -1
    outer loop
      vertex 87 0 0
      vertex 84 5.75 0
      vertex 84.3907 5.78418 0
    endloop
  endfacet
  facet normal 0 0 -1
    outer loop
      vertex 87 0 0
      vertex 83.6093 5.78418 0
      vertex 84 5.75 0
    endloop
  endfacet
  facet normal 0 0 -1
    outer loop
      vertex 87 0 0
      vertex 83.2305 5.88569 0
      vertex 83.6093 5.78418 0
    endloop
  endfacet
  facet normal 0 0 -1
    outer loop
      vertex 87 0 0
      vertex 82.875 6.05144 0
      vertex 83.2305 5.88569 0
    endloop
  endfacet
  facet normal 0 0 -1
    outer loop
      vertex 87 0 0
      vertex 82.5537 6.2764 0
      vertex 82.875 6.05144 0
    endloop
  endfacet
  facet normal 0 0 -1
    outer loop
      vertex 87 0 0
      vertex 82.2764 6.55373 0
      vertex 82.5537 6.2764 0
    endloop
  endfacet
  facet normal 0 0 -1
    outer loop
      vertex 81.7842 8.39071 0
      vertex 11 24.4 0
      vertex 81 24.4 0
    endloop
  endfacet
  facet normal 0 0 -1
    outer loop
      vertex 10.25 8 0
      vertex 81.75 8 0
      vertex 81.7842 7.60929 0
    endloop
  endfacet
  facet normal 0 0 -1
    outer loop
      vertex 10.2158 7.60929 0
      vertex 81.7842 7.60929 0
      vertex 81.8857 7.23045 0
    endloop
  endfacet
  facet normal 0 0 -1
    outer loop
      vertex 10.1143 7.23045 0
      vertex 81.8857 7.23045 0
      vertex 82.0514 6.875 0
    endloop
  endfacet
  facet normal 0 0 -1
    outer loop
      vertex 9.94856 6.875 0
      vertex 82.0514 6.875 0
      vertex 82.2764 6.55373 0
    endloop
  endfacet
  facet normal 0 0 -1
    outer loop
      vertex 9.7236 6.55373 0
      vertex 82.2764 6.55373 0
      vertex 87 0 0
    endloop
  endfacet
  facet normal 0 0 -1
    outer loop
      vertex 81.7842 8.39071 0
      vertex 10.2158 8.39071 0
      vertex 11 24.4 0
    endloop
  endfacet
  facet normal 0 0 -1
    outer loop
      vertex 10.2158 8.39071 0
      vertex 81.7842 8.39071 0
      vertex 10.25 8 0
    endloop
  endfacet
  facet normal 0 0 -1
    outer loop
      vertex 81.7842 7.60929 0
      vertex 10.2158 7.60929 0
      vertex 10.25 8 0
    endloop
  endfacet
  facet normal 0 0 -1
    outer loop
      vertex 81.8857 7.23045 0
      vertex 10.1143 7.23045 0
      vertex 10.2158 7.60929 0
    endloop
  endfacet
  facet normal 0 0 -1
    outer loop
      vertex 82.0514 6.875 0
      vertex 9.94856 6.875 0
      vertex 10.1143 7.23045 0
    endloop
  endfacet
  facet normal 0 0 -1
    outer loop
      vertex 82.2764 6.55373 0
      vertex 9.7236 6.55373 0
      vertex 9.94856 6.875 0
    endloop
  endfacet
  facet normal 0 0 -1
    outer loop
      vertex 5 0 0
      vertex 9.7236 6.55373 0
      vertex 87 0 0
    endloop
  endfacet
  facet normal 0 0 -1
    outer loop
      vertex 9.7236 6.55373 0
      vertex 5 0 0
      vertex 9.44627 6.2764 0
    endloop
  endfacet
  facet normal 0 0 -1
    outer loop
      vertex 9.44627 6.2764 0
      vertex 5 0 0
      vertex 9.125 6.05144 0
    endloop
  endfacet
  facet normal 0 0 -1
    outer loop
      vertex 9.125 6.05144 0
      vertex 5 0 0
      vertex 8.76954 5.88569 0
    endloop
  endfacet
  facet normal 0 0 -1
    outer loop
      vertex 8.76954 5.88569 0
      vertex 5 0 0
      vertex 8.39071 5.78418 0
    endloop
  endfacet
  facet normal 0 0 -1
    outer loop
      vertex 1.16978 1.78606 0
      vertex 6.2764 6.55373 0
      vertex 1.78606 1.16978 0
    endloop
  endfacet
  facet normal -0 0 -1
    outer loop
      vertex 6.55373 6.2764 0
      vertex 1.78606 1.16978 0
      vertex 6.2764 6.55373 0
    endloop
  endfacet
  facet normal 0 0 -1
    outer loop
      vertex 1.78606 1.16978 0
      vertex 6.55373 6.2764 0
      vertex 2.5 0.669872 0
    endloop
  endfacet
  facet normal 0 0 -1
    outer loop
      vertex 2.5 0.669872 0
      vertex 6.55373 6.2764 0
      vertex 3.2899 0.301537 0
    endloop
  endfacet
  facet normal 0 0 -1
    outer loop
      vertex 3.2899 0.301537 0
      vertex 6.55373 6.2764 0
      vertex 4.13176 0.0759611 0
    endloop
  endfacet
  facet normal -0 0 -1
    outer loop
      vertex 6.875 6.05144 0
      vertex 4.13176 0.0759611 0
      vertex 6.55373 6.2764 0
    endloop
  endfacet
  facet normal 0 0 -1
    outer loop
      vertex 4.13176 0.0759611 0
      vertex 6.875 6.05144 0
      vertex 5 0 0
    endloop
  endfacet
  facet normal -0 0 -1
    outer loop
      vertex 7.23045 5.88569 0
      vertex 5 0 0
      vertex 6.875 6.05144 0
    endloop
  endfacet
  facet normal -0 0 -1
    outer loop
      vertex 7.60929 5.78418 0
      vertex 5 0 0
      vertex 7.23045 5.88569 0
    endloop
  endfacet
  facet normal -0 0 -1
    outer loop
      vertex 8 5.75 0
      vertex 5 0 0
      vertex 7.60929 5.78418 0
    endloop
  endfacet
  facet normal 0 0 -1
    outer loop
      vertex 8.39071 5.78418 0
      vertex 5 0 0
      vertex 8 5.75 0
    endloop
  endfacet
  facet normal -0 0 -1
    outer loop
      vertex 90.8302 66.2139 0
      vertex 85.7236 61.4463 0
      vertex 90.2139 66.8302 0
    endloop
  endfacet
  facet normal 0 0 -1
    outer loop
      vertex 85.4463 61.7236 0
      vertex 90.2139 66.8302 0
      vertex 85.7236 61.4463 0
    endloop
  endfacet
  facet normal -0 0 -1
    outer loop
      vertex 90.2139 66.8302 0
      vertex 85.4463 61.7236 0
      vertex 89.5 67.3301 0
    endloop
  endfacet
  facet normal -0 0 -1
    outer loop
      vertex 89.5 67.3301 0
      vertex 85.4463 61.7236 0
      vertex 88.7101 67.6985 0
    endloop
  endfacet
  facet normal -0 0 -1
    outer loop
      vertex 88.7101 67.6985 0
      vertex 85.4463 61.7236 0
      vertex 87.8682 67.924 0
    endloop
  endfacet
  facet normal 0 0 -1
    outer loop
      vertex 85.125 61.9486 0
      vertex 87.8682 67.924 0
      vertex 85.4463 61.7236 0
    endloop
  endfacet
  facet normal -0 0 -1
    outer loop
      vertex 87.8682 67.924 0
      vertex 85.125 61.9486 0
      vertex 87 68 0
    endloop
  endfacet
  facet normal 0 0 -1
    outer loop
      vertex 84.7695 62.1143 0
      vertex 87 68 0
      vertex 85.125 61.9486 0
    endloop
  endfacet
  facet normal 0 0 -1
    outer loop
      vertex 84.3907 62.2158 0
      vertex 87 68 0
      vertex 84.7695 62.1143 0
    endloop
  endfacet
  facet normal 0 0 -1
    outer loop
      vertex 84 62.25 0
      vertex 87 68 0
      vertex 84.3907 62.2158 0
    endloop
  endfacet
  facet normal 0 0 -1
    outer loop
      vertex 83.6093 62.2158 0
      vertex 87 68 0
      vertex 84 62.25 0
    endloop
  endfacet
  facet normal 0 0 -1
    outer loop
      vertex 83.2305 62.1143 0
      vertex 87 68 0
      vertex 83.6093 62.2158 0
    endloop
  endfacet
  facet normal 0 0 -1
    outer loop
      vertex 82.875 61.9486 0
      vertex 87 68 0
      vertex 83.2305 62.1143 0
    endloop
  endfacet
  facet normal 0 0 -1
    outer loop
      vertex 82.5537 61.7236 0
      vertex 87 68 0
      vertex 82.875 61.9486 0
    endloop
  endfacet
  facet normal 0 0 -1
    outer loop
      vertex 82.2764 61.4463 0
      vertex 87 68 0
      vertex 82.5537 61.7236 0
    endloop
  endfacet
  facet normal 0 0 -1
    outer loop
      vertex 11 43.6 0
      vertex 81.7842 59.6093 0
      vertex 81 43.6 0
    endloop
  endfacet
  facet normal 0 0 -1
    outer loop
      vertex 10.25 60 0
      vertex 81.7842 59.6093 0
      vertex 11 43.6 0
    endloop
  endfacet
  facet normal 0 0 -1
    outer loop
      vertex 81.7842 59.6093 0
      vertex 10.25 60 0
      vertex 81.75 60 0
    endloop
  endfacet
  facet normal 0 0 -1
    outer loop
      vertex 81.75 60 0
      vertex 10.25 60 0
      vertex 81.7842 60.3907 0
    endloop
  endfacet
  facet normal 0 0 -1
    outer loop
      vertex 10.2158 60.3907 0
      vertex 81.7842 60.3907 0
      vertex 10.25 60 0
    endloop
  endfacet
  facet normal 0 0 -1
    outer loop
      vertex 81.7842 60.3907 0
      vertex 10.2158 60.3907 0
      vertex 81.8857 60.7695 0
    endloop
  endfacet
  facet normal 0 0 -1
    outer loop
      vertex 10.1143 60.7695 0
      vertex 81.8857 60.7695 0
      vertex 10.2158 60.3907 0
    endloop
  endfacet
  facet normal 0 0 -1
    outer loop
      vertex 81.8857 60.7695 0
      vertex 10.1143 60.7695 0
      vertex 82.0514 61.125 0
    endloop
  endfacet
  facet normal 0 0 -1
    outer loop
      vertex 9.94856 61.125 0
      vertex 82.0514 61.125 0
      vertex 10.1143 60.7695 0
    endloop
  endfacet
  facet normal 0 0 -1
    outer loop
      vertex 82.0514 61.125 0
      vertex 9.94856 61.125 0
      vertex 82.2764 61.4463 0
    endloop
  endfacet
  facet normal 0 0 -1
    outer loop
      vertex 9.7236 61.4463 0
      vertex 82.2764 61.4463 0
      vertex 9.94856 61.125 0
    endloop
  endfacet
  facet normal 0 0 -1
    outer loop
      vertex 82.2764 61.4463 0
      vertex 9.7236 61.4463 0
      vertex 87 68 0
    endloop
  endfacet
  facet normal 0 0 -1
    outer loop
      vertex 5 68 0
      vertex 9.7236 61.4463 0
      vertex 9.44627 61.7236 0
    endloop
  endfacet
  facet normal 0 0 -1
    outer loop
      vertex 5 68 0
      vertex 9.44627 61.7236 0
      vertex 9.125 61.9486 0
    endloop
  endfacet
  facet normal 0 0 -1
    outer loop
      vertex 5 68 0
      vertex 9.125 61.9486 0
      vertex 8.76954 62.1143 0
    endloop
  endfacet
  facet normal 0 0 -1
    outer loop
      vertex 5 68 0
      vertex 8.76954 62.1143 0
      vertex 8.39071 62.2158 0
    endloop
  endfacet
  facet normal 0 0 -1
    outer loop
      vertex 5 68 0
      vertex 8.39071 62.2158 0
      vertex 8 62.25 0
    endloop
  endfacet
  facet normal 0 0 -1
    outer loop
      vertex 9.7236 61.4463 0
      vertex 5 68 0
      vertex 87 68 0
    endloop
  endfacet
  facet normal 0 0 -1
    outer loop
      vertex 7.60929 62.2158 0
      vertex 5 68 0
      vertex 8 62.25 0
    endloop
  endfacet
  facet normal 0 0 -1
    outer loop
      vertex 7.23045 62.1143 0
      vertex 5 68 0
      vertex 7.60929 62.2158 0
    endloop
  endfacet
  facet normal 0 0 -1
    outer loop
      vertex 6.875 61.9486 0
      vertex 5 68 0
      vertex 7.23045 62.1143 0
    endloop
  endfacet
  facet normal 0 0 -1
    outer loop
      vertex 4.13176 67.924 0
      vertex 6.875 61.9486 0
      vertex 6.55373 61.7236 0
    endloop
  endfacet
  facet normal 0 0 -1
    outer loop
      vertex 1.78606 66.8302 0
      vertex 6.55373 61.7236 0
      vertex 6.2764 61.4463 0
    endloop
  endfacet
  facet normal 0 0 -1
    outer loop
      vertex 0.0759611 63.8682 0
      vertex 6.2764 61.4463 0
      vertex 6.05144 61.125 0
    endloop
  endfacet
  facet normal 0 0 -1
    outer loop
      vertex 0 63 0
      vertex 6.05144 61.125 0
      vertex 5.88569 60.7695 0
    endloop
  endfacet
  facet normal 0 0 -1
    outer loop
      vertex 0 63 0
      vertex 5.88569 60.7695 0
      vertex 5.78418 60.3907 0
    endloop
  endfacet
  facet normal 0 0 -1
    outer loop
      vertex 0 63 0
      vertex 5.78418 60.3907 0
      vertex 5.75 60 0
    endloop
  endfacet
  facet normal 0 0 -1
    outer loop
      vertex 5.88569 59.2305 0
      vertex 0 63 0
      vertex 5.78418 59.6093 0
    endloop
  endfacet
  facet normal 0 0 -1
    outer loop
      vertex 0.669872 2.5 0
      vertex 6.2764 6.55373 0
      vertex 1.16978 1.78606 0
    endloop
  endfacet
  facet normal 0 0 -1
    outer loop
      vertex 5.78418 59.6093 0
      vertex 0 63 0
      vertex 5.75 60 0
    endloop
  endfacet
  facet normal 0 0 -1
    outer loop
      vertex 0.301537 3.2899 0
      vertex 6.2764 6.55373 0
      vertex 0.669872 2.5 0
    endloop
  endfacet
  facet normal 0 0 -1
    outer loop
      vertex 6.05144 61.125 0
      vertex 0 63 0
      vertex 0.0759611 63.8682 0
    endloop
  endfacet
  facet normal 0 0 -1
    outer loop
      vertex 0.0759611 4.13176 0
      vertex 6.2764 6.55373 0
      vertex 0.301537 3.2899 0
    endloop
  endfacet
  facet normal 0 0 -1
    outer loop
      vertex 6.875 61.9486 0
      vertex 4.13176 67.924 0
      vertex 5 68 0
    endloop
  endfacet
  facet normal -0 0 -1
    outer loop
      vertex 6.2764 6.55373 0
      vertex 0.0759611 4.13176 0
      vertex 6.05144 6.875 0
    endloop
  endfacet
  facet normal 0 0 -1
    outer loop
      vertex 6.55373 61.7236 0
      vertex 3.2899 67.6985 0
      vertex 4.13176 67.924 0
    endloop
  endfacet
  facet normal 0 0 -1
    outer loop
      vertex 0 5 0
      vertex 6.05144 6.875 0
      vertex 0.0759611 4.13176 0
    endloop
  endfacet
  facet normal 0 0 -1
    outer loop
      vertex 6.55373 61.7236 0
      vertex 2.5 67.3301 0
      vertex 3.2899 67.6985 0
    endloop
  endfacet
  facet normal -0 0 -1
    outer loop
      vertex 6.05144 6.875 0
      vertex 0 5 0
      vertex 5.88569 7.23045 0
    endloop
  endfacet
  facet normal 0 0 -1
    outer loop
      vertex 6.55373 61.7236 0
      vertex 1.78606 66.8302 0
      vertex 2.5 67.3301 0
    endloop
  endfacet
  facet normal -0 0 -1
    outer loop
      vertex 5.88569 7.23045 0
      vertex 0 5 0
      vertex 5.78418 7.60929 0
    endloop
  endfacet
  facet normal 0 0 -1
    outer loop
      vertex 6.2764 61.4463 0
      vertex 1.16978 66.2139 0
      vertex 1.78606 66.8302 0
    endloop
  endfacet
  facet normal -0 0 -1
    outer loop
      vertex 5.78418 7.60929 0
      vertex 0 5 0
      vertex 5.75 8 0
    endloop
  endfacet
  facet normal 0 0 -1
    outer loop
      vertex 6.2764 61.4463 0
      vertex 0.669872 65.5 0
      vertex 1.16978 66.2139 0
    endloop
  endfacet
  facet normal 0 0 -1
    outer loop
      vertex 6.2764 61.4463 0
      vertex 0.301537 64.7101 0
      vertex 0.669872 65.5 0
    endloop
  endfacet
  facet normal 0 0 -1
    outer loop
      vertex 6.2764 61.4463 0
      vertex 0.0759611 63.8682 0
      vertex 0.301537 64.7101 0
    endloop
  endfacet
  facet normal -0 0 -1
    outer loop
      vertex 82.5537 58.2764 0
      vertex 81 43.6 0
      vertex 82.2764 58.5537 0
    endloop
  endfacet
  facet normal 0 0 -1
    outer loop
      vertex 81 43.6 0
      vertex 82 38.4123 0
      vertex 81 38.4123 0
    endloop
  endfacet
  facet normal -0 0 -1
    outer loop
      vertex 82.2764 58.5537 0
      vertex 81 43.6 0
      vertex 82.0514 58.875 0
    endloop
  endfacet
  facet normal -0 0 -1
    outer loop
      vertex 82.0514 58.875 0
      vertex 81 43.6 0
      vertex 81.8857 59.2305 0
    endloop
  endfacet
  facet normal -0 0 -1
    outer loop
      vertex 81.8857 59.2305 0
      vertex 81 43.6 0
      vertex 81.7842 59.6093 0
    endloop
  endfacet
  facet normal -0.996194 0.0871597 0
    outer loop
      vertex 0 63 0
      vertex 0.0759611 63.8682 8
      vertex 0.0759611 63.8682 0
    endloop
  endfacet
  facet normal -0.996194 0.0871597 0
    outer loop
      vertex 0.0759611 63.8682 8
      vertex 0 63 0
      vertex 0 63 8
    endloop
  endfacet
  facet normal 1 -0 0
    outer loop
      vertex 92 5 8
      vertex 92 63 0
      vertex 92 63 8
    endloop
  endfacet
  facet normal 1 0 0
    outer loop
      vertex 92 63 0
      vertex 92 5 8
      vertex 92 5 0
    endloop
  endfacet
  facet normal 0.573599 -0.819136 0
    outer loop
      vertex 89.5 0.669872 0
      vertex 90.2139 1.16978 8
      vertex 89.5 0.669872 8
    endloop
  endfacet
  facet normal 0.573599 -0.819136 0
    outer loop
      vertex 90.2139 1.16978 8
      vertex 89.5 0.669872 0
      vertex 90.2139 1.16978 0
    endloop
  endfacet
  facet normal -0.573578 -0.819151 0
    outer loop
      vertex 1.78606 1.16978 0
      vertex 2.5 0.669872 8
      vertex 1.78606 1.16978 8
    endloop
  endfacet
  facet normal -0.573578 -0.819151 -0
    outer loop
      vertex 2.5 0.669872 8
      vertex 1.78606 1.16978 0
      vertex 2.5 0.669872 0
    endloop
  endfacet
  facet normal -0.258819 -0.965926 0
    outer loop
      vertex 3.2899 0.301537 0
      vertex 4.13176 0.0759611 8
      vertex 3.2899 0.301537 8
    endloop
  endfacet
  facet normal -0.258819 -0.965926 -0
    outer loop
      vertex 4.13176 0.0759611 8
      vertex 3.2899 0.301537 0
      vertex 4.13176 0.0759611 0
    endloop
  endfacet
  facet normal -0.422678 0.90628 0
    outer loop
      vertex 3.2899 67.6985 0
      vertex 2.5 67.3301 8
      vertex 3.2899 67.6985 8
    endloop
  endfacet
  facet normal -0.422678 0.90628 0
    outer loop
      vertex 2.5 67.3301 8
      vertex 3.2899 67.6985 0
      vertex 2.5 67.3301 0
    endloop
  endfacet
  facet normal -0.819136 0.573599 0
    outer loop
      vertex 0.669872 65.5 0
      vertex 1.16978 66.2139 8
      vertex 1.16978 66.2139 0
    endloop
  endfacet
  facet normal -0.819136 0.573599 0
    outer loop
      vertex 1.16978 66.2139 8
      vertex 0.669872 65.5 0
      vertex 0.669872 65.5 8
    endloop
  endfacet
  facet normal -0.573572 0.819155 0
    outer loop
      vertex 2.5 67.3301 0
      vertex 1.78606 66.8302 8
      vertex 2.5 67.3301 8
    endloop
  endfacet
  facet normal -0.573572 0.819155 0
    outer loop
      vertex 1.78606 66.8302 8
      vertex 2.5 67.3301 0
      vertex 1.78606 66.8302 0
    endloop
  endfacet
  facet normal 0.707107 0.707107 0
    outer loop
      vertex 90.8302 66.2139 8
      vertex 90.2139 66.8302 0
      vertex 90.2139 66.8302 8
    endloop
  endfacet
  facet normal 0.707107 0.707107 0
    outer loop
      vertex 90.2139 66.8302 0
      vertex 90.8302 66.2139 8
      vertex 90.8302 66.2139 0
    endloop
  endfacet
  facet normal 0.707095 -0.707118 0
    outer loop
      vertex 90.2139 1.16978 0
      vertex 90.8302 1.78606 8
      vertex 90.2139 1.16978 8
    endloop
  endfacet
  facet normal 0.707095 -0.707118 0
    outer loop
      vertex 90.8302 1.78606 8
      vertex 90.2139 1.16978 0
      vertex 90.8302 1.78606 0
    endloop
  endfacet
  facet normal -0.0871557 -0.996195 0
    outer loop
      vertex 4.13176 0.0759611 0
      vertex 5 0 8
      vertex 4.13176 0.0759611 8
    endloop
  endfacet
  facet normal -0.0871557 -0.996195 -0
    outer loop
      vertex 5 0 8
      vertex 4.13176 0.0759611 0
      vertex 5 0 0
    endloop
  endfacet
  facet normal -0.819151 -0.573578 0
    outer loop
      vertex 1.16978 1.78606 0
      vertex 0.669872 2.5 8
      vertex 0.669872 2.5 0
    endloop
  endfacet
  facet normal -0.819151 -0.573578 0
    outer loop
      vertex 0.669872 2.5 8
      vertex 1.16978 1.78606 0
      vertex 1.16978 1.78606 8
    endloop
  endfacet
  facet normal -0.707107 -0.707107 0
    outer loop
      vertex 1.78606 1.16978 0
      vertex 1.16978 1.78606 8
      vertex 1.16978 1.78606 0
    endloop
  endfacet
  facet normal -0.707107 -0.707107 0
    outer loop
      vertex 1.16978 1.78606 8
      vertex 1.78606 1.16978 0
      vertex 1.78606 1.16978 8
    endloop
  endfacet
  facet normal 0.087204 0.99619 -0
    outer loop
      vertex 87.8682 67.924 0
      vertex 87 68 8
      vertex 87.8682 67.924 8
    endloop
  endfacet
  facet normal 0.087204 0.99619 0
    outer loop
      vertex 87 68 8
      vertex 87.8682 67.924 0
      vertex 87 68 0
    endloop
  endfacet
  facet normal -0.965929 0.258808 0
    outer loop
      vertex 0.0759611 63.8682 0
      vertex 0.301537 64.7101 8
      vertex 0.301537 64.7101 0
    endloop
  endfacet
  facet normal -0.965929 0.258808 0
    outer loop
      vertex 0.301537 64.7101 8
      vertex 0.0759611 63.8682 0
      vertex 0.0759611 63.8682 8
    endloop
  endfacet
  facet normal -0.906308 0.422617 0
    outer loop
      vertex 0.301537 64.7101 0
      vertex 0.669872 65.5 8
      vertex 0.669872 65.5 0
    endloop
  endfacet
  facet normal -0.906308 0.422617 0
    outer loop
      vertex 0.669872 65.5 8
      vertex 0.301537 64.7101 0
      vertex 0.301537 64.7101 8
    endloop
  endfacet
  facet normal -0.707118 0.707095 0
    outer loop
      vertex 1.16978 66.2139 0
      vertex 1.78606 66.8302 8
      vertex 1.78606 66.8302 0
    endloop
  endfacet
  facet normal -0.707118 0.707095 0
    outer loop
      vertex 1.78606 66.8302 8
      vertex 1.16978 66.2139 0
      vertex 1.16978 66.2139 8
    endloop
  endfacet
  facet normal 0.81914 0.573593 0
    outer loop
      vertex 91.3301 65.5 8
      vertex 90.8302 66.2139 0
      vertex 90.8302 66.2139 8
    endloop
  endfacet
  facet normal 0.81914 0.573593 0
    outer loop
      vertex 90.8302 66.2139 0
      vertex 91.3301 65.5 8
      vertex 91.3301 65.5 0
    endloop
  endfacet
  facet normal 0.90628 0.422678 0
    outer loop
      vertex 91.6985 64.7101 8
      vertex 91.3301 65.5 0
      vertex 91.3301 65.5 8
    endloop
  endfacet
  facet normal 0.90628 0.422678 0
    outer loop
      vertex 91.3301 65.5 0
      vertex 91.6985 64.7101 8
      vertex 91.6985 64.7101 0
    endloop
  endfacet
  facet normal 0.965951 0.258727 0
    outer loop
      vertex 91.924 63.8682 8
      vertex 91.6985 64.7101 0
      vertex 91.6985 64.7101 8
    endloop
  endfacet
  facet normal 0.965951 0.258727 0
    outer loop
      vertex 91.6985 64.7101 0
      vertex 91.924 63.8682 8
      vertex 91.924 63.8682 0
    endloop
  endfacet
  facet normal 0.99619 0.087204 0
    outer loop
      vertex 92 63 8
      vertex 91.924 63.8682 0
      vertex 91.924 63.8682 8
    endloop
  endfacet
  facet normal 0.99619 0.087204 0
    outer loop
      vertex 91.924 63.8682 0
      vertex 92 63 8
      vertex 92 63 0
    endloop
  endfacet
  facet normal 0.422617 -0.906308 0
    outer loop
      vertex 88.7101 0.301537 0
      vertex 89.5 0.669872 8
      vertex 88.7101 0.301537 8
    endloop
  endfacet
  facet normal 0.422617 -0.906308 0
    outer loop
      vertex 89.5 0.669872 8
      vertex 88.7101 0.301537 0
      vertex 89.5 0.669872 0
    endloop
  endfacet
  facet normal 0.258808 -0.965929 0
    outer loop
      vertex 87.8682 0.0759611 0
      vertex 88.7101 0.301537 8
      vertex 87.8682 0.0759611 8
    endloop
  endfacet
  facet normal 0.258808 -0.965929 0
    outer loop
      vertex 88.7101 0.301537 8
      vertex 87.8682 0.0759611 0
      vertex 88.7101 0.301537 0
    endloop
  endfacet
  facet normal -0.422617 -0.906308 0
    outer loop
      vertex 2.5 0.669872 0
      vertex 3.2899 0.301537 8
      vertex 2.5 0.669872 8
    endloop
  endfacet
  facet normal -0.422617 -0.906308 -0
    outer loop
      vertex 3.2899 0.301537 8
      vertex 2.5 0.669872 0
      vertex 3.2899 0.301537 0
    endloop
  endfacet
  facet normal -0.906308 -0.422617 0
    outer loop
      vertex 0.669872 2.5 0
      vertex 0.301537 3.2899 8
      vertex 0.301537 3.2899 0
    endloop
  endfacet
  facet normal -0.906308 -0.422617 0
    outer loop
      vertex 0.301537 3.2899 8
      vertex 0.669872 2.5 0
      vertex 0.669872 2.5 8
    endloop
  endfacet
  facet normal -0.965926 -0.258819 0
    outer loop
      vertex 0.301537 3.2899 0
      vertex 0.0759611 4.13176 8
      vertex 0.0759611 4.13176 0
    endloop
  endfacet
  facet normal -0.965926 -0.258819 0
    outer loop
      vertex 0.0759611 4.13176 8
      vertex 0.301537 3.2899 0
      vertex 0.301537 3.2899 8
    endloop
  endfacet
  facet normal 0.422678 0.90628 -0
    outer loop
      vertex 89.5 67.3301 0
      vertex 88.7101 67.6985 8
      vertex 89.5 67.3301 8
    endloop
  endfacet
  facet normal 0.422678 0.90628 0
    outer loop
      vertex 88.7101 67.6985 8
      vertex 89.5 67.3301 0
      vertex 88.7101 67.6985 0
    endloop
  endfacet
  facet normal 0.573593 0.81914 -0
    outer loop
      vertex 90.2139 66.8302 0
      vertex 89.5 67.3301 8
      vertex 90.2139 66.8302 8
    endloop
  endfacet
  facet normal 0.573593 0.81914 0
    outer loop
      vertex 89.5 67.3301 8
      vertex 90.2139 66.8302 0
      vertex 89.5 67.3301 0
    endloop
  endfacet
  facet normal 0.258727 0.965951 -0
    outer loop
      vertex 88.7101 67.6985 0
      vertex 87.8682 67.924 8
      vertex 88.7101 67.6985 8
    endloop
  endfacet
  facet normal 0.258727 0.965951 0
    outer loop
      vertex 87.8682 67.924 8
      vertex 88.7101 67.6985 0
      vertex 87.8682 67.924 0
    endloop
  endfacet
  facet normal -0.258738 0.965948 0
    outer loop
      vertex 4.13176 67.924 0
      vertex 3.2899 67.6985 8
      vertex 4.13176 67.924 8
    endloop
  endfacet
  facet normal -0.258738 0.965948 0
    outer loop
      vertex 3.2899 67.6985 8
      vertex 4.13176 67.924 0
      vertex 3.2899 67.6985 0
    endloop
  endfacet
  facet normal -0.0872 0.996191 0
    outer loop
      vertex 5 68 0
      vertex 4.13176 67.924 8
      vertex 5 68 8
    endloop
  endfacet
  facet normal -0.0872 0.996191 0
    outer loop
      vertex 4.13176 67.924 8
      vertex 5 68 0
      vertex 4.13176 67.924 0
    endloop
  endfacet
  facet normal 0.965948 -0.258738 0
    outer loop
      vertex 91.6985 3.2899 8
      vertex 91.924 4.13176 0
      vertex 91.924 4.13176 8
    endloop
  endfacet
  facet normal 0.965948 -0.258738 0
    outer loop
      vertex 91.924 4.13176 0
      vertex 91.6985 3.2899 8
      vertex 91.6985 3.2899 0
    endloop
  endfacet
  facet normal 0.90628 -0.422678 0
    outer loop
      vertex 91.3301 2.5 8
      vertex 91.6985 3.2899 0
      vertex 91.6985 3.2899 8
    endloop
  endfacet
  facet normal 0.90628 -0.422678 0
    outer loop
      vertex 91.6985 3.2899 0
      vertex 91.3301 2.5 8
      vertex 91.3301 2.5 0
    endloop
  endfacet
  facet normal 0.819155 -0.573572 0
    outer loop
      vertex 90.8302 1.78606 8
      vertex 91.3301 2.5 0
      vertex 91.3301 2.5 8
    endloop
  endfacet
  facet normal 0.819155 -0.573572 0
    outer loop
      vertex 91.3301 2.5 0
      vertex 90.8302 1.78606 8
      vertex 90.8302 1.78606 0
    endloop
  endfacet
  facet normal -1 0 0
    outer loop
      vertex 11 38.4123 0
      vertex 11 43.5756 -0.0348444
      vertex 11 42.0348 -1.57555
    endloop
  endfacet
  facet normal -1 0 0
    outer loop
      vertex 11 38.4123 0
      vertex 11 42.0348 -1.57555
      vertex 11 40.25 -2.82532
    endloop
  endfacet
  facet normal -1 0 0
    outer loop
      vertex 11 43.5756 -0.0348444
      vertex 11 38.4123 0
      vertex 11 43.6 0
    endloop
  endfacet
  facet normal -1 0 0
    outer loop
      vertex 11 38.2753 -3.74616
      vertex 11 38.4123 0
      vertex 11 40.25 -2.82532
    endloop
  endfacet
  facet normal -1 0 0
    outer loop
      vertex 11 38.2753 -3.74616
      vertex 11 37.1295 -0.598187
      vertex 11 38.4123 0
    endloop
  endfacet
  facet normal -1 0 0
    outer loop
      vertex 11 36.1706 -4.3101
      vertex 11 37.1295 -0.598187
      vertex 11 38.2753 -3.74616
    endloop
  endfacet
  facet normal -1 0 0
    outer loop
      vertex 11 36.1706 -4.3101
      vertex 11 35.5889 -1.01099
      vertex 11 37.1295 -0.598187
    endloop
  endfacet
  facet normal -1 0 0
    outer loop
      vertex 11 34 -4.5
      vertex 11 35.5889 -1.01099
      vertex 11 36.1706 -4.3101
    endloop
  endfacet
  facet normal -1 0 0
    outer loop
      vertex 11 34 -4.5
      vertex 11 34 -1.15
      vertex 11 35.5889 -1.01099
    endloop
  endfacet
  facet normal -1 0 0
    outer loop
      vertex 11 34 -4.5
      vertex 11 32.4111 -1.01099
      vertex 11 34 -1.15
    endloop
  endfacet
  facet normal -1 0 0
    outer loop
      vertex 11 31.8294 -4.3101
      vertex 11 32.4111 -1.01099
      vertex 11 34 -4.5
    endloop
  endfacet
  facet normal -1 0 0
    outer loop
      vertex 11 31.8294 -4.3101
      vertex 11 30.8705 -0.598187
      vertex 11 32.4111 -1.01099
    endloop
  endfacet
  facet normal -1 0 0
    outer loop
      vertex 11 29.7247 -3.74616
      vertex 11 30.8705 -0.598187
      vertex 11 31.8294 -4.3101
    endloop
  endfacet
  facet normal -1 0 0
    outer loop
      vertex 11 29.7247 -3.74616
      vertex 11 29.5877 0
      vertex 11 30.8705 -0.598187
    endloop
  endfacet
  facet normal -1 0 0
    outer loop
      vertex 11 27.75 -2.82532
      vertex 11 29.5877 0
      vertex 11 29.7247 -3.74616
    endloop
  endfacet
  facet normal -1 0 0
    outer loop
      vertex 11 25.9652 -1.57555
      vertex 11 29.5877 0
      vertex 11 27.75 -2.82532
    endloop
  endfacet
  facet normal -1 0 0
    outer loop
      vertex 11 24.4244 -0.0348444
      vertex 11 29.5877 0
      vertex 11 25.9652 -1.57555
    endloop
  endfacet
  facet normal -1 -0 0
    outer loop
      vertex 11 29.5877 0
      vertex 11 24.4244 -0.0348444
      vertex 11 24.4 0
    endloop
  endfacet
  facet normal -1 0 0
    outer loop
      vertex 11 43.011 9.58888
      vertex 11 46.3101 10.1706
      vertex 11 46.5 8
    endloop
  endfacet
  facet normal -1 -0 0
    outer loop
      vertex 11 46.3101 10.1706
      vertex 11 43.011 9.58888
      vertex 11 45.7462 12.2753
    endloop
  endfacet
  facet normal -1 -0 0
    outer loop
      vertex 11 45.7462 12.2753
      vertex 11 42.5982 11.1295
      vertex 11 44.8253 14.25
    endloop
  endfacet
  facet normal -1 0 0
    outer loop
      vertex 11 43.011 9.58888
      vertex 11 46.5 8
      vertex 11 43.15 8
    endloop
  endfacet
  facet normal -1 0 0
    outer loop
      vertex 11 45.7462 12.2753
      vertex 11 43.011 9.58888
      vertex 11 42.5982 11.1295
    endloop
  endfacet
  facet normal -1 0 0
    outer loop
      vertex 11 41.9241 12.575
      vertex 11 44.8253 14.25
      vertex 11 42.5982 11.1295
    endloop
  endfacet
  facet normal -1 -0 0
    outer loop
      vertex 11 44.8253 14.25
      vertex 11 41.9241 12.575
      vertex 11 43.5756 16.0348
    endloop
  endfacet
  facet normal -1 0 0
    outer loop
      vertex 11 41.0093 13.8815
      vertex 11 43.5756 16.0348
      vertex 11 41.9241 12.575
    endloop
  endfacet
  facet normal -1 -0 0
    outer loop
      vertex 11 43.5756 16.0348
      vertex 11 41.0093 13.8815
      vertex 11 42.0348 17.5756
    endloop
  endfacet
  facet normal -1 0 0
    outer loop
      vertex 11 39.8815 15.0093
      vertex 11 42.0348 17.5756
      vertex 11 41.0093 13.8815
    endloop
  endfacet
  facet normal -1 -0 0
    outer loop
      vertex 11 42.0348 17.5756
      vertex 11 39.8815 15.0093
      vertex 11 40.25 18.8253
    endloop
  endfacet
  facet normal -1 0 0
    outer loop
      vertex 11 38.575 15.9241
      vertex 11 40.25 18.8253
      vertex 11 39.8815 15.0093
    endloop
  endfacet
  facet normal -1 0 0
    outer loop
      vertex 11 38.575 15.9241
      vertex 11 38.2753 19.7462
      vertex 11 40.25 18.8253
    endloop
  endfacet
  facet normal -1 0 0
    outer loop
      vertex 11 37.1295 16.5982
      vertex 11 38.2753 19.7462
      vertex 11 38.575 15.9241
    endloop
  endfacet
  facet normal -1 0 0
    outer loop
      vertex 11 37.1295 16.5982
      vertex 11 36.1706 20.3101
      vertex 11 38.2753 19.7462
    endloop
  endfacet
  facet normal -1 0 0
    outer loop
      vertex 11 35.5889 17.011
      vertex 11 36.1706 20.3101
      vertex 11 37.1295 16.5982
    endloop
  endfacet
  facet normal -1 0 0
    outer loop
      vertex 11 34 17.15
      vertex 11 36.1706 20.3101
      vertex 11 35.5889 17.011
    endloop
  endfacet
  facet normal -1 0 0
    outer loop
      vertex 11 34 17.15
      vertex 11 34 20.5
      vertex 11 36.1706 20.3101
    endloop
  endfacet
  facet normal -1 0 0
    outer loop
      vertex 11 32.4111 17.011
      vertex 11 34 20.5
      vertex 11 34 17.15
    endloop
  endfacet
  facet normal -1 0 0
    outer loop
      vertex 11 32.4111 17.011
      vertex 11 31.8294 20.3101
      vertex 11 34 20.5
    endloop
  endfacet
  facet normal -1 0 0
    outer loop
      vertex 11 30.8705 16.5982
      vertex 11 31.8294 20.3101
      vertex 11 32.4111 17.011
    endloop
  endfacet
  facet normal -1 0 0
    outer loop
      vertex 11 30.8705 16.5982
      vertex 11 29.7247 19.7462
      vertex 11 31.8294 20.3101
    endloop
  endfacet
  facet normal -1 0 0
    outer loop
      vertex 11 29.425 15.9241
      vertex 11 29.7247 19.7462
      vertex 11 30.8705 16.5982
    endloop
  endfacet
  facet normal -1 0 0
    outer loop
      vertex 11 27.75 18.8253
      vertex 11 29.425 15.9241
      vertex 11 28.1185 15.0093
    endloop
  endfacet
  facet normal -1 0 0
    outer loop
      vertex 11 29.425 15.9241
      vertex 11 27.75 18.8253
      vertex 11 29.7247 19.7462
    endloop
  endfacet
  facet normal -1 0 0
    outer loop
      vertex 11 25.9652 17.5756
      vertex 11 28.1185 15.0093
      vertex 11 26.9907 13.8815
    endloop
  endfacet
  facet normal -1 0 0
    outer loop
      vertex 11 24.4244 16.0348
      vertex 11 26.9907 13.8815
      vertex 11 26.0759 12.575
    endloop
  endfacet
  facet normal -1 0 0
    outer loop
      vertex 11 28.1185 15.0093
      vertex 11 25.9652 17.5756
      vertex 11 27.75 18.8253
    endloop
  endfacet
  facet normal -1 0 0
    outer loop
      vertex 11 23.1747 14.25
      vertex 11 26.0759 12.575
      vertex 11 25.4018 11.1295
    endloop
  endfacet
  facet normal -1 0 0
    outer loop
      vertex 11 22.2538 12.2753
      vertex 11 25.4018 11.1295
      vertex 11 24.989 9.58888
    endloop
  endfacet
  facet normal -1 0 0
    outer loop
      vertex 11 26.9907 13.8815
      vertex 11 24.4244 16.0348
      vertex 11 25.9652 17.5756
    endloop
  endfacet
  facet normal -1 0 0
    outer loop
      vertex 11 21.6899 10.1706
      vertex 11 24.989 9.58888
      vertex 11 24.85 8
    endloop
  endfacet
  facet normal -1 0 0
    outer loop
      vertex 11 26.0759 12.575
      vertex 11 23.1747 14.25
      vertex 11 24.4244 16.0348
    endloop
  endfacet
  facet normal -1 0 0
    outer loop
      vertex 11 25.4018 11.1295
      vertex 11 22.2538 12.2753
      vertex 11 23.1747 14.25
    endloop
  endfacet
  facet normal -1 0 0
    outer loop
      vertex 11 24.989 9.58888
      vertex 11 21.6899 10.1706
      vertex 11 22.2538 12.2753
    endloop
  endfacet
  facet normal -1 0 -0
    outer loop
      vertex 11 21.6899 10.1706
      vertex 11 24.85 8
      vertex 11 21.5 8
    endloop
  endfacet
  facet normal 0 -0.0871544 -0.996195
    outer loop
      vertex 11 31.8294 -4.3101
      vertex 81 34 -4.5
      vertex 81 31.8294 -4.3101
    endloop
  endfacet
  facet normal -0 -0.0871544 -0.996195
    outer loop
      vertex 81 34 -4.5
      vertex 11 31.8294 -4.3101
      vertex 11 34 -4.5
    endloop
  endfacet
  facet normal 0 -0.996195 0.0871544
    outer loop
      vertex 11 21.5 8
      vertex 28 21.6899 10.1706
      vertex 11 21.6899 10.1706
    endloop
  endfacet
  facet normal 0 -0.996195 0.0871544
    outer loop
      vertex 28 21.6899 10.1706
      vertex 11 21.5 8
      vertex 28 21.5 8
    endloop
  endfacet
  facet normal 0 -0.996195 0.0871544
    outer loop
      vertex 64 21.5 8
      vertex 81 21.6899 10.1706
      vertex 64 21.6899 10.1706
    endloop
  endfacet
  facet normal 0 -0.996195 0.0871544
    outer loop
      vertex 81 21.6899 10.1706
      vertex 64 21.5 8
      vertex 81 21.5 8
    endloop
  endfacet
  facet normal 0 -0.996195 0.0871544
    outer loop
      vertex 36 21.5 8
      vertex 56 21.6899 10.1706
      vertex 36 21.6899 10.1706
    endloop
  endfacet
  facet normal 0 -0.996195 0.0871544
    outer loop
      vertex 56 21.6899 10.1706
      vertex 36 21.5 8
      vertex 56 21.5 8
    endloop
  endfacet
  facet normal 0 0.906293 0.422649
    outer loop
      vertex 81 45.7462 12.2753
      vertex 11 44.8253 14.25
      vertex 81 44.8253 14.25
    endloop
  endfacet
  facet normal 0 0.906293 0.422649
    outer loop
      vertex 11 44.8253 14.25
      vertex 81 45.7462 12.2753
      vertex 11 45.7462 12.2753
    endloop
  endfacet
  facet normal -0 0.258796 0.965932
    outer loop
      vertex 11 38.2753 19.7462
      vertex 81 36.1706 20.3101
      vertex 81 38.2753 19.7462
    endloop
  endfacet
  facet normal 0 0.258796 0.965932
    outer loop
      vertex 81 36.1706 20.3101
      vertex 11 38.2753 19.7462
      vertex 11 36.1706 20.3101
    endloop
  endfacet
  facet normal 0 -0.965925 0.258821
    outer loop
      vertex 36 21.6899 10.1706
      vertex 56 22 11.3279
      vertex 36 22 11.3279
    endloop
  endfacet
  facet normal 0 -0.965925 0.258821
    outer loop
      vertex 56 22 11.3279
      vertex 36 21.6899 10.1706
      vertex 56 21.6899 10.1706
    endloop
  endfacet
  facet normal 0 -0.96594 0.258767
    outer loop
      vertex 36 22 11.3279
      vertex 11 22.2538 12.2753
      vertex 28 22 11.3279
    endloop
  endfacet
  facet normal 1.78177e-06 -0.965932 0.258796
    outer loop
      vertex 11 21.6899 10.1706
      vertex 28 22 11.3279
      vertex 11 22.2538 12.2753
    endloop
  endfacet
  facet normal 0 -0.965925 0.258821
    outer loop
      vertex 28 22 11.3279
      vertex 11 21.6899 10.1706
      vertex 28 21.6899 10.1706
    endloop
  endfacet
  facet normal 0 -0.96594 0.258767
    outer loop
      vertex 11 22.2538 12.2753
      vertex 36 22 11.3279
      vertex 81 22.2538 12.2753
    endloop
  endfacet
  facet normal 0 -0.96594 0.258767
    outer loop
      vertex 56 22 11.3279
      vertex 81 22.2538 12.2753
      vertex 36 22 11.3279
    endloop
  endfacet
  facet normal 0 -0.96594 0.258767
    outer loop
      vertex 64 22 11.3279
      vertex 81 22.2538 12.2753
      vertex 56 22 11.3279
    endloop
  endfacet
  facet normal 0 -0.965925 0.258821
    outer loop
      vertex 81 21.6899 10.1706
      vertex 64 22 11.3279
      vertex 64 21.6899 10.1706
    endloop
  endfacet
  facet normal -1.78177e-06 -0.965932 0.258796
    outer loop
      vertex 64 22 11.3279
      vertex 81 21.6899 10.1706
      vertex 81 22.2538 12.2753
    endloop
  endfacet
  facet normal 0 -0.573567 0.819159
    outer loop
      vertex 11 27.75 18.8253
      vertex 81 25.9652 17.5756
      vertex 81 27.75 18.8253
    endloop
  endfacet
  facet normal 0 -0.573567 0.819159
    outer loop
      vertex 81 25.9652 17.5756
      vertex 11 27.75 18.8253
      vertex 11 25.9652 17.5756
    endloop
  endfacet
  facet normal 0 0.422627 -0.906304
    outer loop
      vertex 11 38.2753 -3.74616
      vertex 81 40.25 -2.82532
      vertex 81 38.2753 -3.74616
    endloop
  endfacet
  facet normal 0 0.422627 -0.906304
    outer loop
      vertex 81 40.25 -2.82532
      vertex 11 38.2753 -3.74616
      vertex 11 40.25 -2.82532
    endloop
  endfacet
  facet normal 0 0.258814 -0.965927
    outer loop
      vertex 11 36.1706 -4.3101
      vertex 81 38.2753 -3.74616
      vertex 81 36.1706 -4.3101
    endloop
  endfacet
  facet normal 0 0.258814 -0.965927
    outer loop
      vertex 81 38.2753 -3.74616
      vertex 11 36.1706 -4.3101
      vertex 11 38.2753 -3.74616
    endloop
  endfacet
  facet normal 0 0.573589 -0.819144
    outer loop
      vertex 11 40.25 -2.82532
      vertex 81 42.0348 -1.57555
      vertex 81 40.25 -2.82532
    endloop
  endfacet
  facet normal 0 0.573589 -0.819144
    outer loop
      vertex 81 42.0348 -1.57555
      vertex 11 40.25 -2.82532
      vertex 11 42.0348 -1.57555
    endloop
  endfacet
  facet normal 0 0.707085 -0.707128
    outer loop
      vertex 81 42.0348 -1.57555
      vertex 11 43.5756 -0.0348444
      vertex 81 43.5756 -0.0348444
    endloop
  endfacet
  facet normal 0 0.707085 -0.707128
    outer loop
      vertex 11 43.5756 -0.0348444
      vertex 81 42.0348 -1.57555
      vertex 11 42.0348 -1.57555
    endloop
  endfacet
  facet normal 0 0.996195 0.0871544
    outer loop
      vertex 81 46.5 8
      vertex 11 46.3101 10.1706
      vertex 81 46.3101 10.1706
    endloop
  endfacet
  facet normal 0 0.996195 0.0871544
    outer loop
      vertex 11 46.3101 10.1706
      vertex 81 46.5 8
      vertex 11 46.5 8
    endloop
  endfacet
  facet normal 0 -0.0871544 0.996195
    outer loop
      vertex 11 34 20.5
      vertex 81 31.8294 20.3101
      vertex 81 34 20.5
    endloop
  endfacet
  facet normal 0 -0.0871544 0.996195
    outer loop
      vertex 81 31.8294 20.3101
      vertex 11 34 20.5
      vertex 11 31.8294 20.3101
    endloop
  endfacet
  facet normal -0 0.422649 0.906293
    outer loop
      vertex 11 40.25 18.8253
      vertex 81 38.2753 19.7462
      vertex 81 40.25 18.8253
    endloop
  endfacet
  facet normal 0 0.422649 0.906293
    outer loop
      vertex 81 38.2753 19.7462
      vertex 11 40.25 18.8253
      vertex 11 38.2753 19.7462
    endloop
  endfacet
  facet normal 0 0.819159 0.573567
    outer loop
      vertex 81 44.8253 14.25
      vertex 11 43.5756 16.0348
      vertex 81 43.5756 16.0348
    endloop
  endfacet
  facet normal 0 0.819159 0.573567
    outer loop
      vertex 11 43.5756 16.0348
      vertex 81 44.8253 14.25
      vertex 11 44.8253 14.25
    endloop
  endfacet
  facet normal 0 0.965932 0.258796
    outer loop
      vertex 81 46.3101 10.1706
      vertex 11 45.7462 12.2753
      vertex 81 45.7462 12.2753
    endloop
  endfacet
  facet normal 0 0.965932 0.258796
    outer loop
      vertex 11 45.7462 12.2753
      vertex 81 46.3101 10.1706
      vertex 11 46.3101 10.1706
    endloop
  endfacet
  facet normal 0 0.707107 0.707107
    outer loop
      vertex 81 43.5756 16.0348
      vertex 11 42.0348 17.5756
      vertex 81 42.0348 17.5756
    endloop
  endfacet
  facet normal 0 0.707107 0.707107
    outer loop
      vertex 11 42.0348 17.5756
      vertex 81 43.5756 16.0348
      vertex 11 43.5756 16.0348
    endloop
  endfacet
  facet normal 0 0.0871544 -0.996195
    outer loop
      vertex 11 34 -4.5
      vertex 81 36.1706 -4.3101
      vertex 81 34 -4.5
    endloop
  endfacet
  facet normal 0 0.0871544 -0.996195
    outer loop
      vertex 81 36.1706 -4.3101
      vertex 11 34 -4.5
      vertex 11 36.1706 -4.3101
    endloop
  endfacet
  facet normal 0 -0.422627 -0.906304
    outer loop
      vertex 11 27.75 -2.82532
      vertex 81 29.7247 -3.74616
      vertex 81 27.75 -2.82532
    endloop
  endfacet
  facet normal -0 -0.422627 -0.906304
    outer loop
      vertex 81 29.7247 -3.74616
      vertex 11 27.75 -2.82532
      vertex 11 29.7247 -3.74616
    endloop
  endfacet
  facet normal 0 -0.258814 -0.965927
    outer loop
      vertex 11 29.7247 -3.74616
      vertex 81 31.8294 -4.3101
      vertex 81 29.7247 -3.74616
    endloop
  endfacet
  facet normal -0 -0.258814 -0.965927
    outer loop
      vertex 81 31.8294 -4.3101
      vertex 11 29.7247 -3.74616
      vertex 11 31.8294 -4.3101
    endloop
  endfacet
  facet normal 0 -0.906293 0.422649
    outer loop
      vertex 11 22.2538 12.2753
      vertex 81 23.1747 14.25
      vertex 11 23.1747 14.25
    endloop
  endfacet
  facet normal 0 -0.906293 0.422649
    outer loop
      vertex 81 23.1747 14.25
      vertex 11 22.2538 12.2753
      vertex 81 22.2538 12.2753
    endloop
  endfacet
  facet normal 0 -0.258796 0.965932
    outer loop
      vertex 11 31.8294 20.3101
      vertex 81 29.7247 19.7462
      vertex 81 31.8294 20.3101
    endloop
  endfacet
  facet normal 0 -0.258796 0.965932
    outer loop
      vertex 81 29.7247 19.7462
      vertex 11 31.8294 20.3101
      vertex 11 29.7247 19.7462
    endloop
  endfacet
  facet normal 0 -0.422649 0.906293
    outer loop
      vertex 11 29.7247 19.7462
      vertex 81 27.75 18.8253
      vertex 81 29.7247 19.7462
    endloop
  endfacet
  facet normal 0 -0.422649 0.906293
    outer loop
      vertex 81 27.75 18.8253
      vertex 11 29.7247 19.7462
      vertex 11 27.75 18.8253
    endloop
  endfacet
  facet normal -0 0.0871544 0.996195
    outer loop
      vertex 11 36.1706 20.3101
      vertex 81 34 20.5
      vertex 81 36.1706 20.3101
    endloop
  endfacet
  facet normal 0 0.0871544 0.996195
    outer loop
      vertex 81 34 20.5
      vertex 11 36.1706 20.3101
      vertex 11 34 20.5
    endloop
  endfacet
  facet normal -0 0.573567 0.819159
    outer loop
      vertex 11 42.0348 17.5756
      vertex 81 40.25 18.8253
      vertex 81 42.0348 17.5756
    endloop
  endfacet
  facet normal 0 0.573567 0.819159
    outer loop
      vertex 81 40.25 18.8253
      vertex 11 42.0348 17.5756
      vertex 11 40.25 18.8253
    endloop
  endfacet
  facet normal 0 -0.819133 -0.573603
    outer loop
      vertex 11 24.4244 -0.0348444
      vertex 81 24.4 0
      vertex 11 24.4 0
    endloop
  endfacet
  facet normal 0 -0.819133 -0.573603
    outer loop
      vertex 81 24.4 0
      vertex 11 24.4244 -0.0348444
      vertex 81 24.4244 -0.0348444
    endloop
  endfacet
  facet normal 0 -0.573589 -0.819144
    outer loop
      vertex 11 25.9652 -1.57555
      vertex 81 27.75 -2.82532
      vertex 81 25.9652 -1.57555
    endloop
  endfacet
  facet normal -0 -0.573589 -0.819144
    outer loop
      vertex 81 27.75 -2.82532
      vertex 11 25.9652 -1.57555
      vertex 11 27.75 -2.82532
    endloop
  endfacet
  facet normal 1 -0 0
    outer loop
      vertex 81 38.4123 0
      vertex 81 43.5756 -0.0348444
      vertex 81 43.6 0
    endloop
  endfacet
  facet normal 1 0 0
    outer loop
      vertex 81 43.5756 -0.0348444
      vertex 81 38.4123 0
      vertex 81 42.0348 -1.57555
    endloop
  endfacet
  facet normal 1 0 0
    outer loop
      vertex 81 42.0348 -1.57555
      vertex 81 38.4123 0
      vertex 81 40.25 -2.82532
    endloop
  endfacet
  facet normal 1 0 0
    outer loop
      vertex 81 38.4123 0
      vertex 81 38.2753 -3.74616
      vertex 81 40.25 -2.82532
    endloop
  endfacet
  facet normal 1 -0 0
    outer loop
      vertex 81 37.1295 -0.598187
      vertex 81 38.2753 -3.74616
      vertex 81 38.4123 0
    endloop
  endfacet
  facet normal 1 0 0
    outer loop
      vertex 81 37.1295 -0.598187
      vertex 81 36.1706 -4.3101
      vertex 81 38.2753 -3.74616
    endloop
  endfacet
  facet normal 1 -0 0
    outer loop
      vertex 81 35.5889 -1.01099
      vertex 81 36.1706 -4.3101
      vertex 81 37.1295 -0.598187
    endloop
  endfacet
  facet normal 1 -0 0
    outer loop
      vertex 81 34 -1.15
      vertex 81 36.1706 -4.3101
      vertex 81 35.5889 -1.01099
    endloop
  endfacet
  facet normal 1 0 0
    outer loop
      vertex 81 34 -1.15
      vertex 81 34 -4.5
      vertex 81 36.1706 -4.3101
    endloop
  endfacet
  facet normal 1 0 0
    outer loop
      vertex 81 32.4111 -1.01099
      vertex 81 34 -4.5
      vertex 81 34 -1.15
    endloop
  endfacet
  facet normal 1 0 0
    outer loop
      vertex 81 32.4111 -1.01099
      vertex 81 31.8294 -4.3101
      vertex 81 34 -4.5
    endloop
  endfacet
  facet normal 1 0 0
    outer loop
      vertex 81 30.8705 -0.598187
      vertex 81 31.8294 -4.3101
      vertex 81 32.4111 -1.01099
    endloop
  endfacet
  facet normal 1 0 0
    outer loop
      vertex 81 30.8705 -0.598187
      vertex 81 29.7247 -3.74616
      vertex 81 31.8294 -4.3101
    endloop
  endfacet
  facet normal 1 0 0
    outer loop
      vertex 81 29.5877 0
      vertex 81 29.7247 -3.74616
      vertex 81 30.8705 -0.598187
    endloop
  endfacet
  facet normal 1 0 0
    outer loop
      vertex 81 29.5877 0
      vertex 81 27.75 -2.82532
      vertex 81 29.7247 -3.74616
    endloop
  endfacet
  facet normal 1 0 0
    outer loop
      vertex 81 29.5877 0
      vertex 81 25.9652 -1.57555
      vertex 81 27.75 -2.82532
    endloop
  endfacet
  facet normal 1 0 0
    outer loop
      vertex 81 29.5877 0
      vertex 81 24.4244 -0.0348444
      vertex 81 25.9652 -1.57555
    endloop
  endfacet
  facet normal 1 0 -0
    outer loop
      vertex 81 24.4244 -0.0348444
      vertex 81 29.5877 0
      vertex 81 24.4 0
    endloop
  endfacet
  facet normal 1 0 0
    outer loop
      vertex 81 43.011 9.58888
      vertex 81 46.3101 10.1706
      vertex 81 45.7462 12.2753
    endloop
  endfacet
  facet normal 1 0 0
    outer loop
      vertex 81 42.5982 11.1295
      vertex 81 45.7462 12.2753
      vertex 81 44.8253 14.25
    endloop
  endfacet
  facet normal 1 0 0
    outer loop
      vertex 81 41.9241 12.575
      vertex 81 44.8253 14.25
      vertex 81 43.5756 16.0348
    endloop
  endfacet
  facet normal 1 0 -0
    outer loop
      vertex 81 43.011 9.58888
      vertex 81 45.7462 12.2753
      vertex 81 42.5982 11.1295
    endloop
  endfacet
  facet normal 1 0 0
    outer loop
      vertex 81 46.5 8
      vertex 81 43.011 9.58888
      vertex 81 43.15 8
    endloop
  endfacet
  facet normal 1 0 0
    outer loop
      vertex 81 46.3101 10.1706
      vertex 81 43.011 9.58888
      vertex 81 46.5 8
    endloop
  endfacet
  facet normal 1 0 0
    outer loop
      vertex 81 41.0093 13.8815
      vertex 81 43.5756 16.0348
      vertex 81 42.0348 17.5756
    endloop
  endfacet
  facet normal 1 0 0
    outer loop
      vertex 81 44.8253 14.25
      vertex 81 41.9241 12.575
      vertex 81 42.5982 11.1295
    endloop
  endfacet
  facet normal 1 0 0
    outer loop
      vertex 81 43.5756 16.0348
      vertex 81 41.0093 13.8815
      vertex 81 41.9241 12.575
    endloop
  endfacet
  facet normal 1 0 0
    outer loop
      vertex 81 39.8815 15.0093
      vertex 81 42.0348 17.5756
      vertex 81 40.25 18.8253
    endloop
  endfacet
  facet normal 1 0 0
    outer loop
      vertex 81 42.0348 17.5756
      vertex 81 39.8815 15.0093
      vertex 81 41.0093 13.8815
    endloop
  endfacet
  facet normal 1 0 0
    outer loop
      vertex 81 40.25 18.8253
      vertex 81 38.575 15.9241
      vertex 81 39.8815 15.0093
    endloop
  endfacet
  facet normal 1 0 0
    outer loop
      vertex 81 38.2753 19.7462
      vertex 81 38.575 15.9241
      vertex 81 40.25 18.8253
    endloop
  endfacet
  facet normal 1 0 0
    outer loop
      vertex 81 38.2753 19.7462
      vertex 81 37.1295 16.5982
      vertex 81 38.575 15.9241
    endloop
  endfacet
  facet normal 1 0 0
    outer loop
      vertex 81 36.1706 20.3101
      vertex 81 37.1295 16.5982
      vertex 81 38.2753 19.7462
    endloop
  endfacet
  facet normal 1 0 0
    outer loop
      vertex 81 36.1706 20.3101
      vertex 81 35.5889 17.011
      vertex 81 37.1295 16.5982
    endloop
  endfacet
  facet normal 1 0 0
    outer loop
      vertex 81 34 20.5
      vertex 81 35.5889 17.011
      vertex 81 36.1706 20.3101
    endloop
  endfacet
  facet normal 1 0 0
    outer loop
      vertex 81 34 20.5
      vertex 81 34 17.15
      vertex 81 35.5889 17.011
    endloop
  endfacet
  facet normal 1 0 0
    outer loop
      vertex 81 34 20.5
      vertex 81 32.4111 17.011
      vertex 81 34 17.15
    endloop
  endfacet
  facet normal 1 -0 0
    outer loop
      vertex 81 31.8294 20.3101
      vertex 81 32.4111 17.011
      vertex 81 34 20.5
    endloop
  endfacet
  facet normal 1 0 0
    outer loop
      vertex 81 31.8294 20.3101
      vertex 81 30.8705 16.5982
      vertex 81 32.4111 17.011
    endloop
  endfacet
  facet normal 1 -0 0
    outer loop
      vertex 81 29.7247 19.7462
      vertex 81 30.8705 16.5982
      vertex 81 31.8294 20.3101
    endloop
  endfacet
  facet normal 1 0 0
    outer loop
      vertex 81 29.7247 19.7462
      vertex 81 29.425 15.9241
      vertex 81 30.8705 16.5982
    endloop
  endfacet
  facet normal 1 -0 0
    outer loop
      vertex 81 27.75 18.8253
      vertex 81 29.425 15.9241
      vertex 81 29.7247 19.7462
    endloop
  endfacet
  facet normal 1 0 0
    outer loop
      vertex 81 29.425 15.9241
      vertex 81 27.75 18.8253
      vertex 81 28.1185 15.0093
    endloop
  endfacet
  facet normal 1 -0 0
    outer loop
      vertex 81 25.9652 17.5756
      vertex 81 28.1185 15.0093
      vertex 81 27.75 18.8253
    endloop
  endfacet
  facet normal 1 0 0
    outer loop
      vertex 81 28.1185 15.0093
      vertex 81 25.9652 17.5756
      vertex 81 26.9907 13.8815
    endloop
  endfacet
  facet normal 1 -0 0
    outer loop
      vertex 81 24.4244 16.0348
      vertex 81 26.9907 13.8815
      vertex 81 25.9652 17.5756
    endloop
  endfacet
  facet normal 1 0 0
    outer loop
      vertex 81 26.9907 13.8815
      vertex 81 24.4244 16.0348
      vertex 81 26.0759 12.575
    endloop
  endfacet
  facet normal 1 -0 0
    outer loop
      vertex 81 23.1747 14.25
      vertex 81 26.0759 12.575
      vertex 81 24.4244 16.0348
    endloop
  endfacet
  facet normal 1 0 0
    outer loop
      vertex 81 26.0759 12.575
      vertex 81 23.1747 14.25
      vertex 81 25.4018 11.1295
    endloop
  endfacet
  facet normal 1 -0 0
    outer loop
      vertex 81 22.2538 12.2753
      vertex 81 25.4018 11.1295
      vertex 81 23.1747 14.25
    endloop
  endfacet
  facet normal 1 0 0
    outer loop
      vertex 81 25.4018 11.1295
      vertex 81 22.2538 12.2753
      vertex 81 24.989 9.58888
    endloop
  endfacet
  facet normal 1 -0 0
    outer loop
      vertex 81 21.6899 10.1706
      vertex 81 24.989 9.58888
      vertex 81 22.2538 12.2753
    endloop
  endfacet
  facet normal 1 0 0
    outer loop
      vertex 81 24.989 9.58888
      vertex 81 21.6899 10.1706
      vertex 81 24.85 8
    endloop
  endfacet
  facet normal 1 0 0
    outer loop
      vertex 81 24.85 8
      vertex 81 21.6899 10.1706
      vertex 81 21.5 8
    endloop
  endfacet
  facet normal 0 -0.819159 0.573567
    outer loop
      vertex 11 23.1747 14.25
      vertex 81 24.4244 16.0348
      vertex 11 24.4244 16.0348
    endloop
  endfacet
  facet normal 0 -0.819159 0.573567
    outer loop
      vertex 81 24.4244 16.0348
      vertex 11 23.1747 14.25
      vertex 81 23.1747 14.25
    endloop
  endfacet
  facet normal 0 -0.707107 0.707107
    outer loop
      vertex 11 24.4244 16.0348
      vertex 81 25.9652 17.5756
      vertex 11 25.9652 17.5756
    endloop
  endfacet
  facet normal 0 -0.707107 0.707107
    outer loop
      vertex 81 25.9652 17.5756
      vertex 11 24.4244 16.0348
      vertex 81 24.4244 16.0348
    endloop
  endfacet
  facet normal 0 0.819133 -0.573603
    outer loop
      vertex 81 43.5756 -0.0348444
      vertex 11 43.6 0
      vertex 81 43.6 0
    endloop
  endfacet
  facet normal 0 0.819133 -0.573603
    outer loop
      vertex 11 43.6 0
      vertex 81 43.5756 -0.0348444
      vertex 11 43.5756 -0.0348444
    endloop
  endfacet
  facet normal 0 -0.707085 -0.707128
    outer loop
      vertex 11 25.9652 -1.57555
      vertex 81 24.4244 -0.0348444
      vertex 11 24.4244 -0.0348444
    endloop
  endfacet
  facet normal 0 -0.707085 -0.707128
    outer loop
      vertex 81 24.4244 -0.0348444
      vertex 11 25.9652 -1.57555
      vertex 81 25.9652 -1.57555
    endloop
  endfacet
  facet normal -1 0 0
    outer loop
      vertex 28 22 33
      vertex 28 15.6742 24.7048
      vertex 28 15.7 25
    endloop
  endfacet
  facet normal -1 0 0
    outer loop
      vertex 28 21.6899 10.1706
      vertex 28 15.5975 24.4186
      vertex 28 15.6742 24.7048
    endloop
  endfacet
  facet normal -1 0 0
    outer loop
      vertex 28 21.6899 10.1706
      vertex 28 15.4722 24.15
      vertex 28 15.5975 24.4186
    endloop
  endfacet
  facet normal -1 0 0
    outer loop
      vertex 28 21.6899 10.1706
      vertex 28 15.3023 23.9073
      vertex 28 15.4722 24.15
    endloop
  endfacet
  facet normal -1 0 0
    outer loop
      vertex 28 21.6899 10.1706
      vertex 28 15.0927 23.6977
      vertex 28 15.3023 23.9073
    endloop
  endfacet
  facet normal -1 0 0
    outer loop
      vertex 28 21.6899 10.1706
      vertex 28 14.85 23.5278
      vertex 28 15.0927 23.6977
    endloop
  endfacet
  facet normal -1 0 0
    outer loop
      vertex 28 21.6899 10.1706
      vertex 28 14.5814 23.4025
      vertex 28 14.85 23.5278
    endloop
  endfacet
  facet normal -1 0 0
    outer loop
      vertex 28 21.6899 10.1706
      vertex 28 14.2952 23.3258
      vertex 28 14.5814 23.4025
    endloop
  endfacet
  facet normal -1 0 0
    outer loop
      vertex 28 21.6899 10.1706
      vertex 28 14 23.3
      vertex 28 14.2952 23.3258
    endloop
  endfacet
  facet normal -1 -0 0
    outer loop
      vertex 28 21.6899 10.1706
      vertex 28 6 8
      vertex 28 14 23.3
    endloop
  endfacet
  facet normal -1 -0 0
    outer loop
      vertex 28 14 23.3
      vertex 28 6 8
      vertex 28 13.7048 23.3258
    endloop
  endfacet
  facet normal -1 -0 0
    outer loop
      vertex 28 13.7048 23.3258
      vertex 28 6 8
      vertex 28 13.4186 23.4025
    endloop
  endfacet
  facet normal -1 -0 0
    outer loop
      vertex 28 13.4186 23.4025
      vertex 28 6 8
      vertex 28 13.15 23.5278
    endloop
  endfacet
  facet normal -1 -0 0
    outer loop
      vertex 28 13.15 23.5278
      vertex 28 6 8
      vertex 28 12.9073 23.6977
    endloop
  endfacet
  facet normal -1 -0 0
    outer loop
      vertex 28 12.9073 23.6977
      vertex 28 6 8
      vertex 28 12.6977 23.9073
    endloop
  endfacet
  facet normal -1 0 0
    outer loop
      vertex 28 12.4025 24.4186
      vertex 28 6 33
      vertex 28 12.3258 24.7048
    endloop
  endfacet
  facet normal -1 0 0
    outer loop
      vertex 28 6 33
      vertex 28 12.4025 24.4186
      vertex 28 6 8
    endloop
  endfacet
  facet normal -1 -0 0
    outer loop
      vertex 28 12.5278 24.15
      vertex 28 6 8
      vertex 28 12.4025 24.4186
    endloop
  endfacet
  facet normal -1 -0 0
    outer loop
      vertex 28 12.6977 23.9073
      vertex 28 6 8
      vertex 28 12.5278 24.15
    endloop
  endfacet
  facet normal -1 0 0
    outer loop
      vertex 28 15.6742 24.7048
      vertex 28 22 11.3279
      vertex 28 21.6899 10.1706
    endloop
  endfacet
  facet normal -1 0 0
    outer loop
      vertex 28 6 8
      vertex 28 21.6899 10.1706
      vertex 28 21.5 8
    endloop
  endfacet
  facet normal -1 0 0
    outer loop
      vertex 28 15.6742 24.7048
      vertex 28 22 33
      vertex 28 22 11.3279
    endloop
  endfacet
  facet normal -1 0 0
    outer loop
      vertex 28 15.6742 25.2952
      vertex 28 22 33
      vertex 28 15.7 25
    endloop
  endfacet
  facet normal -1 0 0
    outer loop
      vertex 28 15.5975 25.5814
      vertex 28 22 33
      vertex 28 15.6742 25.2952
    endloop
  endfacet
  facet normal -1 0 0
    outer loop
      vertex 28 15.4722 25.85
      vertex 28 22 33
      vertex 28 15.5975 25.5814
    endloop
  endfacet
  facet normal -1 0 0
    outer loop
      vertex 28 15.3023 26.0927
      vertex 28 22 33
      vertex 28 15.4722 25.85
    endloop
  endfacet
  facet normal -1 0 0
    outer loop
      vertex 28 15.0927 26.3023
      vertex 28 22 33
      vertex 28 15.3023 26.0927
    endloop
  endfacet
  facet normal -1 0 0
    outer loop
      vertex 28 14.85 26.4722
      vertex 28 22 33
      vertex 28 15.0927 26.3023
    endloop
  endfacet
  facet normal -1 0 0
    outer loop
      vertex 28 14.5814 26.5975
      vertex 28 22 33
      vertex 28 14.85 26.4722
    endloop
  endfacet
  facet normal -1 0 0
    outer loop
      vertex 28 14.2952 26.6742
      vertex 28 22 33
      vertex 28 14.5814 26.5975
    endloop
  endfacet
  facet normal -1 0 0
    outer loop
      vertex 28 14 26.7
      vertex 28 22 33
      vertex 28 14.2952 26.6742
    endloop
  endfacet
  facet normal -1 0 0
    outer loop
      vertex 28 6 33
      vertex 28 14 26.7
      vertex 28 13.7048 26.6742
    endloop
  endfacet
  facet normal -1 0 0
    outer loop
      vertex 28 6 33
      vertex 28 13.7048 26.6742
      vertex 28 13.4186 26.5975
    endloop
  endfacet
  facet normal -1 0 0
    outer loop
      vertex 28 6 33
      vertex 28 13.4186 26.5975
      vertex 28 13.15 26.4722
    endloop
  endfacet
  facet normal -1 0 0
    outer loop
      vertex 28 6 33
      vertex 28 13.15 26.4722
      vertex 28 12.9073 26.3023
    endloop
  endfacet
  facet normal -1 0 0
    outer loop
      vertex 28 12.3258 24.7048
      vertex 28 6 33
      vertex 28 12.3 25
    endloop
  endfacet
  facet normal -1 0 0
    outer loop
      vertex 28 12.3 25
      vertex 28 6 33
      vertex 28 12.3258 25.2952
    endloop
  endfacet
  facet normal -1 0 0
    outer loop
      vertex 28 14 26.7
      vertex 28 6 33
      vertex 28 22 33
    endloop
  endfacet
  facet normal -1 0 0
    outer loop
      vertex 28 12.6977 26.0927
      vertex 28 6 33
      vertex 28 12.9073 26.3023
    endloop
  endfacet
  facet normal -1 0 0
    outer loop
      vertex 28 12.5278 25.85
      vertex 28 6 33
      vertex 28 12.6977 26.0927
    endloop
  endfacet
  facet normal -1 0 0
    outer loop
      vertex 28 12.4025 25.5814
      vertex 28 6 33
      vertex 28 12.5278 25.85
    endloop
  endfacet
  facet normal -1 0 0
    outer loop
      vertex 28 12.3258 25.2952
      vertex 28 6 33
      vertex 28 12.4025 25.5814
    endloop
  endfacet
  facet normal -0 0 1
    outer loop
      vertex 28 22 33
      vertex 36 6 33
      vertex 36 22 33
    endloop
  endfacet
  facet normal 0 0 1
    outer loop
      vertex 36 6 33
      vertex 28 22 33
      vertex 28 6 33
    endloop
  endfacet
  facet normal 1 -0 0
    outer loop
      vertex 36 15.6742 24.7048
      vertex 36 22 11.3279
      vertex 36 22 33
    endloop
  endfacet
  facet normal 1 -0 0
    outer loop
      vertex 36 15.5975 24.4186
      vertex 36 22 11.3279
      vertex 36 15.6742 24.7048
    endloop
  endfacet
  facet normal 1 0 0
    outer loop
      vertex 36 15.6742 24.7048
      vertex 36 22 33
      vertex 36 15.7 25
    endloop
  endfacet
  facet normal 1 0 0
    outer loop
      vertex 36 22 33
      vertex 36 15.6742 25.2952
      vertex 36 15.7 25
    endloop
  endfacet
  facet normal 1 0 0
    outer loop
      vertex 36 22 33
      vertex 36 15.5975 25.5814
      vertex 36 15.6742 25.2952
    endloop
  endfacet
  facet normal 1 0 0
    outer loop
      vertex 36 22 33
      vertex 36 15.4722 25.85
      vertex 36 15.5975 25.5814
    endloop
  endfacet
  facet normal 1 0 0
    outer loop
      vertex 36 22 33
      vertex 36 15.3023 26.0927
      vertex 36 15.4722 25.85
    endloop
  endfacet
  facet normal 1 0 0
    outer loop
      vertex 36 22 33
      vertex 36 15.0927 26.3023
      vertex 36 15.3023 26.0927
    endloop
  endfacet
  facet normal 1 0 0
    outer loop
      vertex 36 22 33
      vertex 36 14.85 26.4722
      vertex 36 15.0927 26.3023
    endloop
  endfacet
  facet normal 1 0 0
    outer loop
      vertex 36 22 33
      vertex 36 14.5814 26.5975
      vertex 36 14.85 26.4722
    endloop
  endfacet
  facet normal 1 0 0
    outer loop
      vertex 36 22 33
      vertex 36 14.2952 26.6742
      vertex 36 14.5814 26.5975
    endloop
  endfacet
  facet normal 1 0 0
    outer loop
      vertex 36 22 33
      vertex 36 14 26.7
      vertex 36 14.2952 26.6742
    endloop
  endfacet
  facet normal 1 -0 0
    outer loop
      vertex 36 6 33
      vertex 36 14 26.7
      vertex 36 22 33
    endloop
  endfacet
  facet normal 1 0 0
    outer loop
      vertex 36 14 26.7
      vertex 36 6 33
      vertex 36 13.7048 26.6742
    endloop
  endfacet
  facet normal 1 0 0
    outer loop
      vertex 36 13.7048 26.6742
      vertex 36 6 33
      vertex 36 13.4186 26.5975
    endloop
  endfacet
  facet normal 1 0 0
    outer loop
      vertex 36 13.4186 26.5975
      vertex 36 6 33
      vertex 36 13.15 26.4722
    endloop
  endfacet
  facet normal 1 0 0
    outer loop
      vertex 36 12.3258 25.2952
      vertex 36 6 33
      vertex 36 12.3 25
    endloop
  endfacet
  facet normal 1 0 0
    outer loop
      vertex 36 12.4025 25.5814
      vertex 36 6 33
      vertex 36 12.3258 25.2952
    endloop
  endfacet
  facet normal 1 0 0
    outer loop
      vertex 36 12.5278 25.85
      vertex 36 6 33
      vertex 36 12.4025 25.5814
    endloop
  endfacet
  facet normal 1 0 0
    outer loop
      vertex 36 12.6977 26.0927
      vertex 36 6 33
      vertex 36 12.5278 25.85
    endloop
  endfacet
  facet normal 1 0 0
    outer loop
      vertex 36 12.9073 26.3023
      vertex 36 6 33
      vertex 36 12.6977 26.0927
    endloop
  endfacet
  facet normal 1 0 0
    outer loop
      vertex 36 13.15 26.4722
      vertex 36 6 33
      vertex 36 12.9073 26.3023
    endloop
  endfacet
  facet normal 1 -0 0
    outer loop
      vertex 36 15.4722 24.15
      vertex 36 22 11.3279
      vertex 36 15.5975 24.4186
    endloop
  endfacet
  facet normal 1 -0 0
    outer loop
      vertex 36 15.3023 23.9073
      vertex 36 22 11.3279
      vertex 36 15.4722 24.15
    endloop
  endfacet
  facet normal 1 -0 0
    outer loop
      vertex 36 15.0927 23.6977
      vertex 36 22 11.3279
      vertex 36 15.3023 23.9073
    endloop
  endfacet
  facet normal 1 -0 0
    outer loop
      vertex 36 14.85 23.5278
      vertex 36 22 11.3279
      vertex 36 15.0927 23.6977
    endloop
  endfacet
  facet normal 1 -0 0
    outer loop
      vertex 36 14.5814 23.4025
      vertex 36 22 11.3279
      vertex 36 14.85 23.5278
    endloop
  endfacet
  facet normal 1 -0 0
    outer loop
      vertex 36 14.2952 23.3258
      vertex 36 22 11.3279
      vertex 36 14.5814 23.4025
    endloop
  endfacet
  facet normal 1 -0 0
    outer loop
      vertex 36 14 23.3
      vertex 36 22 11.3279
      vertex 36 14.2952 23.3258
    endloop
  endfacet
  facet normal 1 0 0
    outer loop
      vertex 36 6 8
      vertex 36 22 11.3279
      vertex 36 14 23.3
    endloop
  endfacet
  facet normal 1 0 0
    outer loop
      vertex 36 22 11.3279
      vertex 36 6 8
      vertex 36 21.6899 10.1706
    endloop
  endfacet
  facet normal 1 0 0
    outer loop
      vertex 36 6 8
      vertex 36 14 23.3
      vertex 36 13.7048 23.3258
    endloop
  endfacet
  facet normal 1 0 0
    outer loop
      vertex 36 6 8
      vertex 36 13.7048 23.3258
      vertex 36 13.4186 23.4025
    endloop
  endfacet
  facet normal 1 0 0
    outer loop
      vertex 36 6 8
      vertex 36 13.4186 23.4025
      vertex 36 13.15 23.5278
    endloop
  endfacet
  facet normal 1 0 0
    outer loop
      vertex 36 6 8
      vertex 36 13.15 23.5278
      vertex 36 12.9073 23.6977
    endloop
  endfacet
  facet normal 1 0 0
    outer loop
      vertex 36 6 8
      vertex 36 12.9073 23.6977
      vertex 36 12.6977 23.9073
    endloop
  endfacet
  facet normal 1 0 0
    outer loop
      vertex 36 6 8
      vertex 36 12.6977 23.9073
      vertex 36 12.5278 24.15
    endloop
  endfacet
  facet normal 1 0 0
    outer loop
      vertex 36 6 33
      vertex 36 12.3258 24.7048
      vertex 36 12.3 25
    endloop
  endfacet
  facet normal 1 0 0
    outer loop
      vertex 36 6 33
      vertex 36 12.4025 24.4186
      vertex 36 12.3258 24.7048
    endloop
  endfacet
  facet normal 1 0 0
    outer loop
      vertex 36 6 8
      vertex 36 12.4025 24.4186
      vertex 36 6 33
    endloop
  endfacet
  facet normal 1 0 0
    outer loop
      vertex 36 12.4025 24.4186
      vertex 36 6 8
      vertex 36 12.5278 24.15
    endloop
  endfacet
  facet normal 1 0 0
    outer loop
      vertex 36 21.6899 10.1706
      vertex 36 6 8
      vertex 36 21.5 8
    endloop
  endfacet
  facet normal 0 -1 0
    outer loop
      vertex 28 6 8
      vertex 36 6 33
      vertex 28 6 33
    endloop
  endfacet
  facet normal 0 -1 -0
    outer loop
      vertex 36 6 33
      vertex 28 6 8
      vertex 36 6 8
    endloop
  endfacet
  facet normal 0 1 -0
    outer loop
      vertex 36 22 11.3279
      vertex 28 22 33
      vertex 36 22 33
    endloop
  endfacet
  facet normal 0 1 0
    outer loop
      vertex 28 22 33
      vertex 36 22 11.3279
      vertex 28 22 11.3279
    endloop
  endfacet
  facet normal -1 0 0
    outer loop
      vertex 56 22 33
      vertex 56 15.6742 24.7048
      vertex 56 15.7 25
    endloop
  endfacet
  facet normal -1 0 0
    outer loop
      vertex 56 21.6899 10.1706
      vertex 56 15.5975 24.4186
      vertex 56 15.6742 24.7048
    endloop
  endfacet
  facet normal -1 0 0
    outer loop
      vertex 56 21.6899 10.1706
      vertex 56 15.4722 24.15
      vertex 56 15.5975 24.4186
    endloop
  endfacet
  facet normal -1 0 0
    outer loop
      vertex 56 21.6899 10.1706
      vertex 56 15.3023 23.9073
      vertex 56 15.4722 24.15
    endloop
  endfacet
  facet normal -1 0 0
    outer loop
      vertex 56 21.6899 10.1706
      vertex 56 15.0927 23.6977
      vertex 56 15.3023 23.9073
    endloop
  endfacet
  facet normal -1 0 0
    outer loop
      vertex 56 21.6899 10.1706
      vertex 56 14.85 23.5278
      vertex 56 15.0927 23.6977
    endloop
  endfacet
  facet normal -1 0 0
    outer loop
      vertex 56 21.6899 10.1706
      vertex 56 14.5814 23.4025
      vertex 56 14.85 23.5278
    endloop
  endfacet
  facet normal -1 0 0
    outer loop
      vertex 56 21.6899 10.1706
      vertex 56 14.2952 23.3258
      vertex 56 14.5814 23.4025
    endloop
  endfacet
  facet normal -1 0 0
    outer loop
      vertex 56 21.6899 10.1706
      vertex 56 14 23.3
      vertex 56 14.2952 23.3258
    endloop
  endfacet
  facet normal -1 -0 0
    outer loop
      vertex 56 21.6899 10.1706
      vertex 56 6 8
      vertex 56 14 23.3
    endloop
  endfacet
  facet normal -1 -0 0
    outer loop
      vertex 56 14 23.3
      vertex 56 6 8
      vertex 56 13.7048 23.3258
    endloop
  endfacet
  facet normal -1 -0 0
    outer loop
      vertex 56 13.7048 23.3258
      vertex 56 6 8
      vertex 56 13.4186 23.4025
    endloop
  endfacet
  facet normal -1 -0 0
    outer loop
      vertex 56 13.4186 23.4025
      vertex 56 6 8
      vertex 56 13.15 23.5278
    endloop
  endfacet
  facet normal -1 -0 0
    outer loop
      vertex 56 13.15 23.5278
      vertex 56 6 8
      vertex 56 12.9073 23.6977
    endloop
  endfacet
  facet normal -1 -0 0
    outer loop
      vertex 56 12.9073 23.6977
      vertex 56 6 8
      vertex 56 12.6977 23.9073
    endloop
  endfacet
  facet normal -1 0 0
    outer loop
      vertex 56 12.4025 24.4186
      vertex 56 6 33
      vertex 56 12.3258 24.7048
    endloop
  endfacet
  facet normal -1 0 0
    outer loop
      vertex 56 6 33
      vertex 56 12.4025 24.4186
      vertex 56 6 8
    endloop
  endfacet
  facet normal -1 -0 0
    outer loop
      vertex 56 12.5278 24.15
      vertex 56 6 8
      vertex 56 12.4025 24.4186
    endloop
  endfacet
  facet normal -1 -0 0
    outer loop
      vertex 56 12.6977 23.9073
      vertex 56 6 8
      vertex 56 12.5278 24.15
    endloop
  endfacet
  facet normal -1 0 0
    outer loop
      vertex 56 15.6742 24.7048
      vertex 56 22 11.3279
      vertex 56 21.6899 10.1706
    endloop
  endfacet
  facet normal -1 0 0
    outer loop
      vertex 56 6 8
      vertex 56 21.6899 10.1706
      vertex 56 21.5 8
    endloop
  endfacet
  facet normal -1 0 0
    outer loop
      vertex 56 15.6742 24.7048
      vertex 56 22 33
      vertex 56 22 11.3279
    endloop
  endfacet
  facet normal -1 0 0
    outer loop
      vertex 56 15.6742 25.2952
      vertex 56 22 33
      vertex 56 15.7 25
    endloop
  endfacet
  facet normal -1 0 0
    outer loop
      vertex 56 15.5975 25.5814
      vertex 56 22 33
      vertex 56 15.6742 25.2952
    endloop
  endfacet
  facet normal -1 0 0
    outer loop
      vertex 56 15.4722 25.85
      vertex 56 22 33
      vertex 56 15.5975 25.5814
    endloop
  endfacet
  facet normal -1 0 0
    outer loop
      vertex 56 15.3023 26.0927
      vertex 56 22 33
      vertex 56 15.4722 25.85
    endloop
  endfacet
  facet normal -1 0 0
    outer loop
      vertex 56 15.0927 26.3023
      vertex 56 22 33
      vertex 56 15.3023 26.0927
    endloop
  endfacet
  facet normal -1 0 0
    outer loop
      vertex 56 14.85 26.4722
      vertex 56 22 33
      vertex 56 15.0927 26.3023
    endloop
  endfacet
  facet normal -1 0 0
    outer loop
      vertex 56 14.5814 26.5975
      vertex 56 22 33
      vertex 56 14.85 26.4722
    endloop
  endfacet
  facet normal -1 0 0
    outer loop
      vertex 56 14.2952 26.6742
      vertex 56 22 33
      vertex 56 14.5814 26.5975
    endloop
  endfacet
  facet normal -1 0 0
    outer loop
      vertex 56 14 26.7
      vertex 56 22 33
      vertex 56 14.2952 26.6742
    endloop
  endfacet
  facet normal -1 0 0
    outer loop
      vertex 56 6 33
      vertex 56 14 26.7
      vertex 56 13.7048 26.6742
    endloop
  endfacet
  facet normal -1 0 0
    outer loop
      vertex 56 6 33
      vertex 56 13.7048 26.6742
      vertex 56 13.4186 26.5975
    endloop
  endfacet
  facet normal -1 0 0
    outer loop
      vertex 56 6 33
      vertex 56 13.4186 26.5975
      vertex 56 13.15 26.4722
    endloop
  endfacet
  facet normal -1 0 0
    outer loop
      vertex 56 6 33
      vertex 56 13.15 26.4722
      vertex 56 12.9073 26.3023
    endloop
  endfacet
  facet normal -1 0 0
    outer loop
      vertex 56 12.3258 24.7048
      vertex 56 6 33
      vertex 56 12.3 25
    endloop
  endfacet
  facet normal -1 0 0
    outer loop
      vertex 56 12.3 25
      vertex 56 6 33
      vertex 56 12.3258 25.2952
    endloop
  endfacet
  facet normal -1 0 0
    outer loop
      vertex 56 14 26.7
      vertex 56 6 33
      vertex 56 22 33
    endloop
  endfacet
  facet normal -1 0 0
    outer loop
      vertex 56 12.6977 26.0927
      vertex 56 6 33
      vertex 56 12.9073 26.3023
    endloop
  endfacet
  facet normal -1 0 0
    outer loop
      vertex 56 12.5278 25.85
      vertex 56 6 33
      vertex 56 12.6977 26.0927
    endloop
  endfacet
  facet normal -1 0 0
    outer loop
      vertex 56 12.4025 25.5814
      vertex 56 6 33
      vertex 56 12.5278 25.85
    endloop
  endfacet
  facet normal -1 0 0
    outer loop
      vertex 56 12.3258 25.2952
      vertex 56 6 33
      vertex 56 12.4025 25.5814
    endloop
  endfacet
  facet normal -0 0 1
    outer loop
      vertex 56 22 33
      vertex 64 6 33
      vertex 64 22 33
    endloop
  endfacet
  facet normal 0 0 1
    outer loop
      vertex 64 6 33
      vertex 56 22 33
      vertex 56 6 33
    endloop
  endfacet
  facet normal 1 -0 0
    outer loop
      vertex 64 15.6742 24.7048
      vertex 64 22 11.3279
      vertex 64 22 33
    endloop
  endfacet
  facet normal 1 -0 0
    outer loop
      vertex 64 15.5975 24.4186
      vertex 64 22 11.3279
      vertex 64 15.6742 24.7048
    endloop
  endfacet
  facet normal 1 0 0
    outer loop
      vertex 64 15.6742 24.7048
      vertex 64 22 33
      vertex 64 15.7 25
    endloop
  endfacet
  facet normal 1 0 0
    outer loop
      vertex 64 22 33
      vertex 64 15.6742 25.2952
      vertex 64 15.7 25
    endloop
  endfacet
  facet normal 1 0 0
    outer loop
      vertex 64 22 33
      vertex 64 15.5975 25.5814
      vertex 64 15.6742 25.2952
    endloop
  endfacet
  facet normal 1 0 0
    outer loop
      vertex 64 22 33
      vertex 64 15.4722 25.85
      vertex 64 15.5975 25.5814
    endloop
  endfacet
  facet normal 1 0 0
    outer loop
      vertex 64 22 33
      vertex 64 15.3023 26.0927
      vertex 64 15.4722 25.85
    endloop
  endfacet
  facet normal 1 0 0
    outer loop
      vertex 64 22 33
      vertex 64 15.0927 26.3023
      vertex 64 15.3023 26.0927
    endloop
  endfacet
  facet normal 1 0 0
    outer loop
      vertex 64 22 33
      vertex 64 14.85 26.4722
      vertex 64 15.0927 26.3023
    endloop
  endfacet
  facet normal 1 0 0
    outer loop
      vertex 64 22 33
      vertex 64 14.5814 26.5975
      vertex 64 14.85 26.4722
    endloop
  endfacet
  facet normal 1 0 0
    outer loop
      vertex 64 22 33
      vertex 64 14.2952 26.6742
      vertex 64 14.5814 26.5975
    endloop
  endfacet
  facet normal 1 0 0
    outer loop
      vertex 64 22 33
      vertex 64 14 26.7
      vertex 64 14.2952 26.6742
    endloop
  endfacet
  facet normal 1 -0 0
    outer loop
      vertex 64 6 33
      vertex 64 14 26.7
      vertex 64 22 33
    endloop
  endfacet
  facet normal 1 0 0
    outer loop
      vertex 64 14 26.7
      vertex 64 6 33
      vertex 64 13.7048 26.6742
    endloop
  endfacet
  facet normal 1 0 0
    outer loop
      vertex 64 13.7048 26.6742
      vertex 64 6 33
      vertex 64 13.4186 26.5975
    endloop
  endfacet
  facet normal 1 0 0
    outer loop
      vertex 64 13.4186 26.5975
      vertex 64 6 33
      vertex 64 13.15 26.4722
    endloop
  endfacet
  facet normal 1 0 0
    outer loop
      vertex 64 12.3258 25.2952
      vertex 64 6 33
      vertex 64 12.3 25
    endloop
  endfacet
  facet normal 1 0 0
    outer loop
      vertex 64 12.4025 25.5814
      vertex 64 6 33
      vertex 64 12.3258 25.2952
    endloop
  endfacet
  facet normal 1 0 0
    outer loop
      vertex 64 12.5278 25.85
      vertex 64 6 33
      vertex 64 12.4025 25.5814
    endloop
  endfacet
  facet normal 1 0 0
    outer loop
      vertex 64 12.6977 26.0927
      vertex 64 6 33
      vertex 64 12.5278 25.85
    endloop
  endfacet
  facet normal 1 0 0
    outer loop
      vertex 64 12.9073 26.3023
      vertex 64 6 33
      vertex 64 12.6977 26.0927
    endloop
  endfacet
  facet normal 1 0 0
    outer loop
      vertex 64 13.15 26.4722
      vertex 64 6 33
      vertex 64 12.9073 26.3023
    endloop
  endfacet
  facet normal 1 -0 0
    outer loop
      vertex 64 15.4722 24.15
      vertex 64 22 11.3279
      vertex 64 15.5975 24.4186
    endloop
  endfacet
  facet normal 1 -0 0
    outer loop
      vertex 64 15.3023 23.9073
      vertex 64 22 11.3279
      vertex 64 15.4722 24.15
    endloop
  endfacet
  facet normal 1 -0 0
    outer loop
      vertex 64 15.0927 23.6977
      vertex 64 22 11.3279
      vertex 64 15.3023 23.9073
    endloop
  endfacet
  facet normal 1 -0 0
    outer loop
      vertex 64 14.85 23.5278
      vertex 64 22 11.3279
      vertex 64 15.0927 23.6977
    endloop
  endfacet
  facet normal 1 -0 0
    outer loop
      vertex 64 14.5814 23.4025
      vertex 64 22 11.3279
      vertex 64 14.85 23.5278
    endloop
  endfacet
  facet normal 1 -0 0
    outer loop
      vertex 64 14.2952 23.3258
      vertex 64 22 11.3279
      vertex 64 14.5814 23.4025
    endloop
  endfacet
  facet normal 1 -0 0
    outer loop
      vertex 64 14 23.3
      vertex 64 22 11.3279
      vertex 64 14.2952 23.3258
    endloop
  endfacet
  facet normal 1 0 0
    outer loop
      vertex 64 6 8
      vertex 64 22 11.3279
      vertex 64 14 23.3
    endloop
  endfacet
  facet normal 1 0 0
    outer loop
      vertex 64 22 11.3279
      vertex 64 6 8
      vertex 64 21.6899 10.1706
    endloop
  endfacet
  facet normal 1 0 0
    outer loop
      vertex 64 6 8
      vertex 64 14 23.3
      vertex 64 13.7048 23.3258
    endloop
  endfacet
  facet normal 1 0 0
    outer loop
      vertex 64 6 8
      vertex 64 13.7048 23.3258
      vertex 64 13.4186 23.4025
    endloop
  endfacet
  facet normal 1 0 0
    outer loop
      vertex 64 6 8
      vertex 64 13.4186 23.4025
      vertex 64 13.15 23.5278
    endloop
  endfacet
  facet normal 1 0 0
    outer loop
      vertex 64 6 8
      vertex 64 13.15 23.5278
      vertex 64 12.9073 23.6977
    endloop
  endfacet
  facet normal 1 0 0
    outer loop
      vertex 64 6 8
      vertex 64 12.9073 23.6977
      vertex 64 12.6977 23.9073
    endloop
  endfacet
  facet normal 1 0 0
    outer loop
      vertex 64 6 8
      vertex 64 12.6977 23.9073
      vertex 64 12.5278 24.15
    endloop
  endfacet
  facet normal 1 0 0
    outer loop
      vertex 64 6 33
      vertex 64 12.3258 24.7048
      vertex 64 12.3 25
    endloop
  endfacet
  facet normal 1 0 0
    outer loop
      vertex 64 6 33
      vertex 64 12.4025 24.4186
      vertex 64 12.3258 24.7048
    endloop
  endfacet
  facet normal 1 0 0
    outer loop
      vertex 64 6 8
      vertex 64 12.4025 24.4186
      vertex 64 6 33
    endloop
  endfacet
  facet normal 1 0 0
    outer loop
      vertex 64 12.4025 24.4186
      vertex 64 6 8
      vertex 64 12.5278 24.15
    endloop
  endfacet
  facet normal 1 0 0
    outer loop
      vertex 64 21.6899 10.1706
      vertex 64 6 8
      vertex 64 21.5 8
    endloop
  endfacet
  facet normal 0 1 -0
    outer loop
      vertex 64 22 11.3279
      vertex 56 22 33
      vertex 64 22 33
    endloop
  endfacet
  facet normal 0 1 0
    outer loop
      vertex 56 22 33
      vertex 64 22 11.3279
      vertex 56 22 11.3279
    endloop
  endfacet
  facet normal 0 -1 0
    outer loop
      vertex 56 6 8
      vertex 64 6 33
      vertex 56 6 33
    endloop
  endfacet
  facet normal 0 -1 -0
    outer loop
      vertex 64 6 33
      vertex 56 6 8
      vertex 64 6 8
    endloop
  endfacet
  facet normal -0.42259 -0.906321 0
    outer loop
      vertex 8.76954 10.1143 0
      vertex 9.125 9.94856 8
      vertex 8.76954 10.1143 8
    endloop
  endfacet
  facet normal -0.42259 -0.906321 -0
    outer loop
      vertex 9.125 9.94856 8
      vertex 8.76954 10.1143 0
      vertex 9.125 9.94856 0
    endloop
  endfacet
  facet normal 0.422599 -0.906317 0
    outer loop
      vertex 6.875 9.94856 0
      vertex 7.23045 10.1143 8
      vertex 6.875 9.94856 8
    endloop
  endfacet
  facet normal 0.422599 -0.906317 0
    outer loop
      vertex 7.23045 10.1143 8
      vertex 6.875 9.94856 0
      vertex 7.23045 10.1143 0
    endloop
  endfacet
  facet normal 0.965924 -0.258826 0
    outer loop
      vertex 5.78418 8.39071 8
      vertex 5.88569 8.76954 0
      vertex 5.88569 8.76954 8
    endloop
  endfacet
  facet normal 0.965924 -0.258826 0
    outer loop
      vertex 5.88569 8.76954 0
      vertex 5.78418 8.39071 8
      vertex 5.78418 8.39071 0
    endloop
  endfacet
  facet normal -0.906321 -0.42259 0
    outer loop
      vertex 10.1143 8.76954 0
      vertex 9.94856 9.125 8
      vertex 9.94856 9.125 0
    endloop
  endfacet
  facet normal -0.906321 -0.42259 0
    outer loop
      vertex 9.94856 9.125 8
      vertex 10.1143 8.76954 0
      vertex 10.1143 8.76954 8
    endloop
  endfacet
  facet normal -0.819147 -0.573584 0
    outer loop
      vertex 9.94856 9.125 0
      vertex 9.7236 9.44627 8
      vertex 9.7236 9.44627 0
    endloop
  endfacet
  facet normal -0.819147 -0.573584 0
    outer loop
      vertex 9.7236 9.44627 8
      vertex 9.94856 9.125 0
      vertex 9.94856 9.125 8
    endloop
  endfacet
  facet normal -0.258802 -0.96593 0
    outer loop
      vertex 8.39071 10.2158 0
      vertex 8.76954 10.1143 8
      vertex 8.39071 10.2158 8
    endloop
  endfacet
  facet normal -0.258802 -0.96593 -0
    outer loop
      vertex 8.76954 10.1143 8
      vertex 8.39071 10.2158 0
      vertex 8.76954 10.1143 0
    endloop
  endfacet
  facet normal 0.0871995 -0.996191 0
    outer loop
      vertex 7.60929 10.2158 0
      vertex 8 10.25 8
      vertex 7.60929 10.2158 8
    endloop
  endfacet
  facet normal 0.0871995 -0.996191 0
    outer loop
      vertex 8 10.25 8
      vertex 7.60929 10.2158 0
      vertex 8 10.25 0
    endloop
  endfacet
  facet normal 0.996195 0.0871489 0
    outer loop
      vertex 5.78418 7.60929 8
      vertex 5.75 8 0
      vertex 5.75 8 8
    endloop
  endfacet
  facet normal 0.996195 0.0871489 0
    outer loop
      vertex 5.75 8 0
      vertex 5.78418 7.60929 8
      vertex 5.78418 7.60929 0
    endloop
  endfacet
  facet normal 0.906311 -0.42261 0
    outer loop
      vertex 5.88569 8.76954 8
      vertex 6.05144 9.125 0
      vertex 6.05144 9.125 8
    endloop
  endfacet
  facet normal 0.906311 -0.42261 0
    outer loop
      vertex 6.05144 9.125 0
      vertex 5.88569 8.76954 8
      vertex 5.88569 8.76954 0
    endloop
  endfacet
  facet normal 0.573584 -0.819147 0
    outer loop
      vertex 6.55373 9.7236 0
      vertex 6.875 9.94856 8
      vertex 6.55373 9.7236 8
    endloop
  endfacet
  facet normal 0.573584 -0.819147 0
    outer loop
      vertex 6.875 9.94856 8
      vertex 6.55373 9.7236 0
      vertex 6.875 9.94856 0
    endloop
  endfacet
  facet normal 0.258796 -0.965932 0
    outer loop
      vertex 7.23045 10.1143 0
      vertex 7.60929 10.2158 8
      vertex 7.23045 10.1143 8
    endloop
  endfacet
  facet normal 0.258796 -0.965932 0
    outer loop
      vertex 7.60929 10.2158 8
      vertex 7.23045 10.1143 0
      vertex 7.60929 10.2158 0
    endloop
  endfacet
  facet normal -0.996191 -0.0871995 0
    outer loop
      vertex 10.25 8 0
      vertex 10.2158 8.39071 8
      vertex 10.2158 8.39071 0
    endloop
  endfacet
  facet normal -0.996191 -0.0871995 0
    outer loop
      vertex 10.2158 8.39071 8
      vertex 10.25 8 0
      vertex 10.25 8 8
    endloop
  endfacet
  facet normal -0.258826 0.965924 0
    outer loop
      vertex 8.76954 5.88569 0
      vertex 8.39071 5.78418 8
      vertex 8.76954 5.88569 8
    endloop
  endfacet
  facet normal -0.258826 0.965924 0
    outer loop
      vertex 8.39071 5.78418 8
      vertex 8.76954 5.88569 0
      vertex 8.39071 5.78418 0
    endloop
  endfacet
  facet normal -0.42261 0.906311 0
    outer loop
      vertex 9.125 6.05144 0
      vertex 8.76954 5.88569 8
      vertex 9.125 6.05144 8
    endloop
  endfacet
  facet normal -0.42261 0.906311 0
    outer loop
      vertex 8.76954 5.88569 8
      vertex 9.125 6.05144 0
      vertex 8.76954 5.88569 0
    endloop
  endfacet
  facet normal -0.573584 0.819147 0
    outer loop
      vertex 9.44627 6.2764 0
      vertex 9.125 6.05144 8
      vertex 9.44627 6.2764 8
    endloop
  endfacet
  facet normal -0.573584 0.819147 0
    outer loop
      vertex 9.125 6.05144 8
      vertex 9.44627 6.2764 0
      vertex 9.125 6.05144 0
    endloop
  endfacet
  facet normal -0.819147 0.573584 0
    outer loop
      vertex 9.7236 6.55373 0
      vertex 9.94856 6.875 8
      vertex 9.94856 6.875 0
    endloop
  endfacet
  facet normal -0.819147 0.573584 0
    outer loop
      vertex 9.94856 6.875 8
      vertex 9.7236 6.55373 0
      vertex 9.7236 6.55373 8
    endloop
  endfacet
  facet normal -0.0871489 0.996195 0
    outer loop
      vertex 8.39071 5.78418 0
      vertex 8 5.75 8
      vertex 8.39071 5.78418 8
    endloop
  endfacet
  facet normal -0.0871489 0.996195 0
    outer loop
      vertex 8 5.75 8
      vertex 8.39071 5.78418 0
      vertex 8 5.75 0
    endloop
  endfacet
  facet normal 0.573584 0.819147 -0
    outer loop
      vertex 6.875 6.05144 0
      vertex 6.55373 6.2764 8
      vertex 6.875 6.05144 8
    endloop
  endfacet
  facet normal 0.573584 0.819147 0
    outer loop
      vertex 6.55373 6.2764 8
      vertex 6.875 6.05144 0
      vertex 6.55373 6.2764 0
    endloop
  endfacet
  facet normal 0.819147 0.573584 0
    outer loop
      vertex 6.2764 6.55373 8
      vertex 6.05144 6.875 0
      vertex 6.05144 6.875 8
    endloop
  endfacet
  facet normal 0.819147 0.573584 0
    outer loop
      vertex 6.05144 6.875 0
      vertex 6.2764 6.55373 8
      vertex 6.2764 6.55373 0
    endloop
  endfacet
  facet normal 0.965926 0.258819 0
    outer loop
      vertex 5.88569 7.23045 8
      vertex 5.78418 7.60929 0
      vertex 5.78418 7.60929 8
    endloop
  endfacet
  facet normal 0.965926 0.258819 0
    outer loop
      vertex 5.78418 7.60929 0
      vertex 5.88569 7.23045 8
      vertex 5.88569 7.23045 0
    endloop
  endfacet
  facet normal -0.96593 -0.258802 0
    outer loop
      vertex 10.2158 8.39071 0
      vertex 10.1143 8.76954 8
      vertex 10.1143 8.76954 0
    endloop
  endfacet
  facet normal -0.96593 -0.258802 0
    outer loop
      vertex 10.1143 8.76954 8
      vertex 10.2158 8.39071 0
      vertex 10.2158 8.39071 8
    endloop
  endfacet
  facet normal -0.707107 -0.707107 0
    outer loop
      vertex 9.7236 9.44627 0
      vertex 9.44627 9.7236 8
      vertex 9.44627 9.7236 0
    endloop
  endfacet
  facet normal -0.707107 -0.707107 0
    outer loop
      vertex 9.44627 9.7236 8
      vertex 9.7236 9.44627 0
      vertex 9.7236 9.44627 8
    endloop
  endfacet
  facet normal -0.573584 -0.819147 0
    outer loop
      vertex 9.125 9.94856 0
      vertex 9.44627 9.7236 8
      vertex 9.125 9.94856 8
    endloop
  endfacet
  facet normal -0.573584 -0.819147 -0
    outer loop
      vertex 9.44627 9.7236 8
      vertex 9.125 9.94856 0
      vertex 9.44627 9.7236 0
    endloop
  endfacet
  facet normal -0.0871995 -0.996191 0
    outer loop
      vertex 8 10.25 0
      vertex 8.39071 10.2158 8
      vertex 8 10.25 8
    endloop
  endfacet
  facet normal -0.0871995 -0.996191 -0
    outer loop
      vertex 8.39071 10.2158 8
      vertex 8 10.25 0
      vertex 8.39071 10.2158 0
    endloop
  endfacet
  facet normal 0.996195 -0.0871489 0
    outer loop
      vertex 5.75 8 8
      vertex 5.78418 8.39071 0
      vertex 5.78418 8.39071 8
    endloop
  endfacet
  facet normal 0.996195 -0.0871489 0
    outer loop
      vertex 5.78418 8.39071 0
      vertex 5.75 8 8
      vertex 5.75 8 0
    endloop
  endfacet
  facet normal 0.707107 -0.707107 0
    outer loop
      vertex 6.2764 9.44627 8
      vertex 6.55373 9.7236 0
      vertex 6.55373 9.7236 8
    endloop
  endfacet
  facet normal 0.707107 -0.707107 0
    outer loop
      vertex 6.55373 9.7236 0
      vertex 6.2764 9.44627 8
      vertex 6.2764 9.44627 0
    endloop
  endfacet
  facet normal 0.819147 -0.573584 0
    outer loop
      vertex 6.05144 9.125 8
      vertex 6.2764 9.44627 0
      vertex 6.2764 9.44627 8
    endloop
  endfacet
  facet normal 0.819147 -0.573584 0
    outer loop
      vertex 6.2764 9.44627 0
      vertex 6.05144 9.125 8
      vertex 6.05144 9.125 0
    endloop
  endfacet
  facet normal -0.965932 0.258796 0
    outer loop
      vertex 10.1143 7.23045 0
      vertex 10.2158 7.60929 8
      vertex 10.2158 7.60929 0
    endloop
  endfacet
  facet normal -0.965932 0.258796 0
    outer loop
      vertex 10.2158 7.60929 8
      vertex 10.1143 7.23045 0
      vertex 10.1143 7.23045 8
    endloop
  endfacet
  facet normal -0.707107 0.707107 0
    outer loop
      vertex 9.44627 6.2764 0
      vertex 9.7236 6.55373 8
      vertex 9.7236 6.55373 0
    endloop
  endfacet
  facet normal -0.707107 0.707107 0
    outer loop
      vertex 9.7236 6.55373 8
      vertex 9.44627 6.2764 0
      vertex 9.44627 6.2764 8
    endloop
  endfacet
  facet normal -0.906317 0.422599 0
    outer loop
      vertex 9.94856 6.875 0
      vertex 10.1143 7.23045 8
      vertex 10.1143 7.23045 0
    endloop
  endfacet
  facet normal -0.906317 0.422599 0
    outer loop
      vertex 10.1143 7.23045 8
      vertex 9.94856 6.875 0
      vertex 9.94856 6.875 8
    endloop
  endfacet
  facet normal 0.258819 0.965926 -0
    outer loop
      vertex 7.60929 5.78418 0
      vertex 7.23045 5.88569 8
      vertex 7.60929 5.78418 8
    endloop
  endfacet
  facet normal 0.258819 0.965926 0
    outer loop
      vertex 7.23045 5.88569 8
      vertex 7.60929 5.78418 0
      vertex 7.23045 5.88569 0
    endloop
  endfacet
  facet normal 0.42262 0.906307 -0
    outer loop
      vertex 7.23045 5.88569 0
      vertex 6.875 6.05144 8
      vertex 7.23045 5.88569 8
    endloop
  endfacet
  facet normal 0.42262 0.906307 0
    outer loop
      vertex 6.875 6.05144 8
      vertex 7.23045 5.88569 0
      vertex 6.875 6.05144 0
    endloop
  endfacet
  facet normal 0.906307 0.42262 0
    outer loop
      vertex 6.05144 6.875 8
      vertex 5.88569 7.23045 0
      vertex 5.88569 7.23045 8
    endloop
  endfacet
  facet normal 0.906307 0.42262 0
    outer loop
      vertex 5.88569 7.23045 0
      vertex 6.05144 6.875 8
      vertex 6.05144 6.875 0
    endloop
  endfacet
  facet normal 0.707107 0.707107 0
    outer loop
      vertex 6.55373 6.2764 8
      vertex 6.2764 6.55373 0
      vertex 6.2764 6.55373 8
    endloop
  endfacet
  facet normal 0.707107 0.707107 0
    outer loop
      vertex 6.2764 6.55373 0
      vertex 6.55373 6.2764 8
      vertex 6.55373 6.2764 0
    endloop
  endfacet
  facet normal -0.996191 0.0871995 0
    outer loop
      vertex 10.2158 7.60929 0
      vertex 10.25 8 8
      vertex 10.25 8 0
    endloop
  endfacet
  facet normal -0.996191 0.0871995 0
    outer loop
      vertex 10.25 8 8
      vertex 10.2158 7.60929 0
      vertex 10.2158 7.60929 8
    endloop
  endfacet
  facet normal 0.0871489 0.996195 -0
    outer loop
      vertex 8 5.75 0
      vertex 7.60929 5.78418 8
      vertex 8 5.75 8
    endloop
  endfacet
  facet normal 0.0871489 0.996195 0
    outer loop
      vertex 7.60929 5.78418 8
      vertex 8 5.75 0
      vertex 7.60929 5.78418 0
    endloop
  endfacet
  facet normal -0.422506 -0.90636 0
    outer loop
      vertex 8.76954 62.1143 0
      vertex 9.125 61.9486 8
      vertex 8.76954 62.1143 8
    endloop
  endfacet
  facet normal -0.422506 -0.90636 -0
    outer loop
      vertex 9.125 61.9486 8
      vertex 8.76954 62.1143 0
      vertex 9.125 61.9486 0
    endloop
  endfacet
  facet normal 0.422516 -0.906356 0
    outer loop
      vertex 6.875 61.9486 0
      vertex 7.23045 62.1143 8
      vertex 6.875 61.9486 8
    endloop
  endfacet
  facet normal 0.422516 -0.906356 0
    outer loop
      vertex 7.23045 62.1143 8
      vertex 6.875 61.9486 0
      vertex 7.23045 62.1143 0
    endloop
  endfacet
  facet normal 0.965919 -0.258845 0
    outer loop
      vertex 5.78418 60.3907 8
      vertex 5.88569 60.7695 0
      vertex 5.88569 60.7695 8
    endloop
  endfacet
  facet normal 0.965919 -0.258845 0
    outer loop
      vertex 5.88569 60.7695 0
      vertex 5.78418 60.3907 8
      vertex 5.78418 60.3907 0
    endloop
  endfacet
  facet normal -0.906339 -0.42255 0
    outer loop
      vertex 10.1143 60.7695 0
      vertex 9.94856 61.125 8
      vertex 9.94856 61.125 0
    endloop
  endfacet
  facet normal -0.906339 -0.42255 0
    outer loop
      vertex 9.94856 61.125 8
      vertex 10.1143 60.7695 0
      vertex 10.1143 60.7695 8
    endloop
  endfacet
  facet normal -0.819172 -0.573548 0
    outer loop
      vertex 9.94856 61.125 0
      vertex 9.7236 61.4463 8
      vertex 9.7236 61.4463 0
    endloop
  endfacet
  facet normal -0.819172 -0.573548 0
    outer loop
      vertex 9.7236 61.4463 8
      vertex 9.94856 61.125 0
      vertex 9.94856 61.125 8
    endloop
  endfacet
  facet normal -0.258802 -0.96593 0
    outer loop
      vertex 8.39071 62.2158 0
      vertex 8.76954 62.1143 8
      vertex 8.39071 62.2158 8
    endloop
  endfacet
  facet normal -0.258802 -0.96593 -0
    outer loop
      vertex 8.76954 62.1143 8
      vertex 8.39071 62.2158 0
      vertex 8.76954 62.1143 0
    endloop
  endfacet
  facet normal 0.0871995 -0.996191 0
    outer loop
      vertex 7.60929 62.2158 0
      vertex 8 62.25 8
      vertex 7.60929 62.2158 8
    endloop
  endfacet
  facet normal 0.0871995 -0.996191 0
    outer loop
      vertex 8 62.25 8
      vertex 7.60929 62.2158 0
      vertex 8 62.25 0
    endloop
  endfacet
  facet normal 0.996195 0.0871511 0
    outer loop
      vertex 5.78418 59.6093 8
      vertex 5.75 60 0
      vertex 5.75 60 8
    endloop
  endfacet
  facet normal 0.996195 0.0871511 0
    outer loop
      vertex 5.75 60 0
      vertex 5.78418 59.6093 8
      vertex 5.78418 59.6093 0
    endloop
  endfacet
  facet normal 0.90633 -0.422571 0
    outer loop
      vertex 5.88569 60.7695 8
      vertex 6.05144 61.125 0
      vertex 6.05144 61.125 8
    endloop
  endfacet
  facet normal 0.90633 -0.422571 0
    outer loop
      vertex 6.05144 61.125 0
      vertex 5.88569 60.7695 8
      vertex 5.88569 60.7695 0
    endloop
  endfacet
  facet normal 0.573652 -0.819099 0
    outer loop
      vertex 6.55373 61.7236 0
      vertex 6.875 61.9486 8
      vertex 6.55373 61.7236 8
    endloop
  endfacet
  facet normal 0.573652 -0.819099 0
    outer loop
      vertex 6.875 61.9486 8
      vertex 6.55373 61.7236 0
      vertex 6.875 61.9486 0
    endloop
  endfacet
  facet normal 0.258796 -0.965932 0
    outer loop
      vertex 7.23045 62.1143 0
      vertex 7.60929 62.2158 8
      vertex 7.23045 62.1143 8
    endloop
  endfacet
  facet normal 0.258796 -0.965932 0
    outer loop
      vertex 7.60929 62.2158 8
      vertex 7.23045 62.1143 0
      vertex 7.60929 62.2158 0
    endloop
  endfacet
  facet normal -0.996191 -0.0872017 0
    outer loop
      vertex 10.25 60 0
      vertex 10.2158 60.3907 8
      vertex 10.2158 60.3907 0
    endloop
  endfacet
  facet normal -0.996191 -0.0872017 0
    outer loop
      vertex 10.2158 60.3907 8
      vertex 10.25 60 0
      vertex 10.25 60 8
    endloop
  endfacet
  facet normal -0.258802 0.96593 0
    outer loop
      vertex 8.76954 57.8857 0
      vertex 8.39071 57.7842 8
      vertex 8.76954 57.8857 8
    endloop
  endfacet
  facet normal -0.258802 0.96593 0
    outer loop
      vertex 8.39071 57.7842 8
      vertex 8.76954 57.8857 0
      vertex 8.39071 57.7842 0
    endloop
  endfacet
  facet normal -0.422506 0.90636 0
    outer loop
      vertex 9.125 58.0514 0
      vertex 8.76954 57.8857 8
      vertex 9.125 58.0514 8
    endloop
  endfacet
  facet normal -0.422506 0.90636 0
    outer loop
      vertex 8.76954 57.8857 8
      vertex 9.125 58.0514 0
      vertex 8.76954 57.8857 0
    endloop
  endfacet
  facet normal -0.573652 0.819099 0
    outer loop
      vertex 9.44627 58.2764 0
      vertex 9.125 58.0514 8
      vertex 9.44627 58.2764 8
    endloop
  endfacet
  facet normal -0.573652 0.819099 0
    outer loop
      vertex 9.125 58.0514 8
      vertex 9.44627 58.2764 0
      vertex 9.125 58.0514 0
    endloop
  endfacet
  facet normal -0.819172 0.573548 0
    outer loop
      vertex 9.7236 58.5537 0
      vertex 9.94856 58.875 8
      vertex 9.94856 58.875 0
    endloop
  endfacet
  facet normal -0.819172 0.573548 0
    outer loop
      vertex 9.94856 58.875 8
      vertex 9.7236 58.5537 0
      vertex 9.7236 58.5537 8
    endloop
  endfacet
  facet normal -0.0871995 0.996191 0
    outer loop
      vertex 8.39071 57.7842 0
      vertex 8 57.75 8
      vertex 8.39071 57.7842 8
    endloop
  endfacet
  facet normal -0.0871995 0.996191 0
    outer loop
      vertex 8 57.75 8
      vertex 8.39071 57.7842 0
      vertex 8 57.75 0
    endloop
  endfacet
  facet normal 0.573652 0.819099 -0
    outer loop
      vertex 6.875 58.0514 0
      vertex 6.55373 58.2764 8
      vertex 6.875 58.0514 8
    endloop
  endfacet
  facet normal 0.573652 0.819099 0
    outer loop
      vertex 6.55373 58.2764 8
      vertex 6.875 58.0514 0
      vertex 6.55373 58.2764 0
    endloop
  endfacet
  facet normal 0.819172 0.573548 0
    outer loop
      vertex 6.2764 58.5537 8
      vertex 6.05144 58.875 0
      vertex 6.05144 58.875 8
    endloop
  endfacet
  facet normal 0.819172 0.573548 0
    outer loop
      vertex 6.05144 58.875 0
      vertex 6.2764 58.5537 8
      vertex 6.2764 58.5537 0
    endloop
  endfacet
  facet normal 0.965919 0.258845 0
    outer loop
      vertex 5.88569 59.2305 8
      vertex 5.78418 59.6093 0
      vertex 5.78418 59.6093 8
    endloop
  endfacet
  facet normal 0.965919 0.258845 0
    outer loop
      vertex 5.78418 59.6093 0
      vertex 5.88569 59.2305 8
      vertex 5.88569 59.2305 0
    endloop
  endfacet
  facet normal 0.707069 0.707145 0
    outer loop
      vertex 6.55373 58.2764 8
      vertex 6.2764 58.5537 0
      vertex 6.2764 58.5537 8
    endloop
  endfacet
  facet normal 0.707069 0.707145 0
    outer loop
      vertex 6.2764 58.5537 0
      vertex 6.55373 58.2764 8
      vertex 6.55373 58.2764 0
    endloop
  endfacet
  facet normal -0.965925 -0.258821 0
    outer loop
      vertex 10.2158 60.3907 0
      vertex 10.1143 60.7695 8
      vertex 10.1143 60.7695 0
    endloop
  endfacet
  facet normal -0.965925 -0.258821 0
    outer loop
      vertex 10.1143 60.7695 8
      vertex 10.2158 60.3907 0
      vertex 10.2158 60.3907 8
    endloop
  endfacet
  facet normal -0.707069 -0.707145 0
    outer loop
      vertex 9.44627 61.7236 0
      vertex 9.7236 61.4463 8
      vertex 9.44627 61.7236 8
    endloop
  endfacet
  facet normal -0.707069 -0.707145 -0
    outer loop
      vertex 9.7236 61.4463 8
      vertex 9.44627 61.7236 0
      vertex 9.7236 61.4463 0
    endloop
  endfacet
  facet normal -0.573652 -0.819099 0
    outer loop
      vertex 9.125 61.9486 0
      vertex 9.44627 61.7236 8
      vertex 9.125 61.9486 8
    endloop
  endfacet
  facet normal -0.573652 -0.819099 -0
    outer loop
      vertex 9.44627 61.7236 8
      vertex 9.125 61.9486 0
      vertex 9.44627 61.7236 0
    endloop
  endfacet
  facet normal -0.0871995 -0.996191 0
    outer loop
      vertex 8 62.25 0
      vertex 8.39071 62.2158 8
      vertex 8 62.25 8
    endloop
  endfacet
  facet normal -0.0871995 -0.996191 -0
    outer loop
      vertex 8.39071 62.2158 8
      vertex 8 62.25 0
      vertex 8.39071 62.2158 0
    endloop
  endfacet
  facet normal 0.996195 -0.0871511 0
    outer loop
      vertex 5.75 60 8
      vertex 5.78418 60.3907 0
      vertex 5.78418 60.3907 8
    endloop
  endfacet
  facet normal 0.996195 -0.0871511 0
    outer loop
      vertex 5.78418 60.3907 0
      vertex 5.75 60 8
      vertex 5.75 60 0
    endloop
  endfacet
  facet normal 0.707069 -0.707145 0
    outer loop
      vertex 6.2764 61.4463 0
      vertex 6.55373 61.7236 8
      vertex 6.2764 61.4463 8
    endloop
  endfacet
  facet normal 0.707069 -0.707145 0
    outer loop
      vertex 6.55373 61.7236 8
      vertex 6.2764 61.4463 0
      vertex 6.55373 61.7236 0
    endloop
  endfacet
  facet normal 0.819172 -0.573548 0
    outer loop
      vertex 6.05144 61.125 8
      vertex 6.2764 61.4463 0
      vertex 6.2764 61.4463 8
    endloop
  endfacet
  facet normal 0.819172 -0.573548 0
    outer loop
      vertex 6.2764 61.4463 0
      vertex 6.05144 61.125 8
      vertex 6.05144 61.125 0
    endloop
  endfacet
  facet normal -0.965925 0.258821 0
    outer loop
      vertex 10.1143 59.2305 0
      vertex 10.2158 59.6093 8
      vertex 10.2158 59.6093 0
    endloop
  endfacet
  facet normal -0.965925 0.258821 0
    outer loop
      vertex 10.2158 59.6093 8
      vertex 10.1143 59.2305 0
      vertex 10.1143 59.2305 8
    endloop
  endfacet
  facet normal -0.707069 0.707145 0
    outer loop
      vertex 9.44627 58.2764 0
      vertex 9.7236 58.5537 8
      vertex 9.7236 58.5537 0
    endloop
  endfacet
  facet normal -0.707069 0.707145 0
    outer loop
      vertex 9.7236 58.5537 8
      vertex 9.44627 58.2764 0
      vertex 9.44627 58.2764 8
    endloop
  endfacet
  facet normal -0.906339 0.42255 0
    outer loop
      vertex 9.94856 58.875 0
      vertex 10.1143 59.2305 8
      vertex 10.1143 59.2305 0
    endloop
  endfacet
  facet normal -0.906339 0.42255 0
    outer loop
      vertex 10.1143 59.2305 8
      vertex 9.94856 58.875 0
      vertex 9.94856 58.875 8
    endloop
  endfacet
  facet normal 0.258796 0.965932 -0
    outer loop
      vertex 7.60929 57.7842 0
      vertex 7.23045 57.8857 8
      vertex 7.60929 57.7842 8
    endloop
  endfacet
  facet normal 0.258796 0.965932 0
    outer loop
      vertex 7.23045 57.8857 8
      vertex 7.60929 57.7842 0
      vertex 7.23045 57.8857 0
    endloop
  endfacet
  facet normal 0.422516 0.906356 -0
    outer loop
      vertex 7.23045 57.8857 0
      vertex 6.875 58.0514 8
      vertex 7.23045 57.8857 8
    endloop
  endfacet
  facet normal 0.422516 0.906356 0
    outer loop
      vertex 6.875 58.0514 8
      vertex 7.23045 57.8857 0
      vertex 6.875 58.0514 0
    endloop
  endfacet
  facet normal 0.90633 0.422571 0
    outer loop
      vertex 6.05144 58.875 8
      vertex 5.88569 59.2305 0
      vertex 5.88569 59.2305 8
    endloop
  endfacet
  facet normal 0.90633 0.422571 0
    outer loop
      vertex 5.88569 59.2305 0
      vertex 6.05144 58.875 8
      vertex 6.05144 58.875 0
    endloop
  endfacet
  facet normal -0.996191 0.0872017 0
    outer loop
      vertex 10.2158 59.6093 0
      vertex 10.25 60 8
      vertex 10.25 60 0
    endloop
  endfacet
  facet normal -0.996191 0.0872017 0
    outer loop
      vertex 10.25 60 8
      vertex 10.2158 59.6093 0
      vertex 10.2158 59.6093 8
    endloop
  endfacet
  facet normal 0.0871995 0.996191 -0
    outer loop
      vertex 8 57.75 0
      vertex 7.60929 57.7842 8
      vertex 8 57.75 8
    endloop
  endfacet
  facet normal 0.0871995 0.996191 0
    outer loop
      vertex 7.60929 57.7842 8
      vertex 8 57.75 0
      vertex 7.60929 57.7842 0
    endloop
  endfacet
  facet normal -0.42255 -0.906339 0
    outer loop
      vertex 84.7695 10.1143 0
      vertex 85.125 9.94856 8
      vertex 84.7695 10.1143 8
    endloop
  endfacet
  facet normal -0.42255 -0.906339 -0
    outer loop
      vertex 85.125 9.94856 8
      vertex 84.7695 10.1143 0
      vertex 85.125 9.94856 0
    endloop
  endfacet
  facet normal 0.42255 -0.906339 0
    outer loop
      vertex 82.875 9.94856 0
      vertex 83.2305 10.1143 8
      vertex 82.875 9.94856 8
    endloop
  endfacet
  facet normal 0.42255 -0.906339 0
    outer loop
      vertex 83.2305 10.1143 8
      vertex 82.875 9.94856 0
      vertex 83.2305 10.1143 0
    endloop
  endfacet
  facet normal 0.96593 -0.258802 0
    outer loop
      vertex 81.7842 8.39071 8
      vertex 81.8857 8.76954 0
      vertex 81.8857 8.76954 8
    endloop
  endfacet
  facet normal 0.96593 -0.258802 0
    outer loop
      vertex 81.8857 8.76954 0
      vertex 81.7842 8.39071 8
      vertex 81.7842 8.39071 0
    endloop
  endfacet
  facet normal -0.90636 -0.422506 0
    outer loop
      vertex 86.1143 8.76954 0
      vertex 85.9486 9.125 8
      vertex 85.9486 9.125 0
    endloop
  endfacet
  facet normal -0.90636 -0.422506 0
    outer loop
      vertex 85.9486 9.125 8
      vertex 86.1143 8.76954 0
      vertex 86.1143 8.76954 8
    endloop
  endfacet
  facet normal -0.819099 -0.573652 0
    outer loop
      vertex 85.9486 9.125 0
      vertex 85.7236 9.44627 8
      vertex 85.7236 9.44627 0
    endloop
  endfacet
  facet normal -0.819099 -0.573652 0
    outer loop
      vertex 85.7236 9.44627 8
      vertex 85.9486 9.125 0
      vertex 85.9486 9.125 8
    endloop
  endfacet
  facet normal -0.258821 -0.965925 0
    outer loop
      vertex 84.3907 10.2158 0
      vertex 84.7695 10.1143 8
      vertex 84.3907 10.2158 8
    endloop
  endfacet
  facet normal -0.258821 -0.965925 -0
    outer loop
      vertex 84.7695 10.1143 8
      vertex 84.3907 10.2158 0
      vertex 84.7695 10.1143 0
    endloop
  endfacet
  facet normal 0.0872017 -0.996191 0
    outer loop
      vertex 83.6093 10.2158 0
      vertex 84 10.25 8
      vertex 83.6093 10.2158 8
    endloop
  endfacet
  facet normal 0.0872017 -0.996191 0
    outer loop
      vertex 84 10.25 8
      vertex 83.6093 10.2158 0
      vertex 84 10.25 0
    endloop
  endfacet
  facet normal 0.996191 0.0871995 0
    outer loop
      vertex 81.7842 7.60929 8
      vertex 81.75 8 0
      vertex 81.75 8 8
    endloop
  endfacet
  facet normal 0.996191 0.0871995 0
    outer loop
      vertex 81.75 8 0
      vertex 81.7842 7.60929 8
      vertex 81.7842 7.60929 0
    endloop
  endfacet
  facet normal 0.90636 -0.422506 0
    outer loop
      vertex 81.8857 8.76954 8
      vertex 82.0514 9.125 0
      vertex 82.0514 9.125 8
    endloop
  endfacet
  facet normal 0.90636 -0.422506 0
    outer loop
      vertex 82.0514 9.125 0
      vertex 81.8857 8.76954 8
      vertex 81.8857 8.76954 0
    endloop
  endfacet
  facet normal 0.573548 -0.819172 0
    outer loop
      vertex 82.5537 9.7236 0
      vertex 82.875 9.94856 8
      vertex 82.5537 9.7236 8
    endloop
  endfacet
  facet normal 0.573548 -0.819172 0
    outer loop
      vertex 82.875 9.94856 8
      vertex 82.5537 9.7236 0
      vertex 82.875 9.94856 0
    endloop
  endfacet
  facet normal 0.258821 -0.965925 0
    outer loop
      vertex 83.2305 10.1143 0
      vertex 83.6093 10.2158 8
      vertex 83.2305 10.1143 8
    endloop
  endfacet
  facet normal 0.258821 -0.965925 0
    outer loop
      vertex 83.6093 10.2158 8
      vertex 83.2305 10.1143 0
      vertex 83.6093 10.2158 0
    endloop
  endfacet
  facet normal -0.996191 -0.0871995 0
    outer loop
      vertex 86.25 8 0
      vertex 86.2158 8.39071 8
      vertex 86.2158 8.39071 0
    endloop
  endfacet
  facet normal -0.996191 -0.0871995 0
    outer loop
      vertex 86.2158 8.39071 8
      vertex 86.25 8 0
      vertex 86.25 8 8
    endloop
  endfacet
  facet normal -0.258845 0.965919 0
    outer loop
      vertex 84.7695 5.88569 0
      vertex 84.3907 5.78418 8
      vertex 84.7695 5.88569 8
    endloop
  endfacet
  facet normal -0.258845 0.965919 0
    outer loop
      vertex 84.3907 5.78418 8
      vertex 84.7695 5.88569 0
      vertex 84.3907 5.78418 0
    endloop
  endfacet
  facet normal -0.422571 0.90633 0
    outer loop
      vertex 85.125 6.05144 0
      vertex 84.7695 5.88569 8
      vertex 85.125 6.05144 8
    endloop
  endfacet
  facet normal -0.422571 0.90633 0
    outer loop
      vertex 84.7695 5.88569 8
      vertex 85.125 6.05144 0
      vertex 84.7695 5.88569 0
    endloop
  endfacet
  facet normal -0.573548 0.819172 0
    outer loop
      vertex 85.4463 6.2764 0
      vertex 85.125 6.05144 8
      vertex 85.4463 6.2764 8
    endloop
  endfacet
  facet normal -0.573548 0.819172 0
    outer loop
      vertex 85.125 6.05144 8
      vertex 85.4463 6.2764 0
      vertex 85.125 6.05144 0
    endloop
  endfacet
  facet normal -0.819099 0.573652 0
    outer loop
      vertex 85.7236 6.55373 0
      vertex 85.9486 6.875 8
      vertex 85.9486 6.875 0
    endloop
  endfacet
  facet normal -0.819099 0.573652 0
    outer loop
      vertex 85.9486 6.875 8
      vertex 85.7236 6.55373 0
      vertex 85.7236 6.55373 8
    endloop
  endfacet
  facet normal -0.0871511 0.996195 0
    outer loop
      vertex 84.3907 5.78418 0
      vertex 84 5.75 8
      vertex 84.3907 5.78418 8
    endloop
  endfacet
  facet normal -0.0871511 0.996195 0
    outer loop
      vertex 84 5.75 8
      vertex 84.3907 5.78418 0
      vertex 84 5.75 0
    endloop
  endfacet
  facet normal 0.573548 0.819172 -0
    outer loop
      vertex 82.875 6.05144 0
      vertex 82.5537 6.2764 8
      vertex 82.875 6.05144 8
    endloop
  endfacet
  facet normal 0.573548 0.819172 0
    outer loop
      vertex 82.5537 6.2764 8
      vertex 82.875 6.05144 0
      vertex 82.5537 6.2764 0
    endloop
  endfacet
  facet normal 0.819099 0.573652 0
    outer loop
      vertex 82.2764 6.55373 8
      vertex 82.0514 6.875 0
      vertex 82.0514 6.875 8
    endloop
  endfacet
  facet normal 0.819099 0.573652 0
    outer loop
      vertex 82.0514 6.875 0
      vertex 82.2764 6.55373 8
      vertex 82.2764 6.55373 0
    endloop
  endfacet
  facet normal 0.965932 0.258796 0
    outer loop
      vertex 81.8857 7.23045 8
      vertex 81.7842 7.60929 0
      vertex 81.7842 7.60929 8
    endloop
  endfacet
  facet normal 0.965932 0.258796 0
    outer loop
      vertex 81.7842 7.60929 0
      vertex 81.8857 7.23045 8
      vertex 81.8857 7.23045 0
    endloop
  endfacet
  facet normal 0.707145 0.707069 -0
    outer loop
      vertex 82.5537 6.2764 0
      vertex 82.2764 6.55373 8
      vertex 82.5537 6.2764 8
    endloop
  endfacet
  facet normal 0.707145 0.707069 0
    outer loop
      vertex 82.2764 6.55373 8
      vertex 82.5537 6.2764 0
      vertex 82.2764 6.55373 0
    endloop
  endfacet
  facet normal -0.96593 -0.258802 0
    outer loop
      vertex 86.2158 8.39071 0
      vertex 86.1143 8.76954 8
      vertex 86.1143 8.76954 0
    endloop
  endfacet
  facet normal -0.96593 -0.258802 0
    outer loop
      vertex 86.1143 8.76954 8
      vertex 86.2158 8.39071 0
      vertex 86.2158 8.39071 8
    endloop
  endfacet
  facet normal -0.707145 -0.707069 0
    outer loop
      vertex 85.4463 9.7236 0
      vertex 85.7236 9.44627 8
      vertex 85.4463 9.7236 8
    endloop
  endfacet
  facet normal -0.707145 -0.707069 -0
    outer loop
      vertex 85.7236 9.44627 8
      vertex 85.4463 9.7236 0
      vertex 85.7236 9.44627 0
    endloop
  endfacet
  facet normal -0.573548 -0.819172 0
    outer loop
      vertex 85.125 9.94856 0
      vertex 85.4463 9.7236 8
      vertex 85.125 9.94856 8
    endloop
  endfacet
  facet normal -0.573548 -0.819172 -0
    outer loop
      vertex 85.4463 9.7236 8
      vertex 85.125 9.94856 0
      vertex 85.4463 9.7236 0
    endloop
  endfacet
  facet normal -0.0872017 -0.996191 0
    outer loop
      vertex 84 10.25 0
      vertex 84.3907 10.2158 8
      vertex 84 10.25 8
    endloop
  endfacet
  facet normal -0.0872017 -0.996191 -0
    outer loop
      vertex 84.3907 10.2158 8
      vertex 84 10.25 0
      vertex 84.3907 10.2158 0
    endloop
  endfacet
  facet normal 0.996191 -0.0871995 0
    outer loop
      vertex 81.75 8 8
      vertex 81.7842 8.39071 0
      vertex 81.7842 8.39071 8
    endloop
  endfacet
  facet normal 0.996191 -0.0871995 0
    outer loop
      vertex 81.7842 8.39071 0
      vertex 81.75 8 8
      vertex 81.75 8 0
    endloop
  endfacet
  facet normal 0.707145 -0.707069 0
    outer loop
      vertex 82.2764 9.44627 0
      vertex 82.5537 9.7236 8
      vertex 82.2764 9.44627 8
    endloop
  endfacet
  facet normal 0.707145 -0.707069 0
    outer loop
      vertex 82.5537 9.7236 8
      vertex 82.2764 9.44627 0
      vertex 82.5537 9.7236 0
    endloop
  endfacet
  facet normal 0.819099 -0.573652 0
    outer loop
      vertex 82.0514 9.125 8
      vertex 82.2764 9.44627 0
      vertex 82.2764 9.44627 8
    endloop
  endfacet
  facet normal 0.819099 -0.573652 0
    outer loop
      vertex 82.2764 9.44627 0
      vertex 82.0514 9.125 8
      vertex 82.0514 9.125 0
    endloop
  endfacet
  facet normal -0.965932 0.258796 0
    outer loop
      vertex 86.1143 7.23045 0
      vertex 86.2158 7.60929 8
      vertex 86.2158 7.60929 0
    endloop
  endfacet
  facet normal -0.965932 0.258796 0
    outer loop
      vertex 86.2158 7.60929 8
      vertex 86.1143 7.23045 0
      vertex 86.1143 7.23045 8
    endloop
  endfacet
  facet normal -0.707145 0.707069 0
    outer loop
      vertex 85.7236 6.55373 0
      vertex 85.4463 6.2764 8
      vertex 85.7236 6.55373 8
    endloop
  endfacet
  facet normal -0.707145 0.707069 0
    outer loop
      vertex 85.4463 6.2764 8
      vertex 85.7236 6.55373 0
      vertex 85.4463 6.2764 0
    endloop
  endfacet
  facet normal -0.906356 0.422516 0
    outer loop
      vertex 85.9486 6.875 0
      vertex 86.1143 7.23045 8
      vertex 86.1143 7.23045 0
    endloop
  endfacet
  facet normal -0.906356 0.422516 0
    outer loop
      vertex 86.1143 7.23045 8
      vertex 85.9486 6.875 0
      vertex 85.9486 6.875 8
    endloop
  endfacet
  facet normal 0.258845 0.965919 -0
    outer loop
      vertex 83.6093 5.78418 0
      vertex 83.2305 5.88569 8
      vertex 83.6093 5.78418 8
    endloop
  endfacet
  facet normal 0.258845 0.965919 0
    outer loop
      vertex 83.2305 5.88569 8
      vertex 83.6093 5.78418 0
      vertex 83.2305 5.88569 0
    endloop
  endfacet
  facet normal 0.422571 0.90633 -0
    outer loop
      vertex 83.2305 5.88569 0
      vertex 82.875 6.05144 8
      vertex 83.2305 5.88569 8
    endloop
  endfacet
  facet normal 0.422571 0.90633 0
    outer loop
      vertex 82.875 6.05144 8
      vertex 83.2305 5.88569 0
      vertex 82.875 6.05144 0
    endloop
  endfacet
  facet normal 0.906356 0.422516 0
    outer loop
      vertex 82.0514 6.875 8
      vertex 81.8857 7.23045 0
      vertex 81.8857 7.23045 8
    endloop
  endfacet
  facet normal 0.906356 0.422516 0
    outer loop
      vertex 81.8857 7.23045 0
      vertex 82.0514 6.875 8
      vertex 82.0514 6.875 0
    endloop
  endfacet
  facet normal -0.996191 0.0871995 0
    outer loop
      vertex 86.2158 7.60929 0
      vertex 86.25 8 8
      vertex 86.25 8 0
    endloop
  endfacet
  facet normal -0.996191 0.0871995 0
    outer loop
      vertex 86.25 8 8
      vertex 86.2158 7.60929 0
      vertex 86.2158 7.60929 8
    endloop
  endfacet
  facet normal 0.0871511 0.996195 -0
    outer loop
      vertex 84 5.75 0
      vertex 83.6093 5.78418 8
      vertex 84 5.75 8
    endloop
  endfacet
  facet normal 0.0871511 0.996195 0
    outer loop
      vertex 83.6093 5.78418 8
      vertex 84 5.75 0
      vertex 83.6093 5.78418 0
    endloop
  endfacet
  facet normal -0.422467 -0.906378 0
    outer loop
      vertex 84.7695 62.1143 0
      vertex 85.125 61.9486 8
      vertex 84.7695 62.1143 8
    endloop
  endfacet
  facet normal -0.422467 -0.906378 -0
    outer loop
      vertex 85.125 61.9486 8
      vertex 84.7695 62.1143 0
      vertex 85.125 61.9486 0
    endloop
  endfacet
  facet normal 0.422467 -0.906378 0
    outer loop
      vertex 82.875 61.9486 0
      vertex 83.2305 62.1143 8
      vertex 82.875 61.9486 8
    endloop
  endfacet
  facet normal 0.422467 -0.906378 0
    outer loop
      vertex 83.2305 62.1143 8
      vertex 82.875 61.9486 0
      vertex 83.2305 62.1143 0
    endloop
  endfacet
  facet normal 0.965925 -0.258821 0
    outer loop
      vertex 81.7842 60.3907 8
      vertex 81.8857 60.7695 0
      vertex 81.8857 60.7695 8
    endloop
  endfacet
  facet normal 0.965925 -0.258821 0
    outer loop
      vertex 81.8857 60.7695 0
      vertex 81.7842 60.3907 8
      vertex 81.7842 60.3907 0
    endloop
  endfacet
  facet normal -0.906378 -0.422467 0
    outer loop
      vertex 86.1143 60.7695 0
      vertex 85.9486 61.125 8
      vertex 85.9486 61.125 0
    endloop
  endfacet
  facet normal -0.906378 -0.422467 0
    outer loop
      vertex 85.9486 61.125 8
      vertex 86.1143 60.7695 0
      vertex 86.1143 60.7695 8
    endloop
  endfacet
  facet normal -0.819124 -0.573616 0
    outer loop
      vertex 85.9486 61.125 0
      vertex 85.7236 61.4463 8
      vertex 85.7236 61.4463 0
    endloop
  endfacet
  facet normal -0.819124 -0.573616 0
    outer loop
      vertex 85.7236 61.4463 8
      vertex 85.9486 61.125 0
      vertex 85.9486 61.125 8
    endloop
  endfacet
  facet normal -0.258821 -0.965925 0
    outer loop
      vertex 84.3907 62.2158 0
      vertex 84.7695 62.1143 8
      vertex 84.3907 62.2158 8
    endloop
  endfacet
  facet normal -0.258821 -0.965925 -0
    outer loop
      vertex 84.7695 62.1143 8
      vertex 84.3907 62.2158 0
      vertex 84.7695 62.1143 0
    endloop
  endfacet
  facet normal 0.0872017 -0.996191 0
    outer loop
      vertex 83.6093 62.2158 0
      vertex 84 62.25 8
      vertex 83.6093 62.2158 8
    endloop
  endfacet
  facet normal 0.0872017 -0.996191 0
    outer loop
      vertex 84 62.25 8
      vertex 83.6093 62.2158 0
      vertex 84 62.25 0
    endloop
  endfacet
  facet normal 0.996191 0.0872017 0
    outer loop
      vertex 81.7842 59.6093 8
      vertex 81.75 60 0
      vertex 81.75 60 8
    endloop
  endfacet
  facet normal 0.996191 0.0872017 0
    outer loop
      vertex 81.75 60 0
      vertex 81.7842 59.6093 8
      vertex 81.7842 59.6093 0
    endloop
  endfacet
  facet normal 0.906378 -0.422467 0
    outer loop
      vertex 81.8857 60.7695 8
      vertex 82.0514 61.125 0
      vertex 82.0514 61.125 8
    endloop
  endfacet
  facet normal 0.906378 -0.422467 0
    outer loop
      vertex 82.0514 61.125 0
      vertex 81.8857 60.7695 8
      vertex 81.8857 60.7695 0
    endloop
  endfacet
  facet normal 0.573616 -0.819124 0
    outer loop
      vertex 82.5537 61.7236 0
      vertex 82.875 61.9486 8
      vertex 82.5537 61.7236 8
    endloop
  endfacet
  facet normal 0.573616 -0.819124 0
    outer loop
      vertex 82.875 61.9486 8
      vertex 82.5537 61.7236 0
      vertex 82.875 61.9486 0
    endloop
  endfacet
  facet normal 0.258821 -0.965925 0
    outer loop
      vertex 83.2305 62.1143 0
      vertex 83.6093 62.2158 8
      vertex 83.2305 62.1143 8
    endloop
  endfacet
  facet normal 0.258821 -0.965925 0
    outer loop
      vertex 83.6093 62.2158 8
      vertex 83.2305 62.1143 0
      vertex 83.6093 62.2158 0
    endloop
  endfacet
  facet normal -0.996191 -0.0872017 0
    outer loop
      vertex 86.25 60 0
      vertex 86.2158 60.3907 8
      vertex 86.2158 60.3907 0
    endloop
  endfacet
  facet normal -0.996191 -0.0872017 0
    outer loop
      vertex 86.2158 60.3907 8
      vertex 86.25 60 0
      vertex 86.25 60 8
    endloop
  endfacet
  facet normal -0.258821 0.965925 0
    outer loop
      vertex 84.7695 57.8857 0
      vertex 84.3907 57.7842 8
      vertex 84.7695 57.8857 8
    endloop
  endfacet
  facet normal -0.258821 0.965925 0
    outer loop
      vertex 84.3907 57.7842 8
      vertex 84.7695 57.8857 0
      vertex 84.3907 57.7842 0
    endloop
  endfacet
  facet normal -0.422467 0.906378 0
    outer loop
      vertex 85.125 58.0514 0
      vertex 84.7695 57.8857 8
      vertex 85.125 58.0514 8
    endloop
  endfacet
  facet normal -0.422467 0.906378 0
    outer loop
      vertex 84.7695 57.8857 8
      vertex 85.125 58.0514 0
      vertex 84.7695 57.8857 0
    endloop
  endfacet
  facet normal -0.573616 0.819124 0
    outer loop
      vertex 85.4463 58.2764 0
      vertex 85.125 58.0514 8
      vertex 85.4463 58.2764 8
    endloop
  endfacet
  facet normal -0.573616 0.819124 0
    outer loop
      vertex 85.125 58.0514 8
      vertex 85.4463 58.2764 0
      vertex 85.125 58.0514 0
    endloop
  endfacet
  facet normal -0.819124 0.573616 0
    outer loop
      vertex 85.7236 58.5537 0
      vertex 85.9486 58.875 8
      vertex 85.9486 58.875 0
    endloop
  endfacet
  facet normal -0.819124 0.573616 0
    outer loop
      vertex 85.9486 58.875 8
      vertex 85.7236 58.5537 0
      vertex 85.7236 58.5537 8
    endloop
  endfacet
  facet normal -0.0872017 0.996191 0
    outer loop
      vertex 84.3907 57.7842 0
      vertex 84 57.75 8
      vertex 84.3907 57.7842 8
    endloop
  endfacet
  facet normal -0.0872017 0.996191 0
    outer loop
      vertex 84 57.75 8
      vertex 84.3907 57.7842 0
      vertex 84 57.75 0
    endloop
  endfacet
  facet normal 0.573616 0.819124 -0
    outer loop
      vertex 82.875 58.0514 0
      vertex 82.5537 58.2764 8
      vertex 82.875 58.0514 8
    endloop
  endfacet
  facet normal 0.573616 0.819124 0
    outer loop
      vertex 82.5537 58.2764 8
      vertex 82.875 58.0514 0
      vertex 82.5537 58.2764 0
    endloop
  endfacet
  facet normal 0.819124 0.573616 0
    outer loop
      vertex 82.2764 58.5537 8
      vertex 82.0514 58.875 0
      vertex 82.0514 58.875 8
    endloop
  endfacet
  facet normal 0.819124 0.573616 0
    outer loop
      vertex 82.0514 58.875 0
      vertex 82.2764 58.5537 8
      vertex 82.2764 58.5537 0
    endloop
  endfacet
  facet normal 0.965925 0.258821 0
    outer loop
      vertex 81.8857 59.2305 8
      vertex 81.7842 59.6093 0
      vertex 81.7842 59.6093 8
    endloop
  endfacet
  facet normal 0.965925 0.258821 0
    outer loop
      vertex 81.7842 59.6093 0
      vertex 81.8857 59.2305 8
      vertex 81.8857 59.2305 0
    endloop
  endfacet
  facet normal 0.707107 0.707107 0
    outer loop
      vertex 82.5537 58.2764 8
      vertex 82.2764 58.5537 0
      vertex 82.2764 58.5537 8
    endloop
  endfacet
  facet normal 0.707107 0.707107 0
    outer loop
      vertex 82.2764 58.5537 0
      vertex 82.5537 58.2764 8
      vertex 82.5537 58.2764 0
    endloop
  endfacet
  facet normal -0.965925 -0.258821 0
    outer loop
      vertex 86.2158 60.3907 0
      vertex 86.1143 60.7695 8
      vertex 86.1143 60.7695 0
    endloop
  endfacet
  facet normal -0.965925 -0.258821 0
    outer loop
      vertex 86.1143 60.7695 8
      vertex 86.2158 60.3907 0
      vertex 86.2158 60.3907 8
    endloop
  endfacet
  facet normal -0.707107 -0.707107 0
    outer loop
      vertex 85.4463 61.7236 0
      vertex 85.7236 61.4463 8
      vertex 85.4463 61.7236 8
    endloop
  endfacet
  facet normal -0.707107 -0.707107 -0
    outer loop
      vertex 85.7236 61.4463 8
      vertex 85.4463 61.7236 0
      vertex 85.7236 61.4463 0
    endloop
  endfacet
  facet normal -0.573616 -0.819124 0
    outer loop
      vertex 85.125 61.9486 0
      vertex 85.4463 61.7236 8
      vertex 85.125 61.9486 8
    endloop
  endfacet
  facet normal -0.573616 -0.819124 -0
    outer loop
      vertex 85.4463 61.7236 8
      vertex 85.125 61.9486 0
      vertex 85.4463 61.7236 0
    endloop
  endfacet
  facet normal -0.0872017 -0.996191 0
    outer loop
      vertex 84 62.25 0
      vertex 84.3907 62.2158 8
      vertex 84 62.25 8
    endloop
  endfacet
  facet normal -0.0872017 -0.996191 -0
    outer loop
      vertex 84.3907 62.2158 8
      vertex 84 62.25 0
      vertex 84.3907 62.2158 0
    endloop
  endfacet
  facet normal 0.996191 -0.0872017 0
    outer loop
      vertex 81.75 60 8
      vertex 81.7842 60.3907 0
      vertex 81.7842 60.3907 8
    endloop
  endfacet
  facet normal 0.996191 -0.0872017 0
    outer loop
      vertex 81.7842 60.3907 0
      vertex 81.75 60 8
      vertex 81.75 60 0
    endloop
  endfacet
  facet normal 0.707107 -0.707107 0
    outer loop
      vertex 82.2764 61.4463 0
      vertex 82.5537 61.7236 8
      vertex 82.2764 61.4463 8
    endloop
  endfacet
  facet normal 0.707107 -0.707107 0
    outer loop
      vertex 82.5537 61.7236 8
      vertex 82.2764 61.4463 0
      vertex 82.5537 61.7236 0
    endloop
  endfacet
  facet normal 0.819124 -0.573616 0
    outer loop
      vertex 82.0514 61.125 8
      vertex 82.2764 61.4463 0
      vertex 82.2764 61.4463 8
    endloop
  endfacet
  facet normal 0.819124 -0.573616 0
    outer loop
      vertex 82.2764 61.4463 0
      vertex 82.0514 61.125 8
      vertex 82.0514 61.125 0
    endloop
  endfacet
  facet normal -0.965925 0.258821 0
    outer loop
      vertex 86.1143 59.2305 0
      vertex 86.2158 59.6093 8
      vertex 86.2158 59.6093 0
    endloop
  endfacet
  facet normal -0.965925 0.258821 0
    outer loop
      vertex 86.2158 59.6093 8
      vertex 86.1143 59.2305 0
      vertex 86.1143 59.2305 8
    endloop
  endfacet
  facet normal -0.707107 0.707107 0
    outer loop
      vertex 85.4463 58.2764 0
      vertex 85.7236 58.5537 8
      vertex 85.7236 58.5537 0
    endloop
  endfacet
  facet normal -0.707107 0.707107 0
    outer loop
      vertex 85.7236 58.5537 8
      vertex 85.4463 58.2764 0
      vertex 85.4463 58.2764 8
    endloop
  endfacet
  facet normal -0.906378 0.422467 0
    outer loop
      vertex 85.9486 58.875 0
      vertex 86.1143 59.2305 8
      vertex 86.1143 59.2305 0
    endloop
  endfacet
  facet normal -0.906378 0.422467 0
    outer loop
      vertex 86.1143 59.2305 8
      vertex 85.9486 58.875 0
      vertex 85.9486 58.875 8
    endloop
  endfacet
  facet normal 0.258821 0.965925 -0
    outer loop
      vertex 83.6093 57.7842 0
      vertex 83.2305 57.8857 8
      vertex 83.6093 57.7842 8
    endloop
  endfacet
  facet normal 0.258821 0.965925 0
    outer loop
      vertex 83.2305 57.8857 8
      vertex 83.6093 57.7842 0
      vertex 83.2305 57.8857 0
    endloop
  endfacet
  facet normal 0.422467 0.906378 -0
    outer loop
      vertex 83.2305 57.8857 0
      vertex 82.875 58.0514 8
      vertex 83.2305 57.8857 8
    endloop
  endfacet
  facet normal 0.422467 0.906378 0
    outer loop
      vertex 82.875 58.0514 8
      vertex 83.2305 57.8857 0
      vertex 82.875 58.0514 0
    endloop
  endfacet
  facet normal 0.906378 0.422467 0
    outer loop
      vertex 82.0514 58.875 8
      vertex 81.8857 59.2305 0
      vertex 81.8857 59.2305 8
    endloop
  endfacet
  facet normal 0.906378 0.422467 0
    outer loop
      vertex 81.8857 59.2305 0
      vertex 82.0514 58.875 8
      vertex 82.0514 58.875 0
    endloop
  endfacet
  facet normal -0.996191 0.0872017 0
    outer loop
      vertex 86.2158 59.6093 0
      vertex 86.25 60 8
      vertex 86.25 60 0
    endloop
  endfacet
  facet normal -0.996191 0.0872017 0
    outer loop
      vertex 86.25 60 8
      vertex 86.2158 59.6093 0
      vertex 86.2158 59.6093 8
    endloop
  endfacet
  facet normal 0.0872017 0.996191 -0
    outer loop
      vertex 84 57.75 0
      vertex 83.6093 57.7842 8
      vertex 84 57.75 8
    endloop
  endfacet
  facet normal 0.0872017 0.996191 0
    outer loop
      vertex 83.6093 57.7842 8
      vertex 84 57.75 0
      vertex 83.6093 57.7842 0
    endloop
  endfacet
  facet normal 0 -0.573579 0.819151
    outer loop
      vertex 10 39.8815 0.990693
      vertex 82 38.575 0.0758667
      vertex 82 39.8815 0.990693
    endloop
  endfacet
  facet normal 0 -0.573579 0.819151
    outer loop
      vertex 82 38.575 0.0758667
      vertex 10 39.8815 0.990693
      vertex 10 38.575 0.0758667
    endloop
  endfacet
  facet normal 0 -0.996195 0.0871502
    outer loop
      vertex 10 43.011 6.41112
      vertex 11 43.15 8
      vertex 10 43.15 8
    endloop
  endfacet
  facet normal 0 -0.996195 0.0871502
    outer loop
      vertex 11 43.15 8
      vertex 10 43.011 6.41112
      vertex 81 43.15 8
    endloop
  endfacet
  facet normal 0 -0.996195 0.0871502
    outer loop
      vertex 82 43.011 6.41112
      vertex 81 43.15 8
      vertex 10 43.011 6.41112
    endloop
  endfacet
  facet normal 0 -0.996195 0.0871502
    outer loop
      vertex 81 43.15 8
      vertex 82 43.011 6.41112
      vertex 82 43.15 8
    endloop
  endfacet
  facet normal 0 -0.906295 -0.422645
    outer loop
      vertex 11 42.5982 11.1295
      vertex 81 41.9241 12.575
      vertex 11 41.9241 12.575
    endloop
  endfacet
  facet normal 0 -0.906295 -0.422645
    outer loop
      vertex 81 41.9241 12.575
      vertex 11 42.5982 11.1295
      vertex 81 42.5982 11.1295
    endloop
  endfacet
  facet normal 0 -0.258818 -0.965926
    outer loop
      vertex 11 35.5889 17.011
      vertex 81 37.1295 16.5982
      vertex 81 35.5889 17.011
    endloop
  endfacet
  facet normal -0 -0.258818 -0.965926
    outer loop
      vertex 81 37.1295 16.5982
      vertex 11 35.5889 17.011
      vertex 11 37.1295 16.5982
    endloop
  endfacet
  facet normal -0 0.0871553 0.996195
    outer loop
      vertex 11 34 -1.15
      vertex 81 32.4111 -1.01099
      vertex 81 34 -1.15
    endloop
  endfacet
  facet normal 0 0.0871553 0.996195
    outer loop
      vertex 81 32.4111 -1.01099
      vertex 11 34 -1.15
      vertex 11 32.4111 -1.01099
    endloop
  endfacet
  facet normal 0 -0.258819 0.965926
    outer loop
      vertex 11 37.1295 -0.598187
      vertex 81 35.5889 -1.01099
      vertex 81 37.1295 -0.598187
    endloop
  endfacet
  facet normal 0 -0.258819 0.965926
    outer loop
      vertex 81 35.5889 -1.01099
      vertex 11 37.1295 -0.598187
      vertex 11 35.5889 -1.01099
    endloop
  endfacet
  facet normal 0 -0.422611 0.906311
    outer loop
      vertex 82 38.575 0.0758667
      vertex 81 38.4123 0
      vertex 82 38.4123 0
    endloop
  endfacet
  facet normal 0 -0.422623 0.906306
    outer loop
      vertex 81 38.4123 0
      vertex 11 38.4123 0
      vertex 81 37.1295 -0.598187
    endloop
  endfacet
  facet normal 0 -0.422611 0.906311
    outer loop
      vertex 82 38.575 0.0758667
      vertex 11 38.4123 0
      vertex 81 38.4123 0
    endloop
  endfacet
  facet normal 0 -0.422611 0.906311
    outer loop
      vertex 10 38.575 0.0758667
      vertex 11 38.4123 0
      vertex 82 38.575 0.0758667
    endloop
  endfacet
  facet normal 0 -0.422611 0.906311
    outer loop
      vertex 11 38.4123 0
      vertex 10 38.575 0.0758667
      vertex 10 38.4123 0
    endloop
  endfacet
  facet normal 0 -0.422623 0.906306
    outer loop
      vertex 81 37.1295 -0.598187
      vertex 11 38.4123 0
      vertex 11 37.1295 -0.598187
    endloop
  endfacet
  facet normal 0 -0.996195 -0.0871502
    outer loop
      vertex 11 43.15 8
      vertex 81 43.011 9.58888
      vertex 11 43.011 9.58888
    endloop
  endfacet
  facet normal 0 -0.996195 -0.0871502
    outer loop
      vertex 81 43.011 9.58888
      vertex 11 43.15 8
      vertex 81 43.15 8
    endloop
  endfacet
  facet normal 0 -0.906296 0.422643
    outer loop
      vertex 10 41.9241 3.425
      vertex 82 42.5982 4.87051
      vertex 10 42.5982 4.87051
    endloop
  endfacet
  facet normal 0 -0.906296 0.422643
    outer loop
      vertex 82 42.5982 4.87051
      vertex 10 41.9241 3.425
      vertex 82 41.9241 3.425
    endloop
  endfacet
  facet normal 0 0.0871491 -0.996195
    outer loop
      vertex 11 32.4111 17.011
      vertex 81 34 17.15
      vertex 81 32.4111 17.011
    endloop
  endfacet
  facet normal 0 0.0871491 -0.996195
    outer loop
      vertex 81 34 17.15
      vertex 11 32.4111 17.011
      vertex 11 34 17.15
    endloop
  endfacet
  facet normal 0 -0.422645 -0.906295
    outer loop
      vertex 11 37.1295 16.5982
      vertex 81 38.575 15.9241
      vertex 81 37.1295 16.5982
    endloop
  endfacet
  facet normal -0 -0.422645 -0.906295
    outer loop
      vertex 81 38.575 15.9241
      vertex 11 37.1295 16.5982
      vertex 11 38.575 15.9241
    endloop
  endfacet
  facet normal 0 -0.819158 -0.573568
    outer loop
      vertex 11 41.9241 12.575
      vertex 81 41.0093 13.8815
      vertex 11 41.0093 13.8815
    endloop
  endfacet
  facet normal 0 -0.819158 -0.573568
    outer loop
      vertex 81 41.0093 13.8815
      vertex 11 41.9241 12.575
      vertex 81 41.9241 12.575
    endloop
  endfacet
  facet normal 0 -0.965927 -0.258814
    outer loop
      vertex 11 43.011 9.58888
      vertex 81 42.5982 11.1295
      vertex 11 42.5982 11.1295
    endloop
  endfacet
  facet normal 0 -0.965927 -0.258814
    outer loop
      vertex 81 42.5982 11.1295
      vertex 11 43.011 9.58888
      vertex 81 43.011 9.58888
    endloop
  endfacet
  facet normal 0 -0.707107 -0.707107
    outer loop
      vertex 11 41.0093 13.8815
      vertex 81 39.8815 15.0093
      vertex 11 39.8815 15.0093
    endloop
  endfacet
  facet normal 0 -0.707107 -0.707107
    outer loop
      vertex 81 39.8815 15.0093
      vertex 11 41.0093 13.8815
      vertex 81 41.0093 13.8815
    endloop
  endfacet
  facet normal 0 -0.0871553 0.996195
    outer loop
      vertex 11 35.5889 -1.01099
      vertex 81 34 -1.15
      vertex 81 35.5889 -1.01099
    endloop
  endfacet
  facet normal 0 -0.0871553 0.996195
    outer loop
      vertex 81 34 -1.15
      vertex 11 35.5889 -1.01099
      vertex 11 34 -1.15
    endloop
  endfacet
  facet normal 0 0.81916 0.573565
    outer loop
      vertex 82 26.9907 2.11849
      vertex 10 26.0759 3.425
      vertex 82 26.0759 3.425
    endloop
  endfacet
  facet normal 0 0.81916 0.573565
    outer loop
      vertex 10 26.0759 3.425
      vertex 82 26.9907 2.11849
      vertex 10 26.9907 2.11849
    endloop
  endfacet
  facet normal 0 0.422623 0.906306
    outer loop
      vertex 81 30.8705 -0.598187
      vertex 11 30.8705 -0.598187
      vertex 81 29.5877 0
    endloop
  endfacet
  facet normal -0 0.422611 0.906311
    outer loop
      vertex 81 29.5877 0
      vertex 82 29.425 0.0758667
      vertex 82 29.5877 0
    endloop
  endfacet
  facet normal -0 0.422623 0.906306
    outer loop
      vertex 11 29.5877 0
      vertex 81 29.5877 0
      vertex 11 30.8705 -0.598187
    endloop
  endfacet
  facet normal 0 0.422611 0.906311
    outer loop
      vertex 81 29.5877 0
      vertex 11 29.5877 0
      vertex 82 29.425 0.0758667
    endloop
  endfacet
  facet normal 0 0.422611 0.906311
    outer loop
      vertex 10 29.425 0.0758667
      vertex 11 29.5877 0
      vertex 10 29.5877 0
    endloop
  endfacet
  facet normal 0 0.422611 0.906311
    outer loop
      vertex 11 29.5877 0
      vertex 10 29.425 0.0758667
      vertex 82 29.425 0.0758667
    endloop
  endfacet
  facet normal 0 0.258818 -0.965926
    outer loop
      vertex 11 30.8705 16.5982
      vertex 81 32.4111 17.011
      vertex 81 30.8705 16.5982
    endloop
  endfacet
  facet normal 0 0.258818 -0.965926
    outer loop
      vertex 81 32.4111 17.011
      vertex 11 30.8705 16.5982
      vertex 11 32.4111 17.011
    endloop
  endfacet
  facet normal 0 -0.707106 0.707108
    outer loop
      vertex 10 39.8815 0.990693
      vertex 82 41.0093 2.11849
      vertex 10 41.0093 2.11849
    endloop
  endfacet
  facet normal 0 -0.707106 0.707108
    outer loop
      vertex 82 41.0093 2.11849
      vertex 10 39.8815 0.990693
      vertex 82 39.8815 0.990693
    endloop
  endfacet
  facet normal 0 -0.81916 0.573565
    outer loop
      vertex 10 41.0093 2.11849
      vertex 82 41.9241 3.425
      vertex 10 41.9241 3.425
    endloop
  endfacet
  facet normal 0 -0.81916 0.573565
    outer loop
      vertex 82 41.9241 3.425
      vertex 10 41.0093 2.11849
      vertex 82 41.0093 2.11849
    endloop
  endfacet
  facet normal 0 -0.965927 0.258816
    outer loop
      vertex 10 42.5982 4.87051
      vertex 82 43.011 6.41112
      vertex 10 43.011 6.41112
    endloop
  endfacet
  facet normal 0 -0.965927 0.258816
    outer loop
      vertex 82 43.011 6.41112
      vertex 10 42.5982 4.87051
      vertex 82 42.5982 4.87051
    endloop
  endfacet
  facet normal 0 -0.0871491 -0.996195
    outer loop
      vertex 11 34 17.15
      vertex 81 35.5889 17.011
      vertex 81 34 17.15
    endloop
  endfacet
  facet normal -0 -0.0871491 -0.996195
    outer loop
      vertex 81 35.5889 17.011
      vertex 11 34 17.15
      vertex 11 35.5889 17.011
    endloop
  endfacet
  facet normal 0 -0.573568 -0.819158
    outer loop
      vertex 11 38.575 15.9241
      vertex 81 39.8815 15.0093
      vertex 81 38.575 15.9241
    endloop
  endfacet
  facet normal -0 -0.573568 -0.819158
    outer loop
      vertex 81 39.8815 15.0093
      vertex 11 38.575 15.9241
      vertex 11 39.8815 15.0093
    endloop
  endfacet
  facet normal 1 0 0
    outer loop
      vertex 10 43.15 8
      vertex 10 42.5982 4.87051
      vertex 10 43.011 6.41112
    endloop
  endfacet
  facet normal 1 0 0
    outer loop
      vertex 10 43.15 8
      vertex 10 41.9241 3.425
      vertex 10 42.5982 4.87051
    endloop
  endfacet
  facet normal 1 0 0
    outer loop
      vertex 10 43.15 8
      vertex 10 41.0093 2.11849
      vertex 10 41.9241 3.425
    endloop
  endfacet
  facet normal 1 0 0
    outer loop
      vertex 10 43.15 8
      vertex 10 39.8815 0.990693
      vertex 10 41.0093 2.11849
    endloop
  endfacet
  facet normal 1 0 0
    outer loop
      vertex 10 38.4123 0
      vertex 10 39.8815 0.990693
      vertex 10 43.15 8
    endloop
  endfacet
  facet normal 1 0 0
    outer loop
      vertex 10 39.8815 0.990693
      vertex 10 38.4123 0
      vertex 10 38.575 0.0758667
    endloop
  endfacet
  facet normal 1 0 0
    outer loop
      vertex 10 43.15 8
      vertex 10 29.5877 0
      vertex 10 38.4123 0
    endloop
  endfacet
  facet normal 1 -0 0
    outer loop
      vertex 10 28.1185 0.990693
      vertex 10 29.5877 0
      vertex 10 43.15 8
    endloop
  endfacet
  facet normal 1 0 0
    outer loop
      vertex 10 29.5877 0
      vertex 10 28.1185 0.990693
      vertex 10 29.425 0.0758667
    endloop
  endfacet
  facet normal 1 0 0
    outer loop
      vertex 10 43.15 8
      vertex 10 26.9907 2.11849
      vertex 10 28.1185 0.990693
    endloop
  endfacet
  facet normal 1 0 0
    outer loop
      vertex 10 43.15 8
      vertex 10 26.0759 3.425
      vertex 10 26.9907 2.11849
    endloop
  endfacet
  facet normal 1 0 0
    outer loop
      vertex 10 43.15 8
      vertex 10 25.4018 4.87051
      vertex 10 26.0759 3.425
    endloop
  endfacet
  facet normal 1 0 0
    outer loop
      vertex 10 43.15 8
      vertex 10 24.989 6.41112
      vertex 10 25.4018 4.87051
    endloop
  endfacet
  facet normal 1 0 -0
    outer loop
      vertex 10 24.989 6.41112
      vertex 10 43.15 8
      vertex 10 24.85 8
    endloop
  endfacet
  facet normal 0 0.965927 -0.258814
    outer loop
      vertex 81 24.989 9.58888
      vertex 11 25.4018 11.1295
      vertex 81 25.4018 11.1295
    endloop
  endfacet
  facet normal 0 0.965927 -0.258814
    outer loop
      vertex 11 25.4018 11.1295
      vertex 81 24.989 9.58888
      vertex 11 24.989 9.58888
    endloop
  endfacet
  facet normal 0 0.422645 -0.906295
    outer loop
      vertex 11 29.425 15.9241
      vertex 81 30.8705 16.5982
      vertex 81 29.425 15.9241
    endloop
  endfacet
  facet normal 0 0.422645 -0.906295
    outer loop
      vertex 81 30.8705 16.5982
      vertex 11 29.425 15.9241
      vertex 11 30.8705 16.5982
    endloop
  endfacet
  facet normal 0 0.965927 0.258816
    outer loop
      vertex 82 25.4018 4.87051
      vertex 10 24.989 6.41112
      vertex 82 24.989 6.41112
    endloop
  endfacet
  facet normal 0 0.965927 0.258816
    outer loop
      vertex 10 24.989 6.41112
      vertex 82 25.4018 4.87051
      vertex 10 25.4018 4.87051
    endloop
  endfacet
  facet normal 0 0.906296 0.422643
    outer loop
      vertex 82 26.0759 3.425
      vertex 10 25.4018 4.87051
      vertex 82 25.4018 4.87051
    endloop
  endfacet
  facet normal 0 0.906296 0.422643
    outer loop
      vertex 10 25.4018 4.87051
      vertex 82 26.0759 3.425
      vertex 10 26.0759 3.425
    endloop
  endfacet
  facet normal -0 0.258819 0.965926
    outer loop
      vertex 11 32.4111 -1.01099
      vertex 81 30.8705 -0.598187
      vertex 81 32.4111 -1.01099
    endloop
  endfacet
  facet normal 0 0.258819 0.965926
    outer loop
      vertex 81 30.8705 -0.598187
      vertex 11 32.4111 -1.01099
      vertex 11 30.8705 -0.598187
    endloop
  endfacet
  facet normal 0 0.996195 0.0871502
    outer loop
      vertex 82 24.989 6.41112
      vertex 81 24.85 8
      vertex 82 24.85 8
    endloop
  endfacet
  facet normal 0 0.996195 0.0871502
    outer loop
      vertex 81 24.85 8
      vertex 82 24.989 6.41112
      vertex 11 24.85 8
    endloop
  endfacet
  facet normal -0 0.996195 0.0871502
    outer loop
      vertex 10 24.989 6.41112
      vertex 11 24.85 8
      vertex 82 24.989 6.41112
    endloop
  endfacet
  facet normal 0 0.996195 0.0871502
    outer loop
      vertex 11 24.85 8
      vertex 10 24.989 6.41112
      vertex 10 24.85 8
    endloop
  endfacet
  facet normal 0 0.996195 -0.0871502
    outer loop
      vertex 81 24.85 8
      vertex 11 24.989 9.58888
      vertex 81 24.989 9.58888
    endloop
  endfacet
  facet normal 0 0.996195 -0.0871502
    outer loop
      vertex 11 24.989 9.58888
      vertex 81 24.85 8
      vertex 11 24.85 8
    endloop
  endfacet
  facet normal -1 0 0
    outer loop
      vertex 82 42.5982 4.87051
      vertex 82 43.15 8
      vertex 82 43.011 6.41112
    endloop
  endfacet
  facet normal -1 0 0
    outer loop
      vertex 82 41.9241 3.425
      vertex 82 43.15 8
      vertex 82 42.5982 4.87051
    endloop
  endfacet
  facet normal -1 0 0
    outer loop
      vertex 82 41.0093 2.11849
      vertex 82 43.15 8
      vertex 82 41.9241 3.425
    endloop
  endfacet
  facet normal -1 0 0
    outer loop
      vertex 82 39.8815 0.990693
      vertex 82 43.15 8
      vertex 82 41.0093 2.11849
    endloop
  endfacet
  facet normal -1 0 0
    outer loop
      vertex 82 38.4123 0
      vertex 82 39.8815 0.990693
      vertex 82 38.575 0.0758667
    endloop
  endfacet
  facet normal -1 -0 0
    outer loop
      vertex 82 39.8815 0.990693
      vertex 82 38.4123 0
      vertex 82 43.15 8
    endloop
  endfacet
  facet normal -1 0 0
    outer loop
      vertex 82 29.5877 0
      vertex 82 43.15 8
      vertex 82 38.4123 0
    endloop
  endfacet
  facet normal -1 0 0
    outer loop
      vertex 82 28.1185 0.990693
      vertex 82 29.5877 0
      vertex 82 29.425 0.0758667
    endloop
  endfacet
  facet normal -1 0 0
    outer loop
      vertex 82 29.5877 0
      vertex 82 28.1185 0.990693
      vertex 82 43.15 8
    endloop
  endfacet
  facet normal -1 0 0
    outer loop
      vertex 82 26.9907 2.11849
      vertex 82 43.15 8
      vertex 82 28.1185 0.990693
    endloop
  endfacet
  facet normal -1 0 0
    outer loop
      vertex 82 26.0759 3.425
      vertex 82 43.15 8
      vertex 82 26.9907 2.11849
    endloop
  endfacet
  facet normal -1 0 0
    outer loop
      vertex 82 25.4018 4.87051
      vertex 82 43.15 8
      vertex 82 26.0759 3.425
    endloop
  endfacet
  facet normal -1 0 0
    outer loop
      vertex 82 24.989 6.41112
      vertex 82 43.15 8
      vertex 82 25.4018 4.87051
    endloop
  endfacet
  facet normal -1 -0 0
    outer loop
      vertex 82 43.15 8
      vertex 82 24.989 6.41112
      vertex 82 24.85 8
    endloop
  endfacet
  facet normal 0 0.906295 -0.422645
    outer loop
      vertex 81 25.4018 11.1295
      vertex 11 26.0759 12.575
      vertex 81 26.0759 12.575
    endloop
  endfacet
  facet normal 0 0.906295 -0.422645
    outer loop
      vertex 11 26.0759 12.575
      vertex 81 25.4018 11.1295
      vertex 11 25.4018 11.1295
    endloop
  endfacet
  facet normal 0 0.573568 -0.819158
    outer loop
      vertex 11 28.1185 15.0093
      vertex 81 29.425 15.9241
      vertex 81 28.1185 15.0093
    endloop
  endfacet
  facet normal 0 0.573568 -0.819158
    outer loop
      vertex 81 29.425 15.9241
      vertex 11 28.1185 15.0093
      vertex 11 29.425 15.9241
    endloop
  endfacet
  facet normal 0 0.707106 0.707108
    outer loop
      vertex 82 28.1185 0.990693
      vertex 10 26.9907 2.11849
      vertex 82 26.9907 2.11849
    endloop
  endfacet
  facet normal 0 0.707106 0.707108
    outer loop
      vertex 10 26.9907 2.11849
      vertex 82 28.1185 0.990693
      vertex 10 28.1185 0.990693
    endloop
  endfacet
  facet normal 0 0.819158 -0.573568
    outer loop
      vertex 81 26.0759 12.575
      vertex 11 26.9907 13.8815
      vertex 81 26.9907 13.8815
    endloop
  endfacet
  facet normal 0 0.819158 -0.573568
    outer loop
      vertex 11 26.9907 13.8815
      vertex 81 26.0759 12.575
      vertex 11 26.0759 12.575
    endloop
  endfacet
  facet normal 0 0.707107 -0.707107
    outer loop
      vertex 81 26.9907 13.8815
      vertex 11 28.1185 15.0093
      vertex 81 28.1185 15.0093
    endloop
  endfacet
  facet normal 0 0.707107 -0.707107
    outer loop
      vertex 11 28.1185 15.0093
      vertex 81 26.9907 13.8815
      vertex 11 26.9907 13.8815
    endloop
  endfacet
  facet normal -0 0.573579 0.819151
    outer loop
      vertex 10 29.425 0.0758667
      vertex 82 28.1185 0.990693
      vertex 82 29.425 0.0758667
    endloop
  endfacet
  facet normal 0 0.573579 0.819151
    outer loop
      vertex 82 28.1185 0.990693
      vertex 10 29.425 0.0758667
      vertex 10 28.1185 0.990693
    endloop
  endfacet
  facet normal 0 -0.573485 0.819216
    outer loop
      vertex 28 15.0927 23.6977
      vertex 36 14.85 23.5278
      vertex 36 15.0927 23.6977
    endloop
  endfacet
  facet normal 0 -0.573485 0.819216
    outer loop
      vertex 36 14.85 23.5278
      vertex 28 15.0927 23.6977
      vertex 28 14.85 23.5278
    endloop
  endfacet
  facet normal 0 -0.573485 0.819216
    outer loop
      vertex 56 15.0927 23.6977
      vertex 64 14.85 23.5278
      vertex 64 15.0927 23.6977
    endloop
  endfacet
  facet normal 0 -0.573485 0.819216
    outer loop
      vertex 64 14.85 23.5278
      vertex 56 15.0927 23.6977
      vertex 56 14.85 23.5278
    endloop
  endfacet
  facet normal 0 -0.996203 0.0870665
    outer loop
      vertex 28 15.6742 24.7048
      vertex 36 15.7 25
      vertex 28 15.7 25
    endloop
  endfacet
  facet normal 0 -0.996203 0.0870665
    outer loop
      vertex 36 15.7 25
      vertex 28 15.6742 24.7048
      vertex 36 15.6742 24.7048
    endloop
  endfacet
  facet normal 0 -0.996203 0.0870665
    outer loop
      vertex 56 15.6742 24.7048
      vertex 64 15.7 25
      vertex 56 15.7 25
    endloop
  endfacet
  facet normal 0 -0.996203 0.0870665
    outer loop
      vertex 64 15.7 25
      vertex 56 15.6742 24.7048
      vertex 64 15.6742 24.7048
    endloop
  endfacet
  facet normal 0 -0.965915 0.25886
    outer loop
      vertex 28 15.5975 24.4186
      vertex 36 15.6742 24.7048
      vertex 28 15.6742 24.7048
    endloop
  endfacet
  facet normal 0 -0.965915 0.25886
    outer loop
      vertex 36 15.6742 24.7048
      vertex 28 15.5975 24.4186
      vertex 36 15.5975 24.4186
    endloop
  endfacet
  facet normal 0 -0.965915 0.25886
    outer loop
      vertex 56 15.5975 24.4186
      vertex 64 15.6742 24.7048
      vertex 56 15.6742 24.7048
    endloop
  endfacet
  facet normal 0 -0.965915 0.25886
    outer loop
      vertex 64 15.6742 24.7048
      vertex 56 15.5975 24.4186
      vertex 64 15.5975 24.4186
    endloop
  endfacet
  facet normal 0 -0.906243 -0.422756
    outer loop
      vertex 28 15.5975 25.5814
      vertex 36 15.4722 25.85
      vertex 28 15.4722 25.85
    endloop
  endfacet
  facet normal 0 -0.906243 -0.422756
    outer loop
      vertex 36 15.4722 25.85
      vertex 28 15.5975 25.5814
      vertex 36 15.5975 25.5814
    endloop
  endfacet
  facet normal 0 -0.906243 -0.422756
    outer loop
      vertex 56 15.5975 25.5814
      vertex 64 15.4722 25.85
      vertex 56 15.4722 25.85
    endloop
  endfacet
  facet normal 0 -0.906243 -0.422756
    outer loop
      vertex 64 15.4722 25.85
      vertex 56 15.5975 25.5814
      vertex 64 15.5975 25.5814
    endloop
  endfacet
  facet normal 0 -0.25886 -0.965915
    outer loop
      vertex 28 14.2952 26.6742
      vertex 36 14.5814 26.5975
      vertex 36 14.2952 26.6742
    endloop
  endfacet
  facet normal -0 -0.25886 -0.965915
    outer loop
      vertex 36 14.5814 26.5975
      vertex 28 14.2952 26.6742
      vertex 28 14.5814 26.5975
    endloop
  endfacet
  facet normal 0 -0.25886 -0.965915
    outer loop
      vertex 56 14.2952 26.6742
      vertex 64 14.5814 26.5975
      vertex 64 14.2952 26.6742
    endloop
  endfacet
  facet normal -0 -0.25886 -0.965915
    outer loop
      vertex 64 14.5814 26.5975
      vertex 56 14.2952 26.6742
      vertex 56 14.5814 26.5975
    endloop
  endfacet
  facet normal -0 0.0870665 0.996203
    outer loop
      vertex 28 14 23.3
      vertex 36 13.7048 23.3258
      vertex 36 14 23.3
    endloop
  endfacet
  facet normal 0 0.0870665 0.996203
    outer loop
      vertex 36 13.7048 23.3258
      vertex 28 14 23.3
      vertex 28 13.7048 23.3258
    endloop
  endfacet
  facet normal -0 0.0870665 0.996203
    outer loop
      vertex 56 14 23.3
      vertex 64 13.7048 23.3258
      vertex 64 14 23.3
    endloop
  endfacet
  facet normal 0 0.0870665 0.996203
    outer loop
      vertex 64 13.7048 23.3258
      vertex 56 14 23.3
      vertex 56 13.7048 23.3258
    endloop
  endfacet
  facet normal 0 -0.25886 0.965915
    outer loop
      vertex 28 14.5814 23.4025
      vertex 36 14.2952 23.3258
      vertex 36 14.5814 23.4025
    endloop
  endfacet
  facet normal 0 -0.25886 0.965915
    outer loop
      vertex 36 14.2952 23.3258
      vertex 28 14.5814 23.4025
      vertex 28 14.2952 23.3258
    endloop
  endfacet
  facet normal 0 -0.25886 0.965915
    outer loop
      vertex 56 14.5814 23.4025
      vertex 64 14.2952 23.3258
      vertex 64 14.5814 23.4025
    endloop
  endfacet
  facet normal 0 -0.25886 0.965915
    outer loop
      vertex 64 14.2952 23.3258
      vertex 56 14.5814 23.4025
      vertex 56 14.2952 23.3258
    endloop
  endfacet
  facet normal 0 -0.422756 0.906243
    outer loop
      vertex 28 14.85 23.5278
      vertex 36 14.5814 23.4025
      vertex 36 14.85 23.5278
    endloop
  endfacet
  facet normal 0 -0.422756 0.906243
    outer loop
      vertex 36 14.5814 23.4025
      vertex 28 14.85 23.5278
      vertex 28 14.5814 23.4025
    endloop
  endfacet
  facet normal 0 -0.422756 0.906243
    outer loop
      vertex 56 14.85 23.5278
      vertex 64 14.5814 23.4025
      vertex 64 14.85 23.5278
    endloop
  endfacet
  facet normal 0 -0.422756 0.906243
    outer loop
      vertex 64 14.5814 23.4025
      vertex 56 14.85 23.5278
      vertex 56 14.5814 23.4025
    endloop
  endfacet
  facet normal 0 -0.996203 -0.0870665
    outer loop
      vertex 28 15.7 25
      vertex 36 15.6742 25.2952
      vertex 28 15.6742 25.2952
    endloop
  endfacet
  facet normal 0 -0.996203 -0.0870665
    outer loop
      vertex 36 15.6742 25.2952
      vertex 28 15.7 25
      vertex 36 15.7 25
    endloop
  endfacet
  facet normal 0 -0.996203 -0.0870665
    outer loop
      vertex 56 15.7 25
      vertex 64 15.6742 25.2952
      vertex 56 15.6742 25.2952
    endloop
  endfacet
  facet normal 0 -0.996203 -0.0870665
    outer loop
      vertex 64 15.6742 25.2952
      vertex 56 15.7 25
      vertex 64 15.7 25
    endloop
  endfacet
  facet normal 0 -0.906243 0.422756
    outer loop
      vertex 28 15.4722 24.15
      vertex 36 15.5975 24.4186
      vertex 28 15.5975 24.4186
    endloop
  endfacet
  facet normal 0 -0.906243 0.422756
    outer loop
      vertex 36 15.5975 24.4186
      vertex 28 15.4722 24.15
      vertex 36 15.4722 24.15
    endloop
  endfacet
  facet normal 0 -0.906243 0.422756
    outer loop
      vertex 56 15.4722 24.15
      vertex 64 15.5975 24.4186
      vertex 56 15.5975 24.4186
    endloop
  endfacet
  facet normal 0 -0.906243 0.422756
    outer loop
      vertex 64 15.5975 24.4186
      vertex 56 15.4722 24.15
      vertex 64 15.4722 24.15
    endloop
  endfacet
  facet normal 0 0.0870665 -0.996203
    outer loop
      vertex 28 13.7048 26.6742
      vertex 36 14 26.7
      vertex 36 13.7048 26.6742
    endloop
  endfacet
  facet normal 0 0.0870665 -0.996203
    outer loop
      vertex 36 14 26.7
      vertex 28 13.7048 26.6742
      vertex 28 14 26.7
    endloop
  endfacet
  facet normal 0 0.0870665 -0.996203
    outer loop
      vertex 56 13.7048 26.6742
      vertex 64 14 26.7
      vertex 64 13.7048 26.6742
    endloop
  endfacet
  facet normal 0 0.0870665 -0.996203
    outer loop
      vertex 64 14 26.7
      vertex 56 13.7048 26.6742
      vertex 56 14 26.7
    endloop
  endfacet
  facet normal 0 -0.422756 -0.906243
    outer loop
      vertex 28 14.5814 26.5975
      vertex 36 14.85 26.4722
      vertex 36 14.5814 26.5975
    endloop
  endfacet
  facet normal -0 -0.422756 -0.906243
    outer loop
      vertex 36 14.85 26.4722
      vertex 28 14.5814 26.5975
      vertex 28 14.85 26.4722
    endloop
  endfacet
  facet normal 0 -0.422756 -0.906243
    outer loop
      vertex 56 14.5814 26.5975
      vertex 64 14.85 26.4722
      vertex 64 14.5814 26.5975
    endloop
  endfacet
  facet normal -0 -0.422756 -0.906243
    outer loop
      vertex 64 14.85 26.4722
      vertex 56 14.5814 26.5975
      vertex 56 14.85 26.4722
    endloop
  endfacet
  facet normal 0 -0.819216 -0.573485
    outer loop
      vertex 28 15.4722 25.85
      vertex 36 15.3023 26.0927
      vertex 28 15.3023 26.0927
    endloop
  endfacet
  facet normal 0 -0.819216 -0.573485
    outer loop
      vertex 36 15.3023 26.0927
      vertex 28 15.4722 25.85
      vertex 36 15.4722 25.85
    endloop
  endfacet
  facet normal 0 -0.819216 -0.573485
    outer loop
      vertex 56 15.4722 25.85
      vertex 64 15.3023 26.0927
      vertex 56 15.3023 26.0927
    endloop
  endfacet
  facet normal 0 -0.819216 -0.573485
    outer loop
      vertex 64 15.3023 26.0927
      vertex 56 15.4722 25.85
      vertex 64 15.4722 25.85
    endloop
  endfacet
  facet normal 0 -0.965915 -0.25886
    outer loop
      vertex 28 15.6742 25.2952
      vertex 36 15.5975 25.5814
      vertex 28 15.5975 25.5814
    endloop
  endfacet
  facet normal 0 -0.965915 -0.25886
    outer loop
      vertex 36 15.5975 25.5814
      vertex 28 15.6742 25.2952
      vertex 36 15.6742 25.2952
    endloop
  endfacet
  facet normal 0 -0.965915 -0.25886
    outer loop
      vertex 56 15.6742 25.2952
      vertex 64 15.5975 25.5814
      vertex 56 15.5975 25.5814
    endloop
  endfacet
  facet normal 0 -0.965915 -0.25886
    outer loop
      vertex 64 15.5975 25.5814
      vertex 56 15.6742 25.2952
      vertex 64 15.6742 25.2952
    endloop
  endfacet
  facet normal 0 -0.0870665 0.996203
    outer loop
      vertex 28 14.2952 23.3258
      vertex 36 14 23.3
      vertex 36 14.2952 23.3258
    endloop
  endfacet
  facet normal 0 -0.0870665 0.996203
    outer loop
      vertex 36 14 23.3
      vertex 28 14.2952 23.3258
      vertex 28 14 23.3
    endloop
  endfacet
  facet normal 0 -0.0870665 0.996203
    outer loop
      vertex 56 14.2952 23.3258
      vertex 64 14 23.3
      vertex 64 14.2952 23.3258
    endloop
  endfacet
  facet normal 0 -0.0870665 0.996203
    outer loop
      vertex 64 14 23.3
      vertex 56 14.2952 23.3258
      vertex 56 14 23.3
    endloop
  endfacet
  facet normal -0 0.25886 0.965915
    outer loop
      vertex 28 13.7048 23.3258
      vertex 36 13.4186 23.4025
      vertex 36 13.7048 23.3258
    endloop
  endfacet
  facet normal 0 0.25886 0.965915
    outer loop
      vertex 36 13.4186 23.4025
      vertex 28 13.7048 23.3258
      vertex 28 13.4186 23.4025
    endloop
  endfacet
  facet normal -0 0.25886 0.965915
    outer loop
      vertex 56 13.7048 23.3258
      vertex 64 13.4186 23.4025
      vertex 64 13.7048 23.3258
    endloop
  endfacet
  facet normal 0 0.25886 0.965915
    outer loop
      vertex 64 13.4186 23.4025
      vertex 56 13.7048 23.3258
      vertex 56 13.4186 23.4025
    endloop
  endfacet
  facet normal 0 0.819216 -0.573485
    outer loop
      vertex 36 12.5278 25.85
      vertex 28 12.6977 26.0927
      vertex 36 12.6977 26.0927
    endloop
  endfacet
  facet normal 0 0.819216 -0.573485
    outer loop
      vertex 28 12.6977 26.0927
      vertex 36 12.5278 25.85
      vertex 28 12.5278 25.85
    endloop
  endfacet
  facet normal 0 0.819216 -0.573485
    outer loop
      vertex 64 12.5278 25.85
      vertex 56 12.6977 26.0927
      vertex 64 12.6977 26.0927
    endloop
  endfacet
  facet normal 0 0.819216 -0.573485
    outer loop
      vertex 56 12.6977 26.0927
      vertex 64 12.5278 25.85
      vertex 56 12.5278 25.85
    endloop
  endfacet
  facet normal 0 0.422756 -0.906243
    outer loop
      vertex 28 13.15 26.4722
      vertex 36 13.4186 26.5975
      vertex 36 13.15 26.4722
    endloop
  endfacet
  facet normal 0 0.422756 -0.906243
    outer loop
      vertex 36 13.4186 26.5975
      vertex 28 13.15 26.4722
      vertex 28 13.4186 26.5975
    endloop
  endfacet
  facet normal 0 0.422756 -0.906243
    outer loop
      vertex 56 13.15 26.4722
      vertex 64 13.4186 26.5975
      vertex 64 13.15 26.4722
    endloop
  endfacet
  facet normal 0 0.422756 -0.906243
    outer loop
      vertex 64 13.4186 26.5975
      vertex 56 13.15 26.4722
      vertex 56 13.4186 26.5975
    endloop
  endfacet
  facet normal 0 0.819216 0.573485
    outer loop
      vertex 36 12.6977 23.9073
      vertex 28 12.5278 24.15
      vertex 36 12.5278 24.15
    endloop
  endfacet
  facet normal 0 0.819216 0.573485
    outer loop
      vertex 28 12.5278 24.15
      vertex 36 12.6977 23.9073
      vertex 28 12.6977 23.9073
    endloop
  endfacet
  facet normal 0 0.819216 0.573485
    outer loop
      vertex 64 12.6977 23.9073
      vertex 56 12.5278 24.15
      vertex 64 12.5278 24.15
    endloop
  endfacet
  facet normal 0 0.819216 0.573485
    outer loop
      vertex 56 12.5278 24.15
      vertex 64 12.6977 23.9073
      vertex 56 12.6977 23.9073
    endloop
  endfacet
  facet normal 0 -0.707107 0.707107
    outer loop
      vertex 28 15.0927 23.6977
      vertex 36 15.3023 23.9073
      vertex 28 15.3023 23.9073
    endloop
  endfacet
  facet normal 0 -0.707107 0.707107
    outer loop
      vertex 36 15.3023 23.9073
      vertex 28 15.0927 23.6977
      vertex 36 15.0927 23.6977
    endloop
  endfacet
  facet normal 0 -0.707107 0.707107
    outer loop
      vertex 56 15.0927 23.6977
      vertex 64 15.3023 23.9073
      vertex 56 15.3023 23.9073
    endloop
  endfacet
  facet normal 0 -0.707107 0.707107
    outer loop
      vertex 64 15.3023 23.9073
      vertex 56 15.0927 23.6977
      vertex 64 15.0927 23.6977
    endloop
  endfacet
  facet normal 0 -0.819216 0.573485
    outer loop
      vertex 28 15.3023 23.9073
      vertex 36 15.4722 24.15
      vertex 28 15.4722 24.15
    endloop
  endfacet
  facet normal 0 -0.819216 0.573485
    outer loop
      vertex 36 15.4722 24.15
      vertex 28 15.3023 23.9073
      vertex 36 15.3023 23.9073
    endloop
  endfacet
  facet normal 0 -0.819216 0.573485
    outer loop
      vertex 56 15.3023 23.9073
      vertex 64 15.4722 24.15
      vertex 56 15.4722 24.15
    endloop
  endfacet
  facet normal 0 -0.819216 0.573485
    outer loop
      vertex 64 15.4722 24.15
      vertex 56 15.3023 23.9073
      vertex 64 15.3023 23.9073
    endloop
  endfacet
  facet normal 0 -0.0870665 -0.996203
    outer loop
      vertex 28 14 26.7
      vertex 36 14.2952 26.6742
      vertex 36 14 26.7
    endloop
  endfacet
  facet normal -0 -0.0870665 -0.996203
    outer loop
      vertex 36 14.2952 26.6742
      vertex 28 14 26.7
      vertex 28 14.2952 26.6742
    endloop
  endfacet
  facet normal 0 -0.0870665 -0.996203
    outer loop
      vertex 56 14 26.7
      vertex 64 14.2952 26.6742
      vertex 64 14 26.7
    endloop
  endfacet
  facet normal -0 -0.0870665 -0.996203
    outer loop
      vertex 64 14.2952 26.6742
      vertex 56 14 26.7
      vertex 56 14.2952 26.6742
    endloop
  endfacet
  facet normal 0 -0.707107 -0.707107
    outer loop
      vertex 28 15.0927 26.3023
      vertex 36 15.3023 26.0927
      vertex 36 15.0927 26.3023
    endloop
  endfacet
  facet normal -0 -0.707107 -0.707107
    outer loop
      vertex 36 15.3023 26.0927
      vertex 28 15.0927 26.3023
      vertex 28 15.3023 26.0927
    endloop
  endfacet
  facet normal 0 -0.707107 -0.707107
    outer loop
      vertex 56 15.0927 26.3023
      vertex 64 15.3023 26.0927
      vertex 64 15.0927 26.3023
    endloop
  endfacet
  facet normal -0 -0.707107 -0.707107
    outer loop
      vertex 64 15.3023 26.0927
      vertex 56 15.0927 26.3023
      vertex 56 15.3023 26.0927
    endloop
  endfacet
  facet normal 0 -0.573485 -0.819216
    outer loop
      vertex 28 14.85 26.4722
      vertex 36 15.0927 26.3023
      vertex 36 14.85 26.4722
    endloop
  endfacet
  facet normal -0 -0.573485 -0.819216
    outer loop
      vertex 36 15.0927 26.3023
      vertex 28 14.85 26.4722
      vertex 28 15.0927 26.3023
    endloop
  endfacet
  facet normal 0 -0.573485 -0.819216
    outer loop
      vertex 56 14.85 26.4722
      vertex 64 15.0927 26.3023
      vertex 64 14.85 26.4722
    endloop
  endfacet
  facet normal -0 -0.573485 -0.819216
    outer loop
      vertex 64 15.0927 26.3023
      vertex 56 14.85 26.4722
      vertex 56 15.0927 26.3023
    endloop
  endfacet
  facet normal -0 0.422756 0.906243
    outer loop
      vertex 28 13.4186 23.4025
      vertex 36 13.15 23.5278
      vertex 36 13.4186 23.4025
    endloop
  endfacet
  facet normal 0 0.422756 0.906243
    outer loop
      vertex 36 13.15 23.5278
      vertex 28 13.4186 23.4025
      vertex 28 13.15 23.5278
    endloop
  endfacet
  facet normal -0 0.422756 0.906243
    outer loop
      vertex 56 13.4186 23.4025
      vertex 64 13.15 23.5278
      vertex 64 13.4186 23.4025
    endloop
  endfacet
  facet normal 0 0.422756 0.906243
    outer loop
      vertex 64 13.15 23.5278
      vertex 56 13.4186 23.4025
      vertex 56 13.15 23.5278
    endloop
  endfacet
  facet normal 0 0.25886 -0.965915
    outer loop
      vertex 28 13.4186 26.5975
      vertex 36 13.7048 26.6742
      vertex 36 13.4186 26.5975
    endloop
  endfacet
  facet normal 0 0.25886 -0.965915
    outer loop
      vertex 36 13.7048 26.6742
      vertex 28 13.4186 26.5975
      vertex 28 13.7048 26.6742
    endloop
  endfacet
  facet normal 0 0.25886 -0.965915
    outer loop
      vertex 56 13.4186 26.5975
      vertex 64 13.7048 26.6742
      vertex 64 13.4186 26.5975
    endloop
  endfacet
  facet normal 0 0.25886 -0.965915
    outer loop
      vertex 64 13.7048 26.6742
      vertex 56 13.4186 26.5975
      vertex 56 13.7048 26.6742
    endloop
  endfacet
  facet normal 0 0.573485 -0.819216
    outer loop
      vertex 28 12.9073 26.3023
      vertex 36 13.15 26.4722
      vertex 36 12.9073 26.3023
    endloop
  endfacet
  facet normal 0 0.573485 -0.819216
    outer loop
      vertex 36 13.15 26.4722
      vertex 28 12.9073 26.3023
      vertex 28 13.15 26.4722
    endloop
  endfacet
  facet normal 0 0.573485 -0.819216
    outer loop
      vertex 56 12.9073 26.3023
      vertex 64 13.15 26.4722
      vertex 64 12.9073 26.3023
    endloop
  endfacet
  facet normal 0 0.573485 -0.819216
    outer loop
      vertex 64 13.15 26.4722
      vertex 56 12.9073 26.3023
      vertex 56 13.15 26.4722
    endloop
  endfacet
  facet normal 0 0.965915 0.25886
    outer loop
      vertex 36 12.4025 24.4186
      vertex 28 12.3258 24.7048
      vertex 36 12.3258 24.7048
    endloop
  endfacet
  facet normal 0 0.965915 0.25886
    outer loop
      vertex 28 12.3258 24.7048
      vertex 36 12.4025 24.4186
      vertex 28 12.4025 24.4186
    endloop
  endfacet
  facet normal 0 0.965915 0.25886
    outer loop
      vertex 64 12.4025 24.4186
      vertex 56 12.3258 24.7048
      vertex 64 12.3258 24.7048
    endloop
  endfacet
  facet normal 0 0.965915 0.25886
    outer loop
      vertex 56 12.3258 24.7048
      vertex 64 12.4025 24.4186
      vertex 56 12.4025 24.4186
    endloop
  endfacet
  facet normal 0 0.906243 0.422756
    outer loop
      vertex 36 12.5278 24.15
      vertex 28 12.4025 24.4186
      vertex 36 12.4025 24.4186
    endloop
  endfacet
  facet normal 0 0.906243 0.422756
    outer loop
      vertex 28 12.4025 24.4186
      vertex 36 12.5278 24.15
      vertex 28 12.5278 24.15
    endloop
  endfacet
  facet normal 0 0.906243 0.422756
    outer loop
      vertex 64 12.5278 24.15
      vertex 56 12.4025 24.4186
      vertex 64 12.4025 24.4186
    endloop
  endfacet
  facet normal 0 0.906243 0.422756
    outer loop
      vertex 56 12.4025 24.4186
      vertex 64 12.5278 24.15
      vertex 56 12.5278 24.15
    endloop
  endfacet
  facet normal 0 0.707107 0.707107
    outer loop
      vertex 36 12.9073 23.6977
      vertex 28 12.6977 23.9073
      vertex 36 12.6977 23.9073
    endloop
  endfacet
  facet normal 0 0.707107 0.707107
    outer loop
      vertex 28 12.6977 23.9073
      vertex 36 12.9073 23.6977
      vertex 28 12.9073 23.6977
    endloop
  endfacet
  facet normal 0 0.707107 0.707107
    outer loop
      vertex 64 12.9073 23.6977
      vertex 56 12.6977 23.9073
      vertex 64 12.6977 23.9073
    endloop
  endfacet
  facet normal 0 0.707107 0.707107
    outer loop
      vertex 56 12.6977 23.9073
      vertex 64 12.9073 23.6977
      vertex 56 12.9073 23.6977
    endloop
  endfacet
  facet normal 0 0.996203 0.0870665
    outer loop
      vertex 36 12.3258 24.7048
      vertex 28 12.3 25
      vertex 36 12.3 25
    endloop
  endfacet
  facet normal 0 0.996203 0.0870665
    outer loop
      vertex 28 12.3 25
      vertex 36 12.3258 24.7048
      vertex 28 12.3258 24.7048
    endloop
  endfacet
  facet normal 0 0.996203 0.0870665
    outer loop
      vertex 64 12.3258 24.7048
      vertex 56 12.3 25
      vertex 64 12.3 25
    endloop
  endfacet
  facet normal 0 0.996203 0.0870665
    outer loop
      vertex 56 12.3 25
      vertex 64 12.3258 24.7048
      vertex 56 12.3258 24.7048
    endloop
  endfacet
  facet normal 0 0.996203 -0.0870665
    outer loop
      vertex 36 12.3 25
      vertex 28 12.3258 25.2952
      vertex 36 12.3258 25.2952
    endloop
  endfacet
  facet normal 0 0.996203 -0.0870665
    outer loop
      vertex 28 12.3258 25.2952
      vertex 36 12.3 25
      vertex 28 12.3 25
    endloop
  endfacet
  facet normal 0 0.996203 -0.0870665
    outer loop
      vertex 64 12.3 25
      vertex 56 12.3258 25.2952
      vertex 64 12.3258 25.2952
    endloop
  endfacet
  facet normal 0 0.996203 -0.0870665
    outer loop
      vertex 56 12.3258 25.2952
      vertex 64 12.3 25
      vertex 56 12.3 25
    endloop
  endfacet
  facet normal 0 0.906243 -0.422756
    outer loop
      vertex 36 12.4025 25.5814
      vertex 28 12.5278 25.85
      vertex 36 12.5278 25.85
    endloop
  endfacet
  facet normal 0 0.906243 -0.422756
    outer loop
      vertex 28 12.5278 25.85
      vertex 36 12.4025 25.5814
      vertex 28 12.4025 25.5814
    endloop
  endfacet
  facet normal 0 0.906243 -0.422756
    outer loop
      vertex 64 12.4025 25.5814
      vertex 56 12.5278 25.85
      vertex 64 12.5278 25.85
    endloop
  endfacet
  facet normal 0 0.906243 -0.422756
    outer loop
      vertex 56 12.5278 25.85
      vertex 64 12.4025 25.5814
      vertex 56 12.4025 25.5814
    endloop
  endfacet
  facet normal 0 0.965915 -0.25886
    outer loop
      vertex 36 12.3258 25.2952
      vertex 28 12.4025 25.5814
      vertex 36 12.4025 25.5814
    endloop
  endfacet
  facet normal 0 0.965915 -0.25886
    outer loop
      vertex 28 12.4025 25.5814
      vertex 36 12.3258 25.2952
      vertex 28 12.3258 25.2952
    endloop
  endfacet
  facet normal 0 0.965915 -0.25886
    outer loop
      vertex 64 12.3258 25.2952
      vertex 56 12.4025 25.5814
      vertex 64 12.4025 25.5814
    endloop
  endfacet
  facet normal 0 0.965915 -0.25886
    outer loop
      vertex 56 12.4025 25.5814
      vertex 64 12.3258 25.2952
      vertex 56 12.3258 25.2952
    endloop
  endfacet
  facet normal 0 0.707107 -0.707107
    outer loop
      vertex 28 12.6977 26.0927
      vertex 36 12.9073 26.3023
      vertex 36 12.6977 26.0927
    endloop
  endfacet
  facet normal 0 0.707107 -0.707107
    outer loop
      vertex 36 12.9073 26.3023
      vertex 28 12.6977 26.0927
      vertex 28 12.9073 26.3023
    endloop
  endfacet
  facet normal 0 0.707107 -0.707107
    outer loop
      vertex 56 12.6977 26.0927
      vertex 64 12.9073 26.3023
      vertex 64 12.6977 26.0927
    endloop
  endfacet
  facet normal 0 0.707107 -0.707107
    outer loop
      vertex 64 12.9073 26.3023
      vertex 56 12.6977 26.0927
      vertex 56 12.9073 26.3023
    endloop
  endfacet
  facet normal -0 0.573485 0.819216
    outer loop
      vertex 28 13.15 23.5278
      vertex 36 12.9073 23.6977
      vertex 36 13.15 23.5278
    endloop
  endfacet
  facet normal 0 0.573485 0.819216
    outer loop
      vertex 36 12.9073 23.6977
      vertex 28 13.15 23.5278
      vertex 28 12.9073 23.6977
    endloop
  endfacet
  facet normal -0 0.573485 0.819216
    outer loop
      vertex 56 13.15 23.5278
      vertex 64 12.9073 23.6977
      vertex 64 13.15 23.5278
    endloop
  endfacet
  facet normal 0 0.573485 0.819216
    outer loop
      vertex 64 12.9073 23.6977
      vertex 56 13.15 23.5278
      vertex 56 12.9073 23.6977
    endloop
  endfacet
endsolid OpenSCAD_Model
