solid OpenSCAD_Model
  facet normal -0.573568 0 0.819158
    outer loop
      vertex 37.1 3 8.63064
      vertex 37.9853 0 9.25052
      vertex 37.9853 3 9.25052
    endloop
  endfacet
  facet normal -0.573568 0 0.819158
    outer loop
      vertex 37.9853 0 9.25052
      vertex 37.1 3 8.63064
      vertex 37.1 0 8.63064
    endloop
  endfacet
  facet normal 0.906325 -0 0.422582
    outer loop
      vertex 28.1739 0 11.8795
      vertex 28.6306 3 10.9
      vertex 28.1739 3 11.8795
    endloop
  endfacet
  facet normal 0.906325 0 0.422582
    outer loop
      vertex 28.6306 3 10.9
      vertex 28.1739 0 11.8795
      vertex 28.6306 0 10.9
    endloop
  endfacet
  facet normal 0.258809 0 -0.965929
    outer loop
      vertex 31.8795 0 19.8261
      vertex 32.9234 3 20.1058
      vertex 32.9234 0 20.1058
    endloop
  endfacet
  facet normal 0.258809 0 -0.965929
    outer loop
      vertex 32.9234 3 20.1058
      vertex 31.8795 0 19.8261
      vertex 31.8795 3 19.8261
    endloop
  endfacet
  facet normal 0.258826 0 0.965924
    outer loop
      vertex 31.8795 3 8.17391
      vertex 32.9234 0 7.89419
      vertex 32.9234 3 7.89419
    endloop
  endfacet
  facet normal 0.258826 0 0.965924
    outer loop
      vertex 32.9234 0 7.89419
      vertex 31.8795 3 8.17391
      vertex 31.8795 0 8.17391
    endloop
  endfacet
  facet normal 0.819149 -0 0.57358
    outer loop
      vertex 28.6306 0 10.9
      vertex 29.2505 3 10.0147
      vertex 28.6306 3 10.9
    endloop
  endfacet
  facet normal 0.819149 0 0.57358
    outer loop
      vertex 29.2505 3 10.0147
      vertex 28.6306 0 10.9
      vertex 29.2505 0 10.0147
    endloop
  endfacet
  facet normal -0.965929 0 0.258809
    outer loop
      vertex 39.8261 0 11.8795
      vertex 40.1058 3 12.9234
      vertex 39.8261 3 11.8795
    endloop
  endfacet
  facet normal -0.965929 0 0.258809
    outer loop
      vertex 40.1058 3 12.9234
      vertex 39.8261 0 11.8795
      vertex 40.1058 0 12.9234
    endloop
  endfacet
  facet normal -0.906325 0 0.422582
    outer loop
      vertex 39.3694 0 10.9
      vertex 39.8261 3 11.8795
      vertex 39.3694 3 10.9
    endloop
  endfacet
  facet normal -0.906325 0 0.422582
    outer loop
      vertex 39.8261 3 11.8795
      vertex 39.3694 0 10.9
      vertex 39.8261 0 11.8795
    endloop
  endfacet
  facet normal -0.819149 0 0.57358
    outer loop
      vertex 38.7495 0 10.0147
      vertex 39.3694 3 10.9
      vertex 38.7495 3 10.0147
    endloop
  endfacet
  facet normal -0.819149 0 0.57358
    outer loop
      vertex 39.3694 3 10.9
      vertex 38.7495 0 10.0147
      vertex 39.3694 0 10.9
    endloop
  endfacet
  facet normal -0.707098 0 0.707116
    outer loop
      vertex 37.9853 0 9.25052
      vertex 38.7495 3 10.0147
      vertex 37.9853 3 9.25052
    endloop
  endfacet
  facet normal -0.707098 0 0.707116
    outer loop
      vertex 38.7495 3 10.0147
      vertex 37.9853 0 9.25052
      vertex 38.7495 0 10.0147
    endloop
  endfacet
  facet normal -0.422604 0 0.906314
    outer loop
      vertex 36.1205 3 8.17391
      vertex 37.1 0 8.63064
      vertex 37.1 3 8.63064
    endloop
  endfacet
  facet normal -0.422604 0 0.906314
    outer loop
      vertex 37.1 0 8.63064
      vertex 36.1205 3 8.17391
      vertex 36.1205 0 8.17391
    endloop
  endfacet
  facet normal -0.0871555 0 0.996195
    outer loop
      vertex 34 3 7.8
      vertex 35.0766 0 7.89419
      vertex 35.0766 3 7.89419
    endloop
  endfacet
  facet normal -0.0871555 0 0.996195
    outer loop
      vertex 35.0766 0 7.89419
      vertex 34 3 7.8
      vertex 34 0 7.8
    endloop
  endfacet
  facet normal -0.258826 0 0.965924
    outer loop
      vertex 35.0766 3 7.89419
      vertex 36.1205 0 8.17391
      vertex 36.1205 3 8.17391
    endloop
  endfacet
  facet normal -0.258826 0 0.965924
    outer loop
      vertex 36.1205 0 8.17391
      vertex 35.0766 3 7.89419
      vertex 35.0766 0 7.89419
    endloop
  endfacet
  facet normal 0.965929 -0 0.258809
    outer loop
      vertex 27.8942 0 12.9234
      vertex 28.1739 3 11.8795
      vertex 27.8942 3 12.9234
    endloop
  endfacet
  facet normal 0.965929 0 0.258809
    outer loop
      vertex 28.1739 3 11.8795
      vertex 27.8942 0 12.9234
      vertex 28.1739 0 11.8795
    endloop
  endfacet
  facet normal 0.707098 0 0.707116
    outer loop
      vertex 29.2505 3 10.0147
      vertex 30.0147 0 9.25052
      vertex 30.0147 3 9.25052
    endloop
  endfacet
  facet normal 0.707098 0 0.707116
    outer loop
      vertex 30.0147 0 9.25052
      vertex 29.2505 3 10.0147
      vertex 29.2505 0 10.0147
    endloop
  endfacet
  facet normal 0.422604 0 0.906314
    outer loop
      vertex 30.9 3 8.63064
      vertex 31.8795 0 8.17391
      vertex 31.8795 3 8.17391
    endloop
  endfacet
  facet normal 0.422604 0 0.906314
    outer loop
      vertex 31.8795 0 8.17391
      vertex 30.9 3 8.63064
      vertex 30.9 0 8.63064
    endloop
  endfacet
  facet normal 0.0871555 0 0.996195
    outer loop
      vertex 32.9234 3 7.89419
      vertex 34 0 7.8
      vertex 34 3 7.8
    endloop
  endfacet
  facet normal 0.0871555 0 0.996195
    outer loop
      vertex 34 0 7.8
      vertex 32.9234 3 7.89419
      vertex 32.9234 0 7.89419
    endloop
  endfacet
  facet normal 0.573568 0 0.819158
    outer loop
      vertex 30.0147 3 9.25052
      vertex 30.9 0 8.63064
      vertex 30.9 3 8.63064
    endloop
  endfacet
  facet normal 0.573568 0 0.819158
    outer loop
      vertex 30.9 0 8.63064
      vertex 30.0147 3 9.25052
      vertex 30.0147 0 9.25052
    endloop
  endfacet
  facet normal -0.996194 0 0.0871647
    outer loop
      vertex 40.1058 0 12.9234
      vertex 40.2 3 14
      vertex 40.1058 3 12.9234
    endloop
  endfacet
  facet normal -0.996194 0 0.0871647
    outer loop
      vertex 40.2 3 14
      vertex 40.1058 0 12.9234
      vertex 40.2 0 14
    endloop
  endfacet
  facet normal -0.422582 0 -0.906325
    outer loop
      vertex 36.1205 0 19.8261
      vertex 37.1 3 19.3694
      vertex 37.1 0 19.3694
    endloop
  endfacet
  facet normal -0.422582 0 -0.906325
    outer loop
      vertex 37.1 3 19.3694
      vertex 36.1205 0 19.8261
      vertex 36.1205 3 19.8261
    endloop
  endfacet
  facet normal -0.57358 0 -0.819149
    outer loop
      vertex 37.1 0 19.3694
      vertex 37.9853 3 18.7495
      vertex 37.9853 0 18.7495
    endloop
  endfacet
  facet normal -0.57358 0 -0.819149
    outer loop
      vertex 37.9853 3 18.7495
      vertex 37.1 0 19.3694
      vertex 37.1 3 19.3694
    endloop
  endfacet
  facet normal -0.819149 0 -0.57358
    outer loop
      vertex 39.3694 0 17.1
      vertex 38.7495 3 17.9853
      vertex 39.3694 3 17.1
    endloop
  endfacet
  facet normal -0.819149 -0 -0.57358
    outer loop
      vertex 38.7495 3 17.9853
      vertex 39.3694 0 17.1
      vertex 38.7495 0 17.9853
    endloop
  endfacet
  facet normal 0.0871647 0 -0.996194
    outer loop
      vertex 32.9234 0 20.1058
      vertex 34 3 20.2
      vertex 34 0 20.2
    endloop
  endfacet
  facet normal 0.0871647 0 -0.996194
    outer loop
      vertex 34 3 20.2
      vertex 32.9234 0 20.1058
      vertex 32.9234 3 20.1058
    endloop
  endfacet
  facet normal 0.57358 0 -0.819149
    outer loop
      vertex 30.0147 0 18.7495
      vertex 30.9 3 19.3694
      vertex 30.9 0 19.3694
    endloop
  endfacet
  facet normal 0.57358 0 -0.819149
    outer loop
      vertex 30.9 3 19.3694
      vertex 30.0147 0 18.7495
      vertex 30.0147 3 18.7495
    endloop
  endfacet
  facet normal 0.819149 0 -0.57358
    outer loop
      vertex 29.2505 0 17.9853
      vertex 28.6306 3 17.1
      vertex 29.2505 3 17.9853
    endloop
  endfacet
  facet normal 0.819149 0 -0.57358
    outer loop
      vertex 28.6306 3 17.1
      vertex 29.2505 0 17.9853
      vertex 28.6306 0 17.1
    endloop
  endfacet
  facet normal 0.996194 -0 0.0871647
    outer loop
      vertex 27.8 0 14
      vertex 27.8942 3 12.9234
      vertex 27.8 3 14
    endloop
  endfacet
  facet normal 0.996194 0 0.0871647
    outer loop
      vertex 27.8942 3 12.9234
      vertex 27.8 0 14
      vertex 27.8942 0 12.9234
    endloop
  endfacet
  facet normal -0.965929 0 -0.258809
    outer loop
      vertex 40.1058 0 15.0766
      vertex 39.8261 3 16.1205
      vertex 40.1058 3 15.0766
    endloop
  endfacet
  facet normal -0.965929 -0 -0.258809
    outer loop
      vertex 39.8261 3 16.1205
      vertex 40.1058 0 15.0766
      vertex 39.8261 0 16.1205
    endloop
  endfacet
  facet normal -0.0871647 0 -0.996194
    outer loop
      vertex 34 0 20.2
      vertex 35.0766 3 20.1058
      vertex 35.0766 0 20.1058
    endloop
  endfacet
  facet normal -0.0871647 0 -0.996194
    outer loop
      vertex 35.0766 3 20.1058
      vertex 34 0 20.2
      vertex 34 3 20.2
    endloop
  endfacet
  facet normal -0.707107 0 -0.707107
    outer loop
      vertex 38.7495 0 17.9853
      vertex 37.9853 3 18.7495
      vertex 38.7495 3 17.9853
    endloop
  endfacet
  facet normal -0.707107 -0 -0.707107
    outer loop
      vertex 37.9853 3 18.7495
      vertex 38.7495 0 17.9853
      vertex 37.9853 0 18.7495
    endloop
  endfacet
  facet normal -0.906325 0 -0.422582
    outer loop
      vertex 39.8261 0 16.1205
      vertex 39.3694 3 17.1
      vertex 39.8261 3 16.1205
    endloop
  endfacet
  facet normal -0.906325 -0 -0.422582
    outer loop
      vertex 39.3694 3 17.1
      vertex 39.8261 0 16.1205
      vertex 39.3694 0 17.1
    endloop
  endfacet
  facet normal 0.422582 0 -0.906325
    outer loop
      vertex 30.9 0 19.3694
      vertex 31.8795 3 19.8261
      vertex 31.8795 0 19.8261
    endloop
  endfacet
  facet normal 0.422582 0 -0.906325
    outer loop
      vertex 31.8795 3 19.8261
      vertex 30.9 0 19.3694
      vertex 30.9 3 19.3694
    endloop
  endfacet
  facet normal 0.906325 0 -0.422582
    outer loop
      vertex 28.6306 0 17.1
      vertex 28.1739 3 16.1205
      vertex 28.6306 3 17.1
    endloop
  endfacet
  facet normal 0.906325 0 -0.422582
    outer loop
      vertex 28.1739 3 16.1205
      vertex 28.6306 0 17.1
      vertex 28.1739 0 16.1205
    endloop
  endfacet
  facet normal 0.996194 0 -0.0871647
    outer loop
      vertex 27.8942 0 15.0766
      vertex 27.8 3 14
      vertex 27.8942 3 15.0766
    endloop
  endfacet
  facet normal 0.996194 0 -0.0871647
    outer loop
      vertex 27.8 3 14
      vertex 27.8942 0 15.0766
      vertex 27.8 0 14
    endloop
  endfacet
  facet normal 0.707107 0 -0.707107
    outer loop
      vertex 29.2505 0 17.9853
      vertex 30.0147 3 18.7495
      vertex 30.0147 0 18.7495
    endloop
  endfacet
  facet normal 0.707107 0 -0.707107
    outer loop
      vertex 30.0147 3 18.7495
      vertex 29.2505 0 17.9853
      vertex 29.2505 3 17.9853
    endloop
  endfacet
  facet normal -0.996194 0 -0.0871647
    outer loop
      vertex 40.2 0 14
      vertex 40.1058 3 15.0766
      vertex 40.2 3 14
    endloop
  endfacet
  facet normal -0.996194 -0 -0.0871647
    outer loop
      vertex 40.1058 3 15.0766
      vertex 40.2 0 14
      vertex 40.1058 0 15.0766
    endloop
  endfacet
  facet normal -0.258809 0 -0.965929
    outer loop
      vertex 35.0766 0 20.1058
      vertex 36.1205 3 19.8261
      vertex 36.1205 0 19.8261
    endloop
  endfacet
  facet normal -0.258809 0 -0.965929
    outer loop
      vertex 36.1205 3 19.8261
      vertex 35.0766 0 20.1058
      vertex 35.0766 3 20.1058
    endloop
  endfacet
  facet normal 0.965929 0 -0.258809
    outer loop
      vertex 28.1739 0 16.1205
      vertex 27.8942 3 15.0766
      vertex 28.1739 3 16.1205
    endloop
  endfacet
  facet normal 0.965929 0 -0.258809
    outer loop
      vertex 27.8942 3 15.0766
      vertex 28.1739 0 16.1205
      vertex 27.8942 0 15.0766
    endloop
  endfacet
  facet normal -0.573568 0 0.819158
    outer loop
      vertex 73.1 3 8.63064
      vertex 73.9853 0 9.25052
      vertex 73.9853 3 9.25052
    endloop
  endfacet
  facet normal -0.573568 0 0.819158
    outer loop
      vertex 73.9853 0 9.25052
      vertex 73.1 3 8.63064
      vertex 73.1 0 8.63064
    endloop
  endfacet
  facet normal 0.258809 0 -0.965929
    outer loop
      vertex 67.8795 0 19.8261
      vertex 68.9234 3 20.1058
      vertex 68.9234 0 20.1058
    endloop
  endfacet
  facet normal 0.258809 0 -0.965929
    outer loop
      vertex 68.9234 3 20.1058
      vertex 67.8795 0 19.8261
      vertex 67.8795 3 19.8261
    endloop
  endfacet
  facet normal 0.258826 0 0.965924
    outer loop
      vertex 67.8795 3 8.17391
      vertex 68.9234 0 7.89419
      vertex 68.9234 3 7.89419
    endloop
  endfacet
  facet normal 0.258826 0 0.965924
    outer loop
      vertex 68.9234 0 7.89419
      vertex 67.8795 3 8.17391
      vertex 67.8795 0 8.17391
    endloop
  endfacet
  facet normal 0.819149 -0 0.57358
    outer loop
      vertex 64.6306 0 10.9
      vertex 65.2505 3 10.0147
      vertex 64.6306 3 10.9
    endloop
  endfacet
  facet normal 0.819149 0 0.57358
    outer loop
      vertex 65.2505 3 10.0147
      vertex 64.6306 0 10.9
      vertex 65.2505 0 10.0147
    endloop
  endfacet
  facet normal -0.906325 0 0.422582
    outer loop
      vertex 75.3694 0 10.9
      vertex 75.8261 3 11.8795
      vertex 75.3694 3 10.9
    endloop
  endfacet
  facet normal -0.906325 0 0.422582
    outer loop
      vertex 75.8261 3 11.8795
      vertex 75.3694 0 10.9
      vertex 75.8261 0 11.8795
    endloop
  endfacet
  facet normal -0.819149 0 0.57358
    outer loop
      vertex 74.7495 0 10.0147
      vertex 75.3694 3 10.9
      vertex 74.7495 3 10.0147
    endloop
  endfacet
  facet normal -0.819149 0 0.57358
    outer loop
      vertex 75.3694 3 10.9
      vertex 74.7495 0 10.0147
      vertex 75.3694 0 10.9
    endloop
  endfacet
  facet normal -0.707098 0 0.707116
    outer loop
      vertex 73.9853 0 9.25052
      vertex 74.7495 3 10.0147
      vertex 73.9853 3 9.25052
    endloop
  endfacet
  facet normal -0.707098 0 0.707116
    outer loop
      vertex 74.7495 3 10.0147
      vertex 73.9853 0 9.25052
      vertex 74.7495 0 10.0147
    endloop
  endfacet
  facet normal -0.422604 0 0.906314
    outer loop
      vertex 72.1205 3 8.17391
      vertex 73.1 0 8.63064
      vertex 73.1 3 8.63064
    endloop
  endfacet
  facet normal -0.422604 0 0.906314
    outer loop
      vertex 73.1 0 8.63064
      vertex 72.1205 3 8.17391
      vertex 72.1205 0 8.17391
    endloop
  endfacet
  facet normal -0.0871555 0 0.996195
    outer loop
      vertex 70 3 7.8
      vertex 71.0766 0 7.89419
      vertex 71.0766 3 7.89419
    endloop
  endfacet
  facet normal -0.0871555 0 0.996195
    outer loop
      vertex 71.0766 0 7.89419
      vertex 70 3 7.8
      vertex 70 0 7.8
    endloop
  endfacet
  facet normal 0.707098 -0 0.707116
    outer loop
      vertex 65.2505 0 10.0147
      vertex 66.0147 3 9.25052
      vertex 65.2505 3 10.0147
    endloop
  endfacet
  facet normal 0.707098 0 0.707116
    outer loop
      vertex 66.0147 3 9.25052
      vertex 65.2505 0 10.0147
      vertex 66.0147 0 9.25052
    endloop
  endfacet
  facet normal 0.422604 0 0.906314
    outer loop
      vertex 66.9 3 8.63064
      vertex 67.8795 0 8.17391
      vertex 67.8795 3 8.17391
    endloop
  endfacet
  facet normal 0.422604 0 0.906314
    outer loop
      vertex 67.8795 0 8.17391
      vertex 66.9 3 8.63064
      vertex 66.9 0 8.63064
    endloop
  endfacet
  facet normal 0.0871555 0 0.996195
    outer loop
      vertex 68.9234 3 7.89419
      vertex 70 0 7.8
      vertex 70 3 7.8
    endloop
  endfacet
  facet normal 0.0871555 0 0.996195
    outer loop
      vertex 70 0 7.8
      vertex 68.9234 3 7.89419
      vertex 68.9234 0 7.89419
    endloop
  endfacet
  facet normal 0.573568 0 0.819158
    outer loop
      vertex 66.0147 3 9.25052
      vertex 66.9 0 8.63064
      vertex 66.9 3 8.63064
    endloop
  endfacet
  facet normal 0.573568 0 0.819158
    outer loop
      vertex 66.9 0 8.63064
      vertex 66.0147 3 9.25052
      vertex 66.0147 0 9.25052
    endloop
  endfacet
  facet normal -0.996194 0 0.0871647
    outer loop
      vertex 76.1058 0 12.9234
      vertex 76.2 3 14
      vertex 76.1058 3 12.9234
    endloop
  endfacet
  facet normal -0.996194 0 0.0871647
    outer loop
      vertex 76.2 3 14
      vertex 76.1058 0 12.9234
      vertex 76.2 0 14
    endloop
  endfacet
  facet normal -0.422582 0 -0.906325
    outer loop
      vertex 72.1205 0 19.8261
      vertex 73.1 3 19.3694
      vertex 73.1 0 19.3694
    endloop
  endfacet
  facet normal -0.422582 0 -0.906325
    outer loop
      vertex 73.1 3 19.3694
      vertex 72.1205 0 19.8261
      vertex 72.1205 3 19.8261
    endloop
  endfacet
  facet normal -0.57358 0 -0.819149
    outer loop
      vertex 73.1 0 19.3694
      vertex 73.9853 3 18.7495
      vertex 73.9853 0 18.7495
    endloop
  endfacet
  facet normal -0.57358 0 -0.819149
    outer loop
      vertex 73.9853 3 18.7495
      vertex 73.1 0 19.3694
      vertex 73.1 3 19.3694
    endloop
  endfacet
  facet normal -0.819149 0 -0.57358
    outer loop
      vertex 75.3694 0 17.1
      vertex 74.7495 3 17.9853
      vertex 75.3694 3 17.1
    endloop
  endfacet
  facet normal -0.819149 -0 -0.57358
    outer loop
      vertex 74.7495 3 17.9853
      vertex 75.3694 0 17.1
      vertex 74.7495 0 17.9853
    endloop
  endfacet
  facet normal 0.0871647 0 -0.996194
    outer loop
      vertex 68.9234 0 20.1058
      vertex 70 3 20.2
      vertex 70 0 20.2
    endloop
  endfacet
  facet normal 0.0871647 0 -0.996194
    outer loop
      vertex 70 3 20.2
      vertex 68.9234 0 20.1058
      vertex 68.9234 3 20.1058
    endloop
  endfacet
  facet normal 0.57358 0 -0.819149
    outer loop
      vertex 66.0147 0 18.7495
      vertex 66.9 3 19.3694
      vertex 66.9 0 19.3694
    endloop
  endfacet
  facet normal 0.57358 0 -0.819149
    outer loop
      vertex 66.9 3 19.3694
      vertex 66.0147 0 18.7495
      vertex 66.0147 3 18.7495
    endloop
  endfacet
  facet normal 0.819149 0 -0.57358
    outer loop
      vertex 65.2505 0 17.9853
      vertex 64.6306 3 17.1
      vertex 65.2505 3 17.9853
    endloop
  endfacet
  facet normal 0.819149 0 -0.57358
    outer loop
      vertex 64.6306 3 17.1
      vertex 65.2505 0 17.9853
      vertex 64.6306 0 17.1
    endloop
  endfacet
  facet normal 0.707107 0 -0.707107
    outer loop
      vertex 66.0147 0 18.7495
      vertex 65.2505 3 17.9853
      vertex 66.0147 3 18.7495
    endloop
  endfacet
  facet normal 0.707107 0 -0.707107
    outer loop
      vertex 65.2505 3 17.9853
      vertex 66.0147 0 18.7495
      vertex 65.2505 0 17.9853
    endloop
  endfacet
  facet normal -0.965929 0 0.258809
    outer loop
      vertex 75.8261 0 11.8795
      vertex 76.1058 3 12.9234
      vertex 75.8261 3 11.8795
    endloop
  endfacet
  facet normal -0.965929 0 0.258809
    outer loop
      vertex 76.1058 3 12.9234
      vertex 75.8261 0 11.8795
      vertex 76.1058 0 12.9234
    endloop
  endfacet
  facet normal -0.258826 0 0.965924
    outer loop
      vertex 71.0766 3 7.89419
      vertex 72.1205 0 8.17391
      vertex 72.1205 3 8.17391
    endloop
  endfacet
  facet normal -0.258826 0 0.965924
    outer loop
      vertex 72.1205 0 8.17391
      vertex 71.0766 3 7.89419
      vertex 71.0766 0 7.89419
    endloop
  endfacet
  facet normal 0.996194 -0 0.0871647
    outer loop
      vertex 63.8 0 14
      vertex 63.8942 3 12.9234
      vertex 63.8 3 14
    endloop
  endfacet
  facet normal 0.996194 0 0.0871647
    outer loop
      vertex 63.8942 3 12.9234
      vertex 63.8 0 14
      vertex 63.8942 0 12.9234
    endloop
  endfacet
  facet normal 0.906325 -0 0.422582
    outer loop
      vertex 64.1739 0 11.8795
      vertex 64.6306 3 10.9
      vertex 64.1739 3 11.8795
    endloop
  endfacet
  facet normal 0.906325 0 0.422582
    outer loop
      vertex 64.6306 3 10.9
      vertex 64.1739 0 11.8795
      vertex 64.6306 0 10.9
    endloop
  endfacet
  facet normal -0.965929 0 -0.258809
    outer loop
      vertex 76.1058 0 15.0766
      vertex 75.8261 3 16.1205
      vertex 76.1058 3 15.0766
    endloop
  endfacet
  facet normal -0.965929 -0 -0.258809
    outer loop
      vertex 75.8261 3 16.1205
      vertex 76.1058 0 15.0766
      vertex 75.8261 0 16.1205
    endloop
  endfacet
  facet normal -0.0871647 0 -0.996194
    outer loop
      vertex 70 0 20.2
      vertex 71.0766 3 20.1058
      vertex 71.0766 0 20.1058
    endloop
  endfacet
  facet normal -0.0871647 0 -0.996194
    outer loop
      vertex 71.0766 3 20.1058
      vertex 70 0 20.2
      vertex 70 3 20.2
    endloop
  endfacet
  facet normal -0.258809 0 -0.965929
    outer loop
      vertex 71.0766 0 20.1058
      vertex 72.1205 3 19.8261
      vertex 72.1205 0 19.8261
    endloop
  endfacet
  facet normal -0.258809 0 -0.965929
    outer loop
      vertex 72.1205 3 19.8261
      vertex 71.0766 0 20.1058
      vertex 71.0766 3 20.1058
    endloop
  endfacet
  facet normal -0.707107 0 -0.707107
    outer loop
      vertex 74.7495 0 17.9853
      vertex 73.9853 3 18.7495
      vertex 74.7495 3 17.9853
    endloop
  endfacet
  facet normal -0.707107 -0 -0.707107
    outer loop
      vertex 73.9853 3 18.7495
      vertex 74.7495 0 17.9853
      vertex 73.9853 0 18.7495
    endloop
  endfacet
  facet normal -0.906325 0 -0.422582
    outer loop
      vertex 75.8261 0 16.1205
      vertex 75.3694 3 17.1
      vertex 75.8261 3 16.1205
    endloop
  endfacet
  facet normal -0.906325 -0 -0.422582
    outer loop
      vertex 75.3694 3 17.1
      vertex 75.8261 0 16.1205
      vertex 75.3694 0 17.1
    endloop
  endfacet
  facet normal 0.422582 0 -0.906325
    outer loop
      vertex 66.9 0 19.3694
      vertex 67.8795 3 19.8261
      vertex 67.8795 0 19.8261
    endloop
  endfacet
  facet normal 0.422582 0 -0.906325
    outer loop
      vertex 67.8795 3 19.8261
      vertex 66.9 0 19.3694
      vertex 66.9 3 19.3694
    endloop
  endfacet
  facet normal 0.906325 0 -0.422582
    outer loop
      vertex 64.6306 0 17.1
      vertex 64.1739 3 16.1205
      vertex 64.6306 3 17.1
    endloop
  endfacet
  facet normal 0.906325 0 -0.422582
    outer loop
      vertex 64.1739 3 16.1205
      vertex 64.6306 0 17.1
      vertex 64.1739 0 16.1205
    endloop
  endfacet
  facet normal 0.996194 0 -0.0871647
    outer loop
      vertex 63.8942 0 15.0766
      vertex 63.8 3 14
      vertex 63.8942 3 15.0766
    endloop
  endfacet
  facet normal 0.996194 0 -0.0871647
    outer loop
      vertex 63.8 3 14
      vertex 63.8942 0 15.0766
      vertex 63.8 0 14
    endloop
  endfacet
  facet normal 0.965929 -0 0.258809
    outer loop
      vertex 63.8942 0 12.9234
      vertex 64.1739 3 11.8795
      vertex 63.8942 3 12.9234
    endloop
  endfacet
  facet normal 0.965929 0 0.258809
    outer loop
      vertex 64.1739 3 11.8795
      vertex 63.8942 0 12.9234
      vertex 64.1739 0 11.8795
    endloop
  endfacet
  facet normal -0.996194 0 -0.0871647
    outer loop
      vertex 76.2 0 14
      vertex 76.1058 3 15.0766
      vertex 76.2 3 14
    endloop
  endfacet
  facet normal -0.996194 -0 -0.0871647
    outer loop
      vertex 76.1058 3 15.0766
      vertex 76.2 0 14
      vertex 76.1058 0 15.0766
    endloop
  endfacet
  facet normal 0.965929 0 -0.258809
    outer loop
      vertex 64.1739 0 16.1205
      vertex 63.8942 3 15.0766
      vertex 64.1739 3 16.1205
    endloop
  endfacet
  facet normal 0.965929 0 -0.258809
    outer loop
      vertex 63.8942 3 15.0766
      vertex 64.1739 0 16.1205
      vertex 63.8942 0 15.0766
    endloop
  endfacet
  facet normal -0.906307 -0.42262 0
    outer loop
      vertex 9.26858 8.46173 0
      vertex 9.16913 8.675 3
      vertex 9.16913 8.675 0
    endloop
  endfacet
  facet normal -0.906307 -0.42262 0
    outer loop
      vertex 9.16913 8.675 3
      vertex 9.26858 8.46173 0
      vertex 9.26858 8.46173 3
    endloop
  endfacet
  facet normal 0.996194 -0.0871596 0
    outer loop
      vertex 6.65 8 3
      vertex 6.67051 8.23442 0
      vertex 6.67051 8.23442 3
    endloop
  endfacet
  facet normal 0.996194 -0.0871596 0
    outer loop
      vertex 6.67051 8.23442 0
      vertex 6.65 8 3
      vertex 6.65 8 0
    endloop
  endfacet
  facet normal -0.819156 -0.573571 0
    outer loop
      vertex 9.16913 8.675 0
      vertex 9.03416 8.86776 3
      vertex 9.03416 8.86776 0
    endloop
  endfacet
  facet normal -0.819156 -0.573571 0
    outer loop
      vertex 9.03416 8.86776 3
      vertex 9.16913 8.675 0
      vertex 9.16913 8.675 3
    endloop
  endfacet
  facet normal -0.258829 -0.965923 0
    outer loop
      vertex 8.23442 9.32949 0
      vertex 8.46173 9.26858 3
      vertex 8.23442 9.32949 3
    endloop
  endfacet
  facet normal -0.258829 -0.965923 -0
    outer loop
      vertex 8.46173 9.26858 3
      vertex 8.23442 9.32949 0
      vertex 8.46173 9.26858 0
    endloop
  endfacet
  facet normal 0.42262 -0.906307 0
    outer loop
      vertex 7.325 9.16913 0
      vertex 7.53827 9.26858 3
      vertex 7.325 9.16913 3
    endloop
  endfacet
  facet normal 0.42262 -0.906307 0
    outer loop
      vertex 7.53827 9.26858 3
      vertex 7.325 9.16913 0
      vertex 7.53827 9.26858 0
    endloop
  endfacet
  facet normal 0.965934 -0.258789 0
    outer loop
      vertex 6.67051 8.23442 3
      vertex 6.73141 8.46173 0
      vertex 6.73141 8.46173 3
    endloop
  endfacet
  facet normal 0.965934 -0.258789 0
    outer loop
      vertex 6.73141 8.46173 0
      vertex 6.67051 8.23442 3
      vertex 6.67051 8.23442 0
    endloop
  endfacet
  facet normal -0.996195 0.0871559 0
    outer loop
      vertex 9.32949 7.76557 0
      vertex 9.35 8 3
      vertex 9.35 8 0
    endloop
  endfacet
  facet normal -0.996195 0.0871559 0
    outer loop
      vertex 9.35 8 3
      vertex 9.32949 7.76557 0
      vertex 9.32949 7.76557 3
    endloop
  endfacet
  facet normal -0.965923 -0.258829 0
    outer loop
      vertex 9.32949 8.23442 0
      vertex 9.26858 8.46173 3
      vertex 9.26858 8.46173 0
    endloop
  endfacet
  facet normal -0.965923 -0.258829 0
    outer loop
      vertex 9.26858 8.46173 3
      vertex 9.32949 8.23442 0
      vertex 9.32949 8.23442 3
    endloop
  endfacet
  facet normal 0.0871559 -0.996195 0
    outer loop
      vertex 7.76557 9.32949 0
      vertex 8 9.35 3
      vertex 7.76557 9.32949 3
    endloop
  endfacet
  facet normal 0.0871559 -0.996195 0
    outer loop
      vertex 8 9.35 3
      vertex 7.76557 9.32949 0
      vertex 8 9.35 0
    endloop
  endfacet
  facet normal -0.42262 -0.906307 0
    outer loop
      vertex 8.46173 9.26858 0
      vertex 8.675 9.16913 3
      vertex 8.46173 9.26858 3
    endloop
  endfacet
  facet normal -0.42262 -0.906307 -0
    outer loop
      vertex 8.675 9.16913 3
      vertex 8.46173 9.26858 0
      vertex 8.675 9.16913 0
    endloop
  endfacet
  facet normal 0.996195 0.0871559 0
    outer loop
      vertex 6.67051 7.76557 3
      vertex 6.65 8 0
      vertex 6.65 8 3
    endloop
  endfacet
  facet normal 0.996195 0.0871559 0
    outer loop
      vertex 6.65 8 0
      vertex 6.67051 7.76557 3
      vertex 6.67051 7.76557 0
    endloop
  endfacet
  facet normal 0.906307 -0.42262 0
    outer loop
      vertex 6.73141 8.46173 3
      vertex 6.83086 8.675 0
      vertex 6.83086 8.675 3
    endloop
  endfacet
  facet normal 0.906307 -0.42262 0
    outer loop
      vertex 6.83086 8.675 0
      vertex 6.73141 8.46173 3
      vertex 6.73141 8.46173 0
    endloop
  endfacet
  facet normal 0.573571 -0.819156 0
    outer loop
      vertex 7.13224 9.03416 0
      vertex 7.325 9.16913 3
      vertex 7.13224 9.03416 3
    endloop
  endfacet
  facet normal 0.573571 -0.819156 0
    outer loop
      vertex 7.325 9.16913 3
      vertex 7.13224 9.03416 0
      vertex 7.325 9.16913 0
    endloop
  endfacet
  facet normal 0.258839 -0.96592 0
    outer loop
      vertex 7.53827 9.26858 0
      vertex 7.76557 9.32949 3
      vertex 7.53827 9.26858 3
    endloop
  endfacet
  facet normal 0.258839 -0.96592 0
    outer loop
      vertex 7.76557 9.32949 3
      vertex 7.53827 9.26858 0
      vertex 7.76557 9.32949 0
    endloop
  endfacet
  facet normal -0.996194 -0.0871596 0
    outer loop
      vertex 9.35 8 0
      vertex 9.32949 8.23442 3
      vertex 9.32949 8.23442 0
    endloop
  endfacet
  facet normal -0.996194 -0.0871596 0
    outer loop
      vertex 9.32949 8.23442 3
      vertex 9.35 8 0
      vertex 9.35 8 3
    endloop
  endfacet
  facet normal -0.573599 0.819136 0
    outer loop
      vertex 8.86776 6.96584 0
      vertex 8.675 6.83086 3
      vertex 8.86776 6.96584 3
    endloop
  endfacet
  facet normal -0.573599 0.819136 0
    outer loop
      vertex 8.675 6.83086 3
      vertex 8.86776 6.96584 0
      vertex 8.675 6.83086 0
    endloop
  endfacet
  facet normal -0.573571 -0.819156 0
    outer loop
      vertex 8.675 9.16913 0
      vertex 8.86776 9.03416 3
      vertex 8.675 9.16913 3
    endloop
  endfacet
  facet normal -0.573571 -0.819156 -0
    outer loop
      vertex 8.86776 9.03416 3
      vertex 8.675 9.16913 0
      vertex 8.86776 9.03416 0
    endloop
  endfacet
  facet normal -0.707107 -0.707107 0
    outer loop
      vertex 9.03416 8.86776 0
      vertex 8.86776 9.03416 3
      vertex 8.86776 9.03416 0
    endloop
  endfacet
  facet normal -0.707107 -0.707107 0
    outer loop
      vertex 8.86776 9.03416 3
      vertex 9.03416 8.86776 0
      vertex 9.03416 8.86776 3
    endloop
  endfacet
  facet normal -0.0871596 -0.996194 0
    outer loop
      vertex 8 9.35 0
      vertex 8.23442 9.32949 3
      vertex 8 9.35 3
    endloop
  endfacet
  facet normal -0.0871596 -0.996194 -0
    outer loop
      vertex 8.23442 9.32949 3
      vertex 8 9.35 0
      vertex 8.23442 9.32949 0
    endloop
  endfacet
  facet normal 0.707107 -0.707107 0
    outer loop
      vertex 6.96584 8.86776 3
      vertex 7.13224 9.03416 0
      vertex 7.13224 9.03416 3
    endloop
  endfacet
  facet normal 0.707107 -0.707107 0
    outer loop
      vertex 7.13224 9.03416 0
      vertex 6.96584 8.86776 3
      vertex 6.96584 8.86776 0
    endloop
  endfacet
  facet normal 0.819136 -0.573599 0
    outer loop
      vertex 6.83086 8.675 3
      vertex 6.96584 8.86776 0
      vertex 6.96584 8.86776 3
    endloop
  endfacet
  facet normal 0.819136 -0.573599 0
    outer loop
      vertex 6.96584 8.86776 0
      vertex 6.83086 8.675 3
      vertex 6.83086 8.675 0
    endloop
  endfacet
  facet normal -0.906307 0.42262 0
    outer loop
      vertex 9.16913 7.325 0
      vertex 9.26858 7.53827 3
      vertex 9.26858 7.53827 0
    endloop
  endfacet
  facet normal -0.906307 0.42262 0
    outer loop
      vertex 9.26858 7.53827 3
      vertex 9.16913 7.325 0
      vertex 9.16913 7.325 3
    endloop
  endfacet
  facet normal 0.0871559 0.996195 -0
    outer loop
      vertex 8 6.65 0
      vertex 7.76557 6.67051 3
      vertex 8 6.65 3
    endloop
  endfacet
  facet normal 0.0871559 0.996195 0
    outer loop
      vertex 7.76557 6.67051 3
      vertex 8 6.65 0
      vertex 7.76557 6.67051 0
    endloop
  endfacet
  facet normal 0.965931 0.2588 0
    outer loop
      vertex 6.73141 7.53827 3
      vertex 6.67051 7.76557 0
      vertex 6.67051 7.76557 3
    endloop
  endfacet
  facet normal 0.965931 0.2588 0
    outer loop
      vertex 6.67051 7.76557 0
      vertex 6.73141 7.53827 3
      vertex 6.73141 7.53827 0
    endloop
  endfacet
  facet normal 0.819136 0.573599 0
    outer loop
      vertex 6.96584 7.13224 3
      vertex 6.83086 7.325 0
      vertex 6.83086 7.325 3
    endloop
  endfacet
  facet normal 0.819136 0.573599 0
    outer loop
      vertex 6.83086 7.325 0
      vertex 6.96584 7.13224 3
      vertex 6.96584 7.13224 0
    endloop
  endfacet
  facet normal -0.258789 0.965934 0
    outer loop
      vertex 8.46173 6.73141 0
      vertex 8.23442 6.67051 3
      vertex 8.46173 6.73141 3
    endloop
  endfacet
  facet normal -0.258789 0.965934 0
    outer loop
      vertex 8.23442 6.67051 3
      vertex 8.46173 6.73141 0
      vertex 8.23442 6.67051 0
    endloop
  endfacet
  facet normal -0.42262 0.906307 0
    outer loop
      vertex 8.675 6.83086 0
      vertex 8.46173 6.73141 3
      vertex 8.675 6.83086 3
    endloop
  endfacet
  facet normal -0.42262 0.906307 0
    outer loop
      vertex 8.46173 6.73141 3
      vertex 8.675 6.83086 0
      vertex 8.46173 6.73141 0
    endloop
  endfacet
  facet normal -0.707107 0.707107 0
    outer loop
      vertex 8.86776 6.96584 0
      vertex 9.03416 7.13224 3
      vertex 9.03416 7.13224 0
    endloop
  endfacet
  facet normal -0.707107 0.707107 0
    outer loop
      vertex 9.03416 7.13224 3
      vertex 8.86776 6.96584 0
      vertex 8.86776 6.96584 3
    endloop
  endfacet
  facet normal -0.96592 0.258839 0
    outer loop
      vertex 9.26858 7.53827 0
      vertex 9.32949 7.76557 3
      vertex 9.32949 7.76557 0
    endloop
  endfacet
  facet normal -0.96592 0.258839 0
    outer loop
      vertex 9.32949 7.76557 3
      vertex 9.26858 7.53827 0
      vertex 9.26858 7.53827 3
    endloop
  endfacet
  facet normal -0.0871596 0.996194 0
    outer loop
      vertex 8.23442 6.67051 0
      vertex 8 6.65 3
      vertex 8.23442 6.67051 3
    endloop
  endfacet
  facet normal -0.0871596 0.996194 0
    outer loop
      vertex 8 6.65 3
      vertex 8.23442 6.67051 0
      vertex 8 6.65 0
    endloop
  endfacet
  facet normal 0.42262 0.906307 -0
    outer loop
      vertex 7.53827 6.73141 0
      vertex 7.325 6.83086 3
      vertex 7.53827 6.73141 3
    endloop
  endfacet
  facet normal 0.42262 0.906307 0
    outer loop
      vertex 7.325 6.83086 3
      vertex 7.53827 6.73141 0
      vertex 7.325 6.83086 0
    endloop
  endfacet
  facet normal 0.2588 0.965931 -0
    outer loop
      vertex 7.76557 6.67051 0
      vertex 7.53827 6.73141 3
      vertex 7.76557 6.67051 3
    endloop
  endfacet
  facet normal 0.2588 0.965931 0
    outer loop
      vertex 7.53827 6.73141 3
      vertex 7.76557 6.67051 0
      vertex 7.53827 6.73141 0
    endloop
  endfacet
  facet normal 0.906307 0.42262 0
    outer loop
      vertex 6.83086 7.325 3
      vertex 6.73141 7.53827 0
      vertex 6.73141 7.53827 3
    endloop
  endfacet
  facet normal 0.906307 0.42262 0
    outer loop
      vertex 6.73141 7.53827 0
      vertex 6.83086 7.325 3
      vertex 6.83086 7.325 0
    endloop
  endfacet
  facet normal -0.819156 0.573571 0
    outer loop
      vertex 9.03416 7.13224 0
      vertex 9.16913 7.325 3
      vertex 9.16913 7.325 0
    endloop
  endfacet
  facet normal -0.819156 0.573571 0
    outer loop
      vertex 9.16913 7.325 3
      vertex 9.03416 7.13224 0
      vertex 9.03416 7.13224 3
    endloop
  endfacet
  facet normal 0.707107 0.707107 0
    outer loop
      vertex 7.13224 6.96584 3
      vertex 6.96584 7.13224 0
      vertex 6.96584 7.13224 3
    endloop
  endfacet
  facet normal 0.707107 0.707107 0
    outer loop
      vertex 6.96584 7.13224 0
      vertex 7.13224 6.96584 3
      vertex 7.13224 6.96584 0
    endloop
  endfacet
  facet normal 0.573599 0.819136 -0
    outer loop
      vertex 7.325 6.83086 0
      vertex 7.13224 6.96584 3
      vertex 7.325 6.83086 3
    endloop
  endfacet
  facet normal 0.573599 0.819136 0
    outer loop
      vertex 7.13224 6.96584 3
      vertex 7.325 6.83086 0
      vertex 7.13224 6.96584 0
    endloop
  endfacet
  facet normal -0.996194 -0.087167 0
    outer loop
      vertex 9.35 34 0
      vertex 9.32949 34.2344 3
      vertex 9.32949 34.2344 0
    endloop
  endfacet
  facet normal -0.996194 -0.087167 0
    outer loop
      vertex 9.32949 34.2344 3
      vertex 9.35 34 0
      vertex 9.35 34 3
    endloop
  endfacet
  facet normal 0.0871137 -0.996198 0
    outer loop
      vertex 7.76557 35.3295 0
      vertex 8 35.35 3
      vertex 7.76557 35.3295 3
    endloop
  endfacet
  facet normal 0.0871137 -0.996198 0
    outer loop
      vertex 8 35.35 3
      vertex 7.76557 35.3295 0
      vertex 8 35.35 0
    endloop
  endfacet
  facet normal -0.0871174 0.996198 0
    outer loop
      vertex 8.23442 32.6705 0
      vertex 8 32.65 3
      vertex 8.23442 32.6705 3
    endloop
  endfacet
  facet normal -0.0871174 0.996198 0
    outer loop
      vertex 8 32.65 3
      vertex 8.23442 32.6705 0
      vertex 8 32.65 0
    endloop
  endfacet
  facet normal -0.819212 0.573491 0
    outer loop
      vertex 9.03416 33.1322 0
      vertex 9.16913 33.325 3
      vertex 9.16913 33.325 0
    endloop
  endfacet
  facet normal -0.819212 0.573491 0
    outer loop
      vertex 9.16913 33.325 3
      vertex 9.03416 33.1322 0
      vertex 9.03416 33.1322 3
    endloop
  endfacet
  facet normal -0.573371 -0.819296 0
    outer loop
      vertex 8.675 35.1691 0
      vertex 8.86776 35.0342 3
      vertex 8.675 35.1691 3
    endloop
  endfacet
  facet normal -0.573371 -0.819296 -0
    outer loop
      vertex 8.86776 35.0342 3
      vertex 8.675 35.1691 0
      vertex 8.86776 35.0342 0
    endloop
  endfacet
  facet normal 0.819192 -0.573519 0
    outer loop
      vertex 6.83086 34.675 3
      vertex 6.96584 34.8678 0
      vertex 6.96584 34.8678 3
    endloop
  endfacet
  facet normal 0.819192 -0.573519 0
    outer loop
      vertex 6.96584 34.8678 0
      vertex 6.83086 34.675 3
      vertex 6.83086 34.675 0
    endloop
  endfacet
  facet normal 0.422795 -0.906225 0
    outer loop
      vertex 7.325 35.1691 0
      vertex 7.53827 35.2686 3
      vertex 7.325 35.1691 3
    endloop
  endfacet
  facet normal 0.422795 -0.906225 0
    outer loop
      vertex 7.53827 35.2686 3
      vertex 7.325 35.1691 0
      vertex 7.53827 35.2686 0
    endloop
  endfacet
  facet normal -0.90633 -0.422571 0
    outer loop
      vertex 9.26858 34.4617 0
      vertex 9.16913 34.675 3
      vertex 9.16913 34.675 0
    endloop
  endfacet
  facet normal -0.90633 -0.422571 0
    outer loop
      vertex 9.16913 34.675 3
      vertex 9.26858 34.4617 0
      vertex 9.26858 34.4617 3
    endloop
  endfacet
  facet normal -0.96592 -0.258839 0
    outer loop
      vertex 9.32949 34.2344 0
      vertex 9.26858 34.4617 3
      vertex 9.26858 34.4617 0
    endloop
  endfacet
  facet normal -0.96592 -0.258839 0
    outer loop
      vertex 9.26858 34.4617 3
      vertex 9.32949 34.2344 0
      vertex 9.32949 34.2344 3
    endloop
  endfacet
  facet normal -0.819212 -0.573491 0
    outer loop
      vertex 9.16913 34.675 0
      vertex 9.03416 34.8678 3
      vertex 9.03416 34.8678 0
    endloop
  endfacet
  facet normal -0.819212 -0.573491 0
    outer loop
      vertex 9.03416 34.8678 3
      vertex 9.16913 34.675 0
      vertex 9.16913 34.675 3
    endloop
  endfacet
  facet normal -0.258789 -0.965934 0
    outer loop
      vertex 8.23442 35.3295 0
      vertex 8.46173 35.2686 3
      vertex 8.23442 35.3295 3
    endloop
  endfacet
  facet normal -0.258789 -0.965934 -0
    outer loop
      vertex 8.46173 35.2686 3
      vertex 8.23442 35.3295 0
      vertex 8.46173 35.2686 0
    endloop
  endfacet
  facet normal -0.0871174 -0.996198 0
    outer loop
      vertex 8 35.35 0
      vertex 8.23442 35.3295 3
      vertex 8 35.35 3
    endloop
  endfacet
  facet normal -0.0871174 -0.996198 -0
    outer loop
      vertex 8.23442 35.3295 3
      vertex 8 35.35 0
      vertex 8.23442 35.3295 0
    endloop
  endfacet
  facet normal -0.422795 -0.906225 0
    outer loop
      vertex 8.46173 35.2686 0
      vertex 8.675 35.1691 3
      vertex 8.46173 35.2686 3
    endloop
  endfacet
  facet normal -0.422795 -0.906225 -0
    outer loop
      vertex 8.675 35.1691 3
      vertex 8.46173 35.2686 0
      vertex 8.675 35.1691 0
    endloop
  endfacet
  facet normal 0.965931 -0.2588 0
    outer loop
      vertex 6.67051 34.2344 3
      vertex 6.73141 34.4617 0
      vertex 6.73141 34.4617 3
    endloop
  endfacet
  facet normal 0.965931 -0.2588 0
    outer loop
      vertex 6.73141 34.4617 0
      vertex 6.67051 34.2344 3
      vertex 6.67051 34.2344 0
    endloop
  endfacet
  facet normal 0.90633 -0.422571 0
    outer loop
      vertex 6.73141 34.4617 3
      vertex 6.83086 34.675 0
      vertex 6.83086 34.675 3
    endloop
  endfacet
  facet normal 0.90633 -0.422571 0
    outer loop
      vertex 6.83086 34.675 0
      vertex 6.73141 34.4617 3
      vertex 6.73141 34.4617 0
    endloop
  endfacet
  facet normal 0.996194 -0.087167 0
    outer loop
      vertex 6.65 34 3
      vertex 6.67051 34.2344 0
      vertex 6.67051 34.2344 3
    endloop
  endfacet
  facet normal 0.996194 -0.087167 0
    outer loop
      vertex 6.67051 34.2344 0
      vertex 6.65 34 3
      vertex 6.65 34 0
    endloop
  endfacet
  facet normal 0.573371 -0.819296 0
    outer loop
      vertex 7.13224 35.0342 0
      vertex 7.325 35.1691 3
      vertex 7.13224 35.0342 3
    endloop
  endfacet
  facet normal 0.573371 -0.819296 0
    outer loop
      vertex 7.325 35.1691 3
      vertex 7.13224 35.0342 0
      vertex 7.325 35.1691 0
    endloop
  endfacet
  facet normal 0.2588 -0.965931 0
    outer loop
      vertex 7.53827 35.2686 0
      vertex 7.76557 35.3295 3
      vertex 7.53827 35.2686 3
    endloop
  endfacet
  facet normal 0.2588 -0.965931 0
    outer loop
      vertex 7.76557 35.3295 3
      vertex 7.53827 35.2686 0
      vertex 7.76557 35.3295 0
    endloop
  endfacet
  facet normal -0.996194 0.087167 0
    outer loop
      vertex 9.32949 33.7656 0
      vertex 9.35 34 3
      vertex 9.35 34 0
    endloop
  endfacet
  facet normal -0.996194 0.087167 0
    outer loop
      vertex 9.35 34 3
      vertex 9.32949 33.7656 0
      vertex 9.32949 33.7656 3
    endloop
  endfacet
  facet normal -0.258789 0.965934 0
    outer loop
      vertex 8.46173 32.7314 0
      vertex 8.23442 32.6705 3
      vertex 8.46173 32.7314 3
    endloop
  endfacet
  facet normal -0.258789 0.965934 0
    outer loop
      vertex 8.23442 32.6705 3
      vertex 8.46173 32.7314 0
      vertex 8.23442 32.6705 0
    endloop
  endfacet
  facet normal -0.707107 -0.707107 0
    outer loop
      vertex 9.03416 34.8678 0
      vertex 8.86776 35.0342 3
      vertex 8.86776 35.0342 0
    endloop
  endfacet
  facet normal -0.707107 -0.707107 0
    outer loop
      vertex 8.86776 35.0342 3
      vertex 9.03416 34.8678 0
      vertex 9.03416 34.8678 3
    endloop
  endfacet
  facet normal 0.996194 0.087167 0
    outer loop
      vertex 6.67051 33.7656 3
      vertex 6.65 34 0
      vertex 6.65 34 3
    endloop
  endfacet
  facet normal 0.996194 0.087167 0
    outer loop
      vertex 6.65 34 0
      vertex 6.67051 33.7656 3
      vertex 6.67051 33.7656 0
    endloop
  endfacet
  facet normal -0.90633 0.422571 0
    outer loop
      vertex 9.16913 33.325 0
      vertex 9.26858 33.5383 3
      vertex 9.26858 33.5383 0
    endloop
  endfacet
  facet normal -0.90633 0.422571 0
    outer loop
      vertex 9.26858 33.5383 3
      vertex 9.16913 33.325 0
      vertex 9.16913 33.325 3
    endloop
  endfacet
  facet normal 0.2588 0.965931 -0
    outer loop
      vertex 7.76557 32.6705 0
      vertex 7.53827 32.7314 3
      vertex 7.76557 32.6705 3
    endloop
  endfacet
  facet normal 0.2588 0.965931 0
    outer loop
      vertex 7.53827 32.7314 3
      vertex 7.76557 32.6705 0
      vertex 7.53827 32.7314 0
    endloop
  endfacet
  facet normal -0.573371 0.819296 0
    outer loop
      vertex 8.86776 32.9658 0
      vertex 8.675 32.8309 3
      vertex 8.86776 32.9658 3
    endloop
  endfacet
  facet normal -0.573371 0.819296 0
    outer loop
      vertex 8.675 32.8309 3
      vertex 8.86776 32.9658 0
      vertex 8.675 32.8309 0
    endloop
  endfacet
  facet normal -0.422795 0.906225 0
    outer loop
      vertex 8.675 32.8309 0
      vertex 8.46173 32.7314 3
      vertex 8.675 32.8309 3
    endloop
  endfacet
  facet normal -0.422795 0.906225 0
    outer loop
      vertex 8.46173 32.7314 3
      vertex 8.675 32.8309 0
      vertex 8.46173 32.7314 0
    endloop
  endfacet
  facet normal 0.707107 -0.707107 0
    outer loop
      vertex 6.96584 34.8678 3
      vertex 7.13224 35.0342 0
      vertex 7.13224 35.0342 3
    endloop
  endfacet
  facet normal 0.707107 -0.707107 0
    outer loop
      vertex 7.13224 35.0342 0
      vertex 6.96584 34.8678 3
      vertex 6.96584 34.8678 0
    endloop
  endfacet
  facet normal -0.96592 0.258839 0
    outer loop
      vertex 9.26858 33.5383 0
      vertex 9.32949 33.7656 3
      vertex 9.32949 33.7656 0
    endloop
  endfacet
  facet normal -0.96592 0.258839 0
    outer loop
      vertex 9.32949 33.7656 3
      vertex 9.26858 33.5383 0
      vertex 9.26858 33.5383 3
    endloop
  endfacet
  facet normal 0.0871137 0.996198 -0
    outer loop
      vertex 8 32.65 0
      vertex 7.76557 32.6705 3
      vertex 8 32.65 3
    endloop
  endfacet
  facet normal 0.0871137 0.996198 0
    outer loop
      vertex 7.76557 32.6705 3
      vertex 8 32.65 0
      vertex 7.76557 32.6705 0
    endloop
  endfacet
  facet normal 0.422795 0.906225 -0
    outer loop
      vertex 7.53827 32.7314 0
      vertex 7.325 32.8309 3
      vertex 7.53827 32.7314 3
    endloop
  endfacet
  facet normal 0.422795 0.906225 0
    outer loop
      vertex 7.325 32.8309 3
      vertex 7.53827 32.7314 0
      vertex 7.325 32.8309 0
    endloop
  endfacet
  facet normal 0.707107 0.707107 0
    outer loop
      vertex 7.13224 32.9658 3
      vertex 6.96584 33.1322 0
      vertex 6.96584 33.1322 3
    endloop
  endfacet
  facet normal 0.707107 0.707107 0
    outer loop
      vertex 6.96584 33.1322 0
      vertex 7.13224 32.9658 3
      vertex 7.13224 32.9658 0
    endloop
  endfacet
  facet normal 0.819192 0.573519 0
    outer loop
      vertex 6.96584 33.1322 3
      vertex 6.83086 33.325 0
      vertex 6.83086 33.325 3
    endloop
  endfacet
  facet normal 0.819192 0.573519 0
    outer loop
      vertex 6.83086 33.325 0
      vertex 6.96584 33.1322 3
      vertex 6.96584 33.1322 0
    endloop
  endfacet
  facet normal 0.90633 0.422571 0
    outer loop
      vertex 6.83086 33.325 3
      vertex 6.73141 33.5383 0
      vertex 6.73141 33.5383 3
    endloop
  endfacet
  facet normal 0.90633 0.422571 0
    outer loop
      vertex 6.73141 33.5383 0
      vertex 6.83086 33.325 3
      vertex 6.83086 33.325 0
    endloop
  endfacet
  facet normal 0.965931 0.2588 0
    outer loop
      vertex 6.73141 33.5383 3
      vertex 6.67051 33.7656 0
      vertex 6.67051 33.7656 3
    endloop
  endfacet
  facet normal 0.965931 0.2588 0
    outer loop
      vertex 6.67051 33.7656 0
      vertex 6.73141 33.5383 3
      vertex 6.73141 33.5383 0
    endloop
  endfacet
  facet normal -0.707107 0.707107 0
    outer loop
      vertex 8.86776 32.9658 0
      vertex 9.03416 33.1322 3
      vertex 9.03416 33.1322 0
    endloop
  endfacet
  facet normal -0.707107 0.707107 0
    outer loop
      vertex 9.03416 33.1322 3
      vertex 8.86776 32.9658 0
      vertex 8.86776 32.9658 3
    endloop
  endfacet
  facet normal 0.573371 0.819296 -0
    outer loop
      vertex 7.325 32.8309 0
      vertex 7.13224 32.9658 3
      vertex 7.325 32.8309 3
    endloop
  endfacet
  facet normal 0.573371 0.819296 0
    outer loop
      vertex 7.13224 32.9658 3
      vertex 7.325 32.8309 0
      vertex 7.13224 32.9658 0
    endloop
  endfacet
  facet normal -0.996198 -0.0871174 0
    outer loop
      vertex 98.35 8 0
      vertex 98.3295 8.23442 3
      vertex 98.3295 8.23442 0
    endloop
  endfacet
  facet normal -0.996198 -0.0871174 0
    outer loop
      vertex 98.3295 8.23442 3
      vertex 98.35 8 0
      vertex 98.35 8 3
    endloop
  endfacet
  facet normal 0.087167 -0.996194 0
    outer loop
      vertex 96.7656 9.32949 0
      vertex 97 9.35 3
      vertex 96.7656 9.32949 3
    endloop
  endfacet
  facet normal 0.087167 -0.996194 0
    outer loop
      vertex 97 9.35 3
      vertex 96.7656 9.32949 0
      vertex 97 9.35 0
    endloop
  endfacet
  facet normal -0.573491 -0.819212 0
    outer loop
      vertex 97.675 9.16913 0
      vertex 97.8678 9.03416 3
      vertex 97.675 9.16913 3
    endloop
  endfacet
  facet normal -0.573491 -0.819212 -0
    outer loop
      vertex 97.8678 9.03416 3
      vertex 97.675 9.16913 0
      vertex 97.8678 9.03416 0
    endloop
  endfacet
  facet normal 0.819296 -0.573371 0
    outer loop
      vertex 95.8309 8.675 3
      vertex 95.9658 8.86776 0
      vertex 95.9658 8.86776 3
    endloop
  endfacet
  facet normal 0.819296 -0.573371 0
    outer loop
      vertex 95.9658 8.86776 0
      vertex 95.8309 8.675 3
      vertex 95.8309 8.675 0
    endloop
  endfacet
  facet normal 0.422571 -0.90633 0
    outer loop
      vertex 96.325 9.16913 0
      vertex 96.5383 9.26858 3
      vertex 96.325 9.16913 3
    endloop
  endfacet
  facet normal 0.422571 -0.90633 0
    outer loop
      vertex 96.5383 9.26858 3
      vertex 96.325 9.16913 0
      vertex 96.5383 9.26858 0
    endloop
  endfacet
  facet normal -0.906225 -0.422795 0
    outer loop
      vertex 98.2686 8.46173 0
      vertex 98.1691 8.675 3
      vertex 98.1691 8.675 0
    endloop
  endfacet
  facet normal -0.906225 -0.422795 0
    outer loop
      vertex 98.1691 8.675 3
      vertex 98.2686 8.46173 0
      vertex 98.2686 8.46173 3
    endloop
  endfacet
  facet normal -0.965934 -0.258789 0
    outer loop
      vertex 98.3295 8.23442 0
      vertex 98.2686 8.46173 3
      vertex 98.2686 8.46173 0
    endloop
  endfacet
  facet normal -0.965934 -0.258789 0
    outer loop
      vertex 98.2686 8.46173 3
      vertex 98.3295 8.23442 0
      vertex 98.3295 8.23442 3
    endloop
  endfacet
  facet normal -0.819296 -0.573371 0
    outer loop
      vertex 98.1691 8.675 0
      vertex 98.0342 8.86776 3
      vertex 98.0342 8.86776 0
    endloop
  endfacet
  facet normal -0.819296 -0.573371 0
    outer loop
      vertex 98.0342 8.86776 3
      vertex 98.1691 8.675 0
      vertex 98.1691 8.675 3
    endloop
  endfacet
  facet normal -0.258839 -0.96592 0
    outer loop
      vertex 97.2344 9.32949 0
      vertex 97.4617 9.26858 3
      vertex 97.2344 9.32949 3
    endloop
  endfacet
  facet normal -0.258839 -0.96592 -0
    outer loop
      vertex 97.4617 9.26858 3
      vertex 97.2344 9.32949 0
      vertex 97.4617 9.26858 0
    endloop
  endfacet
  facet normal -0.087167 -0.996194 0
    outer loop
      vertex 97 9.35 0
      vertex 97.2344 9.32949 3
      vertex 97 9.35 3
    endloop
  endfacet
  facet normal -0.087167 -0.996194 -0
    outer loop
      vertex 97.2344 9.32949 3
      vertex 97 9.35 0
      vertex 97.2344 9.32949 0
    endloop
  endfacet
  facet normal -0.422571 -0.90633 0
    outer loop
      vertex 97.4617 9.26858 0
      vertex 97.675 9.16913 3
      vertex 97.4617 9.26858 3
    endloop
  endfacet
  facet normal -0.422571 -0.90633 -0
    outer loop
      vertex 97.675 9.16913 3
      vertex 97.4617 9.26858 0
      vertex 97.675 9.16913 0
    endloop
  endfacet
  facet normal 0.965934 -0.258789 0
    outer loop
      vertex 95.6705 8.23442 3
      vertex 95.7314 8.46173 0
      vertex 95.7314 8.46173 3
    endloop
  endfacet
  facet normal 0.965934 -0.258789 0
    outer loop
      vertex 95.7314 8.46173 0
      vertex 95.6705 8.23442 3
      vertex 95.6705 8.23442 0
    endloop
  endfacet
  facet normal 0.906225 -0.422795 0
    outer loop
      vertex 95.7314 8.46173 3
      vertex 95.8309 8.675 0
      vertex 95.8309 8.675 3
    endloop
  endfacet
  facet normal 0.906225 -0.422795 0
    outer loop
      vertex 95.8309 8.675 0
      vertex 95.7314 8.46173 3
      vertex 95.7314 8.46173 0
    endloop
  endfacet
  facet normal 0.996198 -0.0871174 0
    outer loop
      vertex 95.65 8 3
      vertex 95.6705 8.23442 0
      vertex 95.6705 8.23442 3
    endloop
  endfacet
  facet normal 0.996198 -0.0871174 0
    outer loop
      vertex 95.6705 8.23442 0
      vertex 95.65 8 3
      vertex 95.65 8 0
    endloop
  endfacet
  facet normal 0.573491 -0.819212 0
    outer loop
      vertex 96.1322 9.03416 0
      vertex 96.325 9.16913 3
      vertex 96.1322 9.03416 3
    endloop
  endfacet
  facet normal 0.573491 -0.819212 0
    outer loop
      vertex 96.325 9.16913 3
      vertex 96.1322 9.03416 0
      vertex 96.325 9.16913 0
    endloop
  endfacet
  facet normal 0.258839 -0.96592 0
    outer loop
      vertex 96.5383 9.26858 0
      vertex 96.7656 9.32949 3
      vertex 96.5383 9.26858 3
    endloop
  endfacet
  facet normal 0.258839 -0.96592 0
    outer loop
      vertex 96.7656 9.32949 3
      vertex 96.5383 9.26858 0
      vertex 96.7656 9.32949 0
    endloop
  endfacet
  facet normal -0.996198 0.0871137 0
    outer loop
      vertex 98.3295 7.76557 0
      vertex 98.35 8 3
      vertex 98.35 8 0
    endloop
  endfacet
  facet normal -0.996198 0.0871137 0
    outer loop
      vertex 98.35 8 3
      vertex 98.3295 7.76557 0
      vertex 98.3295 7.76557 3
    endloop
  endfacet
  facet normal -0.906225 0.422795 0
    outer loop
      vertex 98.1691 7.325 0
      vertex 98.2686 7.53827 3
      vertex 98.2686 7.53827 0
    endloop
  endfacet
  facet normal -0.906225 0.422795 0
    outer loop
      vertex 98.2686 7.53827 3
      vertex 98.1691 7.325 0
      vertex 98.1691 7.325 3
    endloop
  endfacet
  facet normal 0.087167 0.996194 -0
    outer loop
      vertex 97 6.65 0
      vertex 96.7656 6.67051 3
      vertex 97 6.65 3
    endloop
  endfacet
  facet normal 0.087167 0.996194 0
    outer loop
      vertex 96.7656 6.67051 3
      vertex 97 6.65 0
      vertex 96.7656 6.67051 0
    endloop
  endfacet
  facet normal -0.2588 0.965931 0
    outer loop
      vertex 97.4617 6.73141 0
      vertex 97.2344 6.67051 3
      vertex 97.4617 6.73141 3
    endloop
  endfacet
  facet normal -0.2588 0.965931 0
    outer loop
      vertex 97.2344 6.67051 3
      vertex 97.4617 6.73141 0
      vertex 97.2344 6.67051 0
    endloop
  endfacet
  facet normal -0.707107 -0.707107 0
    outer loop
      vertex 98.0342 8.86776 0
      vertex 97.8678 9.03416 3
      vertex 97.8678 9.03416 0
    endloop
  endfacet
  facet normal -0.707107 -0.707107 0
    outer loop
      vertex 97.8678 9.03416 3
      vertex 98.0342 8.86776 0
      vertex 98.0342 8.86776 3
    endloop
  endfacet
  facet normal 0.996198 0.0871137 0
    outer loop
      vertex 95.6705 7.76557 3
      vertex 95.65 8 0
      vertex 95.65 8 3
    endloop
  endfacet
  facet normal 0.996198 0.0871137 0
    outer loop
      vertex 95.65 8 0
      vertex 95.6705 7.76557 3
      vertex 95.6705 7.76557 0
    endloop
  endfacet
  facet normal 0.707107 -0.707107 0
    outer loop
      vertex 95.9658 8.86776 3
      vertex 96.1322 9.03416 0
      vertex 96.1322 9.03416 3
    endloop
  endfacet
  facet normal 0.707107 -0.707107 0
    outer loop
      vertex 96.1322 9.03416 0
      vertex 95.9658 8.86776 3
      vertex 95.9658 8.86776 0
    endloop
  endfacet
  facet normal -0.573519 0.819192 0
    outer loop
      vertex 97.8678 6.96584 0
      vertex 97.675 6.83086 3
      vertex 97.8678 6.96584 3
    endloop
  endfacet
  facet normal -0.573519 0.819192 0
    outer loop
      vertex 97.675 6.83086 3
      vertex 97.8678 6.96584 0
      vertex 97.675 6.83086 0
    endloop
  endfacet
  facet normal 0.2588 0.965931 -0
    outer loop
      vertex 96.7656 6.67051 0
      vertex 96.5383 6.73141 3
      vertex 96.7656 6.67051 3
    endloop
  endfacet
  facet normal 0.2588 0.965931 0
    outer loop
      vertex 96.5383 6.73141 3
      vertex 96.7656 6.67051 0
      vertex 96.5383 6.73141 0
    endloop
  endfacet
  facet normal 0.965931 0.2588 0
    outer loop
      vertex 95.7314 7.53827 3
      vertex 95.6705 7.76557 0
      vertex 95.6705 7.76557 3
    endloop
  endfacet
  facet normal 0.965931 0.2588 0
    outer loop
      vertex 95.6705 7.76557 0
      vertex 95.7314 7.53827 3
      vertex 95.7314 7.53827 0
    endloop
  endfacet
  facet normal 0.906225 0.422795 0
    outer loop
      vertex 95.8309 7.325 3
      vertex 95.7314 7.53827 0
      vertex 95.7314 7.53827 3
    endloop
  endfacet
  facet normal 0.906225 0.422795 0
    outer loop
      vertex 95.7314 7.53827 0
      vertex 95.8309 7.325 3
      vertex 95.8309 7.325 0
    endloop
  endfacet
  facet normal -0.422571 0.90633 0
    outer loop
      vertex 97.675 6.83086 0
      vertex 97.4617 6.73141 3
      vertex 97.675 6.83086 3
    endloop
  endfacet
  facet normal -0.422571 0.90633 0
    outer loop
      vertex 97.4617 6.73141 3
      vertex 97.675 6.83086 0
      vertex 97.4617 6.73141 0
    endloop
  endfacet
  facet normal -0.965931 0.2588 0
    outer loop
      vertex 98.2686 7.53827 0
      vertex 98.3295 7.76557 3
      vertex 98.3295 7.76557 0
    endloop
  endfacet
  facet normal -0.965931 0.2588 0
    outer loop
      vertex 98.3295 7.76557 3
      vertex 98.2686 7.53827 0
      vertex 98.2686 7.53827 3
    endloop
  endfacet
  facet normal -0.087167 0.996194 0
    outer loop
      vertex 97.2344 6.67051 0
      vertex 97 6.65 3
      vertex 97.2344 6.67051 3
    endloop
  endfacet
  facet normal -0.087167 0.996194 0
    outer loop
      vertex 97 6.65 3
      vertex 97.2344 6.67051 0
      vertex 97 6.65 0
    endloop
  endfacet
  facet normal 0.422571 0.90633 -0
    outer loop
      vertex 96.5383 6.73141 0
      vertex 96.325 6.83086 3
      vertex 96.5383 6.73141 3
    endloop
  endfacet
  facet normal 0.422571 0.90633 0
    outer loop
      vertex 96.325 6.83086 3
      vertex 96.5383 6.73141 0
      vertex 96.325 6.83086 0
    endloop
  endfacet
  facet normal 0.707107 0.707107 0
    outer loop
      vertex 96.1322 6.96584 3
      vertex 95.9658 7.13224 0
      vertex 95.9658 7.13224 3
    endloop
  endfacet
  facet normal 0.707107 0.707107 0
    outer loop
      vertex 95.9658 7.13224 0
      vertex 96.1322 6.96584 3
      vertex 96.1322 6.96584 0
    endloop
  endfacet
  facet normal 0.819296 0.573371 0
    outer loop
      vertex 95.9658 7.13224 3
      vertex 95.8309 7.325 0
      vertex 95.8309 7.325 3
    endloop
  endfacet
  facet normal 0.819296 0.573371 0
    outer loop
      vertex 95.8309 7.325 0
      vertex 95.9658 7.13224 3
      vertex 95.9658 7.13224 0
    endloop
  endfacet
  facet normal -0.707107 0.707107 0
    outer loop
      vertex 97.8678 6.96584 0
      vertex 98.0342 7.13224 3
      vertex 98.0342 7.13224 0
    endloop
  endfacet
  facet normal -0.707107 0.707107 0
    outer loop
      vertex 98.0342 7.13224 3
      vertex 97.8678 6.96584 0
      vertex 97.8678 6.96584 3
    endloop
  endfacet
  facet normal -0.819296 0.573371 0
    outer loop
      vertex 98.0342 7.13224 0
      vertex 98.1691 7.325 3
      vertex 98.1691 7.325 0
    endloop
  endfacet
  facet normal -0.819296 0.573371 0
    outer loop
      vertex 98.1691 7.325 3
      vertex 98.0342 7.13224 0
      vertex 98.0342 7.13224 3
    endloop
  endfacet
  facet normal 0.573519 0.819192 -0
    outer loop
      vertex 96.325 6.83086 0
      vertex 96.1322 6.96584 3
      vertex 96.325 6.83086 3
    endloop
  endfacet
  facet normal 0.573519 0.819192 0
    outer loop
      vertex 96.1322 6.96584 3
      vertex 96.325 6.83086 0
      vertex 96.1322 6.96584 0
    endloop
  endfacet
  facet normal -0.906248 -0.422746 0
    outer loop
      vertex 98.2686 34.4617 0
      vertex 98.1691 34.675 3
      vertex 98.1691 34.675 0
    endloop
  endfacet
  facet normal -0.906248 -0.422746 0
    outer loop
      vertex 98.1691 34.675 3
      vertex 98.2686 34.4617 0
      vertex 98.2686 34.4617 3
    endloop
  endfacet
  facet normal -0.819352 -0.573291 0
    outer loop
      vertex 98.1691 34.675 0
      vertex 98.0342 34.8678 3
      vertex 98.0342 34.8678 0
    endloop
  endfacet
  facet normal -0.819352 -0.573291 0
    outer loop
      vertex 98.0342 34.8678 3
      vertex 98.1691 34.675 0
      vertex 98.1691 34.675 3
    endloop
  endfacet
  facet normal -0.2588 -0.965931 0
    outer loop
      vertex 97.2344 35.3295 0
      vertex 97.4617 35.2686 3
      vertex 97.2344 35.3295 3
    endloop
  endfacet
  facet normal -0.2588 -0.965931 -0
    outer loop
      vertex 97.4617 35.2686 3
      vertex 97.2344 35.3295 0
      vertex 97.4617 35.2686 0
    endloop
  endfacet
  facet normal 0.422746 -0.906248 0
    outer loop
      vertex 96.325 35.1691 0
      vertex 96.5383 35.2686 3
      vertex 96.325 35.1691 3
    endloop
  endfacet
  facet normal 0.422746 -0.906248 0
    outer loop
      vertex 96.5383 35.2686 3
      vertex 96.325 35.1691 0
      vertex 96.5383 35.2686 0
    endloop
  endfacet
  facet normal 0.965931 -0.2588 0
    outer loop
      vertex 95.6705 34.2344 3
      vertex 95.7314 34.4617 0
      vertex 95.7314 34.4617 3
    endloop
  endfacet
  facet normal 0.965931 -0.2588 0
    outer loop
      vertex 95.7314 34.4617 0
      vertex 95.6705 34.2344 3
      vertex 95.6705 34.2344 0
    endloop
  endfacet
  facet normal -0.996197 0.0871248 0
    outer loop
      vertex 98.3295 33.7656 0
      vertex 98.35 34 3
      vertex 98.35 34 0
    endloop
  endfacet
  facet normal -0.996197 0.0871248 0
    outer loop
      vertex 98.35 34 3
      vertex 98.3295 33.7656 0
      vertex 98.3295 33.7656 3
    endloop
  endfacet
  facet normal 0.0871248 -0.996197 0
    outer loop
      vertex 96.7656 35.3295 0
      vertex 97 35.35 3
      vertex 96.7656 35.3295 3
    endloop
  endfacet
  facet normal 0.0871248 -0.996197 0
    outer loop
      vertex 97 35.35 3
      vertex 96.7656 35.3295 0
      vertex 97 35.35 0
    endloop
  endfacet
  facet normal -0.422746 -0.906248 0
    outer loop
      vertex 97.4617 35.2686 0
      vertex 97.675 35.1691 3
      vertex 97.4617 35.2686 3
    endloop
  endfacet
  facet normal -0.422746 -0.906248 -0
    outer loop
      vertex 97.675 35.1691 3
      vertex 97.4617 35.2686 0
      vertex 97.675 35.1691 0
    endloop
  endfacet
  facet normal 0.996197 0.0871248 0
    outer loop
      vertex 95.6705 33.7656 3
      vertex 95.65 34 0
      vertex 95.65 34 3
    endloop
  endfacet
  facet normal 0.996197 0.0871248 0
    outer loop
      vertex 95.65 34 0
      vertex 95.6705 33.7656 3
      vertex 95.6705 33.7656 0
    endloop
  endfacet
  facet normal 0.906248 -0.422746 0
    outer loop
      vertex 95.7314 34.4617 3
      vertex 95.8309 34.675 0
      vertex 95.8309 34.675 3
    endloop
  endfacet
  facet normal 0.906248 -0.422746 0
    outer loop
      vertex 95.8309 34.675 0
      vertex 95.7314 34.4617 3
      vertex 95.7314 34.4617 0
    endloop
  endfacet
  facet normal 0.573291 -0.819352 0
    outer loop
      vertex 96.1322 35.0342 0
      vertex 96.325 35.1691 3
      vertex 96.1322 35.0342 3
    endloop
  endfacet
  facet normal 0.573291 -0.819352 0
    outer loop
      vertex 96.325 35.1691 3
      vertex 96.1322 35.0342 0
      vertex 96.325 35.1691 0
    endloop
  endfacet
  facet normal 0.2588 -0.965931 0
    outer loop
      vertex 96.5383 35.2686 0
      vertex 96.7656 35.3295 3
      vertex 96.5383 35.2686 3
    endloop
  endfacet
  facet normal 0.2588 -0.965931 0
    outer loop
      vertex 96.7656 35.3295 3
      vertex 96.5383 35.2686 0
      vertex 96.7656 35.3295 0
    endloop
  endfacet
  facet normal 0.707107 -0.707107 0
    outer loop
      vertex 95.9658 34.8678 3
      vertex 96.1322 35.0342 0
      vertex 96.1322 35.0342 3
    endloop
  endfacet
  facet normal 0.707107 -0.707107 0
    outer loop
      vertex 96.1322 35.0342 0
      vertex 95.9658 34.8678 3
      vertex 95.9658 34.8678 0
    endloop
  endfacet
  facet normal -0.996197 -0.0871248 0
    outer loop
      vertex 98.35 34 0
      vertex 98.3295 34.2344 3
      vertex 98.3295 34.2344 0
    endloop
  endfacet
  facet normal -0.996197 -0.0871248 0
    outer loop
      vertex 98.3295 34.2344 3
      vertex 98.35 34 0
      vertex 98.35 34 3
    endloop
  endfacet
  facet normal -0.573291 0.819352 0
    outer loop
      vertex 97.8678 32.9658 0
      vertex 97.675 32.8309 3
      vertex 97.8678 32.9658 3
    endloop
  endfacet
  facet normal -0.573291 0.819352 0
    outer loop
      vertex 97.675 32.8309 3
      vertex 97.8678 32.9658 0
      vertex 97.675 32.8309 0
    endloop
  endfacet
  facet normal -0.906248 0.422746 0
    outer loop
      vertex 98.1691 33.325 0
      vertex 98.2686 33.5383 3
      vertex 98.2686 33.5383 0
    endloop
  endfacet
  facet normal -0.906248 0.422746 0
    outer loop
      vertex 98.2686 33.5383 3
      vertex 98.1691 33.325 0
      vertex 98.1691 33.325 3
    endloop
  endfacet
  facet normal 0.0871248 0.996197 -0
    outer loop
      vertex 97 32.65 0
      vertex 96.7656 32.6705 3
      vertex 97 32.65 3
    endloop
  endfacet
  facet normal 0.0871248 0.996197 0
    outer loop
      vertex 96.7656 32.6705 3
      vertex 97 32.65 0
      vertex 96.7656 32.6705 0
    endloop
  endfacet
  facet normal -0.965931 -0.2588 0
    outer loop
      vertex 98.3295 34.2344 0
      vertex 98.2686 34.4617 3
      vertex 98.2686 34.4617 0
    endloop
  endfacet
  facet normal -0.965931 -0.2588 0
    outer loop
      vertex 98.2686 34.4617 3
      vertex 98.3295 34.2344 0
      vertex 98.3295 34.2344 3
    endloop
  endfacet
  facet normal -0.573291 -0.819352 0
    outer loop
      vertex 97.675 35.1691 0
      vertex 97.8678 35.0342 3
      vertex 97.675 35.1691 3
    endloop
  endfacet
  facet normal -0.573291 -0.819352 -0
    outer loop
      vertex 97.8678 35.0342 3
      vertex 97.675 35.1691 0
      vertex 97.8678 35.0342 0
    endloop
  endfacet
  facet normal -0.0871248 -0.996197 0
    outer loop
      vertex 97 35.35 0
      vertex 97.2344 35.3295 3
      vertex 97 35.35 3
    endloop
  endfacet
  facet normal -0.0871248 -0.996197 -0
    outer loop
      vertex 97.2344 35.3295 3
      vertex 97 35.35 0
      vertex 97.2344 35.3295 0
    endloop
  endfacet
  facet normal 0.996197 -0.0871248 0
    outer loop
      vertex 95.65 34 3
      vertex 95.6705 34.2344 0
      vertex 95.6705 34.2344 3
    endloop
  endfacet
  facet normal 0.996197 -0.0871248 0
    outer loop
      vertex 95.6705 34.2344 0
      vertex 95.65 34 3
      vertex 95.65 34 0
    endloop
  endfacet
  facet normal 0.819352 -0.573291 0
    outer loop
      vertex 95.8309 34.675 3
      vertex 95.9658 34.8678 0
      vertex 95.9658 34.8678 3
    endloop
  endfacet
  facet normal 0.819352 -0.573291 0
    outer loop
      vertex 95.9658 34.8678 0
      vertex 95.8309 34.675 3
      vertex 95.8309 34.675 0
    endloop
  endfacet
  facet normal 0.2588 0.965931 -0
    outer loop
      vertex 96.7656 32.6705 0
      vertex 96.5383 32.7314 3
      vertex 96.7656 32.6705 3
    endloop
  endfacet
  facet normal 0.2588 0.965931 0
    outer loop
      vertex 96.5383 32.7314 3
      vertex 96.7656 32.6705 0
      vertex 96.5383 32.7314 0
    endloop
  endfacet
  facet normal 0.965931 0.2588 0
    outer loop
      vertex 95.7314 33.5383 3
      vertex 95.6705 33.7656 0
      vertex 95.6705 33.7656 3
    endloop
  endfacet
  facet normal 0.965931 0.2588 0
    outer loop
      vertex 95.6705 33.7656 0
      vertex 95.7314 33.5383 3
      vertex 95.7314 33.5383 0
    endloop
  endfacet
  facet normal -0.2588 0.965931 0
    outer loop
      vertex 97.4617 32.7314 0
      vertex 97.2344 32.6705 3
      vertex 97.4617 32.7314 3
    endloop
  endfacet
  facet normal -0.2588 0.965931 0
    outer loop
      vertex 97.2344 32.6705 3
      vertex 97.4617 32.7314 0
      vertex 97.2344 32.6705 0
    endloop
  endfacet
  facet normal -0.422746 0.906248 0
    outer loop
      vertex 97.675 32.8309 0
      vertex 97.4617 32.7314 3
      vertex 97.675 32.8309 3
    endloop
  endfacet
  facet normal -0.422746 0.906248 0
    outer loop
      vertex 97.4617 32.7314 3
      vertex 97.675 32.8309 0
      vertex 97.4617 32.7314 0
    endloop
  endfacet
  facet normal -0.707107 -0.707107 0
    outer loop
      vertex 98.0342 34.8678 0
      vertex 97.8678 35.0342 3
      vertex 97.8678 35.0342 0
    endloop
  endfacet
  facet normal -0.707107 -0.707107 0
    outer loop
      vertex 97.8678 35.0342 3
      vertex 98.0342 34.8678 0
      vertex 98.0342 34.8678 3
    endloop
  endfacet
  facet normal -0.965931 0.2588 0
    outer loop
      vertex 98.2686 33.5383 0
      vertex 98.3295 33.7656 3
      vertex 98.3295 33.7656 0
    endloop
  endfacet
  facet normal -0.965931 0.2588 0
    outer loop
      vertex 98.3295 33.7656 3
      vertex 98.2686 33.5383 0
      vertex 98.2686 33.5383 3
    endloop
  endfacet
  facet normal -0.0871248 0.996197 0
    outer loop
      vertex 97.2344 32.6705 0
      vertex 97 32.65 3
      vertex 97.2344 32.6705 3
    endloop
  endfacet
  facet normal -0.0871248 0.996197 0
    outer loop
      vertex 97 32.65 3
      vertex 97.2344 32.6705 0
      vertex 97 32.65 0
    endloop
  endfacet
  facet normal 0.422746 0.906248 -0
    outer loop
      vertex 96.5383 32.7314 0
      vertex 96.325 32.8309 3
      vertex 96.5383 32.7314 3
    endloop
  endfacet
  facet normal 0.422746 0.906248 0
    outer loop
      vertex 96.325 32.8309 3
      vertex 96.5383 32.7314 0
      vertex 96.325 32.8309 0
    endloop
  endfacet
  facet normal 0.906248 0.422746 0
    outer loop
      vertex 95.8309 33.325 3
      vertex 95.7314 33.5383 0
      vertex 95.7314 33.5383 3
    endloop
  endfacet
  facet normal 0.906248 0.422746 0
    outer loop
      vertex 95.7314 33.5383 0
      vertex 95.8309 33.325 3
      vertex 95.8309 33.325 0
    endloop
  endfacet
  facet normal 0.707107 0.707107 0
    outer loop
      vertex 96.1322 32.9658 3
      vertex 95.9658 33.1322 0
      vertex 95.9658 33.1322 3
    endloop
  endfacet
  facet normal 0.707107 0.707107 0
    outer loop
      vertex 95.9658 33.1322 0
      vertex 96.1322 32.9658 3
      vertex 96.1322 32.9658 0
    endloop
  endfacet
  facet normal 0.819352 0.573291 0
    outer loop
      vertex 95.9658 33.1322 3
      vertex 95.8309 33.325 0
      vertex 95.8309 33.325 3
    endloop
  endfacet
  facet normal 0.819352 0.573291 0
    outer loop
      vertex 95.8309 33.325 0
      vertex 95.9658 33.1322 3
      vertex 95.9658 33.1322 0
    endloop
  endfacet
  facet normal -0.707107 0.707107 0
    outer loop
      vertex 97.8678 32.9658 0
      vertex 98.0342 33.1322 3
      vertex 98.0342 33.1322 0
    endloop
  endfacet
  facet normal -0.707107 0.707107 0
    outer loop
      vertex 98.0342 33.1322 3
      vertex 97.8678 32.9658 0
      vertex 97.8678 32.9658 3
    endloop
  endfacet
  facet normal -0.819352 0.573291 0
    outer loop
      vertex 98.0342 33.1322 0
      vertex 98.1691 33.325 3
      vertex 98.1691 33.325 0
    endloop
  endfacet
  facet normal -0.819352 0.573291 0
    outer loop
      vertex 98.1691 33.325 3
      vertex 98.0342 33.1322 0
      vertex 98.0342 33.1322 3
    endloop
  endfacet
  facet normal 0.573291 0.819352 -0
    outer loop
      vertex 96.325 32.8309 0
      vertex 96.1322 32.9658 3
      vertex 96.325 32.8309 3
    endloop
  endfacet
  facet normal 0.573291 0.819352 0
    outer loop
      vertex 96.1322 32.9658 3
      vertex 96.325 32.8309 0
      vertex 96.1322 32.9658 0
    endloop
  endfacet
  facet normal 0.996208 0.0870092 0
    outer loop
      vertex 105 36 27
      vertex 104.909 37.0419 0
      vertex 104.909 37.0419 27
    endloop
  endfacet
  facet normal 0.996208 0.0870092 0
    outer loop
      vertex 104.909 37.0419 0
      vertex 105 36 27
      vertex 105 36 0
    endloop
  endfacet
  facet normal 0 -1 0
    outer loop
      vertex 68.9234 0 20.1058
      vertex 99 0 27
      vertex 35.0766 0 20.1058
    endloop
  endfacet
  facet normal 0 -1 0
    outer loop
      vertex 99 0 27
      vertex 68.9234 0 20.1058
      vertex 70 0 20.2
    endloop
  endfacet
  facet normal 0 -1 0
    outer loop
      vertex 36.1205 0 19.8261
      vertex 68.9234 0 20.1058
      vertex 35.0766 0 20.1058
    endloop
  endfacet
  facet normal 0 -1 0
    outer loop
      vertex 36.1205 0 19.8261
      vertex 67.8795 0 19.8261
      vertex 68.9234 0 20.1058
    endloop
  endfacet
  facet normal 0 -1 0
    outer loop
      vertex 37.1 0 19.3694
      vertex 67.8795 0 19.8261
      vertex 36.1205 0 19.8261
    endloop
  endfacet
  facet normal 0 -1 0
    outer loop
      vertex 37.1 0 19.3694
      vertex 66.9 0 19.3694
      vertex 67.8795 0 19.8261
    endloop
  endfacet
  facet normal 0 -1 0
    outer loop
      vertex 37.9853 0 18.7495
      vertex 66.9 0 19.3694
      vertex 37.1 0 19.3694
    endloop
  endfacet
  facet normal 0 -1 0
    outer loop
      vertex 37.9853 0 18.7495
      vertex 66.0147 0 18.7495
      vertex 66.9 0 19.3694
    endloop
  endfacet
  facet normal 0 -1 0
    outer loop
      vertex 38.7495 0 17.9853
      vertex 66.0147 0 18.7495
      vertex 37.9853 0 18.7495
    endloop
  endfacet
  facet normal 0 -1 0
    outer loop
      vertex 38.7495 0 17.9853
      vertex 65.2505 0 17.9853
      vertex 66.0147 0 18.7495
    endloop
  endfacet
  facet normal 0 -1 0
    outer loop
      vertex 39.3694 0 17.1
      vertex 65.2505 0 17.9853
      vertex 38.7495 0 17.9853
    endloop
  endfacet
  facet normal 0 -1 0
    outer loop
      vertex 39.3694 0 17.1
      vertex 64.6306 0 17.1
      vertex 65.2505 0 17.9853
    endloop
  endfacet
  facet normal 0 -1 0
    outer loop
      vertex 39.8261 0 16.1205
      vertex 64.6306 0 17.1
      vertex 39.3694 0 17.1
    endloop
  endfacet
  facet normal 0 -1 0
    outer loop
      vertex 39.8261 0 16.1205
      vertex 64.1739 0 16.1205
      vertex 64.6306 0 17.1
    endloop
  endfacet
  facet normal 0 -1 0
    outer loop
      vertex 40.1058 0 15.0766
      vertex 64.1739 0 16.1205
      vertex 39.8261 0 16.1205
    endloop
  endfacet
  facet normal 0 -1 0
    outer loop
      vertex 40.1058 0 15.0766
      vertex 63.8942 0 15.0766
      vertex 64.1739 0 16.1205
    endloop
  endfacet
  facet normal 0 -1 0
    outer loop
      vertex 40.2 0 14
      vertex 63.8942 0 15.0766
      vertex 40.1058 0 15.0766
    endloop
  endfacet
  facet normal 0 -1 0
    outer loop
      vertex 40.2 0 14
      vertex 63.8 0 14
      vertex 63.8942 0 15.0766
    endloop
  endfacet
  facet normal 0 -1 0
    outer loop
      vertex 40.1058 0 12.9234
      vertex 63.8 0 14
      vertex 40.2 0 14
    endloop
  endfacet
  facet normal 0 -1 0
    outer loop
      vertex 40.1058 0 12.9234
      vertex 63.8942 0 12.9234
      vertex 63.8 0 14
    endloop
  endfacet
  facet normal 0 -1 0
    outer loop
      vertex 39.8261 0 11.8795
      vertex 63.8942 0 12.9234
      vertex 40.1058 0 12.9234
    endloop
  endfacet
  facet normal 0 -1 0
    outer loop
      vertex 39.8261 0 11.8795
      vertex 64.1739 0 11.8795
      vertex 63.8942 0 12.9234
    endloop
  endfacet
  facet normal 0 -1 0
    outer loop
      vertex 39.3694 0 10.9
      vertex 64.1739 0 11.8795
      vertex 39.8261 0 11.8795
    endloop
  endfacet
  facet normal 0 -1 0
    outer loop
      vertex 39.3694 0 10.9
      vertex 64.6306 0 10.9
      vertex 64.1739 0 11.8795
    endloop
  endfacet
  facet normal 0 -1 0
    outer loop
      vertex 38.7495 0 10.0147
      vertex 64.6306 0 10.9
      vertex 39.3694 0 10.9
    endloop
  endfacet
  facet normal 0 -1 0
    outer loop
      vertex 38.7495 0 10.0147
      vertex 65.2505 0 10.0147
      vertex 64.6306 0 10.9
    endloop
  endfacet
  facet normal 0 -1 0
    outer loop
      vertex 37.9853 0 9.25052
      vertex 65.2505 0 10.0147
      vertex 38.7495 0 10.0147
    endloop
  endfacet
  facet normal 0 -1 0
    outer loop
      vertex 37.9853 0 9.25052
      vertex 66.0147 0 9.25052
      vertex 65.2505 0 10.0147
    endloop
  endfacet
  facet normal 0 -1 0
    outer loop
      vertex 37.1 0 8.63064
      vertex 66.0147 0 9.25052
      vertex 37.9853 0 9.25052
    endloop
  endfacet
  facet normal 0 -1 0
    outer loop
      vertex 37.1 0 8.63064
      vertex 66.9 0 8.63064
      vertex 66.0147 0 9.25052
    endloop
  endfacet
  facet normal 0 -1 0
    outer loop
      vertex 36.1205 0 8.17391
      vertex 66.9 0 8.63064
      vertex 37.1 0 8.63064
    endloop
  endfacet
  facet normal 0 -1 0
    outer loop
      vertex 36.1205 0 8.17391
      vertex 67.8795 0 8.17391
      vertex 66.9 0 8.63064
    endloop
  endfacet
  facet normal 0 -1 0
    outer loop
      vertex 35.0766 0 7.89419
      vertex 67.8795 0 8.17391
      vertex 36.1205 0 8.17391
    endloop
  endfacet
  facet normal 0 -1 0
    outer loop
      vertex 35.0766 0 7.89419
      vertex 68.9234 0 7.89419
      vertex 67.8795 0 8.17391
    endloop
  endfacet
  facet normal 0 -1 0
    outer loop
      vertex 6 0 0
      vertex 35.0766 0 7.89419
      vertex 34 0 7.8
    endloop
  endfacet
  facet normal 0 -1 -0
    outer loop
      vertex 35.0766 0 7.89419
      vertex 6 0 0
      vertex 68.9234 0 7.89419
    endloop
  endfacet
  facet normal 0 -1 0
    outer loop
      vertex 35.0766 0 20.1058
      vertex 6 0 27
      vertex 34 0 20.2
    endloop
  endfacet
  facet normal 0 -1 0
    outer loop
      vertex 6 0 27
      vertex 32.9234 0 20.1058
      vertex 34 0 20.2
    endloop
  endfacet
  facet normal 0 -1 0
    outer loop
      vertex 6 0 27
      vertex 31.8795 0 19.8261
      vertex 32.9234 0 20.1058
    endloop
  endfacet
  facet normal 0 -1 0
    outer loop
      vertex 6 0 27
      vertex 30.9 0 19.3694
      vertex 31.8795 0 19.8261
    endloop
  endfacet
  facet normal 0 -1 0
    outer loop
      vertex 6 0 27
      vertex 30.0147 0 18.7495
      vertex 30.9 0 19.3694
    endloop
  endfacet
  facet normal 0 -1 0
    outer loop
      vertex 6 0 27
      vertex 29.2505 0 17.9853
      vertex 30.0147 0 18.7495
    endloop
  endfacet
  facet normal 0 -1 0
    outer loop
      vertex 6 0 27
      vertex 28.6306 0 17.1
      vertex 29.2505 0 17.9853
    endloop
  endfacet
  facet normal 0 -1 0
    outer loop
      vertex 6 0 27
      vertex 28.1739 0 16.1205
      vertex 28.6306 0 17.1
    endloop
  endfacet
  facet normal 0 -1 0
    outer loop
      vertex 6 0 27
      vertex 27.8942 0 15.0766
      vertex 28.1739 0 16.1205
    endloop
  endfacet
  facet normal 0 -1 0
    outer loop
      vertex 6 0 27
      vertex 27.8 0 14
      vertex 27.8942 0 15.0766
    endloop
  endfacet
  facet normal 0 -1 0
    outer loop
      vertex 6 0 0
      vertex 27.8 0 14
      vertex 6 0 27
    endloop
  endfacet
  facet normal 0 -1 -0
    outer loop
      vertex 27.8 0 14
      vertex 6 0 0
      vertex 27.8942 0 12.9234
    endloop
  endfacet
  facet normal 0 -1 -0
    outer loop
      vertex 27.8942 0 12.9234
      vertex 6 0 0
      vertex 28.1739 0 11.8795
    endloop
  endfacet
  facet normal 0 -1 -0
    outer loop
      vertex 28.1739 0 11.8795
      vertex 6 0 0
      vertex 28.6306 0 10.9
    endloop
  endfacet
  facet normal 0 -1 -0
    outer loop
      vertex 28.6306 0 10.9
      vertex 6 0 0
      vertex 29.2505 0 10.0147
    endloop
  endfacet
  facet normal 0 -1 0
    outer loop
      vertex 99 0 0
      vertex 68.9234 0 7.89419
      vertex 6 0 0
    endloop
  endfacet
  facet normal 0 -1 -0
    outer loop
      vertex 32.9234 0 7.89419
      vertex 6 0 0
      vertex 34 0 7.8
    endloop
  endfacet
  facet normal 0 -1 -0
    outer loop
      vertex 31.8795 0 8.17391
      vertex 6 0 0
      vertex 32.9234 0 7.89419
    endloop
  endfacet
  facet normal 0 -1 -0
    outer loop
      vertex 30.9 0 8.63064
      vertex 6 0 0
      vertex 31.8795 0 8.17391
    endloop
  endfacet
  facet normal 0 -1 -0
    outer loop
      vertex 30.0147 0 9.25052
      vertex 6 0 0
      vertex 30.9 0 8.63064
    endloop
  endfacet
  facet normal 0 -1 -0
    outer loop
      vertex 29.2505 0 10.0147
      vertex 6 0 0
      vertex 30.0147 0 9.25052
    endloop
  endfacet
  facet normal 0 -1 0
    outer loop
      vertex 6 0 27
      vertex 35.0766 0 20.1058
      vertex 99 0 27
    endloop
  endfacet
  facet normal 0 -1 0
    outer loop
      vertex 71.0766 0 20.1058
      vertex 99 0 27
      vertex 70 0 20.2
    endloop
  endfacet
  facet normal 0 -1 0
    outer loop
      vertex 72.1205 0 19.8261
      vertex 99 0 27
      vertex 71.0766 0 20.1058
    endloop
  endfacet
  facet normal 0 -1 0
    outer loop
      vertex 73.1 0 19.3694
      vertex 99 0 27
      vertex 72.1205 0 19.8261
    endloop
  endfacet
  facet normal 0 -1 0
    outer loop
      vertex 73.9853 0 18.7495
      vertex 99 0 27
      vertex 73.1 0 19.3694
    endloop
  endfacet
  facet normal 0 -1 0
    outer loop
      vertex 74.7495 0 17.9853
      vertex 99 0 27
      vertex 73.9853 0 18.7495
    endloop
  endfacet
  facet normal 0 -1 0
    outer loop
      vertex 75.3694 0 17.1
      vertex 99 0 27
      vertex 74.7495 0 17.9853
    endloop
  endfacet
  facet normal 0 -1 0
    outer loop
      vertex 75.8261 0 16.1205
      vertex 99 0 27
      vertex 75.3694 0 17.1
    endloop
  endfacet
  facet normal 0 -1 0
    outer loop
      vertex 76.1058 0 15.0766
      vertex 99 0 27
      vertex 75.8261 0 16.1205
    endloop
  endfacet
  facet normal 0 -1 0
    outer loop
      vertex 76.2 0 14
      vertex 99 0 27
      vertex 76.1058 0 15.0766
    endloop
  endfacet
  facet normal 0 -1 0
    outer loop
      vertex 99 0 0
      vertex 76.2 0 14
      vertex 76.1058 0 12.9234
    endloop
  endfacet
  facet normal 0 -1 0
    outer loop
      vertex 99 0 0
      vertex 76.1058 0 12.9234
      vertex 75.8261 0 11.8795
    endloop
  endfacet
  facet normal 0 -1 0
    outer loop
      vertex 99 0 0
      vertex 75.8261 0 11.8795
      vertex 75.3694 0 10.9
    endloop
  endfacet
  facet normal 0 -1 0
    outer loop
      vertex 99 0 0
      vertex 75.3694 0 10.9
      vertex 74.7495 0 10.0147
    endloop
  endfacet
  facet normal 0 -1 0
    outer loop
      vertex 99 0 0
      vertex 74.7495 0 10.0147
      vertex 73.9853 0 9.25052
    endloop
  endfacet
  facet normal 0 -1 0
    outer loop
      vertex 68.9234 0 7.89419
      vertex 99 0 0
      vertex 70 0 7.8
    endloop
  endfacet
  facet normal 0 -1 0
    outer loop
      vertex 76.2 0 14
      vertex 99 0 0
      vertex 99 0 27
    endloop
  endfacet
  facet normal 0 -1 0
    outer loop
      vertex 73.1 0 8.63064
      vertex 99 0 0
      vertex 73.9853 0 9.25052
    endloop
  endfacet
  facet normal 0 -1 0
    outer loop
      vertex 72.1205 0 8.17391
      vertex 99 0 0
      vertex 73.1 0 8.63064
    endloop
  endfacet
  facet normal 0 -1 0
    outer loop
      vertex 71.0766 0 7.89419
      vertex 99 0 0
      vertex 72.1205 0 8.17391
    endloop
  endfacet
  facet normal 0 -1 0
    outer loop
      vertex 70 0 7.8
      vertex 99 0 0
      vertex 71.0766 0 7.89419
    endloop
  endfacet
  facet normal 0 0 1
    outer loop
      vertex 105 36 27
      vertex 101.939 35.6946 27
      vertex 102 35 27
    endloop
  endfacet
  facet normal 0 0 1
    outer loop
      vertex 102.857 40.5963 27
      vertex 101.759 36.3681 27
      vertex 101.939 35.6946 27
    endloop
  endfacet
  facet normal 0 0 1
    outer loop
      vertex 102.857 40.5963 27
      vertex 101.464 37 27
      vertex 101.759 36.3681 27
    endloop
  endfacet
  facet normal 0 0 1
    outer loop
      vertex 102.857 40.5963 27
      vertex 101.064 37.5712 27
      vertex 101.464 37 27
    endloop
  endfacet
  facet normal 0 0 1
    outer loop
      vertex 100 38.4641 27
      vertex 102 41.1962 27
      vertex 101.052 41.6382 27
    endloop
  endfacet
  facet normal 0 0 1
    outer loop
      vertex 102.857 40.5963 27
      vertex 100.571 38.0642 27
      vertex 101.064 37.5712 27
    endloop
  endfacet
  facet normal 0 0 1
    outer loop
      vertex 99.3681 38.7588 27
      vertex 101.052 41.6382 27
      vertex 100.042 41.9088 27
    endloop
  endfacet
  facet normal 0 0 1
    outer loop
      vertex 102 41.1962 27
      vertex 100 38.4641 27
      vertex 100.571 38.0642 27
    endloop
  endfacet
  facet normal 0 0 1
    outer loop
      vertex 101.052 41.6382 27
      vertex 99.3681 38.7588 27
      vertex 100 38.4641 27
    endloop
  endfacet
  facet normal 0 0 1
    outer loop
      vertex 98.6946 38.9392 27
      vertex 100.042 41.9088 27
      vertex 99 42 27
    endloop
  endfacet
  facet normal 0 0 1
    outer loop
      vertex 100.042 41.9088 27
      vertex 98.6946 38.9392 27
      vertex 99.3681 38.7588 27
    endloop
  endfacet
  facet normal 0 0 1
    outer loop
      vertex 99 42 27
      vertex 98 39 27
      vertex 98.6946 38.9392 27
    endloop
  endfacet
  facet normal 0 0 1
    outer loop
      vertex 99 42 27
      vertex 7 39 27
      vertex 98 39 27
    endloop
  endfacet
  facet normal -0 0 1
    outer loop
      vertex 6 42 27
      vertex 7 39 27
      vertex 99 42 27
    endloop
  endfacet
  facet normal 0 0 1
    outer loop
      vertex 6 42 27
      vertex 6.30541 38.9392 27
      vertex 7 39 27
    endloop
  endfacet
  facet normal -0 0 1
    outer loop
      vertex 4.95811 41.9088 27
      vertex 6.30541 38.9392 27
      vertex 6 42 27
    endloop
  endfacet
  facet normal 0 0 1
    outer loop
      vertex 6.30541 38.9392 27
      vertex 4.95811 41.9088 27
      vertex 5.63192 38.7588 27
    endloop
  endfacet
  facet normal -0 0 1
    outer loop
      vertex 3.94788 41.6382 27
      vertex 5.63192 38.7588 27
      vertex 4.95811 41.9088 27
    endloop
  endfacet
  facet normal 0 0 1
    outer loop
      vertex 5.63192 38.7588 27
      vertex 3.94788 41.6382 27
      vertex 5 38.4641 27
    endloop
  endfacet
  facet normal -0 0 1
    outer loop
      vertex 3 41.1962 27
      vertex 5 38.4641 27
      vertex 3.94788 41.6382 27
    endloop
  endfacet
  facet normal 0 0 1
    outer loop
      vertex 5 38.4641 27
      vertex 3 41.1962 27
      vertex 4.42885 38.0642 27
    endloop
  endfacet
  facet normal -0 0 1
    outer loop
      vertex 2.14327 40.5963 27
      vertex 4.42885 38.0642 27
      vertex 3 41.1962 27
    endloop
  endfacet
  facet normal 0 0 1
    outer loop
      vertex 4.42885 38.0642 27
      vertex 2.14327 40.5963 27
      vertex 3.93582 37.5712 27
    endloop
  endfacet
  facet normal -0 0 1
    outer loop
      vertex 1.40373 39.8567 27
      vertex 3.93582 37.5712 27
      vertex 2.14327 40.5963 27
    endloop
  endfacet
  facet normal -0 0 1
    outer loop
      vertex 0.803847 39 27
      vertex 3.93582 37.5712 27
      vertex 1.40373 39.8567 27
    endloop
  endfacet
  facet normal 0 0 1
    outer loop
      vertex 3.93582 37.5712 27
      vertex 0.803847 39 27
      vertex 3.5359 37 27
    endloop
  endfacet
  facet normal -0 0 1
    outer loop
      vertex 0.361844 38.0521 27
      vertex 3.5359 37 27
      vertex 0.803847 39 27
    endloop
  endfacet
  facet normal 0 0 1
    outer loop
      vertex 3 35 27
      vertex 0 36 27
      vertex 3 7 27
    endloop
  endfacet
  facet normal 0 0 1
    outer loop
      vertex 3.5359 37 27
      vertex 0.361844 38.0521 27
      vertex 3.24123 36.3681 27
    endloop
  endfacet
  facet normal 0 0 1
    outer loop
      vertex 0 6 27
      vertex 3 7 27
      vertex 0 36 27
    endloop
  endfacet
  facet normal -0 0 1
    outer loop
      vertex 0.0911531 37.0419 27
      vertex 3.24123 36.3681 27
      vertex 0.361844 38.0521 27
    endloop
  endfacet
  facet normal 0 -0 1
    outer loop
      vertex 0.0911531 4.95811 27
      vertex 3 7 27
      vertex 0 6 27
    endloop
  endfacet
  facet normal 0 0 1
    outer loop
      vertex 3.24123 36.3681 27
      vertex 0.0911531 37.0419 27
      vertex 3.06077 35.6946 27
    endloop
  endfacet
  facet normal 0 0 1
    outer loop
      vertex 3 7 27
      vertex 2.14327 1.40373 27
      vertex 3 0.803847 27
    endloop
  endfacet
  facet normal -0 0 1
    outer loop
      vertex 0 36 27
      vertex 3.06077 35.6946 27
      vertex 0.0911531 37.0419 27
    endloop
  endfacet
  facet normal 0 0 1
    outer loop
      vertex 3 7 27
      vertex 1.40373 2.14327 27
      vertex 2.14327 1.40373 27
    endloop
  endfacet
  facet normal 0 0 1
    outer loop
      vertex 3.06077 35.6946 27
      vertex 0 36 27
      vertex 3 35 27
    endloop
  endfacet
  facet normal 0 0 1
    outer loop
      vertex 3 7 27
      vertex 0.803847 3 27
      vertex 1.40373 2.14327 27
    endloop
  endfacet
  facet normal 0 0 1
    outer loop
      vertex 3 7 27
      vertex 0.361844 3.94788 27
      vertex 0.803847 3 27
    endloop
  endfacet
  facet normal 0 0 1
    outer loop
      vertex 3 7 27
      vertex 0.0911531 4.95811 27
      vertex 0.361844 3.94788 27
    endloop
  endfacet
  facet normal 0 0 1
    outer loop
      vertex 101.939 35.6946 27
      vertex 105 36 27
      vertex 104.909 37.0419 27
    endloop
  endfacet
  facet normal 0 0 1
    outer loop
      vertex 105 36 27
      vertex 102 35 27
      vertex 105 6 27
    endloop
  endfacet
  facet normal 0 0 1
    outer loop
      vertex 101.939 35.6946 27
      vertex 104.909 37.0419 27
      vertex 104.638 38.0521 27
    endloop
  endfacet
  facet normal -0 0 1
    outer loop
      vertex 102 7 27
      vertex 105 6 27
      vertex 102 35 27
    endloop
  endfacet
  facet normal 0 0 1
    outer loop
      vertex 101.939 35.6946 27
      vertex 104.638 38.0521 27
      vertex 104.196 39 27
    endloop
  endfacet
  facet normal -0 0 1
    outer loop
      vertex 101.939 6.30541 27
      vertex 105 6 27
      vertex 102 7 27
    endloop
  endfacet
  facet normal 0 0 1
    outer loop
      vertex 101.939 35.6946 27
      vertex 104.196 39 27
      vertex 103.596 39.8567 27
    endloop
  endfacet
  facet normal 0 0 1
    outer loop
      vertex 105 6 27
      vertex 101.939 6.30541 27
      vertex 104.909 4.95811 27
    endloop
  endfacet
  facet normal 0 0 1
    outer loop
      vertex 101.939 35.6946 27
      vertex 103.596 39.8567 27
      vertex 102.857 40.5963 27
    endloop
  endfacet
  facet normal -0 0 1
    outer loop
      vertex 101.759 5.63192 27
      vertex 104.909 4.95811 27
      vertex 101.939 6.30541 27
    endloop
  endfacet
  facet normal 0 0 1
    outer loop
      vertex 100.571 38.0642 27
      vertex 102.857 40.5963 27
      vertex 102 41.1962 27
    endloop
  endfacet
  facet normal 0 0 1
    outer loop
      vertex 104.909 4.95811 27
      vertex 101.759 5.63192 27
      vertex 104.638 3.94788 27
    endloop
  endfacet
  facet normal -0 0 1
    outer loop
      vertex 101.464 5 27
      vertex 104.638 3.94788 27
      vertex 101.759 5.63192 27
    endloop
  endfacet
  facet normal 0 0 1
    outer loop
      vertex 104.638 3.94788 27
      vertex 101.464 5 27
      vertex 104.196 3 27
    endloop
  endfacet
  facet normal -0 0 1
    outer loop
      vertex 101.064 4.42885 27
      vertex 104.196 3 27
      vertex 101.464 5 27
    endloop
  endfacet
  facet normal 0 0 1
    outer loop
      vertex 104.196 3 27
      vertex 101.064 4.42885 27
      vertex 103.596 2.14327 27
    endloop
  endfacet
  facet normal 0 0 1
    outer loop
      vertex 103.596 2.14327 27
      vertex 101.064 4.42885 27
      vertex 102.857 1.40373 27
    endloop
  endfacet
  facet normal -0 0 1
    outer loop
      vertex 100.571 3.93582 27
      vertex 102.857 1.40373 27
      vertex 101.064 4.42885 27
    endloop
  endfacet
  facet normal 0 0 1
    outer loop
      vertex 102.857 1.40373 27
      vertex 100.571 3.93582 27
      vertex 102 0.803847 27
    endloop
  endfacet
  facet normal -0 0 1
    outer loop
      vertex 100 3.5359 27
      vertex 102 0.803847 27
      vertex 100.571 3.93582 27
    endloop
  endfacet
  facet normal 0 0 1
    outer loop
      vertex 102 0.803847 27
      vertex 100 3.5359 27
      vertex 101.052 0.361844 27
    endloop
  endfacet
  facet normal -0 0 1
    outer loop
      vertex 99.3681 3.24123 27
      vertex 101.052 0.361844 27
      vertex 100 3.5359 27
    endloop
  endfacet
  facet normal 0 0 1
    outer loop
      vertex 101.052 0.361844 27
      vertex 99.3681 3.24123 27
      vertex 100.042 0.0911531 27
    endloop
  endfacet
  facet normal -0 0 1
    outer loop
      vertex 98.6946 3.06077 27
      vertex 100.042 0.0911531 27
      vertex 99.3681 3.24123 27
    endloop
  endfacet
  facet normal 0 0 1
    outer loop
      vertex 100.042 0.0911531 27
      vertex 98.6946 3.06077 27
      vertex 99 0 27
    endloop
  endfacet
  facet normal -0 0 1
    outer loop
      vertex 98 3 27
      vertex 99 0 27
      vertex 98.6946 3.06077 27
    endloop
  endfacet
  facet normal -0 0 1
    outer loop
      vertex 7 3 27
      vertex 99 0 27
      vertex 98 3 27
    endloop
  endfacet
  facet normal 0 0 1
    outer loop
      vertex 7 3 27
      vertex 6 0 27
      vertex 99 0 27
    endloop
  endfacet
  facet normal 0 0 1
    outer loop
      vertex 6.30541 3.06077 27
      vertex 6 0 27
      vertex 7 3 27
    endloop
  endfacet
  facet normal 0 0 1
    outer loop
      vertex 4.95811 0.0911531 27
      vertex 6.30541 3.06077 27
      vertex 5.63192 3.24123 27
    endloop
  endfacet
  facet normal 0 0 1
    outer loop
      vertex 3.94788 0.361844 27
      vertex 5.63192 3.24123 27
      vertex 5 3.5359 27
    endloop
  endfacet
  facet normal 0 0 1
    outer loop
      vertex 6.30541 3.06077 27
      vertex 4.95811 0.0911531 27
      vertex 6 0 27
    endloop
  endfacet
  facet normal 0 0 1
    outer loop
      vertex 3 0.803847 27
      vertex 5 3.5359 27
      vertex 4.42885 3.93582 27
    endloop
  endfacet
  facet normal 0 0 1
    outer loop
      vertex 5.63192 3.24123 27
      vertex 3.94788 0.361844 27
      vertex 4.95811 0.0911531 27
    endloop
  endfacet
  facet normal 0 0 1
    outer loop
      vertex 3 0.803847 27
      vertex 4.42885 3.93582 27
      vertex 3.93582 4.42885 27
    endloop
  endfacet
  facet normal 0 0 1
    outer loop
      vertex 3 0.803847 27
      vertex 3.93582 4.42885 27
      vertex 3.5359 5 27
    endloop
  endfacet
  facet normal 0 0 1
    outer loop
      vertex 3 0.803847 27
      vertex 3.5359 5 27
      vertex 3.24123 5.63192 27
    endloop
  endfacet
  facet normal 0 0 1
    outer loop
      vertex 3 0.803847 27
      vertex 3.24123 5.63192 27
      vertex 3.06077 6.30541 27
    endloop
  endfacet
  facet normal 0 0 1
    outer loop
      vertex 5 3.5359 27
      vertex 3 0.803847 27
      vertex 3.94788 0.361844 27
    endloop
  endfacet
  facet normal 0 0 1
    outer loop
      vertex 3 0.803847 27
      vertex 3.06077 6.30541 27
      vertex 3 7 27
    endloop
  endfacet
  facet normal 0.0871907 0.996192 -0
    outer loop
      vertex 100.042 41.9088 0
      vertex 99 42 27
      vertex 100.042 41.9088 27
    endloop
  endfacet
  facet normal 0.0871907 0.996192 0
    outer loop
      vertex 99 42 27
      vertex 100.042 41.9088 0
      vertex 99 42 0
    endloop
  endfacet
  facet normal -0.819155 -0.573573 0
    outer loop
      vertex 1.40373 2.14327 0
      vertex 0.803847 3 27
      vertex 0.803847 3 0
    endloop
  endfacet
  facet normal -0.819155 -0.573573 0
    outer loop
      vertex 0.803847 3 27
      vertex 1.40373 2.14327 0
      vertex 1.40373 2.14327 27
    endloop
  endfacet
  facet normal -0.965924 0.258827 0
    outer loop
      vertex 0.0911531 37.0419 0
      vertex 0.361844 38.0521 27
      vertex 0.361844 38.0521 0
    endloop
  endfacet
  facet normal -0.965924 0.258827 0
    outer loop
      vertex 0.361844 38.0521 27
      vertex 0.0911531 37.0419 0
      vertex 0.0911531 37.0419 27
    endloop
  endfacet
  facet normal 0 0 -1
    outer loop
      vertex 95.7314 8.46173 0
      vertex 9.26858 8.46173 0
      vertex 95.7314 33.5383 0
    endloop
  endfacet
  facet normal 0 0 -1
    outer loop
      vertex 95.7314 33.5383 0
      vertex 9.32949 33.7656 0
      vertex 9.35 34 0
    endloop
  endfacet
  facet normal 0 0 -1
    outer loop
      vertex 9.26858 33.5383 0
      vertex 95.7314 33.5383 0
      vertex 9.26858 8.46173 0
    endloop
  endfacet
  facet normal 0 0 -1
    outer loop
      vertex 95.7314 33.5383 0
      vertex 9.26858 33.5383 0
      vertex 9.32949 33.7656 0
    endloop
  endfacet
  facet normal 0 0 -1
    outer loop
      vertex 9.16913 8.675 0
      vertex 9.26858 33.5383 0
      vertex 9.26858 8.46173 0
    endloop
  endfacet
  facet normal 0 0 -1
    outer loop
      vertex 9.16913 8.675 0
      vertex 9.16913 33.325 0
      vertex 9.26858 33.5383 0
    endloop
  endfacet
  facet normal 0 0 -1
    outer loop
      vertex 9.03416 8.86776 0
      vertex 9.16913 33.325 0
      vertex 9.16913 8.675 0
    endloop
  endfacet
  facet normal 0 0 -1
    outer loop
      vertex 9.03416 8.86776 0
      vertex 9.03416 33.1322 0
      vertex 9.16913 33.325 0
    endloop
  endfacet
  facet normal 0 0 -1
    outer loop
      vertex 8.86776 9.03416 0
      vertex 9.03416 33.1322 0
      vertex 9.03416 8.86776 0
    endloop
  endfacet
  facet normal 0 0 -1
    outer loop
      vertex 8.86776 9.03416 0
      vertex 8.86776 32.9658 0
      vertex 9.03416 33.1322 0
    endloop
  endfacet
  facet normal 0 0 -1
    outer loop
      vertex 8.675 9.16913 0
      vertex 8.86776 32.9658 0
      vertex 8.86776 9.03416 0
    endloop
  endfacet
  facet normal 0 0 -1
    outer loop
      vertex 8.675 9.16913 0
      vertex 8.675 32.8309 0
      vertex 8.86776 32.9658 0
    endloop
  endfacet
  facet normal 0 0 -1
    outer loop
      vertex 8.46173 9.26858 0
      vertex 8.675 32.8309 0
      vertex 8.675 9.16913 0
    endloop
  endfacet
  facet normal 0 0 -1
    outer loop
      vertex 8.46173 9.26858 0
      vertex 8.46173 32.7314 0
      vertex 8.675 32.8309 0
    endloop
  endfacet
  facet normal 0 0 -1
    outer loop
      vertex 8.23442 9.32949 0
      vertex 8.46173 32.7314 0
      vertex 8.46173 9.26858 0
    endloop
  endfacet
  facet normal 0 0 -1
    outer loop
      vertex 8.23442 9.32949 0
      vertex 8.23442 32.6705 0
      vertex 8.46173 32.7314 0
    endloop
  endfacet
  facet normal 0 0 -1
    outer loop
      vertex 8 9.35 0
      vertex 8.23442 32.6705 0
      vertex 8.23442 9.32949 0
    endloop
  endfacet
  facet normal 0 0 -1
    outer loop
      vertex 8 9.35 0
      vertex 8 32.65 0
      vertex 8.23442 32.6705 0
    endloop
  endfacet
  facet normal 0 0 -1
    outer loop
      vertex 7.76557 9.32949 0
      vertex 8 32.65 0
      vertex 8 9.35 0
    endloop
  endfacet
  facet normal 0 0 -1
    outer loop
      vertex 7.76557 9.32949 0
      vertex 7.76557 32.6705 0
      vertex 8 32.65 0
    endloop
  endfacet
  facet normal 0 0 -1
    outer loop
      vertex 7.53827 9.26858 0
      vertex 7.76557 32.6705 0
      vertex 7.76557 9.32949 0
    endloop
  endfacet
  facet normal 0 0 -1
    outer loop
      vertex 7.53827 9.26858 0
      vertex 7.53827 32.7314 0
      vertex 7.76557 32.6705 0
    endloop
  endfacet
  facet normal 0 0 -1
    outer loop
      vertex 7.325 9.16913 0
      vertex 7.53827 32.7314 0
      vertex 7.53827 9.26858 0
    endloop
  endfacet
  facet normal 0 0 -1
    outer loop
      vertex 7.325 9.16913 0
      vertex 7.325 32.8309 0
      vertex 7.53827 32.7314 0
    endloop
  endfacet
  facet normal 0 0 -1
    outer loop
      vertex 7.13224 9.03416 0
      vertex 7.325 32.8309 0
      vertex 7.325 9.16913 0
    endloop
  endfacet
  facet normal 0 0 -1
    outer loop
      vertex 7.13224 9.03416 0
      vertex 7.13224 32.9658 0
      vertex 7.325 32.8309 0
    endloop
  endfacet
  facet normal 0 0 -1
    outer loop
      vertex 0 6 0
      vertex 7.13224 9.03416 0
      vertex 6.96584 8.86776 0
    endloop
  endfacet
  facet normal -0 0 -1
    outer loop
      vertex 7.13224 9.03416 0
      vertex 0 6 0
      vertex 7.13224 32.9658 0
    endloop
  endfacet
  facet normal 0 0 -1
    outer loop
      vertex 0 6 0
      vertex 6.96584 8.86776 0
      vertex 6.83086 8.675 0
    endloop
  endfacet
  facet normal 0 0 -1
    outer loop
      vertex 0 36 0
      vertex 7.13224 32.9658 0
      vertex 0 6 0
    endloop
  endfacet
  facet normal 0 0 -1
    outer loop
      vertex 0 6 0
      vertex 6.83086 8.675 0
      vertex 6.73141 8.46173 0
    endloop
  endfacet
  facet normal 0 0 -1
    outer loop
      vertex 7.13224 32.9658 0
      vertex 0 36 0
      vertex 6.96584 33.1322 0
    endloop
  endfacet
  facet normal 0 0 -1
    outer loop
      vertex 0 6 0
      vertex 6.73141 8.46173 0
      vertex 6.67051 8.23442 0
    endloop
  endfacet
  facet normal 0 0 -1
    outer loop
      vertex 6.96584 33.1322 0
      vertex 0 36 0
      vertex 6.83086 33.325 0
    endloop
  endfacet
  facet normal 0 0 -1
    outer loop
      vertex 0 6 0
      vertex 6.67051 8.23442 0
      vertex 6.65 8 0
    endloop
  endfacet
  facet normal 0 0 -1
    outer loop
      vertex 6.83086 33.325 0
      vertex 0 36 0
      vertex 6.73141 33.5383 0
    endloop
  endfacet
  facet normal 0 0 -1
    outer loop
      vertex 98.1691 8.675 0
      vertex 105 6 0
      vertex 98.2686 8.46173 0
    endloop
  endfacet
  facet normal 0 0 -1
    outer loop
      vertex 105 36 0
      vertex 98.3295 33.7656 0
      vertex 98.35 34 0
    endloop
  endfacet
  facet normal 0 0 -1
    outer loop
      vertex 98.0342 8.86776 0
      vertex 105 6 0
      vertex 98.1691 8.675 0
    endloop
  endfacet
  facet normal 0 0 -1
    outer loop
      vertex 105 36 0
      vertex 98.2686 33.5383 0
      vertex 98.3295 33.7656 0
    endloop
  endfacet
  facet normal 0 0 -1
    outer loop
      vertex 97.8678 9.03416 0
      vertex 105 6 0
      vertex 98.0342 8.86776 0
    endloop
  endfacet
  facet normal 0 0 -1
    outer loop
      vertex 105 36 0
      vertex 98.1691 33.325 0
      vertex 98.2686 33.5383 0
    endloop
  endfacet
  facet normal 0 0 -1
    outer loop
      vertex 105 6 0
      vertex 97.8678 9.03416 0
      vertex 105 36 0
    endloop
  endfacet
  facet normal 0 0 -1
    outer loop
      vertex 105 36 0
      vertex 98.0342 33.1322 0
      vertex 98.1691 33.325 0
    endloop
  endfacet
  facet normal 0 0 -1
    outer loop
      vertex 97.8678 32.9658 0
      vertex 105 36 0
      vertex 97.8678 9.03416 0
    endloop
  endfacet
  facet normal 0 0 -1
    outer loop
      vertex 105 36 0
      vertex 97.8678 32.9658 0
      vertex 98.0342 33.1322 0
    endloop
  endfacet
  facet normal 0 0 -1
    outer loop
      vertex 97.675 9.16913 0
      vertex 97.8678 32.9658 0
      vertex 97.8678 9.03416 0
    endloop
  endfacet
  facet normal 0 0 -1
    outer loop
      vertex 97.675 9.16913 0
      vertex 97.675 32.8309 0
      vertex 97.8678 32.9658 0
    endloop
  endfacet
  facet normal 0 0 -1
    outer loop
      vertex 97.4617 9.26858 0
      vertex 97.675 32.8309 0
      vertex 97.675 9.16913 0
    endloop
  endfacet
  facet normal 0 0 -1
    outer loop
      vertex 97.4617 9.26858 0
      vertex 97.4617 32.7314 0
      vertex 97.675 32.8309 0
    endloop
  endfacet
  facet normal 0 0 -1
    outer loop
      vertex 97.2344 9.32949 0
      vertex 97.4617 32.7314 0
      vertex 97.4617 9.26858 0
    endloop
  endfacet
  facet normal 0 0 -1
    outer loop
      vertex 97.2344 9.32949 0
      vertex 97.2344 32.6705 0
      vertex 97.4617 32.7314 0
    endloop
  endfacet
  facet normal 0 0 -1
    outer loop
      vertex 97 9.35 0
      vertex 97.2344 32.6705 0
      vertex 97.2344 9.32949 0
    endloop
  endfacet
  facet normal 0 0 -1
    outer loop
      vertex 97 9.35 0
      vertex 97 32.65 0
      vertex 97.2344 32.6705 0
    endloop
  endfacet
  facet normal 0 0 -1
    outer loop
      vertex 96.7656 9.32949 0
      vertex 97 32.65 0
      vertex 97 9.35 0
    endloop
  endfacet
  facet normal 0 0 -1
    outer loop
      vertex 96.7656 9.32949 0
      vertex 96.7656 32.6705 0
      vertex 97 32.65 0
    endloop
  endfacet
  facet normal 0 0 -1
    outer loop
      vertex 96.5383 9.26858 0
      vertex 96.7656 32.6705 0
      vertex 96.7656 9.32949 0
    endloop
  endfacet
  facet normal 0 0 -1
    outer loop
      vertex 96.5383 9.26858 0
      vertex 96.5383 32.7314 0
      vertex 96.7656 32.6705 0
    endloop
  endfacet
  facet normal 0 0 -1
    outer loop
      vertex 96.325 9.16913 0
      vertex 96.5383 32.7314 0
      vertex 96.5383 9.26858 0
    endloop
  endfacet
  facet normal 0 0 -1
    outer loop
      vertex 96.325 9.16913 0
      vertex 96.325 32.8309 0
      vertex 96.5383 32.7314 0
    endloop
  endfacet
  facet normal 0 0 -1
    outer loop
      vertex 96.1322 9.03416 0
      vertex 96.325 32.8309 0
      vertex 96.325 9.16913 0
    endloop
  endfacet
  facet normal 0 0 -1
    outer loop
      vertex 96.1322 9.03416 0
      vertex 96.1322 32.9658 0
      vertex 96.325 32.8309 0
    endloop
  endfacet
  facet normal 0 0 -1
    outer loop
      vertex 95.9658 8.86776 0
      vertex 96.1322 32.9658 0
      vertex 96.1322 9.03416 0
    endloop
  endfacet
  facet normal 0 0 -1
    outer loop
      vertex 95.9658 8.86776 0
      vertex 95.9658 33.1322 0
      vertex 96.1322 32.9658 0
    endloop
  endfacet
  facet normal 0 0 -1
    outer loop
      vertex 95.8309 8.675 0
      vertex 95.9658 33.1322 0
      vertex 95.9658 8.86776 0
    endloop
  endfacet
  facet normal 0 0 -1
    outer loop
      vertex 95.8309 8.675 0
      vertex 95.8309 33.325 0
      vertex 95.9658 33.1322 0
    endloop
  endfacet
  facet normal 0 0 -1
    outer loop
      vertex 95.7314 8.46173 0
      vertex 95.8309 33.325 0
      vertex 95.8309 8.675 0
    endloop
  endfacet
  facet normal 0 0 -1
    outer loop
      vertex 95.7314 8.46173 0
      vertex 95.7314 33.5383 0
      vertex 95.8309 33.325 0
    endloop
  endfacet
  facet normal 0 0 -1
    outer loop
      vertex 9.32949 8.23442 0
      vertex 95.6705 8.23442 0
      vertex 9.35 8 0
    endloop
  endfacet
  facet normal 0 0 -1
    outer loop
      vertex 95.6705 8.23442 0
      vertex 9.32949 8.23442 0
      vertex 95.7314 8.46173 0
    endloop
  endfacet
  facet normal 0 0 -1
    outer loop
      vertex 9.35 8 0
      vertex 95.6705 8.23442 0
      vertex 95.65 8 0
    endloop
  endfacet
  facet normal 0 0 -1
    outer loop
      vertex 9.26858 8.46173 0
      vertex 95.7314 8.46173 0
      vertex 9.32949 8.23442 0
    endloop
  endfacet
  facet normal 0 0 -1
    outer loop
      vertex 98.1691 7.325 0
      vertex 105 6 0
      vertex 104.909 4.95811 0
    endloop
  endfacet
  facet normal 0 0 -1
    outer loop
      vertex 98.3295 8.23442 0
      vertex 105 6 0
      vertex 98.35 8 0
    endloop
  endfacet
  facet normal 0 0 -1
    outer loop
      vertex 98.1691 7.325 0
      vertex 104.909 4.95811 0
      vertex 104.638 3.94788 0
    endloop
  endfacet
  facet normal 0 0 -1
    outer loop
      vertex 98.2686 8.46173 0
      vertex 105 6 0
      vertex 98.3295 8.23442 0
    endloop
  endfacet
  facet normal 0 0 -1
    outer loop
      vertex 98.0342 7.13224 0
      vertex 104.638 3.94788 0
      vertex 104.196 3 0
    endloop
  endfacet
  facet normal 0 0 -1
    outer loop
      vertex 98.3295 34.2344 0
      vertex 105 36 0
      vertex 98.35 34 0
    endloop
  endfacet
  facet normal 0 0 -1
    outer loop
      vertex 98.0342 7.13224 0
      vertex 104.196 3 0
      vertex 103.596 2.14327 0
    endloop
  endfacet
  facet normal 0 0 -1
    outer loop
      vertex 98.2686 34.4617 0
      vertex 105 36 0
      vertex 98.3295 34.2344 0
    endloop
  endfacet
  facet normal 0 0 -1
    outer loop
      vertex 98.0342 7.13224 0
      vertex 103.596 2.14327 0
      vertex 102.857 1.40373 0
    endloop
  endfacet
  facet normal 0 0 -1
    outer loop
      vertex 98.1691 34.675 0
      vertex 105 36 0
      vertex 98.2686 34.4617 0
    endloop
  endfacet
  facet normal 0 0 -1
    outer loop
      vertex 97.8678 6.96584 0
      vertex 102.857 1.40373 0
      vertex 102 0.803847 0
    endloop
  endfacet
  facet normal -0 0 -1
    outer loop
      vertex 105 36 0
      vertex 98.1691 34.675 0
      vertex 104.909 37.0419 0
    endloop
  endfacet
  facet normal 0 0 -1
    outer loop
      vertex 97.8678 6.96584 0
      vertex 102 0.803847 0
      vertex 101.052 0.361844 0
    endloop
  endfacet
  facet normal -0 0 -1
    outer loop
      vertex 104.909 37.0419 0
      vertex 98.1691 34.675 0
      vertex 104.638 38.0521 0
    endloop
  endfacet
  facet normal 0 0 -1
    outer loop
      vertex 97.675 6.83086 0
      vertex 101.052 0.361844 0
      vertex 100.042 0.0911531 0
    endloop
  endfacet
  facet normal 0 0 -1
    outer loop
      vertex 98.0342 34.8678 0
      vertex 104.638 38.0521 0
      vertex 98.1691 34.675 0
    endloop
  endfacet
  facet normal 0 0 -1
    outer loop
      vertex 97.675 6.83086 0
      vertex 100.042 0.0911531 0
      vertex 99 0 0
    endloop
  endfacet
  facet normal -0 0 -1
    outer loop
      vertex 104.638 38.0521 0
      vertex 98.0342 34.8678 0
      vertex 104.196 39 0
    endloop
  endfacet
  facet normal -0 0 -1
    outer loop
      vertex 104.196 39 0
      vertex 98.0342 34.8678 0
      vertex 103.596 39.8567 0
    endloop
  endfacet
  facet normal 0 0 -1
    outer loop
      vertex 105 6 0
      vertex 98.3295 7.76557 0
      vertex 98.35 8 0
    endloop
  endfacet
  facet normal 0 0 -1
    outer loop
      vertex 105 6 0
      vertex 98.2686 7.53827 0
      vertex 98.3295 7.76557 0
    endloop
  endfacet
  facet normal 0 0 -1
    outer loop
      vertex 105 6 0
      vertex 98.1691 7.325 0
      vertex 98.2686 7.53827 0
    endloop
  endfacet
  facet normal 0 0 -1
    outer loop
      vertex 104.638 3.94788 0
      vertex 98.0342 7.13224 0
      vertex 98.1691 7.325 0
    endloop
  endfacet
  facet normal 0 0 -1
    outer loop
      vertex 102.857 1.40373 0
      vertex 97.8678 6.96584 0
      vertex 98.0342 7.13224 0
    endloop
  endfacet
  facet normal 0 0 -1
    outer loop
      vertex 101.052 0.361844 0
      vertex 97.675 6.83086 0
      vertex 97.8678 6.96584 0
    endloop
  endfacet
  facet normal 0 0 -1
    outer loop
      vertex 99 0 0
      vertex 97.4617 6.73141 0
      vertex 97.675 6.83086 0
    endloop
  endfacet
  facet normal 0 0 -1
    outer loop
      vertex 99 0 0
      vertex 97.2344 6.67051 0
      vertex 97.4617 6.73141 0
    endloop
  endfacet
  facet normal 0 0 -1
    outer loop
      vertex 99 0 0
      vertex 97 6.65 0
      vertex 97.2344 6.67051 0
    endloop
  endfacet
  facet normal 0 0 -1
    outer loop
      vertex 99 0 0
      vertex 96.7656 6.67051 0
      vertex 97 6.65 0
    endloop
  endfacet
  facet normal 0 0 -1
    outer loop
      vertex 99 0 0
      vertex 96.5383 6.73141 0
      vertex 96.7656 6.67051 0
    endloop
  endfacet
  facet normal 0 0 -1
    outer loop
      vertex 99 0 0
      vertex 96.325 6.83086 0
      vertex 96.5383 6.73141 0
    endloop
  endfacet
  facet normal 0 0 -1
    outer loop
      vertex 99 0 0
      vertex 96.1322 6.96584 0
      vertex 96.325 6.83086 0
    endloop
  endfacet
  facet normal 0 0 -1
    outer loop
      vertex 99 0 0
      vertex 95.9658 7.13224 0
      vertex 96.1322 6.96584 0
    endloop
  endfacet
  facet normal 0 0 -1
    outer loop
      vertex 99 0 0
      vertex 95.8309 7.325 0
      vertex 95.9658 7.13224 0
    endloop
  endfacet
  facet normal 0 0 -1
    outer loop
      vertex 9.16913 7.325 0
      vertex 95.8309 7.325 0
      vertex 99 0 0
    endloop
  endfacet
  facet normal 0 0 -1
    outer loop
      vertex 95.7314 33.5383 0
      vertex 9.35 34 0
      vertex 95.6705 33.7656 0
    endloop
  endfacet
  facet normal 0 0 -1
    outer loop
      vertex 95.6705 7.76557 0
      vertex 9.35 8 0
      vertex 95.65 8 0
    endloop
  endfacet
  facet normal 0 0 -1
    outer loop
      vertex 9.32949 7.76557 0
      vertex 95.6705 7.76557 0
      vertex 95.7314 7.53827 0
    endloop
  endfacet
  facet normal 0 0 -1
    outer loop
      vertex 95.8309 7.325 0
      vertex 9.16913 7.325 0
      vertex 95.7314 7.53827 0
    endloop
  endfacet
  facet normal 0 0 -1
    outer loop
      vertex 95.6705 7.76557 0
      vertex 9.32949 7.76557 0
      vertex 9.35 8 0
    endloop
  endfacet
  facet normal 0 0 -1
    outer loop
      vertex 95.7314 7.53827 0
      vertex 9.26858 7.53827 0
      vertex 9.32949 7.76557 0
    endloop
  endfacet
  facet normal -0 0 -1
    outer loop
      vertex 95.7314 7.53827 0
      vertex 9.16913 7.325 0
      vertex 9.26858 7.53827 0
    endloop
  endfacet
  facet normal 0 0 -1
    outer loop
      vertex 6 0 0
      vertex 9.16913 7.325 0
      vertex 99 0 0
    endloop
  endfacet
  facet normal 0 0 -1
    outer loop
      vertex 9.16913 7.325 0
      vertex 6 0 0
      vertex 9.03416 7.13224 0
    endloop
  endfacet
  facet normal 0 0 -1
    outer loop
      vertex 9.03416 7.13224 0
      vertex 6 0 0
      vertex 8.86776 6.96584 0
    endloop
  endfacet
  facet normal 0 0 -1
    outer loop
      vertex 8.86776 6.96584 0
      vertex 6 0 0
      vertex 8.675 6.83086 0
    endloop
  endfacet
  facet normal 0 0 -1
    outer loop
      vertex 8.675 6.83086 0
      vertex 6 0 0
      vertex 8.46173 6.73141 0
    endloop
  endfacet
  facet normal 0 0 -1
    outer loop
      vertex 8.46173 6.73141 0
      vertex 6 0 0
      vertex 8.23442 6.67051 0
    endloop
  endfacet
  facet normal 0 0 -1
    outer loop
      vertex 1.40373 2.14327 0
      vertex 6.96584 7.13224 0
      vertex 2.14327 1.40373 0
    endloop
  endfacet
  facet normal -0 0 -1
    outer loop
      vertex 7.13224 6.96584 0
      vertex 2.14327 1.40373 0
      vertex 6.96584 7.13224 0
    endloop
  endfacet
  facet normal 0 0 -1
    outer loop
      vertex 2.14327 1.40373 0
      vertex 7.13224 6.96584 0
      vertex 3 0.803847 0
    endloop
  endfacet
  facet normal 0 0 -1
    outer loop
      vertex 3 0.803847 0
      vertex 7.13224 6.96584 0
      vertex 3.94788 0.361844 0
    endloop
  endfacet
  facet normal -0 0 -1
    outer loop
      vertex 7.325 6.83086 0
      vertex 3.94788 0.361844 0
      vertex 7.13224 6.96584 0
    endloop
  endfacet
  facet normal 0 0 -1
    outer loop
      vertex 3.94788 0.361844 0
      vertex 7.325 6.83086 0
      vertex 4.95811 0.0911531 0
    endloop
  endfacet
  facet normal 0 0 -1
    outer loop
      vertex 4.95811 0.0911531 0
      vertex 7.325 6.83086 0
      vertex 6 0 0
    endloop
  endfacet
  facet normal -0 0 -1
    outer loop
      vertex 7.53827 6.73141 0
      vertex 6 0 0
      vertex 7.325 6.83086 0
    endloop
  endfacet
  facet normal -0 0 -1
    outer loop
      vertex 7.76557 6.67051 0
      vertex 6 0 0
      vertex 7.53827 6.73141 0
    endloop
  endfacet
  facet normal -0 0 -1
    outer loop
      vertex 8 6.65 0
      vertex 6 0 0
      vertex 7.76557 6.67051 0
    endloop
  endfacet
  facet normal 0 0 -1
    outer loop
      vertex 8.23442 6.67051 0
      vertex 6 0 0
      vertex 8 6.65 0
    endloop
  endfacet
  facet normal -0 0 -1
    outer loop
      vertex 103.596 39.8567 0
      vertex 98.0342 34.8678 0
      vertex 102.857 40.5963 0
    endloop
  endfacet
  facet normal 0 0 -1
    outer loop
      vertex 97.8678 35.0342 0
      vertex 102.857 40.5963 0
      vertex 98.0342 34.8678 0
    endloop
  endfacet
  facet normal -0 0 -1
    outer loop
      vertex 102.857 40.5963 0
      vertex 97.8678 35.0342 0
      vertex 102 41.1962 0
    endloop
  endfacet
  facet normal -0 0 -1
    outer loop
      vertex 102 41.1962 0
      vertex 97.8678 35.0342 0
      vertex 101.052 41.6382 0
    endloop
  endfacet
  facet normal 0 0 -1
    outer loop
      vertex 97.675 35.1691 0
      vertex 101.052 41.6382 0
      vertex 97.8678 35.0342 0
    endloop
  endfacet
  facet normal -0 0 -1
    outer loop
      vertex 101.052 41.6382 0
      vertex 97.675 35.1691 0
      vertex 100.042 41.9088 0
    endloop
  endfacet
  facet normal -0 0 -1
    outer loop
      vertex 100.042 41.9088 0
      vertex 97.675 35.1691 0
      vertex 99 42 0
    endloop
  endfacet
  facet normal 0 0 -1
    outer loop
      vertex 97.4617 35.2686 0
      vertex 99 42 0
      vertex 97.675 35.1691 0
    endloop
  endfacet
  facet normal 0 0 -1
    outer loop
      vertex 97.2344 35.3295 0
      vertex 99 42 0
      vertex 97.4617 35.2686 0
    endloop
  endfacet
  facet normal 0 0 -1
    outer loop
      vertex 97 35.35 0
      vertex 99 42 0
      vertex 97.2344 35.3295 0
    endloop
  endfacet
  facet normal 0 0 -1
    outer loop
      vertex 96.7656 35.3295 0
      vertex 99 42 0
      vertex 97 35.35 0
    endloop
  endfacet
  facet normal 0 0 -1
    outer loop
      vertex 96.5383 35.2686 0
      vertex 99 42 0
      vertex 96.7656 35.3295 0
    endloop
  endfacet
  facet normal 0 0 -1
    outer loop
      vertex 96.325 35.1691 0
      vertex 99 42 0
      vertex 96.5383 35.2686 0
    endloop
  endfacet
  facet normal 0 0 -1
    outer loop
      vertex 96.1322 35.0342 0
      vertex 99 42 0
      vertex 96.325 35.1691 0
    endloop
  endfacet
  facet normal 0 0 -1
    outer loop
      vertex 95.9658 34.8678 0
      vertex 99 42 0
      vertex 96.1322 35.0342 0
    endloop
  endfacet
  facet normal 0 0 -1
    outer loop
      vertex 95.8309 34.675 0
      vertex 99 42 0
      vertex 95.9658 34.8678 0
    endloop
  endfacet
  facet normal 0 0 -1
    outer loop
      vertex 9.16913 34.675 0
      vertex 95.8309 34.675 0
      vertex 95.7314 34.4617 0
    endloop
  endfacet
  facet normal 0 0 -1
    outer loop
      vertex 95.6705 33.7656 0
      vertex 9.35 34 0
      vertex 95.65 34 0
    endloop
  endfacet
  facet normal 0 0 -1
    outer loop
      vertex 95.65 34 0
      vertex 9.35 34 0
      vertex 95.6705 34.2344 0
    endloop
  endfacet
  facet normal 0 0 -1
    outer loop
      vertex 9.32949 34.2344 0
      vertex 95.6705 34.2344 0
      vertex 9.35 34 0
    endloop
  endfacet
  facet normal 0 0 -1
    outer loop
      vertex 95.6705 34.2344 0
      vertex 9.32949 34.2344 0
      vertex 95.7314 34.4617 0
    endloop
  endfacet
  facet normal 0 0 -1
    outer loop
      vertex 9.26858 34.4617 0
      vertex 95.7314 34.4617 0
      vertex 9.32949 34.2344 0
    endloop
  endfacet
  facet normal 0 0 -1
    outer loop
      vertex 9.16913 34.675 0
      vertex 95.7314 34.4617 0
      vertex 9.26858 34.4617 0
    endloop
  endfacet
  facet normal 0 0 -1
    outer loop
      vertex 95.8309 34.675 0
      vertex 9.16913 34.675 0
      vertex 99 42 0
    endloop
  endfacet
  facet normal 0 0 -1
    outer loop
      vertex 6 42 0
      vertex 9.16913 34.675 0
      vertex 9.03416 34.8678 0
    endloop
  endfacet
  facet normal 0 0 -1
    outer loop
      vertex 6 42 0
      vertex 9.03416 34.8678 0
      vertex 8.86776 35.0342 0
    endloop
  endfacet
  facet normal 0 0 -1
    outer loop
      vertex 6 42 0
      vertex 8.86776 35.0342 0
      vertex 8.675 35.1691 0
    endloop
  endfacet
  facet normal 0 0 -1
    outer loop
      vertex 6 42 0
      vertex 8.675 35.1691 0
      vertex 8.46173 35.2686 0
    endloop
  endfacet
  facet normal 0 0 -1
    outer loop
      vertex 6 42 0
      vertex 8.46173 35.2686 0
      vertex 8.23442 35.3295 0
    endloop
  endfacet
  facet normal 0 0 -1
    outer loop
      vertex 6 42 0
      vertex 8.23442 35.3295 0
      vertex 8 35.35 0
    endloop
  endfacet
  facet normal 0 0 -1
    outer loop
      vertex 9.16913 34.675 0
      vertex 6 42 0
      vertex 99 42 0
    endloop
  endfacet
  facet normal 0 0 -1
    outer loop
      vertex 7.76557 35.3295 0
      vertex 6 42 0
      vertex 8 35.35 0
    endloop
  endfacet
  facet normal 0 0 -1
    outer loop
      vertex 7.53827 35.2686 0
      vertex 6 42 0
      vertex 7.76557 35.3295 0
    endloop
  endfacet
  facet normal 0 0 -1
    outer loop
      vertex 7.325 35.1691 0
      vertex 6 42 0
      vertex 7.53827 35.2686 0
    endloop
  endfacet
  facet normal 0 0 -1
    outer loop
      vertex 3.94788 41.6382 0
      vertex 7.325 35.1691 0
      vertex 7.13224 35.0342 0
    endloop
  endfacet
  facet normal 0 0 -1
    outer loop
      vertex 2.14327 40.5963 0
      vertex 7.13224 35.0342 0
      vertex 6.96584 34.8678 0
    endloop
  endfacet
  facet normal 0 0 -1
    outer loop
      vertex 0.361844 38.0521 0
      vertex 6.96584 34.8678 0
      vertex 6.83086 34.675 0
    endloop
  endfacet
  facet normal 0 0 -1
    outer loop
      vertex 0 36 0
      vertex 6.83086 34.675 0
      vertex 6.73141 34.4617 0
    endloop
  endfacet
  facet normal 0 0 -1
    outer loop
      vertex 0 36 0
      vertex 6.73141 34.4617 0
      vertex 6.67051 34.2344 0
    endloop
  endfacet
  facet normal 0 0 -1
    outer loop
      vertex 0 36 0
      vertex 6.67051 34.2344 0
      vertex 6.65 34 0
    endloop
  endfacet
  facet normal 0 0 -1
    outer loop
      vertex 6.73141 33.5383 0
      vertex 0 36 0
      vertex 6.67051 33.7656 0
    endloop
  endfacet
  facet normal 0 0 -1
    outer loop
      vertex 0.803847 3 0
      vertex 6.96584 7.13224 0
      vertex 1.40373 2.14327 0
    endloop
  endfacet
  facet normal 0 0 -1
    outer loop
      vertex 6.67051 33.7656 0
      vertex 0 36 0
      vertex 6.65 34 0
    endloop
  endfacet
  facet normal 0 0 -1
    outer loop
      vertex 0.361844 3.94788 0
      vertex 6.96584 7.13224 0
      vertex 0.803847 3 0
    endloop
  endfacet
  facet normal 0 0 -1
    outer loop
      vertex 6.83086 34.675 0
      vertex 0 36 0
      vertex 0.0911531 37.0419 0
    endloop
  endfacet
  facet normal -0 0 -1
    outer loop
      vertex 6.96584 7.13224 0
      vertex 0.361844 3.94788 0
      vertex 6.83086 7.325 0
    endloop
  endfacet
  facet normal 0 0 -1
    outer loop
      vertex 7.325 35.1691 0
      vertex 4.95811 41.9088 0
      vertex 6 42 0
    endloop
  endfacet
  facet normal 0 0 -1
    outer loop
      vertex 0.0911531 4.95811 0
      vertex 6.83086 7.325 0
      vertex 0.361844 3.94788 0
    endloop
  endfacet
  facet normal 0 0 -1
    outer loop
      vertex 7.325 35.1691 0
      vertex 3.94788 41.6382 0
      vertex 4.95811 41.9088 0
    endloop
  endfacet
  facet normal 0 0 -1
    outer loop
      vertex 0 6 0
      vertex 6.83086 7.325 0
      vertex 0.0911531 4.95811 0
    endloop
  endfacet
  facet normal 0 0 -1
    outer loop
      vertex 7.13224 35.0342 0
      vertex 3 41.1962 0
      vertex 3.94788 41.6382 0
    endloop
  endfacet
  facet normal -0 0 -1
    outer loop
      vertex 6.83086 7.325 0
      vertex 0 6 0
      vertex 6.73141 7.53827 0
    endloop
  endfacet
  facet normal 0 0 -1
    outer loop
      vertex 7.13224 35.0342 0
      vertex 2.14327 40.5963 0
      vertex 3 41.1962 0
    endloop
  endfacet
  facet normal -0 0 -1
    outer loop
      vertex 6.73141 7.53827 0
      vertex 0 6 0
      vertex 6.67051 7.76557 0
    endloop
  endfacet
  facet normal 0 0 -1
    outer loop
      vertex 6.96584 34.8678 0
      vertex 1.40373 39.8567 0
      vertex 2.14327 40.5963 0
    endloop
  endfacet
  facet normal -0 0 -1
    outer loop
      vertex 6.67051 7.76557 0
      vertex 0 6 0
      vertex 6.65 8 0
    endloop
  endfacet
  facet normal 0 0 -1
    outer loop
      vertex 6.96584 34.8678 0
      vertex 0.803847 39 0
      vertex 1.40373 39.8567 0
    endloop
  endfacet
  facet normal 0 0 -1
    outer loop
      vertex 6.96584 34.8678 0
      vertex 0.361844 38.0521 0
      vertex 0.803847 39 0
    endloop
  endfacet
  facet normal 0 0 -1
    outer loop
      vertex 6.83086 34.675 0
      vertex 0.0911531 37.0419 0
      vertex 0.361844 38.0521 0
    endloop
  endfacet
  facet normal -0.996195 -0.0871553 0
    outer loop
      vertex 0.0911531 4.95811 0
      vertex 0 6 27
      vertex 0 6 0
    endloop
  endfacet
  facet normal -0.996195 -0.0871553 0
    outer loop
      vertex 0 6 27
      vertex 0.0911531 4.95811 0
      vertex 0.0911531 4.95811 27
    endloop
  endfacet
  facet normal 0 1 -0
    outer loop
      vertex 99 42 0
      vertex 6 42 27
      vertex 99 42 27
    endloop
  endfacet
  facet normal 0 1 0
    outer loop
      vertex 6 42 27
      vertex 99 42 0
      vertex 6 42 0
    endloop
  endfacet
  facet normal 0.96585 0.259102 0
    outer loop
      vertex 104.909 37.0419 27
      vertex 104.638 38.0521 0
      vertex 104.638 38.0521 27
    endloop
  endfacet
  facet normal 0.96585 0.259102 0
    outer loop
      vertex 104.638 38.0521 0
      vertex 104.909 37.0419 27
      vertex 104.909 37.0419 0
    endloop
  endfacet
  facet normal 0.0871462 -0.996196 0
    outer loop
      vertex 99 0 0
      vertex 100.042 0.0911531 27
      vertex 99 0 27
    endloop
  endfacet
  facet normal 0.0871462 -0.996196 0
    outer loop
      vertex 100.042 0.0911531 27
      vertex 99 0 0
      vertex 100.042 0.0911531 0
    endloop
  endfacet
  facet normal 0.258875 -0.965911 0
    outer loop
      vertex 100.042 0.0911531 0
      vertex 101.052 0.361844 27
      vertex 100.042 0.0911531 27
    endloop
  endfacet
  facet normal 0.258875 -0.965911 0
    outer loop
      vertex 101.052 0.361844 27
      vertex 100.042 0.0911531 0
      vertex 101.052 0.361844 0
    endloop
  endfacet
  facet normal 0.996207 -0.08701 0
    outer loop
      vertex 104.909 4.95811 27
      vertex 105 6 0
      vertex 105 6 27
    endloop
  endfacet
  facet normal 0.996207 -0.08701 0
    outer loop
      vertex 105 6 0
      vertex 104.909 4.95811 27
      vertex 104.909 4.95811 0
    endloop
  endfacet
  facet normal 0.707365 -0.706848 0
    outer loop
      vertex 102.857 1.40373 27
      vertex 103.596 2.14327 0
      vertex 103.596 2.14327 27
    endloop
  endfacet
  facet normal 0.707365 -0.706848 0
    outer loop
      vertex 103.596 2.14327 0
      vertex 102.857 1.40373 27
      vertex 102.857 1.40373 0
    endloop
  endfacet
  facet normal 0.819102 -0.573648 0
    outer loop
      vertex 103.596 2.14327 27
      vertex 104.196 3 0
      vertex 104.196 3 27
    endloop
  endfacet
  facet normal 0.819102 -0.573648 0
    outer loop
      vertex 104.196 3 0
      vertex 103.596 2.14327 27
      vertex 103.596 2.14327 0
    endloop
  endfacet
  facet normal 0.422574 -0.906329 0
    outer loop
      vertex 101.052 0.361844 0
      vertex 102 0.803847 27
      vertex 101.052 0.361844 27
    endloop
  endfacet
  facet normal 0.422574 -0.906329 0
    outer loop
      vertex 102 0.803847 27
      vertex 101.052 0.361844 0
      vertex 102 0.803847 0
    endloop
  endfacet
  facet normal -0.965926 -0.25882 0
    outer loop
      vertex 0.361844 3.94788 0
      vertex 0.0911531 4.95811 27
      vertex 0.0911531 4.95811 0
    endloop
  endfacet
  facet normal -0.965926 -0.25882 0
    outer loop
      vertex 0.0911531 4.95811 27
      vertex 0.361844 3.94788 0
      vertex 0.361844 3.94788 27
    endloop
  endfacet
  facet normal -0.819145 0.573586 0
    outer loop
      vertex 0.803847 39 0
      vertex 1.40373 39.8567 27
      vertex 1.40373 39.8567 0
    endloop
  endfacet
  facet normal -0.819145 0.573586 0
    outer loop
      vertex 1.40373 39.8567 27
      vertex 0.803847 39 0
      vertex 0.803847 39 27
    endloop
  endfacet
  facet normal -0.422615 0.906309 0
    outer loop
      vertex 3.94788 41.6382 0
      vertex 3 41.1962 27
      vertex 3.94788 41.6382 27
    endloop
  endfacet
  facet normal -0.422615 0.906309 0
    outer loop
      vertex 3 41.1962 27
      vertex 3.94788 41.6382 0
      vertex 3 41.1962 0
    endloop
  endfacet
  facet normal -0.573584 0.819147 0
    outer loop
      vertex 3 41.1962 0
      vertex 2.14327 40.5963 27
      vertex 3 41.1962 27
    endloop
  endfacet
  facet normal -0.573584 0.819147 0
    outer loop
      vertex 2.14327 40.5963 27
      vertex 3 41.1962 0
      vertex 2.14327 40.5963 0
    endloop
  endfacet
  facet normal -0.906311 0.42261 0
    outer loop
      vertex 0.361844 38.0521 0
      vertex 0.803847 39 27
      vertex 0.803847 39 0
    endloop
  endfacet
  facet normal -0.906311 0.42261 0
    outer loop
      vertex 0.803847 39 27
      vertex 0.361844 38.0521 0
      vertex 0.361844 38.0521 27
    endloop
  endfacet
  facet normal -1 0 0
    outer loop
      vertex 0 36 0
      vertex 0 26 13.5
      vertex 0 36 27
    endloop
  endfacet
  facet normal -1 0 0
    outer loop
      vertex 0 36 0
      vertex 0 25.924 12.6318
      vertex 0 26 13.5
    endloop
  endfacet
  facet normal -1 0 0
    outer loop
      vertex 0 36 0
      vertex 0 25.6985 11.7899
      vertex 0 25.924 12.6318
    endloop
  endfacet
  facet normal -1 0 0
    outer loop
      vertex 0 36 0
      vertex 0 25.3301 11
      vertex 0 25.6985 11.7899
    endloop
  endfacet
  facet normal -1 0 0
    outer loop
      vertex 0 36 0
      vertex 0 24.8302 10.2861
      vertex 0 25.3301 11
    endloop
  endfacet
  facet normal -1 0 0
    outer loop
      vertex 0 36 0
      vertex 0 24.2139 9.66978
      vertex 0 24.8302 10.2861
    endloop
  endfacet
  facet normal -1 0 0
    outer loop
      vertex 0 36 0
      vertex 0 23.5 9.16987
      vertex 0 24.2139 9.66978
    endloop
  endfacet
  facet normal -1 0 0
    outer loop
      vertex 0 36 0
      vertex 0 22.7101 8.80154
      vertex 0 23.5 9.16987
    endloop
  endfacet
  facet normal -1 0 0
    outer loop
      vertex 0 36 0
      vertex 0 21.8682 8.57596
      vertex 0 22.7101 8.80154
    endloop
  endfacet
  facet normal -1 0 0
    outer loop
      vertex 0 36 0
      vertex 0 21 8.5
      vertex 0 21.8682 8.57596
    endloop
  endfacet
  facet normal -1 0 0
    outer loop
      vertex 0 6 0
      vertex 0 21 8.5
      vertex 0 36 0
    endloop
  endfacet
  facet normal -1 -0 0
    outer loop
      vertex 0 21 8.5
      vertex 0 6 0
      vertex 0 20.1318 8.57596
    endloop
  endfacet
  facet normal -1 -0 0
    outer loop
      vertex 0 20.1318 8.57596
      vertex 0 6 0
      vertex 0 19.2899 8.80154
    endloop
  endfacet
  facet normal -1 -0 0
    outer loop
      vertex 0 16.076 12.6318
      vertex 0 6 0
      vertex 0 16 13.5
    endloop
  endfacet
  facet normal -1 -0 0
    outer loop
      vertex 0 16.3015 11.7899
      vertex 0 6 0
      vertex 0 16.076 12.6318
    endloop
  endfacet
  facet normal -1 -0 0
    outer loop
      vertex 0 16.6699 11
      vertex 0 6 0
      vertex 0 16.3015 11.7899
    endloop
  endfacet
  facet normal -1 -0 0
    outer loop
      vertex 0 17.1698 10.2861
      vertex 0 6 0
      vertex 0 16.6699 11
    endloop
  endfacet
  facet normal -1 -0 0
    outer loop
      vertex 0 17.7861 9.66978
      vertex 0 6 0
      vertex 0 17.1698 10.2861
    endloop
  endfacet
  facet normal -1 -0 0
    outer loop
      vertex 0 18.5 9.16987
      vertex 0 6 0
      vertex 0 17.7861 9.66978
    endloop
  endfacet
  facet normal -1 -0 0
    outer loop
      vertex 0 19.2899 8.80154
      vertex 0 6 0
      vertex 0 18.5 9.16987
    endloop
  endfacet
  facet normal -1 0 0
    outer loop
      vertex 0 25.924 14.3682
      vertex 0 36 27
      vertex 0 26 13.5
    endloop
  endfacet
  facet normal -1 0 0
    outer loop
      vertex 0 25.6985 15.2101
      vertex 0 36 27
      vertex 0 25.924 14.3682
    endloop
  endfacet
  facet normal -1 0 0
    outer loop
      vertex 0 25.3301 16
      vertex 0 36 27
      vertex 0 25.6985 15.2101
    endloop
  endfacet
  facet normal -1 0 0
    outer loop
      vertex 0 24.8302 16.7139
      vertex 0 36 27
      vertex 0 25.3301 16
    endloop
  endfacet
  facet normal -1 0 0
    outer loop
      vertex 0 24.2139 17.3302
      vertex 0 36 27
      vertex 0 24.8302 16.7139
    endloop
  endfacet
  facet normal -1 0 0
    outer loop
      vertex 0 23.5 17.8301
      vertex 0 36 27
      vertex 0 24.2139 17.3302
    endloop
  endfacet
  facet normal -1 0 0
    outer loop
      vertex 0 22.7101 18.1985
      vertex 0 36 27
      vertex 0 23.5 17.8301
    endloop
  endfacet
  facet normal -1 0 0
    outer loop
      vertex 0 21.8682 18.424
      vertex 0 36 27
      vertex 0 22.7101 18.1985
    endloop
  endfacet
  facet normal -1 0 0
    outer loop
      vertex 0 21 18.5
      vertex 0 36 27
      vertex 0 21.8682 18.424
    endloop
  endfacet
  facet normal -1 0 0
    outer loop
      vertex 0 6 27
      vertex 0 21 18.5
      vertex 0 20.1318 18.424
    endloop
  endfacet
  facet normal -1 0 0
    outer loop
      vertex 0 6 27
      vertex 0 20.1318 18.424
      vertex 0 19.2899 18.1985
    endloop
  endfacet
  facet normal -1 0 0
    outer loop
      vertex 0 6 27
      vertex 0 19.2899 18.1985
      vertex 0 18.5 17.8301
    endloop
  endfacet
  facet normal -1 0 0
    outer loop
      vertex 0 6 27
      vertex 0 16 13.5
      vertex 0 6 0
    endloop
  endfacet
  facet normal -1 0 0
    outer loop
      vertex 0 16 13.5
      vertex 0 6 27
      vertex 0 16.076 14.3682
    endloop
  endfacet
  facet normal -1 0 0
    outer loop
      vertex 0 16.076 14.3682
      vertex 0 6 27
      vertex 0 16.3015 15.2101
    endloop
  endfacet
  facet normal -1 0 0
    outer loop
      vertex 0 21 18.5
      vertex 0 6 27
      vertex 0 36 27
    endloop
  endfacet
  facet normal -1 0 0
    outer loop
      vertex 0 17.7861 17.3302
      vertex 0 6 27
      vertex 0 18.5 17.8301
    endloop
  endfacet
  facet normal -1 0 0
    outer loop
      vertex 0 17.1698 16.7139
      vertex 0 6 27
      vertex 0 17.7861 17.3302
    endloop
  endfacet
  facet normal -1 0 0
    outer loop
      vertex 0 16.6699 16
      vertex 0 6 27
      vertex 0 17.1698 16.7139
    endloop
  endfacet
  facet normal -1 0 0
    outer loop
      vertex 0 16.3015 15.2101
      vertex 0 6 27
      vertex 0 16.6699 16
    endloop
  endfacet
  facet normal -0.996195 0.0871545 0
    outer loop
      vertex 0 36 0
      vertex 0.0911531 37.0419 27
      vertex 0.0911531 37.0419 0
    endloop
  endfacet
  facet normal -0.996195 0.0871545 0
    outer loop
      vertex 0.0911531 37.0419 27
      vertex 0 36 0
      vertex 0 36 27
    endloop
  endfacet
  facet normal -0.258738 0.965947 0
    outer loop
      vertex 4.95811 41.9088 0
      vertex 3.94788 41.6382 27
      vertex 4.95811 41.9088 27
    endloop
  endfacet
  facet normal -0.258738 0.965947 0
    outer loop
      vertex 3.94788 41.6382 27
      vertex 4.95811 41.9088 0
      vertex 3.94788 41.6382 0
    endloop
  endfacet
  facet normal -0.0871998 0.996191 0
    outer loop
      vertex 6 42 0
      vertex 4.95811 41.9088 27
      vertex 6 42 27
    endloop
  endfacet
  facet normal -0.0871998 0.996191 0
    outer loop
      vertex 4.95811 41.9088 27
      vertex 6 42 0
      vertex 4.95811 41.9088 0
    endloop
  endfacet
  facet normal 0.819093 0.573661 0
    outer loop
      vertex 104.196 39 27
      vertex 103.596 39.8567 0
      vertex 103.596 39.8567 27
    endloop
  endfacet
  facet normal 0.819093 0.573661 0
    outer loop
      vertex 103.596 39.8567 0
      vertex 104.196 39 27
      vertex 104.196 39 0
    endloop
  endfacet
  facet normal 0.258793 0.965933 -0
    outer loop
      vertex 101.052 41.6382 0
      vertex 100.042 41.9088 27
      vertex 101.052 41.6382 27
    endloop
  endfacet
  facet normal 0.258793 0.965933 0
    outer loop
      vertex 100.042 41.9088 27
      vertex 101.052 41.6382 0
      vertex 100.042 41.9088 0
    endloop
  endfacet
  facet normal 0.422571 0.90633 -0
    outer loop
      vertex 102 41.1962 0
      vertex 101.052 41.6382 27
      vertex 102 41.1962 27
    endloop
  endfacet
  facet normal 0.422571 0.90633 0
    outer loop
      vertex 101.052 41.6382 27
      vertex 102 41.1962 0
      vertex 101.052 41.6382 0
    endloop
  endfacet
  facet normal 0.707394 0.70682 0
    outer loop
      vertex 103.596 39.8567 27
      vertex 102.857 40.5963 0
      vertex 102.857 40.5963 27
    endloop
  endfacet
  facet normal 0.707394 0.70682 0
    outer loop
      vertex 102.857 40.5963 0
      vertex 103.596 39.8567 27
      vertex 103.596 39.8567 0
    endloop
  endfacet
  facet normal 0.906313 0.422608 0
    outer loop
      vertex 104.638 38.0521 27
      vertex 104.196 39 0
      vertex 104.196 39 27
    endloop
  endfacet
  facet normal 0.906313 0.422608 0
    outer loop
      vertex 104.196 39 0
      vertex 104.638 38.0521 27
      vertex 104.638 38.0521 0
    endloop
  endfacet
  facet normal 1 -0 0
    outer loop
      vertex 105 6 27
      vertex 105 36 0
      vertex 105 36 27
    endloop
  endfacet
  facet normal 1 0 0
    outer loop
      vertex 105 36 0
      vertex 105 6 27
      vertex 105 6 0
    endloop
  endfacet
  facet normal 0.573451 -0.81924 0
    outer loop
      vertex 102 0.803847 0
      vertex 102.857 1.40373 27
      vertex 102 0.803847 27
    endloop
  endfacet
  facet normal 0.573451 -0.81924 0
    outer loop
      vertex 102.857 1.40373 27
      vertex 102 0.803847 0
      vertex 102.857 1.40373 0
    endloop
  endfacet
  facet normal 0.906309 -0.422615 0
    outer loop
      vertex 104.196 3 27
      vertex 104.638 3.94788 0
      vertex 104.638 3.94788 27
    endloop
  endfacet
  facet normal 0.906309 -0.422615 0
    outer loop
      vertex 104.638 3.94788 0
      vertex 104.196 3 27
      vertex 104.196 3 0
    endloop
  endfacet
  facet normal -0.707135 0.707078 0
    outer loop
      vertex 1.40373 39.8567 0
      vertex 2.14327 40.5963 27
      vertex 2.14327 40.5963 0
    endloop
  endfacet
  facet normal -0.707135 0.707078 0
    outer loop
      vertex 2.14327 40.5963 27
      vertex 1.40373 39.8567 0
      vertex 1.40373 39.8567 27
    endloop
  endfacet
  facet normal 0.573462 0.819232 -0
    outer loop
      vertex 102.857 40.5963 0
      vertex 102 41.1962 27
      vertex 102.857 40.5963 27
    endloop
  endfacet
  facet normal 0.573462 0.819232 0
    outer loop
      vertex 102 41.1962 27
      vertex 102.857 40.5963 0
      vertex 102 41.1962 0
    endloop
  endfacet
  facet normal -0.0871553 -0.996195 0
    outer loop
      vertex 4.95811 0.0911531 0
      vertex 6 0 27
      vertex 4.95811 0.0911531 27
    endloop
  endfacet
  facet normal -0.0871553 -0.996195 -0
    outer loop
      vertex 6 0 27
      vertex 4.95811 0.0911531 0
      vertex 6 0 0
    endloop
  endfacet
  facet normal -0.25882 -0.965926 0
    outer loop
      vertex 3.94788 0.361844 0
      vertex 4.95811 0.0911531 27
      vertex 3.94788 0.361844 27
    endloop
  endfacet
  facet normal -0.25882 -0.965926 -0
    outer loop
      vertex 4.95811 0.0911531 27
      vertex 3.94788 0.361844 0
      vertex 4.95811 0.0911531 0
    endloop
  endfacet
  facet normal -0.906308 -0.422618 0
    outer loop
      vertex 0.803847 3 0
      vertex 0.361844 3.94788 27
      vertex 0.361844 3.94788 0
    endloop
  endfacet
  facet normal -0.906308 -0.422618 0
    outer loop
      vertex 0.361844 3.94788 27
      vertex 0.803847 3 0
      vertex 0.803847 3 27
    endloop
  endfacet
  facet normal -0.707107 -0.707107 0
    outer loop
      vertex 2.14327 1.40373 0
      vertex 1.40373 2.14327 27
      vertex 1.40373 2.14327 0
    endloop
  endfacet
  facet normal -0.707107 -0.707107 0
    outer loop
      vertex 1.40373 2.14327 27
      vertex 2.14327 1.40373 0
      vertex 2.14327 1.40373 27
    endloop
  endfacet
  facet normal 0.965852 -0.259095 0
    outer loop
      vertex 104.638 3.94788 27
      vertex 104.909 4.95811 0
      vertex 104.909 4.95811 27
    endloop
  endfacet
  facet normal 0.965852 -0.259095 0
    outer loop
      vertex 104.909 4.95811 0
      vertex 104.638 3.94788 27
      vertex 104.638 3.94788 0
    endloop
  endfacet
  facet normal -0.422618 -0.906308 0
    outer loop
      vertex 3 0.803847 0
      vertex 3.94788 0.361844 27
      vertex 3 0.803847 27
    endloop
  endfacet
  facet normal -0.422618 -0.906308 -0
    outer loop
      vertex 3.94788 0.361844 27
      vertex 3 0.803847 0
      vertex 3.94788 0.361844 0
    endloop
  endfacet
  facet normal -0.573573 -0.819155 0
    outer loop
      vertex 2.14327 1.40373 0
      vertex 3 0.803847 27
      vertex 2.14327 1.40373 27
    endloop
  endfacet
  facet normal -0.573573 -0.819155 -0
    outer loop
      vertex 3 0.803847 27
      vertex 2.14327 1.40373 0
      vertex 3 0.803847 0
    endloop
  endfacet
  facet normal 0.996195 -0.0871563 0
    outer loop
      vertex 3 35 27
      vertex 3.06077 35.6946 3
      vertex 3.06077 35.6946 27
    endloop
  endfacet
  facet normal 0.996195 -0.0871563 0
    outer loop
      vertex 3.06077 35.6946 3
      vertex 3 35 27
      vertex 3 35 3
    endloop
  endfacet
  facet normal -0.422666 -0.906286 0
    outer loop
      vertex 99.3681 38.7588 3
      vertex 100 38.4641 27
      vertex 99.3681 38.7588 27
    endloop
  endfacet
  facet normal -0.422666 -0.906286 -0
    outer loop
      vertex 100 38.4641 27
      vertex 99.3681 38.7588 3
      vertex 100 38.4641 3
    endloop
  endfacet
  facet normal 0 -1 0
    outer loop
      vertex 7 39 3
      vertex 98 39 27
      vertex 7 39 27
    endloop
  endfacet
  facet normal 0 -1 -0
    outer loop
      vertex 98 39 27
      vertex 7 39 3
      vertex 98 39 3
    endloop
  endfacet
  facet normal 0.573554 -0.819168 0
    outer loop
      vertex 4.42885 38.0642 3
      vertex 5 38.4641 27
      vertex 4.42885 38.0642 27
    endloop
  endfacet
  facet normal 0.573554 -0.819168 0
    outer loop
      vertex 5 38.4641 27
      vertex 4.42885 38.0642 3
      vertex 5 38.4641 3
    endloop
  endfacet
  facet normal 0.0871575 0.996195 -0
    outer loop
      vertex 7 3 3
      vertex 6.30541 3.06077 27
      vertex 7 3 27
    endloop
  endfacet
  facet normal 0.0871575 0.996195 0
    outer loop
      vertex 6.30541 3.06077 27
      vertex 7 3 3
      vertex 6.30541 3.06077 3
    endloop
  endfacet
  facet normal 0 1 -0
    outer loop
      vertex 35.0766 3 20.1058
      vertex 7 3 27
      vertex 68.9234 3 20.1058
    endloop
  endfacet
  facet normal 0 1 0
    outer loop
      vertex 7 3 27
      vertex 35.0766 3 20.1058
      vertex 34 3 20.2
    endloop
  endfacet
  facet normal 0 1 -0
    outer loop
      vertex 67.8795 3 19.8261
      vertex 35.0766 3 20.1058
      vertex 68.9234 3 20.1058
    endloop
  endfacet
  facet normal 0 1 0
    outer loop
      vertex 67.8795 3 19.8261
      vertex 36.1205 3 19.8261
      vertex 35.0766 3 20.1058
    endloop
  endfacet
  facet normal 0 1 -0
    outer loop
      vertex 66.9 3 19.3694
      vertex 36.1205 3 19.8261
      vertex 67.8795 3 19.8261
    endloop
  endfacet
  facet normal 0 1 0
    outer loop
      vertex 66.9 3 19.3694
      vertex 37.1 3 19.3694
      vertex 36.1205 3 19.8261
    endloop
  endfacet
  facet normal 0 1 -0
    outer loop
      vertex 66.0147 3 18.7495
      vertex 37.1 3 19.3694
      vertex 66.9 3 19.3694
    endloop
  endfacet
  facet normal 0 1 0
    outer loop
      vertex 66.0147 3 18.7495
      vertex 37.9853 3 18.7495
      vertex 37.1 3 19.3694
    endloop
  endfacet
  facet normal 0 1 -0
    outer loop
      vertex 65.2505 3 17.9853
      vertex 37.9853 3 18.7495
      vertex 66.0147 3 18.7495
    endloop
  endfacet
  facet normal 0 1 0
    outer loop
      vertex 65.2505 3 17.9853
      vertex 38.7495 3 17.9853
      vertex 37.9853 3 18.7495
    endloop
  endfacet
  facet normal 0 1 -0
    outer loop
      vertex 64.6306 3 17.1
      vertex 38.7495 3 17.9853
      vertex 65.2505 3 17.9853
    endloop
  endfacet
  facet normal 0 1 0
    outer loop
      vertex 64.6306 3 17.1
      vertex 39.3694 3 17.1
      vertex 38.7495 3 17.9853
    endloop
  endfacet
  facet normal 0 1 -0
    outer loop
      vertex 64.1739 3 16.1205
      vertex 39.3694 3 17.1
      vertex 64.6306 3 17.1
    endloop
  endfacet
  facet normal 0 1 0
    outer loop
      vertex 64.1739 3 16.1205
      vertex 39.8261 3 16.1205
      vertex 39.3694 3 17.1
    endloop
  endfacet
  facet normal 0 1 -0
    outer loop
      vertex 63.8942 3 15.0766
      vertex 39.8261 3 16.1205
      vertex 64.1739 3 16.1205
    endloop
  endfacet
  facet normal 0 1 0
    outer loop
      vertex 63.8942 3 15.0766
      vertex 40.1058 3 15.0766
      vertex 39.8261 3 16.1205
    endloop
  endfacet
  facet normal 0 1 -0
    outer loop
      vertex 63.8 3 14
      vertex 40.1058 3 15.0766
      vertex 63.8942 3 15.0766
    endloop
  endfacet
  facet normal 0 1 0
    outer loop
      vertex 63.8 3 14
      vertex 40.2 3 14
      vertex 40.1058 3 15.0766
    endloop
  endfacet
  facet normal 0 1 0
    outer loop
      vertex 63.8942 3 12.9234
      vertex 40.2 3 14
      vertex 63.8 3 14
    endloop
  endfacet
  facet normal 0 1 0
    outer loop
      vertex 63.8942 3 12.9234
      vertex 40.1058 3 12.9234
      vertex 40.2 3 14
    endloop
  endfacet
  facet normal 0 1 0
    outer loop
      vertex 64.1739 3 11.8795
      vertex 40.1058 3 12.9234
      vertex 63.8942 3 12.9234
    endloop
  endfacet
  facet normal 0 1 0
    outer loop
      vertex 64.1739 3 11.8795
      vertex 39.8261 3 11.8795
      vertex 40.1058 3 12.9234
    endloop
  endfacet
  facet normal 0 1 0
    outer loop
      vertex 64.6306 3 10.9
      vertex 39.8261 3 11.8795
      vertex 64.1739 3 11.8795
    endloop
  endfacet
  facet normal 0 1 0
    outer loop
      vertex 64.6306 3 10.9
      vertex 39.3694 3 10.9
      vertex 39.8261 3 11.8795
    endloop
  endfacet
  facet normal 0 1 0
    outer loop
      vertex 65.2505 3 10.0147
      vertex 39.3694 3 10.9
      vertex 64.6306 3 10.9
    endloop
  endfacet
  facet normal 0 1 0
    outer loop
      vertex 65.2505 3 10.0147
      vertex 38.7495 3 10.0147
      vertex 39.3694 3 10.9
    endloop
  endfacet
  facet normal 0 1 0
    outer loop
      vertex 66.0147 3 9.25052
      vertex 38.7495 3 10.0147
      vertex 65.2505 3 10.0147
    endloop
  endfacet
  facet normal 0 1 0
    outer loop
      vertex 66.0147 3 9.25052
      vertex 37.9853 3 9.25052
      vertex 38.7495 3 10.0147
    endloop
  endfacet
  facet normal 0 1 0
    outer loop
      vertex 66.9 3 8.63064
      vertex 37.9853 3 9.25052
      vertex 66.0147 3 9.25052
    endloop
  endfacet
  facet normal 0 1 0
    outer loop
      vertex 66.9 3 8.63064
      vertex 37.1 3 8.63064
      vertex 37.9853 3 9.25052
    endloop
  endfacet
  facet normal 0 1 0
    outer loop
      vertex 67.8795 3 8.17391
      vertex 37.1 3 8.63064
      vertex 66.9 3 8.63064
    endloop
  endfacet
  facet normal 0 1 0
    outer loop
      vertex 67.8795 3 8.17391
      vertex 36.1205 3 8.17391
      vertex 37.1 3 8.63064
    endloop
  endfacet
  facet normal 0 1 0
    outer loop
      vertex 68.9234 3 7.89419
      vertex 36.1205 3 8.17391
      vertex 67.8795 3 8.17391
    endloop
  endfacet
  facet normal 0 1 0
    outer loop
      vertex 68.9234 3 7.89419
      vertex 35.0766 3 7.89419
      vertex 36.1205 3 8.17391
    endloop
  endfacet
  facet normal 0 1 0
    outer loop
      vertex 70 3 7.8
      vertex 35.0766 3 7.89419
      vertex 68.9234 3 7.89419
    endloop
  endfacet
  facet normal 0 1 0
    outer loop
      vertex 35.0766 3 7.89419
      vertex 70 3 7.8
      vertex 34 3 7.8
    endloop
  endfacet
  facet normal 0 1 0
    outer loop
      vertex 68.9234 3 20.1058
      vertex 98 3 27
      vertex 70 3 20.2
    endloop
  endfacet
  facet normal 0 1 0
    outer loop
      vertex 98 3 27
      vertex 71.0766 3 20.1058
      vertex 70 3 20.2
    endloop
  endfacet
  facet normal 0 1 0
    outer loop
      vertex 98 3 27
      vertex 72.1205 3 19.8261
      vertex 71.0766 3 20.1058
    endloop
  endfacet
  facet normal 0 1 0
    outer loop
      vertex 98 3 27
      vertex 73.1 3 19.3694
      vertex 72.1205 3 19.8261
    endloop
  endfacet
  facet normal 0 1 0
    outer loop
      vertex 98 3 27
      vertex 73.9853 3 18.7495
      vertex 73.1 3 19.3694
    endloop
  endfacet
  facet normal 0 1 0
    outer loop
      vertex 98 3 27
      vertex 74.7495 3 17.9853
      vertex 73.9853 3 18.7495
    endloop
  endfacet
  facet normal 0 1 0
    outer loop
      vertex 98 3 27
      vertex 75.3694 3 17.1
      vertex 74.7495 3 17.9853
    endloop
  endfacet
  facet normal 0 1 0
    outer loop
      vertex 98 3 27
      vertex 75.8261 3 16.1205
      vertex 75.3694 3 17.1
    endloop
  endfacet
  facet normal 0 1 0
    outer loop
      vertex 98 3 27
      vertex 76.1058 3 15.0766
      vertex 75.8261 3 16.1205
    endloop
  endfacet
  facet normal 0 1 0
    outer loop
      vertex 98 3 27
      vertex 76.2 3 14
      vertex 76.1058 3 15.0766
    endloop
  endfacet
  facet normal 0 1 -0
    outer loop
      vertex 98 3 3
      vertex 76.2 3 14
      vertex 98 3 27
    endloop
  endfacet
  facet normal 0 1 0
    outer loop
      vertex 76.2 3 14
      vertex 98 3 3
      vertex 76.1058 3 12.9234
    endloop
  endfacet
  facet normal 0 1 0
    outer loop
      vertex 76.1058 3 12.9234
      vertex 98 3 3
      vertex 75.8261 3 11.8795
    endloop
  endfacet
  facet normal 0 1 0
    outer loop
      vertex 75.8261 3 11.8795
      vertex 98 3 3
      vertex 75.3694 3 10.9
    endloop
  endfacet
  facet normal 0 1 0
    outer loop
      vertex 75.3694 3 10.9
      vertex 98 3 3
      vertex 74.7495 3 10.0147
    endloop
  endfacet
  facet normal 0 1 0
    outer loop
      vertex 70 3 7.8
      vertex 98 3 3
      vertex 34 3 7.8
    endloop
  endfacet
  facet normal 0 1 0
    outer loop
      vertex 71.0766 3 7.89419
      vertex 98 3 3
      vertex 70 3 7.8
    endloop
  endfacet
  facet normal 0 1 0
    outer loop
      vertex 72.1205 3 8.17391
      vertex 98 3 3
      vertex 71.0766 3 7.89419
    endloop
  endfacet
  facet normal 0 1 0
    outer loop
      vertex 73.1 3 8.63064
      vertex 98 3 3
      vertex 72.1205 3 8.17391
    endloop
  endfacet
  facet normal 0 1 0
    outer loop
      vertex 73.9853 3 9.25052
      vertex 98 3 3
      vertex 73.1 3 8.63064
    endloop
  endfacet
  facet normal 0 1 0
    outer loop
      vertex 74.7495 3 10.0147
      vertex 98 3 3
      vertex 73.9853 3 9.25052
    endloop
  endfacet
  facet normal 0 1 0
    outer loop
      vertex 98 3 27
      vertex 68.9234 3 20.1058
      vertex 7 3 27
    endloop
  endfacet
  facet normal 0 1 -0
    outer loop
      vertex 32.9234 3 20.1058
      vertex 7 3 27
      vertex 34 3 20.2
    endloop
  endfacet
  facet normal 0 1 -0
    outer loop
      vertex 31.8795 3 19.8261
      vertex 7 3 27
      vertex 32.9234 3 20.1058
    endloop
  endfacet
  facet normal 0 1 -0
    outer loop
      vertex 30.9 3 19.3694
      vertex 7 3 27
      vertex 31.8795 3 19.8261
    endloop
  endfacet
  facet normal 0 1 -0
    outer loop
      vertex 30.0147 3 18.7495
      vertex 7 3 27
      vertex 30.9 3 19.3694
    endloop
  endfacet
  facet normal 0 1 -0
    outer loop
      vertex 29.2505 3 17.9853
      vertex 7 3 27
      vertex 30.0147 3 18.7495
    endloop
  endfacet
  facet normal 0 1 -0
    outer loop
      vertex 28.6306 3 17.1
      vertex 7 3 27
      vertex 29.2505 3 17.9853
    endloop
  endfacet
  facet normal 0 1 -0
    outer loop
      vertex 28.1739 3 16.1205
      vertex 7 3 27
      vertex 28.6306 3 17.1
    endloop
  endfacet
  facet normal 0 1 -0
    outer loop
      vertex 27.8942 3 15.0766
      vertex 7 3 27
      vertex 28.1739 3 16.1205
    endloop
  endfacet
  facet normal 0 1 -0
    outer loop
      vertex 27.8 3 14
      vertex 7 3 27
      vertex 27.8942 3 15.0766
    endloop
  endfacet
  facet normal 0 1 0
    outer loop
      vertex 7 3 3
      vertex 27.8 3 14
      vertex 27.8942 3 12.9234
    endloop
  endfacet
  facet normal 0 1 0
    outer loop
      vertex 7 3 3
      vertex 27.8942 3 12.9234
      vertex 28.1739 3 11.8795
    endloop
  endfacet
  facet normal 0 1 0
    outer loop
      vertex 7 3 3
      vertex 28.1739 3 11.8795
      vertex 28.6306 3 10.9
    endloop
  endfacet
  facet normal 0 1 0
    outer loop
      vertex 7 3 3
      vertex 28.6306 3 10.9
      vertex 29.2505 3 10.0147
    endloop
  endfacet
  facet normal 0 1 0
    outer loop
      vertex 7 3 3
      vertex 29.2505 3 10.0147
      vertex 30.0147 3 9.25052
    endloop
  endfacet
  facet normal 0 1 0
    outer loop
      vertex 27.8 3 14
      vertex 7 3 3
      vertex 7 3 27
    endloop
  endfacet
  facet normal 0 1 0
    outer loop
      vertex 30.9 3 8.63064
      vertex 7 3 3
      vertex 30.0147 3 9.25052
    endloop
  endfacet
  facet normal 0 1 0
    outer loop
      vertex 31.8795 3 8.17391
      vertex 7 3 3
      vertex 30.9 3 8.63064
    endloop
  endfacet
  facet normal 0 1 0
    outer loop
      vertex 32.9234 3 7.89419
      vertex 7 3 3
      vertex 31.8795 3 8.17391
    endloop
  endfacet
  facet normal 0 1 0
    outer loop
      vertex 34 3 7.8
      vertex 7 3 3
      vertex 32.9234 3 7.89419
    endloop
  endfacet
  facet normal 0 1 0
    outer loop
      vertex 7 3 3
      vertex 34 3 7.8
      vertex 98 3 3
    endloop
  endfacet
  facet normal -1 0 0
    outer loop
      vertex 102 7 3
      vertex 102 35 27
      vertex 102 35 3
    endloop
  endfacet
  facet normal -1 -0 0
    outer loop
      vertex 102 35 27
      vertex 102 7 3
      vertex 102 7 27
    endloop
  endfacet
  facet normal 0.906302 -0.42263 0
    outer loop
      vertex 3.24123 36.3681 27
      vertex 3.5359 37 3
      vertex 3.5359 37 27
    endloop
  endfacet
  facet normal 0.906302 -0.42263 0
    outer loop
      vertex 3.5359 37 3
      vertex 3.24123 36.3681 27
      vertex 3.24123 36.3681 3
    endloop
  endfacet
  facet normal 1 0 0
    outer loop
      vertex 3 35 27
      vertex 3 26 13.5
      vertex 3 35 3
    endloop
  endfacet
  facet normal 1 0 0
    outer loop
      vertex 3 35 27
      vertex 3 25.924 14.3682
      vertex 3 26 13.5
    endloop
  endfacet
  facet normal 1 0 0
    outer loop
      vertex 3 35 27
      vertex 3 25.6985 15.2101
      vertex 3 25.924 14.3682
    endloop
  endfacet
  facet normal 1 0 0
    outer loop
      vertex 3 35 27
      vertex 3 25.3301 16
      vertex 3 25.6985 15.2101
    endloop
  endfacet
  facet normal 1 0 0
    outer loop
      vertex 3 35 27
      vertex 3 24.8302 16.7139
      vertex 3 25.3301 16
    endloop
  endfacet
  facet normal 1 0 0
    outer loop
      vertex 3 35 27
      vertex 3 24.2139 17.3302
      vertex 3 24.8302 16.7139
    endloop
  endfacet
  facet normal 1 0 0
    outer loop
      vertex 3 35 27
      vertex 3 23.5 17.8301
      vertex 3 24.2139 17.3302
    endloop
  endfacet
  facet normal 1 0 0
    outer loop
      vertex 3 35 27
      vertex 3 22.7101 18.1985
      vertex 3 23.5 17.8301
    endloop
  endfacet
  facet normal 1 0 0
    outer loop
      vertex 3 35 27
      vertex 3 21.8682 18.424
      vertex 3 22.7101 18.1985
    endloop
  endfacet
  facet normal 1 0 0
    outer loop
      vertex 3 35 27
      vertex 3 21 18.5
      vertex 3 21.8682 18.424
    endloop
  endfacet
  facet normal 1 -0 0
    outer loop
      vertex 3 7 27
      vertex 3 21 18.5
      vertex 3 35 27
    endloop
  endfacet
  facet normal 1 0 0
    outer loop
      vertex 3 21 18.5
      vertex 3 7 27
      vertex 3 20.1318 18.424
    endloop
  endfacet
  facet normal 1 0 0
    outer loop
      vertex 3 20.1318 18.424
      vertex 3 7 27
      vertex 3 19.2899 18.1985
    endloop
  endfacet
  facet normal 1 0 0
    outer loop
      vertex 3 16.076 14.3682
      vertex 3 7 27
      vertex 3 16 13.5
    endloop
  endfacet
  facet normal 1 0 0
    outer loop
      vertex 3 16.3015 15.2101
      vertex 3 7 27
      vertex 3 16.076 14.3682
    endloop
  endfacet
  facet normal 1 0 0
    outer loop
      vertex 3 16.6699 16
      vertex 3 7 27
      vertex 3 16.3015 15.2101
    endloop
  endfacet
  facet normal 1 0 0
    outer loop
      vertex 3 17.1698 16.7139
      vertex 3 7 27
      vertex 3 16.6699 16
    endloop
  endfacet
  facet normal 1 0 0
    outer loop
      vertex 3 17.7861 17.3302
      vertex 3 7 27
      vertex 3 17.1698 16.7139
    endloop
  endfacet
  facet normal 1 0 0
    outer loop
      vertex 3 18.5 17.8301
      vertex 3 7 27
      vertex 3 17.7861 17.3302
    endloop
  endfacet
  facet normal 1 0 0
    outer loop
      vertex 3 19.2899 18.1985
      vertex 3 7 27
      vertex 3 18.5 17.8301
    endloop
  endfacet
  facet normal 1 -0 0
    outer loop
      vertex 3 25.924 12.6318
      vertex 3 35 3
      vertex 3 26 13.5
    endloop
  endfacet
  facet normal 1 -0 0
    outer loop
      vertex 3 25.6985 11.7899
      vertex 3 35 3
      vertex 3 25.924 12.6318
    endloop
  endfacet
  facet normal 1 -0 0
    outer loop
      vertex 3 25.3301 11
      vertex 3 35 3
      vertex 3 25.6985 11.7899
    endloop
  endfacet
  facet normal 1 -0 0
    outer loop
      vertex 3 24.8302 10.2861
      vertex 3 35 3
      vertex 3 25.3301 11
    endloop
  endfacet
  facet normal 1 -0 0
    outer loop
      vertex 3 24.2139 9.66978
      vertex 3 35 3
      vertex 3 24.8302 10.2861
    endloop
  endfacet
  facet normal 1 -0 0
    outer loop
      vertex 3 23.5 9.16987
      vertex 3 35 3
      vertex 3 24.2139 9.66978
    endloop
  endfacet
  facet normal 1 -0 0
    outer loop
      vertex 3 22.7101 8.80154
      vertex 3 35 3
      vertex 3 23.5 9.16987
    endloop
  endfacet
  facet normal 1 -0 0
    outer loop
      vertex 3 21.8682 8.57596
      vertex 3 35 3
      vertex 3 22.7101 8.80154
    endloop
  endfacet
  facet normal 1 -0 0
    outer loop
      vertex 3 21 8.5
      vertex 3 35 3
      vertex 3 21.8682 8.57596
    endloop
  endfacet
  facet normal 1 0 0
    outer loop
      vertex 3 7 3
      vertex 3 21 8.5
      vertex 3 20.1318 8.57596
    endloop
  endfacet
  facet normal 1 0 0
    outer loop
      vertex 3 7 3
      vertex 3 20.1318 8.57596
      vertex 3 19.2899 8.80154
    endloop
  endfacet
  facet normal 1 0 0
    outer loop
      vertex 3 7 3
      vertex 3 16 13.5
      vertex 3 7 27
    endloop
  endfacet
  facet normal 1 0 0
    outer loop
      vertex 3 16 13.5
      vertex 3 7 3
      vertex 3 16.076 12.6318
    endloop
  endfacet
  facet normal 1 0 0
    outer loop
      vertex 3 16.076 12.6318
      vertex 3 7 3
      vertex 3 16.3015 11.7899
    endloop
  endfacet
  facet normal 1 0 0
    outer loop
      vertex 3 21 8.5
      vertex 3 7 3
      vertex 3 35 3
    endloop
  endfacet
  facet normal 1 0 0
    outer loop
      vertex 3 18.5 9.16987
      vertex 3 7 3
      vertex 3 19.2899 8.80154
    endloop
  endfacet
  facet normal 1 0 0
    outer loop
      vertex 3 17.7861 9.66978
      vertex 3 7 3
      vertex 3 18.5 9.16987
    endloop
  endfacet
  facet normal 1 0 0
    outer loop
      vertex 3 17.1698 10.2861
      vertex 3 7 3
      vertex 3 17.7861 9.66978
    endloop
  endfacet
  facet normal 1 0 0
    outer loop
      vertex 3 16.6699 11
      vertex 3 7 3
      vertex 3 17.1698 10.2861
    endloop
  endfacet
  facet normal 1 0 0
    outer loop
      vertex 3 16.3015 11.7899
      vertex 3 7 3
      vertex 3 16.6699 11
    endloop
  endfacet
  facet normal 0.965927 -0.258814 0
    outer loop
      vertex 3.06077 35.6946 27
      vertex 3.24123 36.3681 3
      vertex 3.24123 36.3681 27
    endloop
  endfacet
  facet normal 0.965927 -0.258814 0
    outer loop
      vertex 3.24123 36.3681 3
      vertex 3.06077 35.6946 27
      vertex 3.06077 35.6946 3
    endloop
  endfacet
  facet normal 0 0 1
    outer loop
      vertex 27 13 3
      vertex 22.462 9.43412 3
      vertex 22.5 9 3
    endloop
  endfacet
  facet normal 0 0 1
    outer loop
      vertex 27 13 3
      vertex 22.3492 9.85505 3
      vertex 22.462 9.43412 3
    endloop
  endfacet
  facet normal 0 0 1
    outer loop
      vertex 27 13 3
      vertex 22.1651 10.25 3
      vertex 22.3492 9.85505 3
    endloop
  endfacet
  facet normal 0 0 1
    outer loop
      vertex 27 13 3
      vertex 21.9151 10.607 3
      vertex 22.1651 10.25 3
    endloop
  endfacet
  facet normal 0 0 1
    outer loop
      vertex 27 13 3
      vertex 21.607 10.9151 3
      vertex 21.9151 10.607 3
    endloop
  endfacet
  facet normal 0 0 1
    outer loop
      vertex 27 13 3
      vertex 21.25 11.1651 3
      vertex 21.607 10.9151 3
    endloop
  endfacet
  facet normal 0 0 1
    outer loop
      vertex 27 13 3
      vertex 20.855 11.3492 3
      vertex 21.25 11.1651 3
    endloop
  endfacet
  facet normal 0 0 1
    outer loop
      vertex 27 13 3
      vertex 20.4341 11.462 3
      vertex 20.855 11.3492 3
    endloop
  endfacet
  facet normal 0 0 1
    outer loop
      vertex 27 13 3
      vertex 20 11.5 3
      vertex 20.4341 11.462 3
    endloop
  endfacet
  facet normal -0 0 1
    outer loop
      vertex 9 13 3
      vertex 20 11.5 3
      vertex 27 13 3
    endloop
  endfacet
  facet normal 0 0 1
    outer loop
      vertex 9.26858 8.46173 3
      vertex 17.5 9 3
      vertex 17.538 9.43412 3
    endloop
  endfacet
  facet normal 0 0 1
    outer loop
      vertex 9.16913 8.675 3
      vertex 17.538 9.43412 3
      vertex 17.6508 9.85505 3
    endloop
  endfacet
  facet normal 0 0 1
    outer loop
      vertex 9 13 3
      vertex 17.6508 9.85505 3
      vertex 17.8349 10.25 3
    endloop
  endfacet
  facet normal 0 0 1
    outer loop
      vertex 9 13 3
      vertex 17.8349 10.25 3
      vertex 18.0849 10.607 3
    endloop
  endfacet
  facet normal 0 0 1
    outer loop
      vertex 9 13 3
      vertex 18.0849 10.607 3
      vertex 18.393 10.9151 3
    endloop
  endfacet
  facet normal 0 0 1
    outer loop
      vertex 9 13 3
      vertex 18.393 10.9151 3
      vertex 18.75 11.1651 3
    endloop
  endfacet
  facet normal 0 0 1
    outer loop
      vertex 9 13 3
      vertex 18.75 11.1651 3
      vertex 19.1449 11.3492 3
    endloop
  endfacet
  facet normal 0 0 1
    outer loop
      vertex 17.5 9 3
      vertex 9.32949 8.23442 3
      vertex 9.35 8 3
    endloop
  endfacet
  facet normal 0 0 1
    outer loop
      vertex 17.5 9 3
      vertex 9.26858 8.46173 3
      vertex 9.32949 8.23442 3
    endloop
  endfacet
  facet normal 0 0 1
    outer loop
      vertex 17.538 9.43412 3
      vertex 9.16913 8.675 3
      vertex 9.26858 8.46173 3
    endloop
  endfacet
  facet normal 0 0 1
    outer loop
      vertex 17.6508 9.85505 3
      vertex 9 13 3
      vertex 9.16913 8.675 3
    endloop
  endfacet
  facet normal 0 0 1
    outer loop
      vertex 9 13 3
      vertex 19.1449 11.3492 3
      vertex 19.5659 11.462 3
    endloop
  endfacet
  facet normal 0 0 1
    outer loop
      vertex 20 11.5 3
      vertex 9 13 3
      vertex 19.5659 11.462 3
    endloop
  endfacet
  facet normal 0 0 1
    outer loop
      vertex 9.16913 8.675 3
      vertex 9 13 3
      vertex 9.03416 8.86776 3
    endloop
  endfacet
  facet normal 0 0 1
    outer loop
      vertex 9 13 3
      vertex 8.86776 9.03416 3
      vertex 9.03416 8.86776 3
    endloop
  endfacet
  facet normal -0 0 1
    outer loop
      vertex 8.46173 32.7314 3
      vertex 9 29 3
      vertex 8.675 32.8309 3
    endloop
  endfacet
  facet normal -0 0 1
    outer loop
      vertex 8.23442 32.6705 3
      vertex 9 29 3
      vertex 8.46173 32.7314 3
    endloop
  endfacet
  facet normal 0 0 1
    outer loop
      vertex 9 13 3
      vertex 8.675 9.16913 3
      vertex 8.86776 9.03416 3
    endloop
  endfacet
  facet normal -0 0 1
    outer loop
      vertex 8 32.65 3
      vertex 9 29 3
      vertex 8.23442 32.6705 3
    endloop
  endfacet
  facet normal 0 0 1
    outer loop
      vertex 9 13 3
      vertex 8.46173 9.26858 3
      vertex 8.675 9.16913 3
    endloop
  endfacet
  facet normal 0 0 1
    outer loop
      vertex 7.76557 32.6705 3
      vertex 9 29 3
      vertex 8 32.65 3
    endloop
  endfacet
  facet normal 0 0 1
    outer loop
      vertex 9 13 3
      vertex 8.23442 9.32949 3
      vertex 8.46173 9.26858 3
    endloop
  endfacet
  facet normal 0 0 1
    outer loop
      vertex 7.53827 32.7314 3
      vertex 9 29 3
      vertex 7.76557 32.6705 3
    endloop
  endfacet
  facet normal 0 0 1
    outer loop
      vertex 9 13 3
      vertex 8 9.35 3
      vertex 8.23442 9.32949 3
    endloop
  endfacet
  facet normal 0 0 1
    outer loop
      vertex 7.325 32.8309 3
      vertex 9 29 3
      vertex 7.53827 32.7314 3
    endloop
  endfacet
  facet normal 0 0 1
    outer loop
      vertex 9 13 3
      vertex 7.76557 9.32949 3
      vertex 8 9.35 3
    endloop
  endfacet
  facet normal 0 0 1
    outer loop
      vertex 7.13224 32.9658 3
      vertex 9 29 3
      vertex 7.325 32.8309 3
    endloop
  endfacet
  facet normal 0 0 1
    outer loop
      vertex 9 13 3
      vertex 7.53827 9.26858 3
      vertex 7.76557 9.32949 3
    endloop
  endfacet
  facet normal 0 0 1
    outer loop
      vertex 3 35 3
      vertex 9 29 3
      vertex 7.13224 32.9658 3
    endloop
  endfacet
  facet normal 0 0 1
    outer loop
      vertex 9 13 3
      vertex 7.325 9.16913 3
      vertex 7.53827 9.26858 3
    endloop
  endfacet
  facet normal 0 0 1
    outer loop
      vertex 9 29 3
      vertex 3 35 3
      vertex 9 13 3
    endloop
  endfacet
  facet normal 0 0 1
    outer loop
      vertex 9 13 3
      vertex 7.13224 9.03416 3
      vertex 7.325 9.16913 3
    endloop
  endfacet
  facet normal 0 0 1
    outer loop
      vertex 3 35 3
      vertex 7.13224 32.9658 3
      vertex 6.96584 33.1322 3
    endloop
  endfacet
  facet normal 0 0 1
    outer loop
      vertex 3 7 3
      vertex 9 13 3
      vertex 3 35 3
    endloop
  endfacet
  facet normal 0 0 1
    outer loop
      vertex 3 35 3
      vertex 6.96584 33.1322 3
      vertex 6.83086 33.325 3
    endloop
  endfacet
  facet normal 0 0 1
    outer loop
      vertex 9 13 3
      vertex 3 7 3
      vertex 7.13224 9.03416 3
    endloop
  endfacet
  facet normal 0 0 1
    outer loop
      vertex 3 35 3
      vertex 6.83086 33.325 3
      vertex 6.73141 33.5383 3
    endloop
  endfacet
  facet normal 0 0 1
    outer loop
      vertex 7.13224 9.03416 3
      vertex 3 7 3
      vertex 6.96584 8.86776 3
    endloop
  endfacet
  facet normal 0 0 1
    outer loop
      vertex 3 35 3
      vertex 6.73141 33.5383 3
      vertex 6.67051 33.7656 3
    endloop
  endfacet
  facet normal 0 0 1
    outer loop
      vertex 6.96584 8.86776 3
      vertex 3 7 3
      vertex 6.83086 8.675 3
    endloop
  endfacet
  facet normal 0 0 1
    outer loop
      vertex 3 35 3
      vertex 6.67051 33.7656 3
      vertex 6.65 34 3
    endloop
  endfacet
  facet normal 0 0 1
    outer loop
      vertex 6.83086 8.675 3
      vertex 3 7 3
      vertex 6.73141 8.46173 3
    endloop
  endfacet
  facet normal 0 0 1
    outer loop
      vertex 96.1322 32.9658 3
      vertex 86.9151 31.393 3
      vertex 96.325 32.8309 3
    endloop
  endfacet
  facet normal 0 0 1
    outer loop
      vertex 96.5383 9.26858 3
      vertex 87.462 9.43412 3
      vertex 87.5 9 3
    endloop
  endfacet
  facet normal 0 0 1
    outer loop
      vertex 86.607 31.0849 3
      vertex 96.325 32.8309 3
      vertex 86.9151 31.393 3
    endloop
  endfacet
  facet normal 0 0 1
    outer loop
      vertex 96.5383 9.26858 3
      vertex 87.3492 9.85505 3
      vertex 87.462 9.43412 3
    endloop
  endfacet
  facet normal 0 0 1
    outer loop
      vertex 96.325 32.8309 3
      vertex 86.607 31.0849 3
      vertex 96.5383 32.7314 3
    endloop
  endfacet
  facet normal 0 0 1
    outer loop
      vertex 96.5383 9.26858 3
      vertex 87.1651 10.25 3
      vertex 87.3492 9.85505 3
    endloop
  endfacet
  facet normal 0 0 1
    outer loop
      vertex 96.5383 32.7314 3
      vertex 86.607 31.0849 3
      vertex 96.5383 9.26858 3
    endloop
  endfacet
  facet normal 0 0 1
    outer loop
      vertex 96.5383 9.26858 3
      vertex 86.9151 10.607 3
      vertex 87.1651 10.25 3
    endloop
  endfacet
  facet normal -0 0 1
    outer loop
      vertex 86.607 10.9151 3
      vertex 96.5383 9.26858 3
      vertex 86.607 31.0849 3
    endloop
  endfacet
  facet normal 0 0 1
    outer loop
      vertex 96.5383 9.26858 3
      vertex 86.607 10.9151 3
      vertex 86.9151 10.607 3
    endloop
  endfacet
  facet normal -0 0 1
    outer loop
      vertex 86.25 30.8349 3
      vertex 86.607 10.9151 3
      vertex 86.607 31.0849 3
    endloop
  endfacet
  facet normal 0 0 1
    outer loop
      vertex 86.25 30.8349 3
      vertex 86.25 11.1651 3
      vertex 86.607 10.9151 3
    endloop
  endfacet
  facet normal -0 0 1
    outer loop
      vertex 85.855 30.6508 3
      vertex 86.25 11.1651 3
      vertex 86.25 30.8349 3
    endloop
  endfacet
  facet normal 0 0 1
    outer loop
      vertex 85.855 30.6508 3
      vertex 85.855 11.3492 3
      vertex 86.25 11.1651 3
    endloop
  endfacet
  facet normal -0 0 1
    outer loop
      vertex 85.4341 30.538 3
      vertex 85.855 11.3492 3
      vertex 85.855 30.6508 3
    endloop
  endfacet
  facet normal 0 0 1
    outer loop
      vertex 85.4341 30.538 3
      vertex 85.4341 11.462 3
      vertex 85.855 11.3492 3
    endloop
  endfacet
  facet normal -0 0 1
    outer loop
      vertex 85 30.5 3
      vertex 85.4341 11.462 3
      vertex 85.4341 30.538 3
    endloop
  endfacet
  facet normal 0 0 1
    outer loop
      vertex 85 30.5 3
      vertex 85 11.5 3
      vertex 85.4341 11.462 3
    endloop
  endfacet
  facet normal 0 0 1
    outer loop
      vertex 84.5659 30.538 3
      vertex 85 11.5 3
      vertex 85 30.5 3
    endloop
  endfacet
  facet normal 0 0 1
    outer loop
      vertex 84.5659 30.538 3
      vertex 84.5659 11.462 3
      vertex 85 11.5 3
    endloop
  endfacet
  facet normal 0 0 1
    outer loop
      vertex 84.145 30.6508 3
      vertex 84.5659 11.462 3
      vertex 84.5659 30.538 3
    endloop
  endfacet
  facet normal 0 0 1
    outer loop
      vertex 84.145 30.6508 3
      vertex 84.145 11.3492 3
      vertex 84.5659 11.462 3
    endloop
  endfacet
  facet normal 0 0 1
    outer loop
      vertex 83.75 30.8349 3
      vertex 84.145 11.3492 3
      vertex 84.145 30.6508 3
    endloop
  endfacet
  facet normal 0 0 1
    outer loop
      vertex 83.75 30.8349 3
      vertex 83.75 11.1651 3
      vertex 84.145 11.3492 3
    endloop
  endfacet
  facet normal 0 0 1
    outer loop
      vertex 83.393 31.0849 3
      vertex 83.75 11.1651 3
      vertex 83.75 30.8349 3
    endloop
  endfacet
  facet normal 0 0 1
    outer loop
      vertex 83.393 31.0849 3
      vertex 83.393 10.9151 3
      vertex 83.75 11.1651 3
    endloop
  endfacet
  facet normal 0 0 1
    outer loop
      vertex 83.0849 31.393 3
      vertex 83.393 10.9151 3
      vertex 83.393 31.0849 3
    endloop
  endfacet
  facet normal 0 0 1
    outer loop
      vertex 83.0849 31.393 3
      vertex 83.0849 10.607 3
      vertex 83.393 10.9151 3
    endloop
  endfacet
  facet normal 0 0 1
    outer loop
      vertex 82.8349 31.75 3
      vertex 83.0849 10.607 3
      vertex 83.0849 31.393 3
    endloop
  endfacet
  facet normal 0 0 1
    outer loop
      vertex 82.8349 31.75 3
      vertex 82.8349 10.25 3
      vertex 83.0849 10.607 3
    endloop
  endfacet
  facet normal 0 0 1
    outer loop
      vertex 82.6508 32.145 3
      vertex 82.8349 10.25 3
      vertex 82.8349 31.75 3
    endloop
  endfacet
  facet normal 0 0 1
    outer loop
      vertex 82.6508 32.145 3
      vertex 82.6508 9.85505 3
      vertex 82.8349 10.25 3
    endloop
  endfacet
  facet normal 0 0 1
    outer loop
      vertex 27 29 3
      vertex 82.6508 32.145 3
      vertex 82.538 32.5659 3
    endloop
  endfacet
  facet normal 0 0 1
    outer loop
      vertex 82.6508 32.145 3
      vertex 27 29 3
      vertex 82.6508 9.85505 3
    endloop
  endfacet
  facet normal 0 0 1
    outer loop
      vertex 27 29 3
      vertex 82.538 32.5659 3
      vertex 82.5 33 3
    endloop
  endfacet
  facet normal -0 0 1
    outer loop
      vertex 27 13 3
      vertex 82.6508 9.85505 3
      vertex 27 29 3
    endloop
  endfacet
  facet normal 0 0 1
    outer loop
      vertex 98.1691 33.325 3
      vertex 102 35 3
      vertex 98.2686 33.5383 3
    endloop
  endfacet
  facet normal 0 0 1
    outer loop
      vertex 102 7 3
      vertex 98.3295 8.23442 3
      vertex 98.35 8 3
    endloop
  endfacet
  facet normal 0 0 1
    outer loop
      vertex 98.0342 33.1322 3
      vertex 102 35 3
      vertex 98.1691 33.325 3
    endloop
  endfacet
  facet normal 0 0 1
    outer loop
      vertex 102 7 3
      vertex 98.2686 8.46173 3
      vertex 98.3295 8.23442 3
    endloop
  endfacet
  facet normal 0 0 1
    outer loop
      vertex 97.8678 32.9658 3
      vertex 102 35 3
      vertex 98.0342 33.1322 3
    endloop
  endfacet
  facet normal 0 0 1
    outer loop
      vertex 102 7 3
      vertex 98.1691 8.675 3
      vertex 98.2686 8.46173 3
    endloop
  endfacet
  facet normal 0 0 1
    outer loop
      vertex 102 35 3
      vertex 97.8678 32.9658 3
      vertex 102 7 3
    endloop
  endfacet
  facet normal 0 0 1
    outer loop
      vertex 102 7 3
      vertex 98.0342 8.86776 3
      vertex 98.1691 8.675 3
    endloop
  endfacet
  facet normal -0 0 1
    outer loop
      vertex 97.8678 9.03416 3
      vertex 102 7 3
      vertex 97.8678 32.9658 3
    endloop
  endfacet
  facet normal 0 0 1
    outer loop
      vertex 102 7 3
      vertex 97.8678 9.03416 3
      vertex 98.0342 8.86776 3
    endloop
  endfacet
  facet normal -0 0 1
    outer loop
      vertex 97.675 32.8309 3
      vertex 97.8678 9.03416 3
      vertex 97.8678 32.9658 3
    endloop
  endfacet
  facet normal 0 0 1
    outer loop
      vertex 97.675 32.8309 3
      vertex 97.675 9.16913 3
      vertex 97.8678 9.03416 3
    endloop
  endfacet
  facet normal -0 0 1
    outer loop
      vertex 97.4617 32.7314 3
      vertex 97.675 9.16913 3
      vertex 97.675 32.8309 3
    endloop
  endfacet
  facet normal 0 0 1
    outer loop
      vertex 97.4617 32.7314 3
      vertex 97.4617 9.26858 3
      vertex 97.675 9.16913 3
    endloop
  endfacet
  facet normal -0 0 1
    outer loop
      vertex 97.2344 32.6705 3
      vertex 97.4617 9.26858 3
      vertex 97.4617 32.7314 3
    endloop
  endfacet
  facet normal 0 0 1
    outer loop
      vertex 97.2344 32.6705 3
      vertex 97.2344 9.32949 3
      vertex 97.4617 9.26858 3
    endloop
  endfacet
  facet normal -0 0 1
    outer loop
      vertex 97 32.65 3
      vertex 97.2344 9.32949 3
      vertex 97.2344 32.6705 3
    endloop
  endfacet
  facet normal 0 0 1
    outer loop
      vertex 97 32.65 3
      vertex 97 9.35 3
      vertex 97.2344 9.32949 3
    endloop
  endfacet
  facet normal 0 0 1
    outer loop
      vertex 96.7656 32.6705 3
      vertex 97 9.35 3
      vertex 97 32.65 3
    endloop
  endfacet
  facet normal 0 0 1
    outer loop
      vertex 96.7656 32.6705 3
      vertex 96.7656 9.32949 3
      vertex 97 9.35 3
    endloop
  endfacet
  facet normal 0 0 1
    outer loop
      vertex 96.5383 32.7314 3
      vertex 96.7656 9.32949 3
      vertex 96.7656 32.6705 3
    endloop
  endfacet
  facet normal 0 0 1
    outer loop
      vertex 96.5383 32.7314 3
      vertex 96.5383 9.26858 3
      vertex 96.7656 9.32949 3
    endloop
  endfacet
  facet normal 0 0 1
    outer loop
      vertex 87.1651 31.75 3
      vertex 95.9658 33.1322 3
      vertex 87.3492 32.145 3
    endloop
  endfacet
  facet normal 0 0 1
    outer loop
      vertex 95.9658 33.1322 3
      vertex 87.1651 31.75 3
      vertex 96.1322 32.9658 3
    endloop
  endfacet
  facet normal 0 0 1
    outer loop
      vertex 95.8309 33.325 3
      vertex 87.3492 32.145 3
      vertex 95.9658 33.1322 3
    endloop
  endfacet
  facet normal 0 0 1
    outer loop
      vertex 86.9151 31.393 3
      vertex 96.1322 32.9658 3
      vertex 87.1651 31.75 3
    endloop
  endfacet
  facet normal 0 0 1
    outer loop
      vertex 87.3492 32.145 3
      vertex 95.8309 33.325 3
      vertex 87.462 32.5659 3
    endloop
  endfacet
  facet normal 0 0 1
    outer loop
      vertex 96.5383 9.26858 3
      vertex 87.5 9 3
      vertex 96.325 9.16913 3
    endloop
  endfacet
  facet normal 0 0 1
    outer loop
      vertex 95.7314 33.5383 3
      vertex 87.462 32.5659 3
      vertex 95.8309 33.325 3
    endloop
  endfacet
  facet normal 0 0 1
    outer loop
      vertex 96.325 9.16913 3
      vertex 87.5 9 3
      vertex 96.1322 9.03416 3
    endloop
  endfacet
  facet normal 0 0 1
    outer loop
      vertex 87.462 32.5659 3
      vertex 95.7314 33.5383 3
      vertex 87.5 33 3
    endloop
  endfacet
  facet normal 0 0 1
    outer loop
      vertex 96.1322 9.03416 3
      vertex 87.5 9 3
      vertex 95.9658 8.86776 3
    endloop
  endfacet
  facet normal 0 0 1
    outer loop
      vertex 87.5 33 3
      vertex 95.7314 33.5383 3
      vertex 95.6705 33.7656 3
    endloop
  endfacet
  facet normal 0 0 1
    outer loop
      vertex 95.9658 8.86776 3
      vertex 87.5 9 3
      vertex 95.8309 8.675 3
    endloop
  endfacet
  facet normal 0 0 1
    outer loop
      vertex 87.5 33 3
      vertex 95.6705 33.7656 3
      vertex 95.65 34 3
    endloop
  endfacet
  facet normal 0 0 1
    outer loop
      vertex 95.8309 8.675 3
      vertex 87.5 9 3
      vertex 95.7314 8.46173 3
    endloop
  endfacet
  facet normal 0 0 1
    outer loop
      vertex 98.2686 34.4617 3
      vertex 102 35 3
      vertex 101.939 35.6946 3
    endloop
  endfacet
  facet normal 0 0 1
    outer loop
      vertex 98.3295 33.7656 3
      vertex 102 35 3
      vertex 98.35 34 3
    endloop
  endfacet
  facet normal 0 0 1
    outer loop
      vertex 98.1691 34.675 3
      vertex 101.939 35.6946 3
      vertex 101.759 36.3681 3
    endloop
  endfacet
  facet normal 0 0 1
    outer loop
      vertex 98.2686 33.5383 3
      vertex 102 35 3
      vertex 98.3295 33.7656 3
    endloop
  endfacet
  facet normal 0 0 1
    outer loop
      vertex 98.1691 34.675 3
      vertex 101.759 36.3681 3
      vertex 101.464 37 3
    endloop
  endfacet
  facet normal -0 0 1
    outer loop
      vertex 98.3295 7.76557 3
      vertex 102 7 3
      vertex 98.35 8 3
    endloop
  endfacet
  facet normal 0 0 1
    outer loop
      vertex 98.0342 34.8678 3
      vertex 101.464 37 3
      vertex 101.064 37.5712 3
    endloop
  endfacet
  facet normal -0 0 1
    outer loop
      vertex 98.2686 7.53827 3
      vertex 102 7 3
      vertex 98.3295 7.76557 3
    endloop
  endfacet
  facet normal 0 0 1
    outer loop
      vertex 98.0342 34.8678 3
      vertex 101.064 37.5712 3
      vertex 100.571 38.0642 3
    endloop
  endfacet
  facet normal 0 0 1
    outer loop
      vertex 102 7 3
      vertex 98.2686 7.53827 3
      vertex 101.939 6.30541 3
    endloop
  endfacet
  facet normal 0 0 1
    outer loop
      vertex 97.8678 35.0342 3
      vertex 100.571 38.0642 3
      vertex 100 38.4641 3
    endloop
  endfacet
  facet normal -0 0 1
    outer loop
      vertex 98.1691 7.325 3
      vertex 101.939 6.30541 3
      vertex 98.2686 7.53827 3
    endloop
  endfacet
  facet normal 0 0 1
    outer loop
      vertex 97.675 35.1691 3
      vertex 100 38.4641 3
      vertex 99.3681 38.7588 3
    endloop
  endfacet
  facet normal 0 0 1
    outer loop
      vertex 101.939 6.30541 3
      vertex 98.1691 7.325 3
      vertex 101.759 5.63192 3
    endloop
  endfacet
  facet normal 0 0 1
    outer loop
      vertex 97.675 35.1691 3
      vertex 99.3681 38.7588 3
      vertex 98.6946 38.9392 3
    endloop
  endfacet
  facet normal 0 0 1
    outer loop
      vertex 101.759 5.63192 3
      vertex 98.1691 7.325 3
      vertex 101.464 5 3
    endloop
  endfacet
  facet normal -0 0 1
    outer loop
      vertex 98.0342 7.13224 3
      vertex 101.464 5 3
      vertex 98.1691 7.325 3
    endloop
  endfacet
  facet normal 0 0 1
    outer loop
      vertex 102 35 3
      vertex 98.3295 34.2344 3
      vertex 98.35 34 3
    endloop
  endfacet
  facet normal 0 0 1
    outer loop
      vertex 102 35 3
      vertex 98.2686 34.4617 3
      vertex 98.3295 34.2344 3
    endloop
  endfacet
  facet normal 0 0 1
    outer loop
      vertex 101.939 35.6946 3
      vertex 98.1691 34.675 3
      vertex 98.2686 34.4617 3
    endloop
  endfacet
  facet normal 0 0 1
    outer loop
      vertex 101.464 37 3
      vertex 98.0342 34.8678 3
      vertex 98.1691 34.675 3
    endloop
  endfacet
  facet normal 0 0 1
    outer loop
      vertex 97.4617 35.2686 3
      vertex 98.6946 38.9392 3
      vertex 98 39 3
    endloop
  endfacet
  facet normal 0 0 1
    outer loop
      vertex 100.571 38.0642 3
      vertex 97.8678 35.0342 3
      vertex 98.0342 34.8678 3
    endloop
  endfacet
  facet normal 0 0 1
    outer loop
      vertex 100 38.4641 3
      vertex 97.675 35.1691 3
      vertex 97.8678 35.0342 3
    endloop
  endfacet
  facet normal 0 0 1
    outer loop
      vertex 98.6946 38.9392 3
      vertex 97.4617 35.2686 3
      vertex 97.675 35.1691 3
    endloop
  endfacet
  facet normal 0 0 1
    outer loop
      vertex 98 39 3
      vertex 97.2344 35.3295 3
      vertex 97.4617 35.2686 3
    endloop
  endfacet
  facet normal 0 0 1
    outer loop
      vertex 98 39 3
      vertex 97 35.35 3
      vertex 97.2344 35.3295 3
    endloop
  endfacet
  facet normal 0 0 1
    outer loop
      vertex 98 39 3
      vertex 96.7656 35.3295 3
      vertex 97 35.35 3
    endloop
  endfacet
  facet normal 0 0 1
    outer loop
      vertex 98 39 3
      vertex 96.5383 35.2686 3
      vertex 96.7656 35.3295 3
    endloop
  endfacet
  facet normal 0 0 1
    outer loop
      vertex 98 39 3
      vertex 96.325 35.1691 3
      vertex 96.5383 35.2686 3
    endloop
  endfacet
  facet normal 0 0 1
    outer loop
      vertex 98 39 3
      vertex 96.1322 35.0342 3
      vertex 96.325 35.1691 3
    endloop
  endfacet
  facet normal 0 0 1
    outer loop
      vertex 98 39 3
      vertex 95.9658 34.8678 3
      vertex 96.1322 35.0342 3
    endloop
  endfacet
  facet normal -0 0 1
    outer loop
      vertex 86.607 34.9151 3
      vertex 95.9658 34.8678 3
      vertex 98 39 3
    endloop
  endfacet
  facet normal 0 0 1
    outer loop
      vertex 95.7314 8.46173 3
      vertex 87.5 9 3
      vertex 95.6705 8.23442 3
    endloop
  endfacet
  facet normal 0 0 1
    outer loop
      vertex 87.462 33.4341 3
      vertex 95.65 34 3
      vertex 95.6705 34.2344 3
    endloop
  endfacet
  facet normal 0 0 1
    outer loop
      vertex 87.3492 33.855 3
      vertex 95.6705 34.2344 3
      vertex 95.7314 34.4617 3
    endloop
  endfacet
  facet normal 0 0 1
    outer loop
      vertex 87.1651 34.25 3
      vertex 95.7314 34.4617 3
      vertex 95.8309 34.675 3
    endloop
  endfacet
  facet normal 0 -0 1
    outer loop
      vertex 86.9151 34.607 3
      vertex 95.9658 34.8678 3
      vertex 86.607 34.9151 3
    endloop
  endfacet
  facet normal 0 0 1
    outer loop
      vertex 95.65 34 3
      vertex 87.462 33.4341 3
      vertex 87.5 33 3
    endloop
  endfacet
  facet normal 0 0 1
    outer loop
      vertex 95.6705 34.2344 3
      vertex 87.3492 33.855 3
      vertex 87.462 33.4341 3
    endloop
  endfacet
  facet normal 0 0 1
    outer loop
      vertex 95.7314 34.4617 3
      vertex 87.1651 34.25 3
      vertex 87.3492 33.855 3
    endloop
  endfacet
  facet normal 0 0 1
    outer loop
      vertex 95.8309 34.675 3
      vertex 86.9151 34.607 3
      vertex 87.1651 34.25 3
    endloop
  endfacet
  facet normal 0 0 1
    outer loop
      vertex 95.9658 34.8678 3
      vertex 86.9151 34.607 3
      vertex 95.8309 34.675 3
    endloop
  endfacet
  facet normal 0 0 1
    outer loop
      vertex 98 39 3
      vertex 86.25 35.1651 3
      vertex 86.607 34.9151 3
    endloop
  endfacet
  facet normal 0 0 1
    outer loop
      vertex 98 39 3
      vertex 85.855 35.3492 3
      vertex 86.25 35.1651 3
    endloop
  endfacet
  facet normal 0 0 1
    outer loop
      vertex 98 39 3
      vertex 85.4341 35.462 3
      vertex 85.855 35.3492 3
    endloop
  endfacet
  facet normal 0 0 1
    outer loop
      vertex 98 39 3
      vertex 85 35.5 3
      vertex 85.4341 35.462 3
    endloop
  endfacet
  facet normal 0 0 1
    outer loop
      vertex 98 39 3
      vertex 84.5659 35.462 3
      vertex 85 35.5 3
    endloop
  endfacet
  facet normal 0 0 1
    outer loop
      vertex 82.6508 9.85505 3
      vertex 27 13 3
      vertex 82.538 9.43412 3
    endloop
  endfacet
  facet normal 0 0 1
    outer loop
      vertex 82.538 33.4341 3
      vertex 27 29 3
      vertex 82.5 33 3
    endloop
  endfacet
  facet normal 0 0 1
    outer loop
      vertex 82.6508 33.855 3
      vertex 27 29 3
      vertex 82.538 33.4341 3
    endloop
  endfacet
  facet normal 0 0 1
    outer loop
      vertex 82.8349 34.25 3
      vertex 27 29 3
      vertex 82.6508 33.855 3
    endloop
  endfacet
  facet normal 0 0 1
    outer loop
      vertex 83.0849 34.607 3
      vertex 27 29 3
      vertex 82.8349 34.25 3
    endloop
  endfacet
  facet normal 0 0 1
    outer loop
      vertex 21.9151 34.607 3
      vertex 83.0849 34.607 3
      vertex 83.393 34.9151 3
    endloop
  endfacet
  facet normal 0 0 1
    outer loop
      vertex 21.607 34.9151 3
      vertex 83.393 34.9151 3
      vertex 83.75 35.1651 3
    endloop
  endfacet
  facet normal 0 0 1
    outer loop
      vertex 21.25 35.1651 3
      vertex 83.75 35.1651 3
      vertex 84.145 35.3492 3
    endloop
  endfacet
  facet normal 0 0 1
    outer loop
      vertex 20.855 35.3492 3
      vertex 84.145 35.3492 3
      vertex 84.5659 35.462 3
    endloop
  endfacet
  facet normal 0 0 1
    outer loop
      vertex 20.4341 35.462 3
      vertex 84.5659 35.462 3
      vertex 98 39 3
    endloop
  endfacet
  facet normal 0 0 1
    outer loop
      vertex 83.0849 34.607 3
      vertex 21.9151 34.607 3
      vertex 27 29 3
    endloop
  endfacet
  facet normal 0 0 1
    outer loop
      vertex 27 29 3
      vertex 22.462 33.4341 3
      vertex 22.5 33 3
    endloop
  endfacet
  facet normal 0 0 1
    outer loop
      vertex 27 29 3
      vertex 22.3492 33.855 3
      vertex 22.462 33.4341 3
    endloop
  endfacet
  facet normal 0 0 1
    outer loop
      vertex 27 29 3
      vertex 22.1651 34.25 3
      vertex 22.3492 33.855 3
    endloop
  endfacet
  facet normal 0 0 1
    outer loop
      vertex 27 29 3
      vertex 21.9151 34.607 3
      vertex 22.1651 34.25 3
    endloop
  endfacet
  facet normal 0 0 1
    outer loop
      vertex 83.393 34.9151 3
      vertex 21.607 34.9151 3
      vertex 21.9151 34.607 3
    endloop
  endfacet
  facet normal 0 0 1
    outer loop
      vertex 83.75 35.1651 3
      vertex 21.25 35.1651 3
      vertex 21.607 34.9151 3
    endloop
  endfacet
  facet normal 0 0 1
    outer loop
      vertex 84.145 35.3492 3
      vertex 20.855 35.3492 3
      vertex 21.25 35.1651 3
    endloop
  endfacet
  facet normal 0 0 1
    outer loop
      vertex 84.5659 35.462 3
      vertex 20.4341 35.462 3
      vertex 20.855 35.3492 3
    endloop
  endfacet
  facet normal -0 0 1
    outer loop
      vertex 7 39 3
      vertex 20.4341 35.462 3
      vertex 98 39 3
    endloop
  endfacet
  facet normal 0 0 1
    outer loop
      vertex 17.538 33.4341 3
      vertex 9.35 34 3
      vertex 17.5 33 3
    endloop
  endfacet
  facet normal 0 0 1
    outer loop
      vertex 9.32949 34.2344 3
      vertex 17.538 33.4341 3
      vertex 17.6508 33.855 3
    endloop
  endfacet
  facet normal 0 0 1
    outer loop
      vertex 9.26858 34.4617 3
      vertex 17.6508 33.855 3
      vertex 17.8349 34.25 3
    endloop
  endfacet
  facet normal 0 0 1
    outer loop
      vertex 9.16913 34.675 3
      vertex 17.8349 34.25 3
      vertex 18.0849 34.607 3
    endloop
  endfacet
  facet normal -0 0 1
    outer loop
      vertex 9.03416 34.8678 3
      vertex 18.0849 34.607 3
      vertex 18.393 34.9151 3
    endloop
  endfacet
  facet normal 0 0 1
    outer loop
      vertex 7 39 3
      vertex 18.393 34.9151 3
      vertex 18.75 35.1651 3
    endloop
  endfacet
  facet normal 0 0 1
    outer loop
      vertex 7 39 3
      vertex 18.75 35.1651 3
      vertex 19.1449 35.3492 3
    endloop
  endfacet
  facet normal 0 0 1
    outer loop
      vertex 7 39 3
      vertex 19.1449 35.3492 3
      vertex 19.5659 35.462 3
    endloop
  endfacet
  facet normal 0 0 1
    outer loop
      vertex 17.538 33.4341 3
      vertex 9.32949 34.2344 3
      vertex 9.35 34 3
    endloop
  endfacet
  facet normal 0 0 1
    outer loop
      vertex 17.6508 33.855 3
      vertex 9.26858 34.4617 3
      vertex 9.32949 34.2344 3
    endloop
  endfacet
  facet normal 0 0 1
    outer loop
      vertex 17.8349 34.25 3
      vertex 9.16913 34.675 3
      vertex 9.26858 34.4617 3
    endloop
  endfacet
  facet normal 0 0 1
    outer loop
      vertex 7 39 3
      vertex 19.5659 35.462 3
      vertex 20 35.5 3
    endloop
  endfacet
  facet normal 0 0 1
    outer loop
      vertex 18.0849 34.607 3
      vertex 9.03416 34.8678 3
      vertex 9.16913 34.675 3
    endloop
  endfacet
  facet normal 0 0 1
    outer loop
      vertex 18.393 34.9151 3
      vertex 7 39 3
      vertex 9.03416 34.8678 3
    endloop
  endfacet
  facet normal 0 0 1
    outer loop
      vertex 20.4341 35.462 3
      vertex 7 39 3
      vertex 20 35.5 3
    endloop
  endfacet
  facet normal 0 0 1
    outer loop
      vertex 9.03416 34.8678 3
      vertex 7 39 3
      vertex 8.86776 35.0342 3
    endloop
  endfacet
  facet normal 0 0 1
    outer loop
      vertex 8.86776 35.0342 3
      vertex 7 39 3
      vertex 8.675 35.1691 3
    endloop
  endfacet
  facet normal 0 0 1
    outer loop
      vertex 8.675 35.1691 3
      vertex 7 39 3
      vertex 8.46173 35.2686 3
    endloop
  endfacet
  facet normal 0 0 1
    outer loop
      vertex 8.46173 35.2686 3
      vertex 7 39 3
      vertex 8.23442 35.3295 3
    endloop
  endfacet
  facet normal 0 0 1
    outer loop
      vertex 8.23442 35.3295 3
      vertex 7 39 3
      vertex 8 35.35 3
    endloop
  endfacet
  facet normal 0 0 1
    outer loop
      vertex 7 39 3
      vertex 7.76557 35.3295 3
      vertex 8 35.35 3
    endloop
  endfacet
  facet normal 0 0 1
    outer loop
      vertex 7 39 3
      vertex 7.53827 35.2686 3
      vertex 7.76557 35.3295 3
    endloop
  endfacet
  facet normal -0 0 1
    outer loop
      vertex 6.30541 38.9392 3
      vertex 7.53827 35.2686 3
      vertex 7 39 3
    endloop
  endfacet
  facet normal 0 0 1
    outer loop
      vertex 7.53827 35.2686 3
      vertex 6.30541 38.9392 3
      vertex 7.325 35.1691 3
    endloop
  endfacet
  facet normal -0 0 1
    outer loop
      vertex 5.63192 38.7588 3
      vertex 7.325 35.1691 3
      vertex 6.30541 38.9392 3
    endloop
  endfacet
  facet normal -0 0 1
    outer loop
      vertex 5 38.4641 3
      vertex 7.325 35.1691 3
      vertex 5.63192 38.7588 3
    endloop
  endfacet
  facet normal 0 0 1
    outer loop
      vertex 7.325 35.1691 3
      vertex 5 38.4641 3
      vertex 7.13224 35.0342 3
    endloop
  endfacet
  facet normal -0 0 1
    outer loop
      vertex 4.42885 38.0642 3
      vertex 7.13224 35.0342 3
      vertex 5 38.4641 3
    endloop
  endfacet
  facet normal 0 0 1
    outer loop
      vertex 7.13224 35.0342 3
      vertex 4.42885 38.0642 3
      vertex 6.96584 34.8678 3
    endloop
  endfacet
  facet normal -0 0 1
    outer loop
      vertex 3.5359 37 3
      vertex 6.96584 34.8678 3
      vertex 3.93582 37.5712 3
    endloop
  endfacet
  facet normal -0 0 1
    outer loop
      vertex 3.93582 37.5712 3
      vertex 6.96584 34.8678 3
      vertex 4.42885 38.0642 3
    endloop
  endfacet
  facet normal 0 0 1
    outer loop
      vertex 101.464 5 3
      vertex 98.0342 7.13224 3
      vertex 101.064 4.42885 3
    endloop
  endfacet
  facet normal 0 0 1
    outer loop
      vertex 101.064 4.42885 3
      vertex 98.0342 7.13224 3
      vertex 100.571 3.93582 3
    endloop
  endfacet
  facet normal -0 0 1
    outer loop
      vertex 97.8678 6.96584 3
      vertex 100.571 3.93582 3
      vertex 98.0342 7.13224 3
    endloop
  endfacet
  facet normal 0 0 1
    outer loop
      vertex 100.571 3.93582 3
      vertex 97.8678 6.96584 3
      vertex 100 3.5359 3
    endloop
  endfacet
  facet normal -0 0 1
    outer loop
      vertex 97.675 6.83086 3
      vertex 100 3.5359 3
      vertex 97.8678 6.96584 3
    endloop
  endfacet
  facet normal 0 0 1
    outer loop
      vertex 100 3.5359 3
      vertex 97.675 6.83086 3
      vertex 99.3681 3.24123 3
    endloop
  endfacet
  facet normal 0 0 1
    outer loop
      vertex 99.3681 3.24123 3
      vertex 97.675 6.83086 3
      vertex 98.6946 3.06077 3
    endloop
  endfacet
  facet normal -0 0 1
    outer loop
      vertex 97.4617 6.73141 3
      vertex 98.6946 3.06077 3
      vertex 97.675 6.83086 3
    endloop
  endfacet
  facet normal 0 0 1
    outer loop
      vertex 98.6946 3.06077 3
      vertex 97.4617 6.73141 3
      vertex 98 3 3
    endloop
  endfacet
  facet normal -0 0 1
    outer loop
      vertex 97.2344 6.67051 3
      vertex 98 3 3
      vertex 97.4617 6.73141 3
    endloop
  endfacet
  facet normal -0 0 1
    outer loop
      vertex 97 6.65 3
      vertex 98 3 3
      vertex 97.2344 6.67051 3
    endloop
  endfacet
  facet normal 0 0 1
    outer loop
      vertex 96.7656 6.67051 3
      vertex 98 3 3
      vertex 97 6.65 3
    endloop
  endfacet
  facet normal 0 0 1
    outer loop
      vertex 96.5383 6.73141 3
      vertex 98 3 3
      vertex 96.7656 6.67051 3
    endloop
  endfacet
  facet normal 0 0 1
    outer loop
      vertex 96.325 6.83086 3
      vertex 98 3 3
      vertex 96.5383 6.73141 3
    endloop
  endfacet
  facet normal 0 0 1
    outer loop
      vertex 96.1322 6.96584 3
      vertex 98 3 3
      vertex 96.325 6.83086 3
    endloop
  endfacet
  facet normal 0 0 1
    outer loop
      vertex 95.9658 7.13224 3
      vertex 98 3 3
      vertex 96.1322 6.96584 3
    endloop
  endfacet
  facet normal 0 0 1
    outer loop
      vertex 86.9151 7.39303 3
      vertex 95.9658 7.13224 3
      vertex 95.8309 7.325 3
    endloop
  endfacet
  facet normal 0 0 1
    outer loop
      vertex 95.6705 8.23442 3
      vertex 87.5 9 3
      vertex 95.65 8 3
    endloop
  endfacet
  facet normal -0 0 1
    outer loop
      vertex 87.462 8.56588 3
      vertex 95.65 8 3
      vertex 87.5 9 3
    endloop
  endfacet
  facet normal 0 0 1
    outer loop
      vertex 95.65 8 3
      vertex 87.462 8.56588 3
      vertex 95.6705 7.76557 3
    endloop
  endfacet
  facet normal -0 0 1
    outer loop
      vertex 87.3492 8.14495 3
      vertex 95.6705 7.76557 3
      vertex 87.462 8.56588 3
    endloop
  endfacet
  facet normal 0 0 1
    outer loop
      vertex 95.6705 7.76557 3
      vertex 87.3492 8.14495 3
      vertex 95.7314 7.53827 3
    endloop
  endfacet
  facet normal -0 0 1
    outer loop
      vertex 87.1651 7.75 3
      vertex 95.7314 7.53827 3
      vertex 87.3492 8.14495 3
    endloop
  endfacet
  facet normal 0 0 1
    outer loop
      vertex 95.7314 7.53827 3
      vertex 87.1651 7.75 3
      vertex 95.8309 7.325 3
    endloop
  endfacet
  facet normal -0 0 1
    outer loop
      vertex 86.9151 7.39303 3
      vertex 95.8309 7.325 3
      vertex 87.1651 7.75 3
    endloop
  endfacet
  facet normal 0 0 1
    outer loop
      vertex 95.9658 7.13224 3
      vertex 86.9151 7.39303 3
      vertex 86.607 7.08489 3
    endloop
  endfacet
  facet normal 0 0 1
    outer loop
      vertex 95.9658 7.13224 3
      vertex 86.607 7.08489 3
      vertex 98 3 3
    endloop
  endfacet
  facet normal -0 0 1
    outer loop
      vertex 86.25 6.83494 3
      vertex 98 3 3
      vertex 86.607 7.08489 3
    endloop
  endfacet
  facet normal -0 0 1
    outer loop
      vertex 85.855 6.65077 3
      vertex 98 3 3
      vertex 86.25 6.83494 3
    endloop
  endfacet
  facet normal -0 0 1
    outer loop
      vertex 85.4341 6.53798 3
      vertex 98 3 3
      vertex 85.855 6.65077 3
    endloop
  endfacet
  facet normal -0 0 1
    outer loop
      vertex 85 6.5 3
      vertex 98 3 3
      vertex 85.4341 6.53798 3
    endloop
  endfacet
  facet normal 0 0 1
    outer loop
      vertex 84.5659 6.53798 3
      vertex 98 3 3
      vertex 85 6.5 3
    endloop
  endfacet
  facet normal 0 0 1
    outer loop
      vertex 82.538 9.43412 3
      vertex 27 13 3
      vertex 82.5 9 3
    endloop
  endfacet
  facet normal 0 0 1
    outer loop
      vertex 82.5 9 3
      vertex 27 13 3
      vertex 82.538 8.56588 3
    endloop
  endfacet
  facet normal 0 0 1
    outer loop
      vertex 82.538 8.56588 3
      vertex 27 13 3
      vertex 82.6508 8.14495 3
    endloop
  endfacet
  facet normal 0 0 1
    outer loop
      vertex 82.6508 8.14495 3
      vertex 27 13 3
      vertex 82.8349 7.75 3
    endloop
  endfacet
  facet normal 0 0 1
    outer loop
      vertex 82.8349 7.75 3
      vertex 27 13 3
      vertex 83.0849 7.39303 3
    endloop
  endfacet
  facet normal 0 0 1
    outer loop
      vertex 21.9151 7.39303 3
      vertex 83.0849 7.39303 3
      vertex 27 13 3
    endloop
  endfacet
  facet normal 0 0 1
    outer loop
      vertex 83.0849 7.39303 3
      vertex 21.9151 7.39303 3
      vertex 83.393 7.08489 3
    endloop
  endfacet
  facet normal 0 0 1
    outer loop
      vertex 21.607 7.08489 3
      vertex 83.393 7.08489 3
      vertex 21.9151 7.39303 3
    endloop
  endfacet
  facet normal 0 0 1
    outer loop
      vertex 83.393 7.08489 3
      vertex 21.607 7.08489 3
      vertex 83.75 6.83494 3
    endloop
  endfacet
  facet normal 0 0 1
    outer loop
      vertex 21.25 6.83494 3
      vertex 83.75 6.83494 3
      vertex 21.607 7.08489 3
    endloop
  endfacet
  facet normal 0 0 1
    outer loop
      vertex 22.462 8.56588 3
      vertex 27 13 3
      vertex 22.5 9 3
    endloop
  endfacet
  facet normal 0 0 1
    outer loop
      vertex 22.3492 8.14495 3
      vertex 27 13 3
      vertex 22.462 8.56588 3
    endloop
  endfacet
  facet normal 0 0 1
    outer loop
      vertex 22.1651 7.75 3
      vertex 27 13 3
      vertex 22.3492 8.14495 3
    endloop
  endfacet
  facet normal 0 0 1
    outer loop
      vertex 21.9151 7.39303 3
      vertex 27 13 3
      vertex 22.1651 7.75 3
    endloop
  endfacet
  facet normal 0 0 1
    outer loop
      vertex 83.75 6.83494 3
      vertex 21.25 6.83494 3
      vertex 84.145 6.65077 3
    endloop
  endfacet
  facet normal 0 0 1
    outer loop
      vertex 20.855 6.65077 3
      vertex 84.145 6.65077 3
      vertex 21.25 6.83494 3
    endloop
  endfacet
  facet normal 0 0 1
    outer loop
      vertex 84.145 6.65077 3
      vertex 20.855 6.65077 3
      vertex 84.5659 6.53798 3
    endloop
  endfacet
  facet normal 0 0 1
    outer loop
      vertex 20.4341 6.53798 3
      vertex 84.5659 6.53798 3
      vertex 20.855 6.65077 3
    endloop
  endfacet
  facet normal 0 0 1
    outer loop
      vertex 84.5659 6.53798 3
      vertex 20.4341 6.53798 3
      vertex 98 3 3
    endloop
  endfacet
  facet normal 0 0 1
    outer loop
      vertex 7 3 3
      vertex 20.4341 6.53798 3
      vertex 20 6.5 3
    endloop
  endfacet
  facet normal 0 0 1
    outer loop
      vertex 9.35 8 3
      vertex 17.538 8.56588 3
      vertex 17.5 9 3
    endloop
  endfacet
  facet normal 0 0 1
    outer loop
      vertex 9.32949 7.76557 3
      vertex 17.538 8.56588 3
      vertex 9.35 8 3
    endloop
  endfacet
  facet normal 0 0 1
    outer loop
      vertex 17.538 8.56588 3
      vertex 9.32949 7.76557 3
      vertex 17.6508 8.14495 3
    endloop
  endfacet
  facet normal 0 0 1
    outer loop
      vertex 9.26858 7.53827 3
      vertex 17.6508 8.14495 3
      vertex 9.32949 7.76557 3
    endloop
  endfacet
  facet normal 0 0 1
    outer loop
      vertex 17.6508 8.14495 3
      vertex 9.26858 7.53827 3
      vertex 17.8349 7.75 3
    endloop
  endfacet
  facet normal 0 0 1
    outer loop
      vertex 9.16913 7.325 3
      vertex 17.8349 7.75 3
      vertex 9.26858 7.53827 3
    endloop
  endfacet
  facet normal 0 0 1
    outer loop
      vertex 17.8349 7.75 3
      vertex 9.16913 7.325 3
      vertex 18.0849 7.39303 3
    endloop
  endfacet
  facet normal 0 0 1
    outer loop
      vertex 9.03416 7.13224 3
      vertex 18.0849 7.39303 3
      vertex 9.16913 7.325 3
    endloop
  endfacet
  facet normal 0 0 1
    outer loop
      vertex 18.0849 7.39303 3
      vertex 9.03416 7.13224 3
      vertex 18.393 7.08489 3
    endloop
  endfacet
  facet normal 0 0 1
    outer loop
      vertex 7 3 3
      vertex 18.393 7.08489 3
      vertex 9.03416 7.13224 3
    endloop
  endfacet
  facet normal 0 0 1
    outer loop
      vertex 18.393 7.08489 3
      vertex 7 3 3
      vertex 18.75 6.83494 3
    endloop
  endfacet
  facet normal 0 0 1
    outer loop
      vertex 18.75 6.83494 3
      vertex 7 3 3
      vertex 19.1449 6.65077 3
    endloop
  endfacet
  facet normal 0 0 1
    outer loop
      vertex 19.1449 6.65077 3
      vertex 7 3 3
      vertex 19.5659 6.53798 3
    endloop
  endfacet
  facet normal 0 0 1
    outer loop
      vertex 7 3 3
      vertex 9.03416 7.13224 3
      vertex 8.86776 6.96584 3
    endloop
  endfacet
  facet normal 0 0 1
    outer loop
      vertex 19.5659 6.53798 3
      vertex 7 3 3
      vertex 20 6.5 3
    endloop
  endfacet
  facet normal 0 0 1
    outer loop
      vertex 7 3 3
      vertex 8.86776 6.96584 3
      vertex 8.675 6.83086 3
    endloop
  endfacet
  facet normal 0 0 1
    outer loop
      vertex 7 3 3
      vertex 8.675 6.83086 3
      vertex 8.46173 6.73141 3
    endloop
  endfacet
  facet normal 0 0 1
    outer loop
      vertex 7 3 3
      vertex 8.46173 6.73141 3
      vertex 8.23442 6.67051 3
    endloop
  endfacet
  facet normal 0 0 1
    outer loop
      vertex 7 3 3
      vertex 8.23442 6.67051 3
      vertex 8 6.65 3
    endloop
  endfacet
  facet normal 0 0 1
    outer loop
      vertex 20.4341 6.53798 3
      vertex 7 3 3
      vertex 98 3 3
    endloop
  endfacet
  facet normal 0 0 1
    outer loop
      vertex 7.76557 6.67051 3
      vertex 7 3 3
      vertex 8 6.65 3
    endloop
  endfacet
  facet normal 0 0 1
    outer loop
      vertex 7.53827 6.73141 3
      vertex 7 3 3
      vertex 7.76557 6.67051 3
    endloop
  endfacet
  facet normal 0 0 1
    outer loop
      vertex 6.30541 3.06077 3
      vertex 7.53827 6.73141 3
      vertex 7.325 6.83086 3
    endloop
  endfacet
  facet normal 0 0 1
    outer loop
      vertex 5 3.5359 3
      vertex 7.325 6.83086 3
      vertex 7.13224 6.96584 3
    endloop
  endfacet
  facet normal 0 0 1
    outer loop
      vertex 4.42885 3.93582 3
      vertex 7.13224 6.96584 3
      vertex 6.96584 7.13224 3
    endloop
  endfacet
  facet normal 0 0 1
    outer loop
      vertex 3.5359 5 3
      vertex 6.96584 7.13224 3
      vertex 6.83086 7.325 3
    endloop
  endfacet
  facet normal 0 0 1
    outer loop
      vertex 3.06077 6.30541 3
      vertex 6.83086 7.325 3
      vertex 6.73141 7.53827 3
    endloop
  endfacet
  facet normal 0 0 1
    outer loop
      vertex 3 7 3
      vertex 6.73141 7.53827 3
      vertex 6.67051 7.76557 3
    endloop
  endfacet
  facet normal 0 0 1
    outer loop
      vertex 3 7 3
      vertex 6.67051 7.76557 3
      vertex 6.65 8 3
    endloop
  endfacet
  facet normal 0 0 1
    outer loop
      vertex 7.53827 6.73141 3
      vertex 6.30541 3.06077 3
      vertex 7 3 3
    endloop
  endfacet
  facet normal 0 0 1
    outer loop
      vertex 6.73141 8.46173 3
      vertex 3 7 3
      vertex 6.67051 8.23442 3
    endloop
  endfacet
  facet normal 0 0 1
    outer loop
      vertex 6.96584 34.8678 3
      vertex 3.5359 37 3
      vertex 6.83086 34.675 3
    endloop
  endfacet
  facet normal 0 0 1
    outer loop
      vertex 6.67051 8.23442 3
      vertex 3 7 3
      vertex 6.65 8 3
    endloop
  endfacet
  facet normal -0 0 1
    outer loop
      vertex 3.24123 36.3681 3
      vertex 6.83086 34.675 3
      vertex 3.5359 37 3
    endloop
  endfacet
  facet normal 0 0 1
    outer loop
      vertex 6.73141 7.53827 3
      vertex 3 7 3
      vertex 3.06077 6.30541 3
    endloop
  endfacet
  facet normal -0 0 1
    outer loop
      vertex 3.06077 35.6946 3
      vertex 6.83086 34.675 3
      vertex 3.24123 36.3681 3
    endloop
  endfacet
  facet normal 0 0 1
    outer loop
      vertex 7.325 6.83086 3
      vertex 5.63192 3.24123 3
      vertex 6.30541 3.06077 3
    endloop
  endfacet
  facet normal 0 0 1
    outer loop
      vertex 6.83086 34.675 3
      vertex 3.06077 35.6946 3
      vertex 6.73141 34.4617 3
    endloop
  endfacet
  facet normal 0 0 1
    outer loop
      vertex 7.325 6.83086 3
      vertex 5 3.5359 3
      vertex 5.63192 3.24123 3
    endloop
  endfacet
  facet normal -0 0 1
    outer loop
      vertex 3 35 3
      vertex 6.73141 34.4617 3
      vertex 3.06077 35.6946 3
    endloop
  endfacet
  facet normal 0 0 1
    outer loop
      vertex 7.13224 6.96584 3
      vertex 4.42885 3.93582 3
      vertex 5 3.5359 3
    endloop
  endfacet
  facet normal 0 0 1
    outer loop
      vertex 6.73141 34.4617 3
      vertex 3 35 3
      vertex 6.67051 34.2344 3
    endloop
  endfacet
  facet normal 0 0 1
    outer loop
      vertex 6.96584 7.13224 3
      vertex 3.93582 4.42885 3
      vertex 4.42885 3.93582 3
    endloop
  endfacet
  facet normal 0 0 1
    outer loop
      vertex 6.67051 34.2344 3
      vertex 3 35 3
      vertex 6.65 34 3
    endloop
  endfacet
  facet normal 0 0 1
    outer loop
      vertex 6.96584 7.13224 3
      vertex 3.5359 5 3
      vertex 3.93582 4.42885 3
    endloop
  endfacet
  facet normal 0 0 1
    outer loop
      vertex 6.83086 7.325 3
      vertex 3.24123 5.63192 3
      vertex 3.5359 5 3
    endloop
  endfacet
  facet normal 0 0 1
    outer loop
      vertex 6.83086 7.325 3
      vertex 3.06077 6.30541 3
      vertex 3.24123 5.63192 3
    endloop
  endfacet
  facet normal -0 0 1
    outer loop
      vertex 22.462 32.5659 3
      vertex 27 29 3
      vertex 22.5 33 3
    endloop
  endfacet
  facet normal -0 0 1
    outer loop
      vertex 22.3492 32.145 3
      vertex 27 29 3
      vertex 22.462 32.5659 3
    endloop
  endfacet
  facet normal -0 0 1
    outer loop
      vertex 22.1651 31.75 3
      vertex 27 29 3
      vertex 22.3492 32.145 3
    endloop
  endfacet
  facet normal -0 0 1
    outer loop
      vertex 21.9151 31.393 3
      vertex 27 29 3
      vertex 22.1651 31.75 3
    endloop
  endfacet
  facet normal -0 0 1
    outer loop
      vertex 21.607 31.0849 3
      vertex 27 29 3
      vertex 21.9151 31.393 3
    endloop
  endfacet
  facet normal -0 0 1
    outer loop
      vertex 21.25 30.8349 3
      vertex 27 29 3
      vertex 21.607 31.0849 3
    endloop
  endfacet
  facet normal -0 0 1
    outer loop
      vertex 20.855 30.6508 3
      vertex 27 29 3
      vertex 21.25 30.8349 3
    endloop
  endfacet
  facet normal -0 0 1
    outer loop
      vertex 20.4341 30.538 3
      vertex 27 29 3
      vertex 20.855 30.6508 3
    endloop
  endfacet
  facet normal -0 0 1
    outer loop
      vertex 20 30.5 3
      vertex 27 29 3
      vertex 20.4341 30.538 3
    endloop
  endfacet
  facet normal 0 0 1
    outer loop
      vertex 9 29 3
      vertex 20 30.5 3
      vertex 19.5659 30.538 3
    endloop
  endfacet
  facet normal -0 0 1
    outer loop
      vertex 9.32949 33.7656 3
      vertex 17.5 33 3
      vertex 9.35 34 3
    endloop
  endfacet
  facet normal -0 0 1
    outer loop
      vertex 9.26858 33.5383 3
      vertex 17.5 33 3
      vertex 9.32949 33.7656 3
    endloop
  endfacet
  facet normal 0 0 1
    outer loop
      vertex 17.5 33 3
      vertex 9.26858 33.5383 3
      vertex 17.538 32.5659 3
    endloop
  endfacet
  facet normal -0 0 1
    outer loop
      vertex 9.16913 33.325 3
      vertex 17.538 32.5659 3
      vertex 9.26858 33.5383 3
    endloop
  endfacet
  facet normal 0 0 1
    outer loop
      vertex 17.538 32.5659 3
      vertex 9.16913 33.325 3
      vertex 17.6508 32.145 3
    endloop
  endfacet
  facet normal 0 0 1
    outer loop
      vertex 9 29 3
      vertex 17.6508 32.145 3
      vertex 9.16913 33.325 3
    endloop
  endfacet
  facet normal 0 0 1
    outer loop
      vertex 17.6508 32.145 3
      vertex 9 29 3
      vertex 17.8349 31.75 3
    endloop
  endfacet
  facet normal 0 0 1
    outer loop
      vertex 17.8349 31.75 3
      vertex 9 29 3
      vertex 18.0849 31.393 3
    endloop
  endfacet
  facet normal 0 0 1
    outer loop
      vertex 18.0849 31.393 3
      vertex 9 29 3
      vertex 18.393 31.0849 3
    endloop
  endfacet
  facet normal 0 0 1
    outer loop
      vertex 18.393 31.0849 3
      vertex 9 29 3
      vertex 18.75 30.8349 3
    endloop
  endfacet
  facet normal 0 0 1
    outer loop
      vertex 9 29 3
      vertex 9.16913 33.325 3
      vertex 9.03416 33.1322 3
    endloop
  endfacet
  facet normal 0 0 1
    outer loop
      vertex 18.75 30.8349 3
      vertex 9 29 3
      vertex 19.1449 30.6508 3
    endloop
  endfacet
  facet normal 0 0 1
    outer loop
      vertex 20 30.5 3
      vertex 9 29 3
      vertex 27 29 3
    endloop
  endfacet
  facet normal 0 0 1
    outer loop
      vertex 19.1449 30.6508 3
      vertex 9 29 3
      vertex 19.5659 30.538 3
    endloop
  endfacet
  facet normal -0 0 1
    outer loop
      vertex 8.675 32.8309 3
      vertex 9 29 3
      vertex 8.86776 32.9658 3
    endloop
  endfacet
  facet normal -0 0 1
    outer loop
      vertex 8.86776 32.9658 3
      vertex 9 29 3
      vertex 9.03416 33.1322 3
    endloop
  endfacet
  facet normal 0.996195 0.0871575 0
    outer loop
      vertex 3.06077 6.30541 27
      vertex 3 7 3
      vertex 3 7 27
    endloop
  endfacet
  facet normal 0.996195 0.0871575 0
    outer loop
      vertex 3 7 3
      vertex 3.06077 6.30541 27
      vertex 3.06077 6.30541 3
    endloop
  endfacet
  facet normal -0.087199 -0.996191 0
    outer loop
      vertex 98 39 3
      vertex 98.6946 38.9392 27
      vertex 98 39 27
    endloop
  endfacet
  facet normal -0.087199 -0.996191 -0
    outer loop
      vertex 98.6946 38.9392 27
      vertex 98 39 3
      vertex 98.6946 38.9392 3
    endloop
  endfacet
  facet normal -0.258734 -0.965949 0
    outer loop
      vertex 98.6946 38.9392 3
      vertex 99.3681 38.7588 27
      vertex 98.6946 38.9392 27
    endloop
  endfacet
  facet normal -0.258734 -0.965949 -0
    outer loop
      vertex 99.3681 38.7588 27
      vertex 98.6946 38.9392 3
      vertex 99.3681 38.7588 3
    endloop
  endfacet
  facet normal -0.996166 -0.0874836 0
    outer loop
      vertex 102 35 3
      vertex 101.939 35.6946 27
      vertex 101.939 35.6946 3
    endloop
  endfacet
  facet normal -0.996166 -0.0874836 0
    outer loop
      vertex 101.939 35.6946 27
      vertex 102 35 3
      vertex 102 35 27
    endloop
  endfacet
  facet normal 0.965926 0.258818 0
    outer loop
      vertex 3.24123 5.63192 27
      vertex 3.06077 6.30541 3
      vertex 3.06077 6.30541 27
    endloop
  endfacet
  facet normal 0.965926 0.258818 0
    outer loop
      vertex 3.06077 6.30541 3
      vertex 3.24123 5.63192 27
      vertex 3.24123 5.63192 3
    endloop
  endfacet
  facet normal -0.0871563 0.996195 0
    outer loop
      vertex 98.6946 3.06077 3
      vertex 98 3 27
      vertex 98.6946 3.06077 27
    endloop
  endfacet
  facet normal -0.0871563 0.996195 0
    outer loop
      vertex 98 3 27
      vertex 98.6946 3.06077 3
      vertex 98 3 3
    endloop
  endfacet
  facet normal 0.258737 -0.965948 0
    outer loop
      vertex 5.63192 38.7588 3
      vertex 6.30541 38.9392 27
      vertex 5.63192 38.7588 27
    endloop
  endfacet
  facet normal 0.258737 -0.965948 0
    outer loop
      vertex 6.30541 38.9392 27
      vertex 5.63192 38.7588 3
      vertex 6.30541 38.9392 3
    endloop
  endfacet
  facet normal 0.0872002 -0.996191 0
    outer loop
      vertex 6.30541 38.9392 3
      vertex 7 39 27
      vertex 6.30541 38.9392 27
    endloop
  endfacet
  facet normal 0.0872002 -0.996191 0
    outer loop
      vertex 7 39 27
      vertex 6.30541 38.9392 3
      vertex 7 39 3
    endloop
  endfacet
  facet normal -0.707107 -0.707107 0
    outer loop
      vertex 101.064 37.5712 3
      vertex 100.571 38.0642 27
      vertex 100.571 38.0642 3
    endloop
  endfacet
  facet normal -0.707107 -0.707107 0
    outer loop
      vertex 100.571 38.0642 27
      vertex 101.064 37.5712 3
      vertex 101.064 37.5712 27
    endloop
  endfacet
  facet normal -0.966092 -0.258198 0
    outer loop
      vertex 101.939 35.6946 3
      vertex 101.759 36.3681 27
      vertex 101.759 36.3681 3
    endloop
  endfacet
  facet normal -0.966092 -0.258198 0
    outer loop
      vertex 101.759 36.3681 27
      vertex 101.939 35.6946 3
      vertex 101.939 35.6946 27
    endloop
  endfacet
  facet normal -0.258814 0.965927 0
    outer loop
      vertex 99.3681 3.24123 3
      vertex 98.6946 3.06077 27
      vertex 99.3681 3.24123 27
    endloop
  endfacet
  facet normal -0.258814 0.965927 0
    outer loop
      vertex 98.6946 3.06077 27
      vertex 99.3681 3.24123 3
      vertex 98.6946 3.06077 3
    endloop
  endfacet
  facet normal -0.819101 0.57365 0
    outer loop
      vertex 101.064 4.42885 3
      vertex 101.464 5 27
      vertex 101.464 5 3
    endloop
  endfacet
  facet normal -0.819101 0.57365 0
    outer loop
      vertex 101.464 5 27
      vertex 101.064 4.42885 3
      vertex 101.064 4.42885 27
    endloop
  endfacet
  facet normal -0.966091 0.258202 0
    outer loop
      vertex 101.759 5.63192 3
      vertex 101.939 6.30541 27
      vertex 101.939 6.30541 3
    endloop
  endfacet
  facet normal -0.966091 0.258202 0
    outer loop
      vertex 101.939 6.30541 27
      vertex 101.759 5.63192 3
      vertex 101.759 5.63192 27
    endloop
  endfacet
  facet normal -0.996166 0.0874849 0
    outer loop
      vertex 101.939 6.30541 3
      vertex 102 7 27
      vertex 102 7 3
    endloop
  endfacet
  facet normal -0.996166 0.0874849 0
    outer loop
      vertex 102 7 27
      vertex 101.939 6.30541 3
      vertex 101.939 6.30541 27
    endloop
  endfacet
  facet normal 0.707107 0.707107 0
    outer loop
      vertex 4.42885 3.93582 27
      vertex 3.93582 4.42885 3
      vertex 3.93582 4.42885 27
    endloop
  endfacet
  facet normal 0.707107 0.707107 0
    outer loop
      vertex 3.93582 4.42885 3
      vertex 4.42885 3.93582 27
      vertex 4.42885 3.93582 3
    endloop
  endfacet
  facet normal 0.906307 0.422619 0
    outer loop
      vertex 3.5359 5 27
      vertex 3.24123 5.63192 3
      vertex 3.24123 5.63192 27
    endloop
  endfacet
  facet normal 0.906307 0.422619 0
    outer loop
      vertex 3.24123 5.63192 3
      vertex 3.5359 5 27
      vertex 3.5359 5 3
    endloop
  endfacet
  facet normal 0.819154 0.573573 0
    outer loop
      vertex 3.93582 4.42885 27
      vertex 3.5359 5 3
      vertex 3.5359 5 27
    endloop
  endfacet
  facet normal 0.819154 0.573573 0
    outer loop
      vertex 3.5359 5 3
      vertex 3.93582 4.42885 27
      vertex 3.93582 4.42885 3
    endloop
  endfacet
  facet normal 0.258818 0.965926 -0
    outer loop
      vertex 6.30541 3.06077 3
      vertex 5.63192 3.24123 27
      vertex 6.30541 3.06077 27
    endloop
  endfacet
  facet normal 0.258818 0.965926 0
    outer loop
      vertex 5.63192 3.24123 27
      vertex 6.30541 3.06077 3
      vertex 5.63192 3.24123 3
    endloop
  endfacet
  facet normal 0.422655 -0.906291 0
    outer loop
      vertex 5 38.4641 3
      vertex 5.63192 38.7588 27
      vertex 5 38.4641 27
    endloop
  endfacet
  facet normal 0.422655 -0.906291 0
    outer loop
      vertex 5.63192 38.7588 27
      vertex 5 38.4641 3
      vertex 5.63192 38.7588 3
    endloop
  endfacet
  facet normal 0.707085 -0.707128 0
    outer loop
      vertex 3.93582 37.5712 3
      vertex 4.42885 38.0642 27
      vertex 3.93582 37.5712 27
    endloop
  endfacet
  facet normal 0.707085 -0.707128 0
    outer loop
      vertex 4.42885 38.0642 27
      vertex 3.93582 37.5712 3
      vertex 4.42885 38.0642 3
    endloop
  endfacet
  facet normal -0.573655 -0.819097 0
    outer loop
      vertex 100 38.4641 3
      vertex 100.571 38.0642 27
      vertex 100 38.4641 27
    endloop
  endfacet
  facet normal -0.573655 -0.819097 -0
    outer loop
      vertex 100.571 38.0642 27
      vertex 100 38.4641 3
      vertex 100.571 38.0642 3
    endloop
  endfacet
  facet normal -0.819124 -0.573616 0
    outer loop
      vertex 101.464 37 3
      vertex 101.064 37.5712 27
      vertex 101.064 37.5712 3
    endloop
  endfacet
  facet normal -0.819124 -0.573616 0
    outer loop
      vertex 101.064 37.5712 27
      vertex 101.464 37 3
      vertex 101.464 37 27
    endloop
  endfacet
  facet normal -0.906121 -0.423019 0
    outer loop
      vertex 101.759 36.3681 3
      vertex 101.464 37 27
      vertex 101.464 37 3
    endloop
  endfacet
  facet normal -0.906121 -0.423019 0
    outer loop
      vertex 101.464 37 27
      vertex 101.759 36.3681 3
      vertex 101.759 36.3681 27
    endloop
  endfacet
  facet normal -0.707128 0.707085 0
    outer loop
      vertex 100.571 3.93582 3
      vertex 101.064 4.42885 27
      vertex 101.064 4.42885 3
    endloop
  endfacet
  facet normal -0.707128 0.707085 0
    outer loop
      vertex 101.064 4.42885 27
      vertex 100.571 3.93582 3
      vertex 100.571 3.93582 27
    endloop
  endfacet
  facet normal -0.42263 0.906302 0
    outer loop
      vertex 100 3.5359 3
      vertex 99.3681 3.24123 27
      vertex 100 3.5359 27
    endloop
  endfacet
  facet normal -0.42263 0.906302 0
    outer loop
      vertex 99.3681 3.24123 27
      vertex 100 3.5359 3
      vertex 99.3681 3.24123 3
    endloop
  endfacet
  facet normal -0.906126 0.423008 0
    outer loop
      vertex 101.464 5 3
      vertex 101.759 5.63192 27
      vertex 101.759 5.63192 3
    endloop
  endfacet
  facet normal -0.906126 0.423008 0
    outer loop
      vertex 101.759 5.63192 27
      vertex 101.464 5 3
      vertex 101.464 5 27
    endloop
  endfacet
  facet normal 0.573573 0.819154 -0
    outer loop
      vertex 5 3.5359 3
      vertex 4.42885 3.93582 27
      vertex 5 3.5359 27
    endloop
  endfacet
  facet normal 0.573573 0.819154 0
    outer loop
      vertex 4.42885 3.93582 27
      vertex 5 3.5359 3
      vertex 4.42885 3.93582 3
    endloop
  endfacet
  facet normal 0.422619 0.906307 -0
    outer loop
      vertex 5.63192 3.24123 3
      vertex 5 3.5359 27
      vertex 5.63192 3.24123 27
    endloop
  endfacet
  facet normal 0.422619 0.906307 0
    outer loop
      vertex 5 3.5359 27
      vertex 5.63192 3.24123 3
      vertex 5 3.5359 3
    endloop
  endfacet
  facet normal 0.819178 -0.573539 0
    outer loop
      vertex 3.5359 37 27
      vertex 3.93582 37.5712 3
      vertex 3.93582 37.5712 27
    endloop
  endfacet
  facet normal 0.819178 -0.573539 0
    outer loop
      vertex 3.93582 37.5712 3
      vertex 3.5359 37 27
      vertex 3.5359 37 3
    endloop
  endfacet
  facet normal -0.573674 0.819084 0
    outer loop
      vertex 100.571 3.93582 3
      vertex 100 3.5359 27
      vertex 100.571 3.93582 27
    endloop
  endfacet
  facet normal -0.573674 0.819084 0
    outer loop
      vertex 100 3.5359 27
      vertex 100.571 3.93582 3
      vertex 100 3.5359 3
    endloop
  endfacet
  facet normal 0 -0.0871584 0.996194
    outer loop
      vertex 0 21.8682 8.57596
      vertex 3 21 8.5
      vertex 3 21.8682 8.57596
    endloop
  endfacet
  facet normal 0 -0.0871584 0.996194
    outer loop
      vertex 3 21 8.5
      vertex 0 21.8682 8.57596
      vertex 0 21 8.5
    endloop
  endfacet
  facet normal 0 -0.087204 -0.99619
    outer loop
      vertex 0 21 18.5
      vertex 3 21.8682 18.424
      vertex 3 21 18.5
    endloop
  endfacet
  facet normal -0 -0.087204 -0.99619
    outer loop
      vertex 3 21.8682 18.424
      vertex 0 21 18.5
      vertex 0 21.8682 18.424
    endloop
  endfacet
  facet normal 0 0.99619 0.087204
    outer loop
      vertex 3 16.076 12.6318
      vertex 0 16 13.5
      vertex 3 16 13.5
    endloop
  endfacet
  facet normal 0 0.99619 0.087204
    outer loop
      vertex 0 16 13.5
      vertex 3 16.076 12.6318
      vertex 0 16.076 12.6318
    endloop
  endfacet
  facet normal 0 -0.81914 -0.573593
    outer loop
      vertex 0 25.3301 16
      vertex 3 24.8302 16.7139
      vertex 0 24.8302 16.7139
    endloop
  endfacet
  facet normal 0 -0.81914 -0.573593
    outer loop
      vertex 3 24.8302 16.7139
      vertex 0 25.3301 16
      vertex 3 25.3301 16
    endloop
  endfacet
  facet normal 0 -0.965951 -0.258727
    outer loop
      vertex 0 25.924 14.3682
      vertex 3 25.6985 15.2101
      vertex 0 25.6985 15.2101
    endloop
  endfacet
  facet normal 0 -0.965951 -0.258727
    outer loop
      vertex 3 25.6985 15.2101
      vertex 0 25.924 14.3682
      vertex 3 25.924 14.3682
    endloop
  endfacet
  facet normal 0 -0.258812 0.965928
    outer loop
      vertex 0 22.7101 8.80154
      vertex 3 21.8682 8.57596
      vertex 3 22.7101 8.80154
    endloop
  endfacet
  facet normal 0 -0.258812 0.965928
    outer loop
      vertex 3 21.8682 8.57596
      vertex 0 22.7101 8.80154
      vertex 0 21.8682 8.57596
    endloop
  endfacet
  facet normal 0 -0.573601 0.819135
    outer loop
      vertex 0 24.2139 9.66978
      vertex 3 23.5 9.16987
      vertex 3 24.2139 9.66978
    endloop
  endfacet
  facet normal 0 -0.573601 0.819135
    outer loop
      vertex 3 23.5 9.16987
      vertex 0 24.2139 9.66978
      vertex 0 23.5 9.16987
    endloop
  endfacet
  facet normal 0 -0.965951 0.258727
    outer loop
      vertex 0 25.6985 11.7899
      vertex 3 25.924 12.6318
      vertex 0 25.924 12.6318
    endloop
  endfacet
  facet normal 0 -0.965951 0.258727
    outer loop
      vertex 3 25.924 12.6318
      vertex 0 25.6985 11.7899
      vertex 3 25.6985 11.7899
    endloop
  endfacet
  facet normal 0 -0.81914 0.573593
    outer loop
      vertex 0 24.8302 10.2861
      vertex 3 25.3301 11
      vertex 0 25.3301 11
    endloop
  endfacet
  facet normal 0 -0.81914 0.573593
    outer loop
      vertex 3 25.3301 11
      vertex 0 24.8302 10.2861
      vertex 3 24.8302 10.2861
    endloop
  endfacet
  facet normal 0 -0.573593 -0.81914
    outer loop
      vertex 0 23.5 17.8301
      vertex 3 24.2139 17.3302
      vertex 3 23.5 17.8301
    endloop
  endfacet
  facet normal -0 -0.573593 -0.81914
    outer loop
      vertex 3 24.2139 17.3302
      vertex 0 23.5 17.8301
      vertex 0 24.2139 17.3302
    endloop
  endfacet
  facet normal 0 -0.707107 -0.707107
    outer loop
      vertex 0 24.8302 16.7139
      vertex 3 24.2139 17.3302
      vertex 0 24.2139 17.3302
    endloop
  endfacet
  facet normal 0 -0.707107 -0.707107
    outer loop
      vertex 3 24.2139 17.3302
      vertex 0 24.8302 16.7139
      vertex 3 24.8302 16.7139
    endloop
  endfacet
  facet normal 0 -0.422678 -0.90628
    outer loop
      vertex 0 22.7101 18.1985
      vertex 3 23.5 17.8301
      vertex 3 22.7101 18.1985
    endloop
  endfacet
  facet normal -0 -0.422678 -0.90628
    outer loop
      vertex 3 23.5 17.8301
      vertex 0 22.7101 18.1985
      vertex 0 23.5 17.8301
    endloop
  endfacet
  facet normal 0 -0.90628 -0.422678
    outer loop
      vertex 0 25.6985 15.2101
      vertex 3 25.3301 16
      vertex 0 25.3301 16
    endloop
  endfacet
  facet normal 0 -0.90628 -0.422678
    outer loop
      vertex 3 25.3301 16
      vertex 0 25.6985 15.2101
      vertex 3 25.6985 15.2101
    endloop
  endfacet
  facet normal 0 -0.99619 -0.087204
    outer loop
      vertex 0 26 13.5
      vertex 3 25.924 14.3682
      vertex 0 25.924 14.3682
    endloop
  endfacet
  facet normal 0 -0.99619 -0.087204
    outer loop
      vertex 3 25.924 14.3682
      vertex 0 26 13.5
      vertex 3 26 13.5
    endloop
  endfacet
  facet normal -0 0.573601 0.819135
    outer loop
      vertex 0 18.5 9.16987
      vertex 3 17.7861 9.66978
      vertex 3 18.5 9.16987
    endloop
  endfacet
  facet normal 0 0.573601 0.819135
    outer loop
      vertex 3 17.7861 9.66978
      vertex 0 18.5 9.16987
      vertex 0 17.7861 9.66978
    endloop
  endfacet
  facet normal 0 0.422678 -0.90628
    outer loop
      vertex 0 18.5 17.8301
      vertex 3 19.2899 18.1985
      vertex 3 18.5 17.8301
    endloop
  endfacet
  facet normal 0 0.422678 -0.90628
    outer loop
      vertex 3 19.2899 18.1985
      vertex 0 18.5 17.8301
      vertex 0 19.2899 18.1985
    endloop
  endfacet
  facet normal 0 -0.422612 0.906311
    outer loop
      vertex 0 23.5 9.16987
      vertex 3 22.7101 8.80154
      vertex 3 23.5 9.16987
    endloop
  endfacet
  facet normal 0 -0.422612 0.906311
    outer loop
      vertex 3 22.7101 8.80154
      vertex 0 23.5 9.16987
      vertex 0 22.7101 8.80154
    endloop
  endfacet
  facet normal 0 -0.707118 0.707095
    outer loop
      vertex 0 24.8302 10.2861
      vertex 3 24.2139 9.66978
      vertex 3 24.8302 10.2861
    endloop
  endfacet
  facet normal 0 -0.707118 0.707095
    outer loop
      vertex 3 24.2139 9.66978
      vertex 0 24.8302 10.2861
      vertex 0 24.2139 9.66978
    endloop
  endfacet
  facet normal 0 -0.99619 0.087204
    outer loop
      vertex 0 25.924 12.6318
      vertex 3 26 13.5
      vertex 0 26 13.5
    endloop
  endfacet
  facet normal 0 -0.99619 0.087204
    outer loop
      vertex 3 26 13.5
      vertex 0 25.924 12.6318
      vertex 3 25.924 12.6318
    endloop
  endfacet
  facet normal 0 -0.90628 0.422678
    outer loop
      vertex 0 25.3301 11
      vertex 3 25.6985 11.7899
      vertex 0 25.6985 11.7899
    endloop
  endfacet
  facet normal 0 -0.90628 0.422678
    outer loop
      vertex 3 25.6985 11.7899
      vertex 0 25.3301 11
      vertex 3 25.3301 11
    endloop
  endfacet
  facet normal 0 -0.258727 -0.965951
    outer loop
      vertex 0 21.8682 18.424
      vertex 3 22.7101 18.1985
      vertex 3 21.8682 18.424
    endloop
  endfacet
  facet normal -0 -0.258727 -0.965951
    outer loop
      vertex 3 22.7101 18.1985
      vertex 0 21.8682 18.424
      vertex 0 22.7101 18.1985
    endloop
  endfacet
  facet normal 0 0.81914 0.573593
    outer loop
      vertex 3 17.1698 10.2861
      vertex 0 16.6699 11
      vertex 3 16.6699 11
    endloop
  endfacet
  facet normal 0 0.81914 0.573593
    outer loop
      vertex 0 16.6699 11
      vertex 3 17.1698 10.2861
      vertex 0 17.1698 10.2861
    endloop
  endfacet
  facet normal 0 0.707118 0.707095
    outer loop
      vertex 3 17.7861 9.66978
      vertex 0 17.1698 10.2861
      vertex 3 17.1698 10.2861
    endloop
  endfacet
  facet normal 0 0.707118 0.707095
    outer loop
      vertex 0 17.1698 10.2861
      vertex 3 17.7861 9.66978
      vertex 0 17.7861 9.66978
    endloop
  endfacet
  facet normal -0 0.422612 0.906311
    outer loop
      vertex 0 19.2899 8.80154
      vertex 3 18.5 9.16987
      vertex 3 19.2899 8.80154
    endloop
  endfacet
  facet normal 0 0.422612 0.906311
    outer loop
      vertex 3 18.5 9.16987
      vertex 0 19.2899 8.80154
      vertex 0 18.5 9.16987
    endloop
  endfacet
  facet normal -0 0.258812 0.965928
    outer loop
      vertex 0 20.1318 8.57596
      vertex 3 19.2899 8.80154
      vertex 3 20.1318 8.57596
    endloop
  endfacet
  facet normal 0 0.258812 0.965928
    outer loop
      vertex 3 19.2899 8.80154
      vertex 0 20.1318 8.57596
      vertex 0 19.2899 8.80154
    endloop
  endfacet
  facet normal 0 0.965951 0.258727
    outer loop
      vertex 3 16.3015 11.7899
      vertex 0 16.076 12.6318
      vertex 3 16.076 12.6318
    endloop
  endfacet
  facet normal 0 0.965951 0.258727
    outer loop
      vertex 0 16.076 12.6318
      vertex 3 16.3015 11.7899
      vertex 0 16.3015 11.7899
    endloop
  endfacet
  facet normal -0 0.0871584 0.996194
    outer loop
      vertex 0 21 8.5
      vertex 3 20.1318 8.57596
      vertex 3 21 8.5
    endloop
  endfacet
  facet normal 0 0.0871584 0.996194
    outer loop
      vertex 3 20.1318 8.57596
      vertex 0 21 8.5
      vertex 0 20.1318 8.57596
    endloop
  endfacet
  facet normal 0 0.90628 -0.422678
    outer loop
      vertex 3 16.3015 15.2101
      vertex 0 16.6699 16
      vertex 3 16.6699 16
    endloop
  endfacet
  facet normal 0 0.90628 -0.422678
    outer loop
      vertex 0 16.6699 16
      vertex 3 16.3015 15.2101
      vertex 0 16.3015 15.2101
    endloop
  endfacet
  facet normal 0 0.707107 -0.707107
    outer loop
      vertex 3 17.1698 16.7139
      vertex 0 17.7861 17.3302
      vertex 3 17.7861 17.3302
    endloop
  endfacet
  facet normal 0 0.707107 -0.707107
    outer loop
      vertex 0 17.7861 17.3302
      vertex 3 17.1698 16.7139
      vertex 0 17.1698 16.7139
    endloop
  endfacet
  facet normal 0 0.573593 -0.81914
    outer loop
      vertex 0 17.7861 17.3302
      vertex 3 18.5 17.8301
      vertex 3 17.7861 17.3302
    endloop
  endfacet
  facet normal 0 0.573593 -0.81914
    outer loop
      vertex 3 18.5 17.8301
      vertex 0 17.7861 17.3302
      vertex 0 18.5 17.8301
    endloop
  endfacet
  facet normal 0 0.90628 0.422678
    outer loop
      vertex 3 16.6699 11
      vertex 0 16.3015 11.7899
      vertex 3 16.3015 11.7899
    endloop
  endfacet
  facet normal 0 0.90628 0.422678
    outer loop
      vertex 0 16.3015 11.7899
      vertex 3 16.6699 11
      vertex 0 16.6699 11
    endloop
  endfacet
  facet normal 0 0.99619 -0.087204
    outer loop
      vertex 3 16 13.5
      vertex 0 16.076 14.3682
      vertex 3 16.076 14.3682
    endloop
  endfacet
  facet normal 0 0.99619 -0.087204
    outer loop
      vertex 0 16.076 14.3682
      vertex 3 16 13.5
      vertex 0 16 13.5
    endloop
  endfacet
  facet normal 0 0.81914 -0.573593
    outer loop
      vertex 3 16.6699 16
      vertex 0 17.1698 16.7139
      vertex 3 17.1698 16.7139
    endloop
  endfacet
  facet normal 0 0.81914 -0.573593
    outer loop
      vertex 0 17.1698 16.7139
      vertex 3 16.6699 16
      vertex 0 16.6699 16
    endloop
  endfacet
  facet normal 0 0.965951 -0.258727
    outer loop
      vertex 3 16.076 14.3682
      vertex 0 16.3015 15.2101
      vertex 3 16.3015 15.2101
    endloop
  endfacet
  facet normal 0 0.965951 -0.258727
    outer loop
      vertex 0 16.3015 15.2101
      vertex 3 16.076 14.3682
      vertex 0 16.076 14.3682
    endloop
  endfacet
  facet normal 0 0.258727 -0.965951
    outer loop
      vertex 0 19.2899 18.1985
      vertex 3 20.1318 18.424
      vertex 3 19.2899 18.1985
    endloop
  endfacet
  facet normal 0 0.258727 -0.965951
    outer loop
      vertex 3 20.1318 18.424
      vertex 0 19.2899 18.1985
      vertex 0 20.1318 18.424
    endloop
  endfacet
  facet normal 0 0.087204 -0.99619
    outer loop
      vertex 0 20.1318 18.424
      vertex 3 21 18.5
      vertex 3 20.1318 18.424
    endloop
  endfacet
  facet normal 0 0.087204 -0.99619
    outer loop
      vertex 3 21 18.5
      vertex 0 20.1318 18.424
      vertex 0 21 18.5
    endloop
  endfacet
  facet normal 0.422446 0.906388 -0
    outer loop
      vertex 21.25 11.1651 3
      vertex 20.855 11.3492 7
      vertex 21.25 11.1651 7
    endloop
  endfacet
  facet normal 0.422446 0.906388 0
    outer loop
      vertex 20.855 11.3492 7
      vertex 21.25 11.1651 3
      vertex 20.855 11.3492 3
    endloop
  endfacet
  facet normal -0.996191 0.0872 0
    outer loop
      vertex 17.5 9 3
      vertex 17.538 9.43412 7
      vertex 17.538 9.43412 3
    endloop
  endfacet
  facet normal -0.996191 0.0872 0
    outer loop
      vertex 17.538 9.43412 7
      vertex 17.5 9 3
      vertex 17.5 9 7
    endloop
  endfacet
  facet normal 0.996191 -0.0872 0
    outer loop
      vertex 22.462 8.56588 7
      vertex 22.5 9 3
      vertex 22.5 9 7
    endloop
  endfacet
  facet normal 0.996191 -0.0872 0
    outer loop
      vertex 22.5 9 3
      vertex 22.462 8.56588 7
      vertex 22.462 8.56588 3
    endloop
  endfacet
  facet normal -0.0871584 -0.996194 0
    outer loop
      vertex 19.5659 6.53798 3
      vertex 20 6.5 7
      vertex 19.5659 6.53798 7
    endloop
  endfacet
  facet normal -0.0871584 -0.996194 -0
    outer loop
      vertex 20 6.5 7
      vertex 19.5659 6.53798 3
      vertex 20 6.5 3
    endloop
  endfacet
  facet normal -0.573616 0.819124 0
    outer loop
      vertex 18.75 11.1651 3
      vertex 18.393 10.9151 7
      vertex 18.75 11.1651 7
    endloop
  endfacet
  facet normal -0.573616 0.819124 0
    outer loop
      vertex 18.393 10.9151 7
      vertex 18.75 11.1651 3
      vertex 18.393 10.9151 3
    endloop
  endfacet
  facet normal -0.965919 0.258845 0
    outer loop
      vertex 17.538 9.43412 3
      vertex 17.6508 9.85505 7
      vertex 17.6508 9.85505 3
    endloop
  endfacet
  facet normal -0.965919 0.258845 0
    outer loop
      vertex 17.6508 9.85505 7
      vertex 17.538 9.43412 3
      vertex 17.538 9.43412 7
    endloop
  endfacet
  facet normal -0.819101 -0.573649 0
    outer loop
      vertex 18.0849 7.39303 3
      vertex 17.8349 7.75 7
      vertex 17.8349 7.75 3
    endloop
  endfacet
  facet normal -0.819101 -0.573649 0
    outer loop
      vertex 17.8349 7.75 7
      vertex 18.0849 7.39303 3
      vertex 18.0849 7.39303 7
    endloop
  endfacet
  facet normal 0.906368 0.42249 0
    outer loop
      vertex 22.3492 9.85505 7
      vertex 22.1651 10.25 3
      vertex 22.1651 10.25 7
    endloop
  endfacet
  facet normal 0.906368 0.42249 0
    outer loop
      vertex 22.1651 10.25 3
      vertex 22.3492 9.85505 7
      vertex 22.3492 9.85505 3
    endloop
  endfacet
  facet normal 0.819124 0.573616 0
    outer loop
      vertex 22.1651 10.25 7
      vertex 21.9151 10.607 3
      vertex 21.9151 10.607 7
    endloop
  endfacet
  facet normal 0.819124 0.573616 0
    outer loop
      vertex 21.9151 10.607 3
      vertex 22.1651 10.25 7
      vertex 22.1651 10.25 3
    endloop
  endfacet
  facet normal 0.707107 0.707107 -0
    outer loop
      vertex 21.9151 10.607 3
      vertex 21.607 10.9151 7
      vertex 21.9151 10.607 7
    endloop
  endfacet
  facet normal 0.707107 0.707107 0
    outer loop
      vertex 21.607 10.9151 7
      vertex 21.9151 10.607 3
      vertex 21.607 10.9151 3
    endloop
  endfacet
  facet normal 0.258862 0.965914 -0
    outer loop
      vertex 20.855 11.3492 3
      vertex 20.4341 11.462 7
      vertex 20.855 11.3492 7
    endloop
  endfacet
  facet normal 0.258862 0.965914 0
    outer loop
      vertex 20.4341 11.462 7
      vertex 20.855 11.3492 3
      vertex 20.4341 11.462 3
    endloop
  endfacet
  facet normal -0.087204 0.99619 0
    outer loop
      vertex 20 11.5 3
      vertex 19.5659 11.462 7
      vertex 20 11.5 7
    endloop
  endfacet
  facet normal -0.087204 0.99619 0
    outer loop
      vertex 19.5659 11.462 7
      vertex 20 11.5 3
      vertex 19.5659 11.462 3
    endloop
  endfacet
  facet normal 0.087204 0.99619 -0
    outer loop
      vertex 20.4341 11.462 3
      vertex 20 11.5 7
      vertex 20.4341 11.462 7
    endloop
  endfacet
  facet normal 0.087204 0.99619 0
    outer loop
      vertex 20 11.5 7
      vertex 20.4341 11.462 3
      vertex 20 11.5 3
    endloop
  endfacet
  facet normal -0.996191 -0.0872 0
    outer loop
      vertex 17.538 8.56588 3
      vertex 17.5 9 7
      vertex 17.5 9 3
    endloop
  endfacet
  facet normal -0.996191 -0.0872 0
    outer loop
      vertex 17.5 9 7
      vertex 17.538 8.56588 3
      vertex 17.538 8.56588 7
    endloop
  endfacet
  facet normal -0.906368 0.42249 0
    outer loop
      vertex 17.6508 9.85505 3
      vertex 17.8349 10.25 7
      vertex 17.8349 10.25 3
    endloop
  endfacet
  facet normal -0.906368 0.42249 0
    outer loop
      vertex 17.8349 10.25 7
      vertex 17.6508 9.85505 3
      vertex 17.6508 9.85505 7
    endloop
  endfacet
  facet normal -0.707107 0.707107 0
    outer loop
      vertex 18.0849 10.607 3
      vertex 18.393 10.9151 7
      vertex 18.393 10.9151 3
    endloop
  endfacet
  facet normal -0.707107 0.707107 0
    outer loop
      vertex 18.393 10.9151 7
      vertex 18.0849 10.607 3
      vertex 18.0849 10.607 7
    endloop
  endfacet
  facet normal -0.258805 0.96593 0
    outer loop
      vertex 19.5659 11.462 3
      vertex 19.1449 11.3492 7
      vertex 19.5659 11.462 7
    endloop
  endfacet
  facet normal -0.258805 0.96593 0
    outer loop
      vertex 19.1449 11.3492 7
      vertex 19.5659 11.462 3
      vertex 19.1449 11.3492 3
    endloop
  endfacet
  facet normal -0.819124 0.573616 0
    outer loop
      vertex 17.8349 10.25 3
      vertex 18.0849 10.607 7
      vertex 18.0849 10.607 3
    endloop
  endfacet
  facet normal -0.819124 0.573616 0
    outer loop
      vertex 18.0849 10.607 7
      vertex 17.8349 10.25 3
      vertex 17.8349 10.25 7
    endloop
  endfacet
  facet normal 0.996191 0.0872 0
    outer loop
      vertex 22.5 9 7
      vertex 22.462 9.43412 3
      vertex 22.462 9.43412 7
    endloop
  endfacet
  facet normal 0.996191 0.0872 0
    outer loop
      vertex 22.462 9.43412 3
      vertex 22.5 9 7
      vertex 22.5 9 3
    endloop
  endfacet
  facet normal 0.258841 -0.96592 0
    outer loop
      vertex 20.4341 6.53798 3
      vertex 20.855 6.65077 7
      vertex 20.4341 6.53798 7
    endloop
  endfacet
  facet normal 0.258841 -0.96592 0
    outer loop
      vertex 20.855 6.65077 7
      vertex 20.4341 6.53798 3
      vertex 20.855 6.65077 3
    endloop
  endfacet
  facet normal 0.819101 -0.573649 0
    outer loop
      vertex 21.9151 7.39303 7
      vertex 22.1651 7.75 3
      vertex 22.1651 7.75 7
    endloop
  endfacet
  facet normal 0.819101 -0.573649 0
    outer loop
      vertex 22.1651 7.75 3
      vertex 21.9151 7.39303 7
      vertex 21.9151 7.39303 3
    endloop
  endfacet
  facet normal 0.422578 -0.906327 0
    outer loop
      vertex 20.855 6.65077 3
      vertex 21.25 6.83494 7
      vertex 20.855 6.65077 7
    endloop
  endfacet
  facet normal 0.422578 -0.906327 0
    outer loop
      vertex 21.25 6.83494 7
      vertex 20.855 6.65077 3
      vertex 21.25 6.83494 3
    endloop
  endfacet
  facet normal 0.573539 -0.819178 0
    outer loop
      vertex 21.25 6.83494 3
      vertex 21.607 7.08489 7
      vertex 21.25 6.83494 7
    endloop
  endfacet
  facet normal 0.573539 -0.819178 0
    outer loop
      vertex 21.607 7.08489 7
      vertex 21.25 6.83494 3
      vertex 21.607 7.08489 3
    endloop
  endfacet
  facet normal 0.0871584 -0.996194 0
    outer loop
      vertex 20 6.5 3
      vertex 20.4341 6.53798 7
      vertex 20 6.5 7
    endloop
  endfacet
  facet normal 0.0871584 -0.996194 0
    outer loop
      vertex 20.4341 6.53798 7
      vertex 20 6.5 3
      vertex 20.4341 6.53798 3
    endloop
  endfacet
  facet normal -0.258783 -0.965935 0
    outer loop
      vertex 19.1449 6.65077 3
      vertex 19.5659 6.53798 7
      vertex 19.1449 6.65077 7
    endloop
  endfacet
  facet normal -0.258783 -0.965935 -0
    outer loop
      vertex 19.5659 6.53798 7
      vertex 19.1449 6.65077 3
      vertex 19.5659 6.53798 3
    endloop
  endfacet
  facet normal -0.965919 -0.258845 0
    outer loop
      vertex 17.6508 8.14495 3
      vertex 17.538 8.56588 7
      vertex 17.538 8.56588 3
    endloop
  endfacet
  facet normal -0.965919 -0.258845 0
    outer loop
      vertex 17.538 8.56588 7
      vertex 17.6508 8.14495 3
      vertex 17.6508 8.14495 7
    endloop
  endfacet
  facet normal 0.965919 0.258845 0
    outer loop
      vertex 22.462 9.43412 7
      vertex 22.3492 9.85505 3
      vertex 22.3492 9.85505 7
    endloop
  endfacet
  facet normal 0.965919 0.258845 0
    outer loop
      vertex 22.3492 9.85505 3
      vertex 22.462 9.43412 7
      vertex 22.462 9.43412 3
    endloop
  endfacet
  facet normal 0.573616 0.819124 -0
    outer loop
      vertex 21.607 10.9151 3
      vertex 21.25 11.1651 7
      vertex 21.607 10.9151 7
    endloop
  endfacet
  facet normal 0.573616 0.819124 0
    outer loop
      vertex 21.25 11.1651 7
      vertex 21.607 10.9151 3
      vertex 21.25 11.1651 3
    endloop
  endfacet
  facet normal 0 0 1
    outer loop
      vertex 22.462 9.43412 7
      vertex 22.462 8.56588 7
      vertex 22.5 9 7
    endloop
  endfacet
  facet normal 0 0 1
    outer loop
      vertex 22.3492 9.85505 7
      vertex 22.462 8.56588 7
      vertex 22.462 9.43412 7
    endloop
  endfacet
  facet normal 0 0 1
    outer loop
      vertex 22.3492 9.85505 7
      vertex 22.3492 8.14495 7
      vertex 22.462 8.56588 7
    endloop
  endfacet
  facet normal 0 0 1
    outer loop
      vertex 22.1651 10.25 7
      vertex 22.3492 8.14495 7
      vertex 22.3492 9.85505 7
    endloop
  endfacet
  facet normal 0 0 1
    outer loop
      vertex 22.1651 10.25 7
      vertex 22.1651 7.75 7
      vertex 22.3492 8.14495 7
    endloop
  endfacet
  facet normal 0 0 1
    outer loop
      vertex 21.9151 10.607 7
      vertex 22.1651 7.75 7
      vertex 22.1651 10.25 7
    endloop
  endfacet
  facet normal 0 0 1
    outer loop
      vertex 21.9151 10.607 7
      vertex 21.9151 7.39303 7
      vertex 22.1651 7.75 7
    endloop
  endfacet
  facet normal 0 0 1
    outer loop
      vertex 21.607 10.9151 7
      vertex 21.9151 7.39303 7
      vertex 21.9151 10.607 7
    endloop
  endfacet
  facet normal 0 0 1
    outer loop
      vertex 21.607 10.9151 7
      vertex 21.607 7.08489 7
      vertex 21.9151 7.39303 7
    endloop
  endfacet
  facet normal 0 0 1
    outer loop
      vertex 21.25 11.1651 7
      vertex 21.607 7.08489 7
      vertex 21.607 10.9151 7
    endloop
  endfacet
  facet normal 0 0 1
    outer loop
      vertex 21.25 11.1651 7
      vertex 21.25 6.83494 7
      vertex 21.607 7.08489 7
    endloop
  endfacet
  facet normal 0 0 1
    outer loop
      vertex 20.855 11.3492 7
      vertex 21.25 6.83494 7
      vertex 21.25 11.1651 7
    endloop
  endfacet
  facet normal 0 0 1
    outer loop
      vertex 20.855 11.3492 7
      vertex 20.855 6.65077 7
      vertex 21.25 6.83494 7
    endloop
  endfacet
  facet normal 0 0 1
    outer loop
      vertex 20.4341 11.462 7
      vertex 20.855 6.65077 7
      vertex 20.855 11.3492 7
    endloop
  endfacet
  facet normal 0 0 1
    outer loop
      vertex 20.4341 11.462 7
      vertex 20.4341 6.53798 7
      vertex 20.855 6.65077 7
    endloop
  endfacet
  facet normal 0 0 1
    outer loop
      vertex 20 11.5 7
      vertex 20.4341 6.53798 7
      vertex 20.4341 11.462 7
    endloop
  endfacet
  facet normal 0 0 1
    outer loop
      vertex 20 11.5 7
      vertex 20 6.5 7
      vertex 20.4341 6.53798 7
    endloop
  endfacet
  facet normal -0 0 1
    outer loop
      vertex 19.5659 11.462 7
      vertex 20 6.5 7
      vertex 20 11.5 7
    endloop
  endfacet
  facet normal 0 0 1
    outer loop
      vertex 19.5659 11.462 7
      vertex 19.5659 6.53798 7
      vertex 20 6.5 7
    endloop
  endfacet
  facet normal -0 0 1
    outer loop
      vertex 19.1449 11.3492 7
      vertex 19.5659 6.53798 7
      vertex 19.5659 11.462 7
    endloop
  endfacet
  facet normal 0 0 1
    outer loop
      vertex 19.1449 11.3492 7
      vertex 19.1449 6.65077 7
      vertex 19.5659 6.53798 7
    endloop
  endfacet
  facet normal -0 0 1
    outer loop
      vertex 18.75 11.1651 7
      vertex 19.1449 6.65077 7
      vertex 19.1449 11.3492 7
    endloop
  endfacet
  facet normal 0 0 1
    outer loop
      vertex 18.75 11.1651 7
      vertex 18.75 6.83494 7
      vertex 19.1449 6.65077 7
    endloop
  endfacet
  facet normal -0 0 1
    outer loop
      vertex 18.393 10.9151 7
      vertex 18.75 6.83494 7
      vertex 18.75 11.1651 7
    endloop
  endfacet
  facet normal 0 0 1
    outer loop
      vertex 18.393 10.9151 7
      vertex 18.393 7.08489 7
      vertex 18.75 6.83494 7
    endloop
  endfacet
  facet normal -0 0 1
    outer loop
      vertex 18.0849 10.607 7
      vertex 18.393 7.08489 7
      vertex 18.393 10.9151 7
    endloop
  endfacet
  facet normal 0 0 1
    outer loop
      vertex 18.0849 10.607 7
      vertex 18.0849 7.39303 7
      vertex 18.393 7.08489 7
    endloop
  endfacet
  facet normal -0 0 1
    outer loop
      vertex 17.8349 10.25 7
      vertex 18.0849 7.39303 7
      vertex 18.0849 10.607 7
    endloop
  endfacet
  facet normal 0 0 1
    outer loop
      vertex 17.8349 10.25 7
      vertex 17.8349 7.75 7
      vertex 18.0849 7.39303 7
    endloop
  endfacet
  facet normal -0 0 1
    outer loop
      vertex 17.6508 9.85505 7
      vertex 17.8349 7.75 7
      vertex 17.8349 10.25 7
    endloop
  endfacet
  facet normal 0 0 1
    outer loop
      vertex 17.6508 9.85505 7
      vertex 17.6508 8.14495 7
      vertex 17.8349 7.75 7
    endloop
  endfacet
  facet normal -0 0 1
    outer loop
      vertex 17.538 9.43412 7
      vertex 17.6508 8.14495 7
      vertex 17.6508 9.85505 7
    endloop
  endfacet
  facet normal 0 0 1
    outer loop
      vertex 17.538 9.43412 7
      vertex 17.538 8.56588 7
      vertex 17.6508 8.14495 7
    endloop
  endfacet
  facet normal 0 -0 1
    outer loop
      vertex 17.538 8.56588 7
      vertex 17.538 9.43412 7
      vertex 17.5 9 7
    endloop
  endfacet
  facet normal 0.965919 -0.258845 0
    outer loop
      vertex 22.3492 8.14495 7
      vertex 22.462 8.56588 3
      vertex 22.462 8.56588 7
    endloop
  endfacet
  facet normal 0.965919 -0.258845 0
    outer loop
      vertex 22.462 8.56588 3
      vertex 22.3492 8.14495 7
      vertex 22.3492 8.14495 3
    endloop
  endfacet
  facet normal 0.707153 -0.707061 0
    outer loop
      vertex 21.607 7.08489 3
      vertex 21.9151 7.39303 7
      vertex 21.607 7.08489 7
    endloop
  endfacet
  facet normal 0.707153 -0.707061 0
    outer loop
      vertex 21.9151 7.39303 7
      vertex 21.607 7.08489 3
      vertex 21.9151 7.39303 3
    endloop
  endfacet
  facet normal -0.573539 -0.819178 0
    outer loop
      vertex 18.393 7.08489 3
      vertex 18.75 6.83494 7
      vertex 18.393 7.08489 7
    endloop
  endfacet
  facet normal -0.573539 -0.819178 -0
    outer loop
      vertex 18.75 6.83494 7
      vertex 18.393 7.08489 3
      vertex 18.75 6.83494 3
    endloop
  endfacet
  facet normal -0.906368 -0.42249 0
    outer loop
      vertex 17.8349 7.75 3
      vertex 17.6508 8.14495 7
      vertex 17.6508 8.14495 3
    endloop
  endfacet
  facet normal -0.906368 -0.42249 0
    outer loop
      vertex 17.6508 8.14495 7
      vertex 17.8349 7.75 3
      vertex 17.8349 7.75 7
    endloop
  endfacet
  facet normal -0.707153 -0.707061 0
    outer loop
      vertex 18.393 7.08489 3
      vertex 18.0849 7.39303 7
      vertex 18.0849 7.39303 3
    endloop
  endfacet
  facet normal -0.707153 -0.707061 0
    outer loop
      vertex 18.0849 7.39303 7
      vertex 18.393 7.08489 3
      vertex 18.393 7.08489 7
    endloop
  endfacet
  facet normal -0.422534 0.906347 0
    outer loop
      vertex 19.1449 11.3492 3
      vertex 18.75 11.1651 7
      vertex 19.1449 11.3492 7
    endloop
  endfacet
  facet normal -0.422534 0.906347 0
    outer loop
      vertex 18.75 11.1651 7
      vertex 19.1449 11.3492 3
      vertex 18.75 11.1651 3
    endloop
  endfacet
  facet normal 0.906368 -0.42249 0
    outer loop
      vertex 22.1651 7.75 7
      vertex 22.3492 8.14495 3
      vertex 22.3492 8.14495 7
    endloop
  endfacet
  facet normal 0.906368 -0.42249 0
    outer loop
      vertex 22.3492 8.14495 3
      vertex 22.1651 7.75 7
      vertex 22.1651 7.75 3
    endloop
  endfacet
  facet normal -0.422666 -0.906286 0
    outer loop
      vertex 18.75 6.83494 3
      vertex 19.1449 6.65077 7
      vertex 18.75 6.83494 7
    endloop
  endfacet
  facet normal -0.422666 -0.906286 -0
    outer loop
      vertex 19.1449 6.65077 7
      vertex 18.75 6.83494 3
      vertex 19.1449 6.65077 3
    endloop
  endfacet
  facet normal 0.422446 0.906388 -0
    outer loop
      vertex 21.25 35.1651 3
      vertex 20.855 35.3492 7
      vertex 21.25 35.1651 7
    endloop
  endfacet
  facet normal 0.422446 0.906388 0
    outer loop
      vertex 20.855 35.3492 7
      vertex 21.25 35.1651 3
      vertex 20.855 35.3492 3
    endloop
  endfacet
  facet normal -0.99619 0.087204 0
    outer loop
      vertex 17.5 33 3
      vertex 17.538 33.4341 7
      vertex 17.538 33.4341 3
    endloop
  endfacet
  facet normal -0.99619 0.087204 0
    outer loop
      vertex 17.538 33.4341 7
      vertex 17.5 33 3
      vertex 17.5 33 7
    endloop
  endfacet
  facet normal 0.99619 -0.087204 0
    outer loop
      vertex 22.462 32.5659 7
      vertex 22.5 33 3
      vertex 22.5 33 7
    endloop
  endfacet
  facet normal 0.99619 -0.087204 0
    outer loop
      vertex 22.5 33 3
      vertex 22.462 32.5659 7
      vertex 22.462 32.5659 3
    endloop
  endfacet
  facet normal -0.087204 -0.99619 0
    outer loop
      vertex 19.5659 30.538 3
      vertex 20 30.5 7
      vertex 19.5659 30.538 7
    endloop
  endfacet
  facet normal -0.087204 -0.99619 -0
    outer loop
      vertex 20 30.5 7
      vertex 19.5659 30.538 3
      vertex 20 30.5 3
    endloop
  endfacet
  facet normal -0.573616 0.819124 0
    outer loop
      vertex 18.75 35.1651 3
      vertex 18.393 34.9151 7
      vertex 18.75 35.1651 7
    endloop
  endfacet
  facet normal -0.573616 0.819124 0
    outer loop
      vertex 18.393 34.9151 7
      vertex 18.75 35.1651 3
      vertex 18.393 34.9151 3
    endloop
  endfacet
  facet normal -0.965914 0.258862 0
    outer loop
      vertex 17.538 33.4341 3
      vertex 17.6508 33.855 7
      vertex 17.6508 33.855 3
    endloop
  endfacet
  facet normal -0.965914 0.258862 0
    outer loop
      vertex 17.6508 33.855 7
      vertex 17.538 33.4341 3
      vertex 17.538 33.4341 7
    endloop
  endfacet
  facet normal -0.819124 -0.573616 0
    outer loop
      vertex 18.0849 31.393 3
      vertex 17.8349 31.75 7
      vertex 17.8349 31.75 3
    endloop
  endfacet
  facet normal -0.819124 -0.573616 0
    outer loop
      vertex 17.8349 31.75 7
      vertex 18.0849 31.393 3
      vertex 18.0849 31.393 7
    endloop
  endfacet
  facet normal 0.906388 0.422446 0
    outer loop
      vertex 22.3492 33.855 7
      vertex 22.1651 34.25 3
      vertex 22.1651 34.25 7
    endloop
  endfacet
  facet normal 0.906388 0.422446 0
    outer loop
      vertex 22.1651 34.25 3
      vertex 22.3492 33.855 7
      vertex 22.3492 33.855 3
    endloop
  endfacet
  facet normal 0.819124 0.573616 0
    outer loop
      vertex 22.1651 34.25 7
      vertex 21.9151 34.607 3
      vertex 21.9151 34.607 7
    endloop
  endfacet
  facet normal 0.819124 0.573616 0
    outer loop
      vertex 21.9151 34.607 3
      vertex 22.1651 34.25 7
      vertex 22.1651 34.25 3
    endloop
  endfacet
  facet normal 0.707107 0.707107 0
    outer loop
      vertex 21.9151 34.607 7
      vertex 21.607 34.9151 3
      vertex 21.607 34.9151 7
    endloop
  endfacet
  facet normal 0.707107 0.707107 0
    outer loop
      vertex 21.607 34.9151 3
      vertex 21.9151 34.607 7
      vertex 21.9151 34.607 3
    endloop
  endfacet
  facet normal 0.258862 0.965914 -0
    outer loop
      vertex 20.855 35.3492 3
      vertex 20.4341 35.462 7
      vertex 20.855 35.3492 7
    endloop
  endfacet
  facet normal 0.258862 0.965914 0
    outer loop
      vertex 20.4341 35.462 7
      vertex 20.855 35.3492 3
      vertex 20.4341 35.462 3
    endloop
  endfacet
  facet normal -0.087204 0.99619 0
    outer loop
      vertex 20 35.5 3
      vertex 19.5659 35.462 7
      vertex 20 35.5 7
    endloop
  endfacet
  facet normal -0.087204 0.99619 0
    outer loop
      vertex 19.5659 35.462 7
      vertex 20 35.5 3
      vertex 19.5659 35.462 3
    endloop
  endfacet
  facet normal -0.99619 -0.087204 0
    outer loop
      vertex 17.538 32.5659 3
      vertex 17.5 33 7
      vertex 17.5 33 3
    endloop
  endfacet
  facet normal -0.99619 -0.087204 0
    outer loop
      vertex 17.5 33 7
      vertex 17.538 32.5659 3
      vertex 17.538 32.5659 7
    endloop
  endfacet
  facet normal -0.906388 0.422446 0
    outer loop
      vertex 17.6508 33.855 3
      vertex 17.8349 34.25 7
      vertex 17.8349 34.25 3
    endloop
  endfacet
  facet normal -0.906388 0.422446 0
    outer loop
      vertex 17.8349 34.25 7
      vertex 17.6508 33.855 3
      vertex 17.6508 33.855 7
    endloop
  endfacet
  facet normal -0.707107 0.707107 0
    outer loop
      vertex 18.0849 34.607 3
      vertex 18.393 34.9151 7
      vertex 18.393 34.9151 3
    endloop
  endfacet
  facet normal -0.707107 0.707107 0
    outer loop
      vertex 18.393 34.9151 7
      vertex 18.0849 34.607 3
      vertex 18.0849 34.607 7
    endloop
  endfacet
  facet normal -0.258805 0.96593 0
    outer loop
      vertex 19.5659 35.462 3
      vertex 19.1449 35.3492 7
      vertex 19.5659 35.462 7
    endloop
  endfacet
  facet normal -0.258805 0.96593 0
    outer loop
      vertex 19.1449 35.3492 7
      vertex 19.5659 35.462 3
      vertex 19.1449 35.3492 3
    endloop
  endfacet
  facet normal -0.819124 0.573616 0
    outer loop
      vertex 17.8349 34.25 3
      vertex 18.0849 34.607 7
      vertex 18.0849 34.607 3
    endloop
  endfacet
  facet normal -0.819124 0.573616 0
    outer loop
      vertex 18.0849 34.607 7
      vertex 17.8349 34.25 3
      vertex 17.8349 34.25 7
    endloop
  endfacet
  facet normal 0.99619 0.087204 0
    outer loop
      vertex 22.5 33 7
      vertex 22.462 33.4341 3
      vertex 22.462 33.4341 7
    endloop
  endfacet
  facet normal 0.99619 0.087204 0
    outer loop
      vertex 22.462 33.4341 3
      vertex 22.5 33 7
      vertex 22.5 33 3
    endloop
  endfacet
  facet normal 0.258862 -0.965914 0
    outer loop
      vertex 20.4341 30.538 3
      vertex 20.855 30.6508 7
      vertex 20.4341 30.538 7
    endloop
  endfacet
  facet normal 0.258862 -0.965914 0
    outer loop
      vertex 20.855 30.6508 7
      vertex 20.4341 30.538 3
      vertex 20.855 30.6508 3
    endloop
  endfacet
  facet normal 0.819124 -0.573616 0
    outer loop
      vertex 21.9151 31.393 7
      vertex 22.1651 31.75 3
      vertex 22.1651 31.75 7
    endloop
  endfacet
  facet normal 0.819124 -0.573616 0
    outer loop
      vertex 22.1651 31.75 3
      vertex 21.9151 31.393 7
      vertex 21.9151 31.393 3
    endloop
  endfacet
  facet normal 0.422446 -0.906388 0
    outer loop
      vertex 20.855 30.6508 3
      vertex 21.25 30.8349 7
      vertex 20.855 30.6508 7
    endloop
  endfacet
  facet normal 0.422446 -0.906388 0
    outer loop
      vertex 21.25 30.8349 7
      vertex 20.855 30.6508 3
      vertex 21.25 30.8349 3
    endloop
  endfacet
  facet normal 0.573616 -0.819124 0
    outer loop
      vertex 21.25 30.8349 3
      vertex 21.607 31.0849 7
      vertex 21.25 30.8349 7
    endloop
  endfacet
  facet normal 0.573616 -0.819124 0
    outer loop
      vertex 21.607 31.0849 7
      vertex 21.25 30.8349 3
      vertex 21.607 31.0849 3
    endloop
  endfacet
  facet normal 0.087204 -0.99619 0
    outer loop
      vertex 20 30.5 3
      vertex 20.4341 30.538 7
      vertex 20 30.5 7
    endloop
  endfacet
  facet normal 0.087204 -0.99619 0
    outer loop
      vertex 20.4341 30.538 7
      vertex 20 30.5 3
      vertex 20.4341 30.538 3
    endloop
  endfacet
  facet normal -0.258805 -0.96593 0
    outer loop
      vertex 19.1449 30.6508 3
      vertex 19.5659 30.538 7
      vertex 19.1449 30.6508 7
    endloop
  endfacet
  facet normal -0.258805 -0.96593 -0
    outer loop
      vertex 19.5659 30.538 7
      vertex 19.1449 30.6508 3
      vertex 19.5659 30.538 3
    endloop
  endfacet
  facet normal -0.965914 -0.258862 0
    outer loop
      vertex 17.6508 32.145 3
      vertex 17.538 32.5659 7
      vertex 17.538 32.5659 3
    endloop
  endfacet
  facet normal -0.965914 -0.258862 0
    outer loop
      vertex 17.538 32.5659 7
      vertex 17.6508 32.145 3
      vertex 17.6508 32.145 7
    endloop
  endfacet
  facet normal 0.965914 0.258862 0
    outer loop
      vertex 22.462 33.4341 7
      vertex 22.3492 33.855 3
      vertex 22.3492 33.855 7
    endloop
  endfacet
  facet normal 0.965914 0.258862 0
    outer loop
      vertex 22.3492 33.855 3
      vertex 22.462 33.4341 7
      vertex 22.462 33.4341 3
    endloop
  endfacet
  facet normal 0.573616 0.819124 -0
    outer loop
      vertex 21.607 34.9151 3
      vertex 21.25 35.1651 7
      vertex 21.607 34.9151 7
    endloop
  endfacet
  facet normal 0.573616 0.819124 0
    outer loop
      vertex 21.25 35.1651 7
      vertex 21.607 34.9151 3
      vertex 21.25 35.1651 3
    endloop
  endfacet
  facet normal 0.087204 0.99619 -0
    outer loop
      vertex 20.4341 35.462 3
      vertex 20 35.5 7
      vertex 20.4341 35.462 7
    endloop
  endfacet
  facet normal 0.087204 0.99619 0
    outer loop
      vertex 20 35.5 7
      vertex 20.4341 35.462 3
      vertex 20 35.5 3
    endloop
  endfacet
  facet normal 0 0 1
    outer loop
      vertex 22.462 33.4341 7
      vertex 22.462 32.5659 7
      vertex 22.5 33 7
    endloop
  endfacet
  facet normal 0 0 1
    outer loop
      vertex 22.3492 33.855 7
      vertex 22.462 32.5659 7
      vertex 22.462 33.4341 7
    endloop
  endfacet
  facet normal 0 0 1
    outer loop
      vertex 22.3492 33.855 7
      vertex 22.3492 32.145 7
      vertex 22.462 32.5659 7
    endloop
  endfacet
  facet normal 0 0 1
    outer loop
      vertex 22.1651 34.25 7
      vertex 22.3492 32.145 7
      vertex 22.3492 33.855 7
    endloop
  endfacet
  facet normal 0 0 1
    outer loop
      vertex 22.1651 34.25 7
      vertex 22.1651 31.75 7
      vertex 22.3492 32.145 7
    endloop
  endfacet
  facet normal 0 0 1
    outer loop
      vertex 21.9151 34.607 7
      vertex 22.1651 31.75 7
      vertex 22.1651 34.25 7
    endloop
  endfacet
  facet normal 0 0 1
    outer loop
      vertex 21.9151 34.607 7
      vertex 21.9151 31.393 7
      vertex 22.1651 31.75 7
    endloop
  endfacet
  facet normal 0 0 1
    outer loop
      vertex 21.607 34.9151 7
      vertex 21.9151 31.393 7
      vertex 21.9151 34.607 7
    endloop
  endfacet
  facet normal 0 0 1
    outer loop
      vertex 21.607 34.9151 7
      vertex 21.607 31.0849 7
      vertex 21.9151 31.393 7
    endloop
  endfacet
  facet normal 0 0 1
    outer loop
      vertex 21.25 35.1651 7
      vertex 21.607 31.0849 7
      vertex 21.607 34.9151 7
    endloop
  endfacet
  facet normal 0 0 1
    outer loop
      vertex 21.25 35.1651 7
      vertex 21.25 30.8349 7
      vertex 21.607 31.0849 7
    endloop
  endfacet
  facet normal 0 0 1
    outer loop
      vertex 20.855 35.3492 7
      vertex 21.25 30.8349 7
      vertex 21.25 35.1651 7
    endloop
  endfacet
  facet normal 0 0 1
    outer loop
      vertex 20.855 35.3492 7
      vertex 20.855 30.6508 7
      vertex 21.25 30.8349 7
    endloop
  endfacet
  facet normal 0 0 1
    outer loop
      vertex 20.4341 35.462 7
      vertex 20.855 30.6508 7
      vertex 20.855 35.3492 7
    endloop
  endfacet
  facet normal 0 0 1
    outer loop
      vertex 20.4341 35.462 7
      vertex 20.4341 30.538 7
      vertex 20.855 30.6508 7
    endloop
  endfacet
  facet normal 0 0 1
    outer loop
      vertex 20 35.5 7
      vertex 20.4341 30.538 7
      vertex 20.4341 35.462 7
    endloop
  endfacet
  facet normal 0 0 1
    outer loop
      vertex 20 35.5 7
      vertex 20 30.5 7
      vertex 20.4341 30.538 7
    endloop
  endfacet
  facet normal -0 0 1
    outer loop
      vertex 19.5659 35.462 7
      vertex 20 30.5 7
      vertex 20 35.5 7
    endloop
  endfacet
  facet normal 0 0 1
    outer loop
      vertex 19.5659 35.462 7
      vertex 19.5659 30.538 7
      vertex 20 30.5 7
    endloop
  endfacet
  facet normal -0 0 1
    outer loop
      vertex 19.1449 35.3492 7
      vertex 19.5659 30.538 7
      vertex 19.5659 35.462 7
    endloop
  endfacet
  facet normal 0 0 1
    outer loop
      vertex 19.1449 35.3492 7
      vertex 19.1449 30.6508 7
      vertex 19.5659 30.538 7
    endloop
  endfacet
  facet normal -0 0 1
    outer loop
      vertex 18.75 35.1651 7
      vertex 19.1449 30.6508 7
      vertex 19.1449 35.3492 7
    endloop
  endfacet
  facet normal 0 0 1
    outer loop
      vertex 18.75 35.1651 7
      vertex 18.75 30.8349 7
      vertex 19.1449 30.6508 7
    endloop
  endfacet
  facet normal -0 0 1
    outer loop
      vertex 18.393 34.9151 7
      vertex 18.75 30.8349 7
      vertex 18.75 35.1651 7
    endloop
  endfacet
  facet normal 0 0 1
    outer loop
      vertex 18.393 34.9151 7
      vertex 18.393 31.0849 7
      vertex 18.75 30.8349 7
    endloop
  endfacet
  facet normal -0 0 1
    outer loop
      vertex 18.0849 34.607 7
      vertex 18.393 31.0849 7
      vertex 18.393 34.9151 7
    endloop
  endfacet
  facet normal 0 0 1
    outer loop
      vertex 18.0849 34.607 7
      vertex 18.0849 31.393 7
      vertex 18.393 31.0849 7
    endloop
  endfacet
  facet normal -0 0 1
    outer loop
      vertex 17.8349 34.25 7
      vertex 18.0849 31.393 7
      vertex 18.0849 34.607 7
    endloop
  endfacet
  facet normal 0 0 1
    outer loop
      vertex 17.8349 34.25 7
      vertex 17.8349 31.75 7
      vertex 18.0849 31.393 7
    endloop
  endfacet
  facet normal -0 0 1
    outer loop
      vertex 17.6508 33.855 7
      vertex 17.8349 31.75 7
      vertex 17.8349 34.25 7
    endloop
  endfacet
  facet normal 0 0 1
    outer loop
      vertex 17.6508 33.855 7
      vertex 17.6508 32.145 7
      vertex 17.8349 31.75 7
    endloop
  endfacet
  facet normal -0 0 1
    outer loop
      vertex 17.538 33.4341 7
      vertex 17.6508 32.145 7
      vertex 17.6508 33.855 7
    endloop
  endfacet
  facet normal 0 0 1
    outer loop
      vertex 17.538 33.4341 7
      vertex 17.538 32.5659 7
      vertex 17.6508 32.145 7
    endloop
  endfacet
  facet normal 0 -0 1
    outer loop
      vertex 17.538 32.5659 7
      vertex 17.538 33.4341 7
      vertex 17.5 33 7
    endloop
  endfacet
  facet normal 0.965914 -0.258862 0
    outer loop
      vertex 22.3492 32.145 7
      vertex 22.462 32.5659 3
      vertex 22.462 32.5659 7
    endloop
  endfacet
  facet normal 0.965914 -0.258862 0
    outer loop
      vertex 22.462 32.5659 3
      vertex 22.3492 32.145 7
      vertex 22.3492 32.145 3
    endloop
  endfacet
  facet normal 0.707107 -0.707107 0
    outer loop
      vertex 21.607 31.0849 3
      vertex 21.9151 31.393 7
      vertex 21.607 31.0849 7
    endloop
  endfacet
  facet normal 0.707107 -0.707107 0
    outer loop
      vertex 21.9151 31.393 7
      vertex 21.607 31.0849 3
      vertex 21.9151 31.393 3
    endloop
  endfacet
  facet normal -0.573616 -0.819124 0
    outer loop
      vertex 18.393 31.0849 3
      vertex 18.75 30.8349 7
      vertex 18.393 31.0849 7
    endloop
  endfacet
  facet normal -0.573616 -0.819124 -0
    outer loop
      vertex 18.75 30.8349 7
      vertex 18.393 31.0849 3
      vertex 18.75 30.8349 3
    endloop
  endfacet
  facet normal -0.906388 -0.422446 0
    outer loop
      vertex 17.8349 31.75 3
      vertex 17.6508 32.145 7
      vertex 17.6508 32.145 3
    endloop
  endfacet
  facet normal -0.906388 -0.422446 0
    outer loop
      vertex 17.6508 32.145 7
      vertex 17.8349 31.75 3
      vertex 17.8349 31.75 7
    endloop
  endfacet
  facet normal -0.707107 -0.707107 0
    outer loop
      vertex 18.393 31.0849 3
      vertex 18.0849 31.393 7
      vertex 18.0849 31.393 3
    endloop
  endfacet
  facet normal -0.707107 -0.707107 0
    outer loop
      vertex 18.0849 31.393 7
      vertex 18.393 31.0849 3
      vertex 18.393 31.0849 7
    endloop
  endfacet
  facet normal -0.422534 0.906347 0
    outer loop
      vertex 19.1449 35.3492 3
      vertex 18.75 35.1651 7
      vertex 19.1449 35.3492 7
    endloop
  endfacet
  facet normal -0.422534 0.906347 0
    outer loop
      vertex 18.75 35.1651 7
      vertex 19.1449 35.3492 3
      vertex 18.75 35.1651 3
    endloop
  endfacet
  facet normal 0.906388 -0.422446 0
    outer loop
      vertex 22.1651 31.75 7
      vertex 22.3492 32.145 3
      vertex 22.3492 32.145 7
    endloop
  endfacet
  facet normal 0.906388 -0.422446 0
    outer loop
      vertex 22.3492 32.145 3
      vertex 22.1651 31.75 7
      vertex 22.1651 31.75 3
    endloop
  endfacet
  facet normal -0.422534 -0.906347 0
    outer loop
      vertex 18.75 30.8349 3
      vertex 19.1449 30.6508 7
      vertex 18.75 30.8349 7
    endloop
  endfacet
  facet normal -0.422534 -0.906347 -0
    outer loop
      vertex 19.1449 30.6508 7
      vertex 18.75 30.8349 3
      vertex 19.1449 30.6508 3
    endloop
  endfacet
  facet normal 0.422446 0.906388 -0
    outer loop
      vertex 86.25 11.1651 3
      vertex 85.855 11.3492 7
      vertex 86.25 11.1651 7
    endloop
  endfacet
  facet normal 0.422446 0.906388 0
    outer loop
      vertex 85.855 11.3492 7
      vertex 86.25 11.1651 3
      vertex 85.855 11.3492 3
    endloop
  endfacet
  facet normal 0.996191 -0.0872 0
    outer loop
      vertex 87.462 8.56588 7
      vertex 87.5 9 3
      vertex 87.5 9 7
    endloop
  endfacet
  facet normal 0.996191 -0.0872 0
    outer loop
      vertex 87.5 9 3
      vertex 87.462 8.56588 7
      vertex 87.462 8.56588 3
    endloop
  endfacet
  facet normal -0.0871584 -0.996194 0
    outer loop
      vertex 84.5659 6.53798 3
      vertex 85 6.5 7
      vertex 84.5659 6.53798 7
    endloop
  endfacet
  facet normal -0.0871584 -0.996194 -0
    outer loop
      vertex 85 6.5 7
      vertex 84.5659 6.53798 3
      vertex 85 6.5 3
    endloop
  endfacet
  facet normal -0.573616 0.819124 0
    outer loop
      vertex 83.75 11.1651 3
      vertex 83.393 10.9151 7
      vertex 83.75 11.1651 7
    endloop
  endfacet
  facet normal -0.573616 0.819124 0
    outer loop
      vertex 83.393 10.9151 7
      vertex 83.75 11.1651 3
      vertex 83.393 10.9151 3
    endloop
  endfacet
  facet normal -0.965919 0.258845 0
    outer loop
      vertex 82.538 9.43412 3
      vertex 82.6508 9.85505 7
      vertex 82.6508 9.85505 3
    endloop
  endfacet
  facet normal -0.965919 0.258845 0
    outer loop
      vertex 82.6508 9.85505 7
      vertex 82.538 9.43412 3
      vertex 82.538 9.43412 7
    endloop
  endfacet
  facet normal 0.906368 0.42249 0
    outer loop
      vertex 87.3492 9.85505 7
      vertex 87.1651 10.25 3
      vertex 87.1651 10.25 7
    endloop
  endfacet
  facet normal 0.906368 0.42249 0
    outer loop
      vertex 87.1651 10.25 3
      vertex 87.3492 9.85505 7
      vertex 87.3492 9.85505 3
    endloop
  endfacet
  facet normal 0.819124 0.573616 0
    outer loop
      vertex 87.1651 10.25 7
      vertex 86.9151 10.607 3
      vertex 86.9151 10.607 7
    endloop
  endfacet
  facet normal 0.819124 0.573616 0
    outer loop
      vertex 86.9151 10.607 3
      vertex 87.1651 10.25 7
      vertex 87.1651 10.25 3
    endloop
  endfacet
  facet normal 0.258862 0.965914 -0
    outer loop
      vertex 85.855 11.3492 3
      vertex 85.4341 11.462 7
      vertex 85.855 11.3492 7
    endloop
  endfacet
  facet normal 0.258862 0.965914 0
    outer loop
      vertex 85.4341 11.462 7
      vertex 85.855 11.3492 3
      vertex 85.4341 11.462 3
    endloop
  endfacet
  facet normal -0.087204 0.99619 0
    outer loop
      vertex 85 11.5 3
      vertex 84.5659 11.462 7
      vertex 85 11.5 7
    endloop
  endfacet
  facet normal -0.087204 0.99619 0
    outer loop
      vertex 84.5659 11.462 7
      vertex 85 11.5 3
      vertex 84.5659 11.462 3
    endloop
  endfacet
  facet normal 0.087204 0.99619 -0
    outer loop
      vertex 85.4341 11.462 3
      vertex 85 11.5 7
      vertex 85.4341 11.462 7
    endloop
  endfacet
  facet normal 0.087204 0.99619 0
    outer loop
      vertex 85 11.5 7
      vertex 85.4341 11.462 3
      vertex 85 11.5 3
    endloop
  endfacet
  facet normal -0.996191 -0.0872 0
    outer loop
      vertex 82.538 8.56588 3
      vertex 82.5 9 7
      vertex 82.5 9 3
    endloop
  endfacet
  facet normal -0.996191 -0.0872 0
    outer loop
      vertex 82.5 9 7
      vertex 82.538 8.56588 3
      vertex 82.538 8.56588 7
    endloop
  endfacet
  facet normal -0.906368 0.42249 0
    outer loop
      vertex 82.6508 9.85505 3
      vertex 82.8349 10.25 7
      vertex 82.8349 10.25 3
    endloop
  endfacet
  facet normal -0.906368 0.42249 0
    outer loop
      vertex 82.8349 10.25 7
      vertex 82.6508 9.85505 3
      vertex 82.6508 9.85505 7
    endloop
  endfacet
  facet normal -0.707107 0.707107 0
    outer loop
      vertex 83.393 10.9151 3
      vertex 83.0849 10.607 7
      vertex 83.393 10.9151 7
    endloop
  endfacet
  facet normal -0.707107 0.707107 0
    outer loop
      vertex 83.0849 10.607 7
      vertex 83.393 10.9151 3
      vertex 83.0849 10.607 3
    endloop
  endfacet
  facet normal -0.258862 0.965914 0
    outer loop
      vertex 84.5659 11.462 3
      vertex 84.145 11.3492 7
      vertex 84.5659 11.462 7
    endloop
  endfacet
  facet normal -0.258862 0.965914 0
    outer loop
      vertex 84.145 11.3492 7
      vertex 84.5659 11.462 3
      vertex 84.145 11.3492 3
    endloop
  endfacet
  facet normal -0.819124 0.573616 0
    outer loop
      vertex 82.8349 10.25 3
      vertex 83.0849 10.607 7
      vertex 83.0849 10.607 3
    endloop
  endfacet
  facet normal -0.819124 0.573616 0
    outer loop
      vertex 83.0849 10.607 7
      vertex 82.8349 10.25 3
      vertex 82.8349 10.25 7
    endloop
  endfacet
  facet normal 0.996191 0.0872 0
    outer loop
      vertex 87.5 9 7
      vertex 87.462 9.43412 3
      vertex 87.462 9.43412 7
    endloop
  endfacet
  facet normal 0.996191 0.0872 0
    outer loop
      vertex 87.462 9.43412 3
      vertex 87.5 9 7
      vertex 87.5 9 3
    endloop
  endfacet
  facet normal 0.258841 -0.96592 0
    outer loop
      vertex 85.4341 6.53798 3
      vertex 85.855 6.65077 7
      vertex 85.4341 6.53798 7
    endloop
  endfacet
  facet normal 0.258841 -0.96592 0
    outer loop
      vertex 85.855 6.65077 7
      vertex 85.4341 6.53798 3
      vertex 85.855 6.65077 3
    endloop
  endfacet
  facet normal 0.819101 -0.573649 0
    outer loop
      vertex 86.9151 7.39303 7
      vertex 87.1651 7.75 3
      vertex 87.1651 7.75 7
    endloop
  endfacet
  facet normal 0.819101 -0.573649 0
    outer loop
      vertex 87.1651 7.75 3
      vertex 86.9151 7.39303 7
      vertex 86.9151 7.39303 3
    endloop
  endfacet
  facet normal 0.965919 -0.258845 0
    outer loop
      vertex 87.3492 8.14495 7
      vertex 87.462 8.56588 3
      vertex 87.462 8.56588 7
    endloop
  endfacet
  facet normal 0.965919 -0.258845 0
    outer loop
      vertex 87.462 8.56588 3
      vertex 87.3492 8.14495 7
      vertex 87.3492 8.14495 3
    endloop
  endfacet
  facet normal 0.422578 -0.906327 0
    outer loop
      vertex 85.855 6.65077 3
      vertex 86.25 6.83494 7
      vertex 85.855 6.65077 7
    endloop
  endfacet
  facet normal 0.422578 -0.906327 0
    outer loop
      vertex 86.25 6.83494 7
      vertex 85.855 6.65077 3
      vertex 86.25 6.83494 3
    endloop
  endfacet
  facet normal 0.573539 -0.819178 0
    outer loop
      vertex 86.25 6.83494 3
      vertex 86.607 7.08489 7
      vertex 86.25 6.83494 7
    endloop
  endfacet
  facet normal 0.573539 -0.819178 0
    outer loop
      vertex 86.607 7.08489 7
      vertex 86.25 6.83494 3
      vertex 86.607 7.08489 3
    endloop
  endfacet
  facet normal 0.0871584 -0.996194 0
    outer loop
      vertex 85 6.5 3
      vertex 85.4341 6.53798 7
      vertex 85 6.5 7
    endloop
  endfacet
  facet normal 0.0871584 -0.996194 0
    outer loop
      vertex 85.4341 6.53798 7
      vertex 85 6.5 3
      vertex 85.4341 6.53798 3
    endloop
  endfacet
  facet normal -0.573539 -0.819178 0
    outer loop
      vertex 83.393 7.08489 3
      vertex 83.75 6.83494 7
      vertex 83.393 7.08489 7
    endloop
  endfacet
  facet normal -0.573539 -0.819178 -0
    outer loop
      vertex 83.75 6.83494 7
      vertex 83.393 7.08489 3
      vertex 83.75 6.83494 3
    endloop
  endfacet
  facet normal -0.819101 -0.573649 0
    outer loop
      vertex 83.0849 7.39303 3
      vertex 82.8349 7.75 7
      vertex 82.8349 7.75 3
    endloop
  endfacet
  facet normal -0.819101 -0.573649 0
    outer loop
      vertex 82.8349 7.75 7
      vertex 83.0849 7.39303 3
      vertex 83.0849 7.39303 7
    endloop
  endfacet
  facet normal -0.965919 -0.258845 0
    outer loop
      vertex 82.6508 8.14495 3
      vertex 82.538 8.56588 7
      vertex 82.538 8.56588 3
    endloop
  endfacet
  facet normal -0.965919 -0.258845 0
    outer loop
      vertex 82.538 8.56588 7
      vertex 82.6508 8.14495 3
      vertex 82.6508 8.14495 7
    endloop
  endfacet
  facet normal 0.965919 0.258845 0
    outer loop
      vertex 87.462 9.43412 7
      vertex 87.3492 9.85505 3
      vertex 87.3492 9.85505 7
    endloop
  endfacet
  facet normal 0.965919 0.258845 0
    outer loop
      vertex 87.3492 9.85505 3
      vertex 87.462 9.43412 7
      vertex 87.462 9.43412 3
    endloop
  endfacet
  facet normal 0.707107 0.707107 0
    outer loop
      vertex 86.9151 10.607 7
      vertex 86.607 10.9151 3
      vertex 86.607 10.9151 7
    endloop
  endfacet
  facet normal 0.707107 0.707107 0
    outer loop
      vertex 86.607 10.9151 3
      vertex 86.9151 10.607 7
      vertex 86.9151 10.607 3
    endloop
  endfacet
  facet normal 0.573616 0.819124 -0
    outer loop
      vertex 86.607 10.9151 3
      vertex 86.25 11.1651 7
      vertex 86.607 10.9151 7
    endloop
  endfacet
  facet normal 0.573616 0.819124 0
    outer loop
      vertex 86.25 11.1651 7
      vertex 86.607 10.9151 3
      vertex 86.25 11.1651 3
    endloop
  endfacet
  facet normal 0 0 1
    outer loop
      vertex 87.462 9.43412 7
      vertex 87.462 8.56588 7
      vertex 87.5 9 7
    endloop
  endfacet
  facet normal 0 0 1
    outer loop
      vertex 87.3492 9.85505 7
      vertex 87.462 8.56588 7
      vertex 87.462 9.43412 7
    endloop
  endfacet
  facet normal 0 0 1
    outer loop
      vertex 87.3492 9.85505 7
      vertex 87.3492 8.14495 7
      vertex 87.462 8.56588 7
    endloop
  endfacet
  facet normal 0 0 1
    outer loop
      vertex 87.1651 10.25 7
      vertex 87.3492 8.14495 7
      vertex 87.3492 9.85505 7
    endloop
  endfacet
  facet normal 0 0 1
    outer loop
      vertex 87.1651 10.25 7
      vertex 87.1651 7.75 7
      vertex 87.3492 8.14495 7
    endloop
  endfacet
  facet normal 0 0 1
    outer loop
      vertex 86.9151 10.607 7
      vertex 87.1651 7.75 7
      vertex 87.1651 10.25 7
    endloop
  endfacet
  facet normal 0 0 1
    outer loop
      vertex 86.9151 10.607 7
      vertex 86.9151 7.39303 7
      vertex 87.1651 7.75 7
    endloop
  endfacet
  facet normal 0 0 1
    outer loop
      vertex 86.607 10.9151 7
      vertex 86.9151 7.39303 7
      vertex 86.9151 10.607 7
    endloop
  endfacet
  facet normal 0 0 1
    outer loop
      vertex 86.607 10.9151 7
      vertex 86.607 7.08489 7
      vertex 86.9151 7.39303 7
    endloop
  endfacet
  facet normal 0 0 1
    outer loop
      vertex 86.25 11.1651 7
      vertex 86.607 7.08489 7
      vertex 86.607 10.9151 7
    endloop
  endfacet
  facet normal 0 0 1
    outer loop
      vertex 86.25 11.1651 7
      vertex 86.25 6.83494 7
      vertex 86.607 7.08489 7
    endloop
  endfacet
  facet normal 0 0 1
    outer loop
      vertex 85.855 11.3492 7
      vertex 86.25 6.83494 7
      vertex 86.25 11.1651 7
    endloop
  endfacet
  facet normal 0 0 1
    outer loop
      vertex 85.855 11.3492 7
      vertex 85.855 6.65077 7
      vertex 86.25 6.83494 7
    endloop
  endfacet
  facet normal 0 0 1
    outer loop
      vertex 85.4341 11.462 7
      vertex 85.855 6.65077 7
      vertex 85.855 11.3492 7
    endloop
  endfacet
  facet normal 0 0 1
    outer loop
      vertex 85.4341 11.462 7
      vertex 85.4341 6.53798 7
      vertex 85.855 6.65077 7
    endloop
  endfacet
  facet normal 0 0 1
    outer loop
      vertex 85 11.5 7
      vertex 85.4341 6.53798 7
      vertex 85.4341 11.462 7
    endloop
  endfacet
  facet normal 0 0 1
    outer loop
      vertex 85 11.5 7
      vertex 85 6.5 7
      vertex 85.4341 6.53798 7
    endloop
  endfacet
  facet normal -0 0 1
    outer loop
      vertex 84.5659 11.462 7
      vertex 85 6.5 7
      vertex 85 11.5 7
    endloop
  endfacet
  facet normal 0 0 1
    outer loop
      vertex 84.5659 11.462 7
      vertex 84.5659 6.53798 7
      vertex 85 6.5 7
    endloop
  endfacet
  facet normal -0 0 1
    outer loop
      vertex 84.145 11.3492 7
      vertex 84.5659 6.53798 7
      vertex 84.5659 11.462 7
    endloop
  endfacet
  facet normal 0 0 1
    outer loop
      vertex 84.145 11.3492 7
      vertex 84.145 6.65077 7
      vertex 84.5659 6.53798 7
    endloop
  endfacet
  facet normal -0 0 1
    outer loop
      vertex 83.75 11.1651 7
      vertex 84.145 6.65077 7
      vertex 84.145 11.3492 7
    endloop
  endfacet
  facet normal 0 0 1
    outer loop
      vertex 83.75 11.1651 7
      vertex 83.75 6.83494 7
      vertex 84.145 6.65077 7
    endloop
  endfacet
  facet normal -0 0 1
    outer loop
      vertex 83.393 10.9151 7
      vertex 83.75 6.83494 7
      vertex 83.75 11.1651 7
    endloop
  endfacet
  facet normal 0 0 1
    outer loop
      vertex 83.393 10.9151 7
      vertex 83.393 7.08489 7
      vertex 83.75 6.83494 7
    endloop
  endfacet
  facet normal -0 0 1
    outer loop
      vertex 83.0849 10.607 7
      vertex 83.393 7.08489 7
      vertex 83.393 10.9151 7
    endloop
  endfacet
  facet normal 0 0 1
    outer loop
      vertex 83.0849 10.607 7
      vertex 83.0849 7.39303 7
      vertex 83.393 7.08489 7
    endloop
  endfacet
  facet normal -0 0 1
    outer loop
      vertex 82.8349 10.25 7
      vertex 83.0849 7.39303 7
      vertex 83.0849 10.607 7
    endloop
  endfacet
  facet normal 0 0 1
    outer loop
      vertex 82.8349 10.25 7
      vertex 82.8349 7.75 7
      vertex 83.0849 7.39303 7
    endloop
  endfacet
  facet normal -0 0 1
    outer loop
      vertex 82.6508 9.85505 7
      vertex 82.8349 7.75 7
      vertex 82.8349 10.25 7
    endloop
  endfacet
  facet normal 0 0 1
    outer loop
      vertex 82.6508 9.85505 7
      vertex 82.6508 8.14495 7
      vertex 82.8349 7.75 7
    endloop
  endfacet
  facet normal -0 0 1
    outer loop
      vertex 82.538 9.43412 7
      vertex 82.6508 8.14495 7
      vertex 82.6508 9.85505 7
    endloop
  endfacet
  facet normal 0 0 1
    outer loop
      vertex 82.538 9.43412 7
      vertex 82.538 8.56588 7
      vertex 82.6508 8.14495 7
    endloop
  endfacet
  facet normal 0 -0 1
    outer loop
      vertex 82.538 8.56588 7
      vertex 82.538 9.43412 7
      vertex 82.5 9 7
    endloop
  endfacet
  facet normal -0.996191 0.0872 0
    outer loop
      vertex 82.5 9 3
      vertex 82.538 9.43412 7
      vertex 82.538 9.43412 3
    endloop
  endfacet
  facet normal -0.996191 0.0872 0
    outer loop
      vertex 82.538 9.43412 7
      vertex 82.5 9 3
      vertex 82.5 9 7
    endloop
  endfacet
  facet normal -0.422446 0.906388 0
    outer loop
      vertex 84.145 11.3492 3
      vertex 83.75 11.1651 7
      vertex 84.145 11.3492 7
    endloop
  endfacet
  facet normal -0.422446 0.906388 0
    outer loop
      vertex 83.75 11.1651 7
      vertex 84.145 11.3492 3
      vertex 83.75 11.1651 3
    endloop
  endfacet
  facet normal 0.707153 -0.707061 0
    outer loop
      vertex 86.607 7.08489 7
      vertex 86.9151 7.39303 3
      vertex 86.9151 7.39303 7
    endloop
  endfacet
  facet normal 0.707153 -0.707061 0
    outer loop
      vertex 86.9151 7.39303 3
      vertex 86.607 7.08489 7
      vertex 86.607 7.08489 3
    endloop
  endfacet
  facet normal -0.258841 -0.96592 0
    outer loop
      vertex 84.145 6.65077 3
      vertex 84.5659 6.53798 7
      vertex 84.145 6.65077 7
    endloop
  endfacet
  facet normal -0.258841 -0.96592 -0
    outer loop
      vertex 84.5659 6.53798 7
      vertex 84.145 6.65077 3
      vertex 84.5659 6.53798 3
    endloop
  endfacet
  facet normal -0.906368 -0.42249 0
    outer loop
      vertex 82.8349 7.75 3
      vertex 82.6508 8.14495 7
      vertex 82.6508 8.14495 3
    endloop
  endfacet
  facet normal -0.906368 -0.42249 0
    outer loop
      vertex 82.6508 8.14495 7
      vertex 82.8349 7.75 3
      vertex 82.8349 7.75 7
    endloop
  endfacet
  facet normal -0.707153 -0.707061 0
    outer loop
      vertex 83.0849 7.39303 3
      vertex 83.393 7.08489 7
      vertex 83.0849 7.39303 7
    endloop
  endfacet
  facet normal -0.707153 -0.707061 -0
    outer loop
      vertex 83.393 7.08489 7
      vertex 83.0849 7.39303 3
      vertex 83.393 7.08489 3
    endloop
  endfacet
  facet normal 0.906368 -0.42249 0
    outer loop
      vertex 87.1651 7.75 7
      vertex 87.3492 8.14495 3
      vertex 87.3492 8.14495 7
    endloop
  endfacet
  facet normal 0.906368 -0.42249 0
    outer loop
      vertex 87.3492 8.14495 3
      vertex 87.1651 7.75 7
      vertex 87.1651 7.75 3
    endloop
  endfacet
  facet normal -0.422578 -0.906327 0
    outer loop
      vertex 83.75 6.83494 3
      vertex 84.145 6.65077 7
      vertex 83.75 6.83494 7
    endloop
  endfacet
  facet normal -0.422578 -0.906327 -0
    outer loop
      vertex 84.145 6.65077 7
      vertex 83.75 6.83494 3
      vertex 84.145 6.65077 3
    endloop
  endfacet
  facet normal 0.422446 0.906388 -0
    outer loop
      vertex 86.25 35.1651 3
      vertex 85.855 35.3492 7
      vertex 86.25 35.1651 7
    endloop
  endfacet
  facet normal 0.422446 0.906388 0
    outer loop
      vertex 85.855 35.3492 7
      vertex 86.25 35.1651 3
      vertex 85.855 35.3492 3
    endloop
  endfacet
  facet normal -0.99619 0.087204 0
    outer loop
      vertex 82.5 33 3
      vertex 82.538 33.4341 7
      vertex 82.538 33.4341 3
    endloop
  endfacet
  facet normal -0.99619 0.087204 0
    outer loop
      vertex 82.538 33.4341 7
      vertex 82.5 33 3
      vertex 82.5 33 7
    endloop
  endfacet
  facet normal 0.99619 -0.087204 0
    outer loop
      vertex 87.462 32.5659 7
      vertex 87.5 33 3
      vertex 87.5 33 7
    endloop
  endfacet
  facet normal 0.99619 -0.087204 0
    outer loop
      vertex 87.5 33 3
      vertex 87.462 32.5659 7
      vertex 87.462 32.5659 3
    endloop
  endfacet
  facet normal -0.087204 -0.99619 0
    outer loop
      vertex 84.5659 30.538 3
      vertex 85 30.5 7
      vertex 84.5659 30.538 7
    endloop
  endfacet
  facet normal -0.087204 -0.99619 -0
    outer loop
      vertex 85 30.5 7
      vertex 84.5659 30.538 3
      vertex 85 30.5 3
    endloop
  endfacet
  facet normal -0.573616 0.819124 0
    outer loop
      vertex 83.75 35.1651 3
      vertex 83.393 34.9151 7
      vertex 83.75 35.1651 7
    endloop
  endfacet
  facet normal -0.573616 0.819124 0
    outer loop
      vertex 83.393 34.9151 7
      vertex 83.75 35.1651 3
      vertex 83.393 34.9151 3
    endloop
  endfacet
  facet normal -0.965914 0.258862 0
    outer loop
      vertex 82.538 33.4341 3
      vertex 82.6508 33.855 7
      vertex 82.6508 33.855 3
    endloop
  endfacet
  facet normal -0.965914 0.258862 0
    outer loop
      vertex 82.6508 33.855 7
      vertex 82.538 33.4341 3
      vertex 82.538 33.4341 7
    endloop
  endfacet
  facet normal 0.707107 -0.707107 0
    outer loop
      vertex 86.607 31.0849 7
      vertex 86.9151 31.393 3
      vertex 86.9151 31.393 7
    endloop
  endfacet
  facet normal 0.707107 -0.707107 0
    outer loop
      vertex 86.9151 31.393 3
      vertex 86.607 31.0849 7
      vertex 86.607 31.0849 3
    endloop
  endfacet
  facet normal 0.965914 0.258862 0
    outer loop
      vertex 87.462 33.4341 7
      vertex 87.3492 33.855 3
      vertex 87.3492 33.855 7
    endloop
  endfacet
  facet normal 0.965914 0.258862 0
    outer loop
      vertex 87.3492 33.855 3
      vertex 87.462 33.4341 7
      vertex 87.462 33.4341 3
    endloop
  endfacet
  facet normal 0.906388 0.422446 0
    outer loop
      vertex 87.3492 33.855 7
      vertex 87.1651 34.25 3
      vertex 87.1651 34.25 7
    endloop
  endfacet
  facet normal 0.906388 0.422446 0
    outer loop
      vertex 87.1651 34.25 3
      vertex 87.3492 33.855 7
      vertex 87.3492 33.855 3
    endloop
  endfacet
  facet normal 0.819124 0.573616 0
    outer loop
      vertex 87.1651 34.25 7
      vertex 86.9151 34.607 3
      vertex 86.9151 34.607 7
    endloop
  endfacet
  facet normal 0.819124 0.573616 0
    outer loop
      vertex 86.9151 34.607 3
      vertex 87.1651 34.25 7
      vertex 87.1651 34.25 3
    endloop
  endfacet
  facet normal 0.258862 0.965914 -0
    outer loop
      vertex 85.855 35.3492 3
      vertex 85.4341 35.462 7
      vertex 85.855 35.3492 7
    endloop
  endfacet
  facet normal 0.258862 0.965914 0
    outer loop
      vertex 85.4341 35.462 7
      vertex 85.855 35.3492 3
      vertex 85.4341 35.462 3
    endloop
  endfacet
  facet normal -0.087204 0.99619 0
    outer loop
      vertex 85 35.5 3
      vertex 84.5659 35.462 7
      vertex 85 35.5 7
    endloop
  endfacet
  facet normal -0.087204 0.99619 0
    outer loop
      vertex 84.5659 35.462 7
      vertex 85 35.5 3
      vertex 84.5659 35.462 3
    endloop
  endfacet
  facet normal 0.087204 0.99619 -0
    outer loop
      vertex 85.4341 35.462 3
      vertex 85 35.5 7
      vertex 85.4341 35.462 7
    endloop
  endfacet
  facet normal 0.087204 0.99619 0
    outer loop
      vertex 85 35.5 7
      vertex 85.4341 35.462 3
      vertex 85 35.5 3
    endloop
  endfacet
  facet normal -0.99619 -0.087204 0
    outer loop
      vertex 82.538 32.5659 3
      vertex 82.5 33 7
      vertex 82.5 33 3
    endloop
  endfacet
  facet normal -0.99619 -0.087204 0
    outer loop
      vertex 82.5 33 7
      vertex 82.538 32.5659 3
      vertex 82.538 32.5659 7
    endloop
  endfacet
  facet normal -0.906388 0.422446 0
    outer loop
      vertex 82.6508 33.855 3
      vertex 82.8349 34.25 7
      vertex 82.8349 34.25 3
    endloop
  endfacet
  facet normal -0.906388 0.422446 0
    outer loop
      vertex 82.8349 34.25 7
      vertex 82.6508 33.855 3
      vertex 82.6508 33.855 7
    endloop
  endfacet
  facet normal -0.707107 0.707107 0
    outer loop
      vertex 83.0849 34.607 3
      vertex 83.393 34.9151 7
      vertex 83.393 34.9151 3
    endloop
  endfacet
  facet normal -0.707107 0.707107 0
    outer loop
      vertex 83.393 34.9151 7
      vertex 83.0849 34.607 3
      vertex 83.0849 34.607 7
    endloop
  endfacet
  facet normal -0.258862 0.965914 0
    outer loop
      vertex 84.5659 35.462 3
      vertex 84.145 35.3492 7
      vertex 84.5659 35.462 7
    endloop
  endfacet
  facet normal -0.258862 0.965914 0
    outer loop
      vertex 84.145 35.3492 7
      vertex 84.5659 35.462 3
      vertex 84.145 35.3492 3
    endloop
  endfacet
  facet normal -0.819124 0.573616 0
    outer loop
      vertex 82.8349 34.25 3
      vertex 83.0849 34.607 7
      vertex 83.0849 34.607 3
    endloop
  endfacet
  facet normal -0.819124 0.573616 0
    outer loop
      vertex 83.0849 34.607 7
      vertex 82.8349 34.25 3
      vertex 82.8349 34.25 7
    endloop
  endfacet
  facet normal 0.99619 0.087204 0
    outer loop
      vertex 87.5 33 7
      vertex 87.462 33.4341 3
      vertex 87.462 33.4341 7
    endloop
  endfacet
  facet normal 0.99619 0.087204 0
    outer loop
      vertex 87.462 33.4341 3
      vertex 87.5 33 7
      vertex 87.5 33 3
    endloop
  endfacet
  facet normal 0.258862 -0.965914 0
    outer loop
      vertex 85.4341 30.538 3
      vertex 85.855 30.6508 7
      vertex 85.4341 30.538 7
    endloop
  endfacet
  facet normal 0.258862 -0.965914 0
    outer loop
      vertex 85.855 30.6508 7
      vertex 85.4341 30.538 3
      vertex 85.855 30.6508 3
    endloop
  endfacet
  facet normal 0.819124 -0.573616 0
    outer loop
      vertex 86.9151 31.393 7
      vertex 87.1651 31.75 3
      vertex 87.1651 31.75 7
    endloop
  endfacet
  facet normal 0.819124 -0.573616 0
    outer loop
      vertex 87.1651 31.75 3
      vertex 86.9151 31.393 7
      vertex 86.9151 31.393 3
    endloop
  endfacet
  facet normal 0.965914 -0.258862 0
    outer loop
      vertex 87.3492 32.145 7
      vertex 87.462 32.5659 3
      vertex 87.462 32.5659 7
    endloop
  endfacet
  facet normal 0.965914 -0.258862 0
    outer loop
      vertex 87.462 32.5659 3
      vertex 87.3492 32.145 7
      vertex 87.3492 32.145 3
    endloop
  endfacet
  facet normal 0.422446 -0.906388 0
    outer loop
      vertex 85.855 30.6508 3
      vertex 86.25 30.8349 7
      vertex 85.855 30.6508 7
    endloop
  endfacet
  facet normal 0.422446 -0.906388 0
    outer loop
      vertex 86.25 30.8349 7
      vertex 85.855 30.6508 3
      vertex 86.25 30.8349 3
    endloop
  endfacet
  facet normal 0.573616 -0.819124 0
    outer loop
      vertex 86.25 30.8349 3
      vertex 86.607 31.0849 7
      vertex 86.25 30.8349 7
    endloop
  endfacet
  facet normal 0.573616 -0.819124 0
    outer loop
      vertex 86.607 31.0849 7
      vertex 86.25 30.8349 3
      vertex 86.607 31.0849 3
    endloop
  endfacet
  facet normal 0.087204 -0.99619 0
    outer loop
      vertex 85 30.5 3
      vertex 85.4341 30.538 7
      vertex 85 30.5 7
    endloop
  endfacet
  facet normal 0.087204 -0.99619 0
    outer loop
      vertex 85.4341 30.538 7
      vertex 85 30.5 3
      vertex 85.4341 30.538 3
    endloop
  endfacet
  facet normal -0.573616 -0.819124 0
    outer loop
      vertex 83.393 31.0849 3
      vertex 83.75 30.8349 7
      vertex 83.393 31.0849 7
    endloop
  endfacet
  facet normal -0.573616 -0.819124 -0
    outer loop
      vertex 83.75 30.8349 7
      vertex 83.393 31.0849 3
      vertex 83.75 30.8349 3
    endloop
  endfacet
  facet normal -0.819124 -0.573616 0
    outer loop
      vertex 83.0849 31.393 3
      vertex 82.8349 31.75 7
      vertex 82.8349 31.75 3
    endloop
  endfacet
  facet normal -0.819124 -0.573616 0
    outer loop
      vertex 82.8349 31.75 7
      vertex 83.0849 31.393 3
      vertex 83.0849 31.393 7
    endloop
  endfacet
  facet normal -0.965914 -0.258862 0
    outer loop
      vertex 82.6508 32.145 3
      vertex 82.538 32.5659 7
      vertex 82.538 32.5659 3
    endloop
  endfacet
  facet normal -0.965914 -0.258862 0
    outer loop
      vertex 82.538 32.5659 7
      vertex 82.6508 32.145 3
      vertex 82.6508 32.145 7
    endloop
  endfacet
  facet normal 0.707107 0.707107 0
    outer loop
      vertex 86.9151 34.607 7
      vertex 86.607 34.9151 3
      vertex 86.607 34.9151 7
    endloop
  endfacet
  facet normal 0.707107 0.707107 0
    outer loop
      vertex 86.607 34.9151 3
      vertex 86.9151 34.607 7
      vertex 86.9151 34.607 3
    endloop
  endfacet
  facet normal 0.573616 0.819124 -0
    outer loop
      vertex 86.607 34.9151 3
      vertex 86.25 35.1651 7
      vertex 86.607 34.9151 7
    endloop
  endfacet
  facet normal 0.573616 0.819124 0
    outer loop
      vertex 86.25 35.1651 7
      vertex 86.607 34.9151 3
      vertex 86.25 35.1651 3
    endloop
  endfacet
  facet normal 0 0 1
    outer loop
      vertex 87.462 33.4341 7
      vertex 87.462 32.5659 7
      vertex 87.5 33 7
    endloop
  endfacet
  facet normal 0 0 1
    outer loop
      vertex 87.3492 33.855 7
      vertex 87.462 32.5659 7
      vertex 87.462 33.4341 7
    endloop
  endfacet
  facet normal 0 0 1
    outer loop
      vertex 87.3492 33.855 7
      vertex 87.3492 32.145 7
      vertex 87.462 32.5659 7
    endloop
  endfacet
  facet normal 0 0 1
    outer loop
      vertex 87.1651 34.25 7
      vertex 87.3492 32.145 7
      vertex 87.3492 33.855 7
    endloop
  endfacet
  facet normal 0 0 1
    outer loop
      vertex 87.1651 34.25 7
      vertex 87.1651 31.75 7
      vertex 87.3492 32.145 7
    endloop
  endfacet
  facet normal 0 0 1
    outer loop
      vertex 86.9151 34.607 7
      vertex 87.1651 31.75 7
      vertex 87.1651 34.25 7
    endloop
  endfacet
  facet normal 0 0 1
    outer loop
      vertex 86.9151 34.607 7
      vertex 86.9151 31.393 7
      vertex 87.1651 31.75 7
    endloop
  endfacet
  facet normal 0 0 1
    outer loop
      vertex 86.607 34.9151 7
      vertex 86.9151 31.393 7
      vertex 86.9151 34.607 7
    endloop
  endfacet
  facet normal 0 0 1
    outer loop
      vertex 86.607 34.9151 7
      vertex 86.607 31.0849 7
      vertex 86.9151 31.393 7
    endloop
  endfacet
  facet normal 0 0 1
    outer loop
      vertex 86.25 35.1651 7
      vertex 86.607 31.0849 7
      vertex 86.607 34.9151 7
    endloop
  endfacet
  facet normal 0 0 1
    outer loop
      vertex 86.25 35.1651 7
      vertex 86.25 30.8349 7
      vertex 86.607 31.0849 7
    endloop
  endfacet
  facet normal 0 0 1
    outer loop
      vertex 85.855 35.3492 7
      vertex 86.25 30.8349 7
      vertex 86.25 35.1651 7
    endloop
  endfacet
  facet normal 0 0 1
    outer loop
      vertex 85.855 35.3492 7
      vertex 85.855 30.6508 7
      vertex 86.25 30.8349 7
    endloop
  endfacet
  facet normal 0 0 1
    outer loop
      vertex 85.4341 35.462 7
      vertex 85.855 30.6508 7
      vertex 85.855 35.3492 7
    endloop
  endfacet
  facet normal 0 0 1
    outer loop
      vertex 85.4341 35.462 7
      vertex 85.4341 30.538 7
      vertex 85.855 30.6508 7
    endloop
  endfacet
  facet normal 0 0 1
    outer loop
      vertex 85 35.5 7
      vertex 85.4341 30.538 7
      vertex 85.4341 35.462 7
    endloop
  endfacet
  facet normal 0 0 1
    outer loop
      vertex 85 35.5 7
      vertex 85 30.5 7
      vertex 85.4341 30.538 7
    endloop
  endfacet
  facet normal -0 0 1
    outer loop
      vertex 84.5659 35.462 7
      vertex 85 30.5 7
      vertex 85 35.5 7
    endloop
  endfacet
  facet normal 0 0 1
    outer loop
      vertex 84.5659 35.462 7
      vertex 84.5659 30.538 7
      vertex 85 30.5 7
    endloop
  endfacet
  facet normal -0 0 1
    outer loop
      vertex 84.145 35.3492 7
      vertex 84.5659 30.538 7
      vertex 84.5659 35.462 7
    endloop
  endfacet
  facet normal 0 0 1
    outer loop
      vertex 84.145 35.3492 7
      vertex 84.145 30.6508 7
      vertex 84.5659 30.538 7
    endloop
  endfacet
  facet normal -0 0 1
    outer loop
      vertex 83.75 35.1651 7
      vertex 84.145 30.6508 7
      vertex 84.145 35.3492 7
    endloop
  endfacet
  facet normal 0 0 1
    outer loop
      vertex 83.75 35.1651 7
      vertex 83.75 30.8349 7
      vertex 84.145 30.6508 7
    endloop
  endfacet
  facet normal -0 0 1
    outer loop
      vertex 83.393 34.9151 7
      vertex 83.75 30.8349 7
      vertex 83.75 35.1651 7
    endloop
  endfacet
  facet normal 0 0 1
    outer loop
      vertex 83.393 34.9151 7
      vertex 83.393 31.0849 7
      vertex 83.75 30.8349 7
    endloop
  endfacet
  facet normal -0 0 1
    outer loop
      vertex 83.0849 34.607 7
      vertex 83.393 31.0849 7
      vertex 83.393 34.9151 7
    endloop
  endfacet
  facet normal 0 0 1
    outer loop
      vertex 83.0849 34.607 7
      vertex 83.0849 31.393 7
      vertex 83.393 31.0849 7
    endloop
  endfacet
  facet normal -0 0 1
    outer loop
      vertex 82.8349 34.25 7
      vertex 83.0849 31.393 7
      vertex 83.0849 34.607 7
    endloop
  endfacet
  facet normal 0 0 1
    outer loop
      vertex 82.8349 34.25 7
      vertex 82.8349 31.75 7
      vertex 83.0849 31.393 7
    endloop
  endfacet
  facet normal -0 0 1
    outer loop
      vertex 82.6508 33.855 7
      vertex 82.8349 31.75 7
      vertex 82.8349 34.25 7
    endloop
  endfacet
  facet normal 0 0 1
    outer loop
      vertex 82.6508 33.855 7
      vertex 82.6508 32.145 7
      vertex 82.8349 31.75 7
    endloop
  endfacet
  facet normal -0 0 1
    outer loop
      vertex 82.538 33.4341 7
      vertex 82.6508 32.145 7
      vertex 82.6508 33.855 7
    endloop
  endfacet
  facet normal 0 0 1
    outer loop
      vertex 82.538 33.4341 7
      vertex 82.538 32.5659 7
      vertex 82.6508 32.145 7
    endloop
  endfacet
  facet normal 0 -0 1
    outer loop
      vertex 82.538 32.5659 7
      vertex 82.538 33.4341 7
      vertex 82.5 33 7
    endloop
  endfacet
  facet normal -0.422446 0.906388 0
    outer loop
      vertex 84.145 35.3492 3
      vertex 83.75 35.1651 7
      vertex 84.145 35.3492 7
    endloop
  endfacet
  facet normal -0.422446 0.906388 0
    outer loop
      vertex 83.75 35.1651 7
      vertex 84.145 35.3492 3
      vertex 83.75 35.1651 3
    endloop
  endfacet
  facet normal -0.258862 -0.965914 0
    outer loop
      vertex 84.145 30.6508 3
      vertex 84.5659 30.538 7
      vertex 84.145 30.6508 7
    endloop
  endfacet
  facet normal -0.258862 -0.965914 -0
    outer loop
      vertex 84.5659 30.538 7
      vertex 84.145 30.6508 3
      vertex 84.5659 30.538 3
    endloop
  endfacet
  facet normal -0.906388 -0.422446 0
    outer loop
      vertex 82.8349 31.75 3
      vertex 82.6508 32.145 7
      vertex 82.6508 32.145 3
    endloop
  endfacet
  facet normal -0.906388 -0.422446 0
    outer loop
      vertex 82.6508 32.145 7
      vertex 82.8349 31.75 3
      vertex 82.8349 31.75 7
    endloop
  endfacet
  facet normal -0.707107 -0.707107 0
    outer loop
      vertex 83.0849 31.393 3
      vertex 83.393 31.0849 7
      vertex 83.0849 31.393 7
    endloop
  endfacet
  facet normal -0.707107 -0.707107 -0
    outer loop
      vertex 83.393 31.0849 7
      vertex 83.0849 31.393 3
      vertex 83.393 31.0849 3
    endloop
  endfacet
  facet normal 0.906388 -0.422446 0
    outer loop
      vertex 87.1651 31.75 7
      vertex 87.3492 32.145 3
      vertex 87.3492 32.145 7
    endloop
  endfacet
  facet normal 0.906388 -0.422446 0
    outer loop
      vertex 87.3492 32.145 3
      vertex 87.1651 31.75 7
      vertex 87.1651 31.75 3
    endloop
  endfacet
  facet normal -0.422446 -0.906388 0
    outer loop
      vertex 83.75 30.8349 3
      vertex 84.145 30.6508 7
      vertex 83.75 30.8349 7
    endloop
  endfacet
  facet normal -0.422446 -0.906388 -0
    outer loop
      vertex 84.145 30.6508 7
      vertex 83.75 30.8349 3
      vertex 84.145 30.6508 3
    endloop
  endfacet
  facet normal -1 0 0
    outer loop
      vertex 9 13 3
      vertex 9 29 5
      vertex 9 29 3
    endloop
  endfacet
  facet normal -1 -0 0
    outer loop
      vertex 9 29 5
      vertex 9 13 3
      vertex 9 13 5
    endloop
  endfacet
  facet normal -0 0 1
    outer loop
      vertex 9 29 5
      vertex 27 13 5
      vertex 27 29 5
    endloop
  endfacet
  facet normal 0 0 1
    outer loop
      vertex 27 13 5
      vertex 9 29 5
      vertex 9 13 5
    endloop
  endfacet
  facet normal 1 -0 0
    outer loop
      vertex 27 13 5
      vertex 27 29 3
      vertex 27 29 5
    endloop
  endfacet
  facet normal 1 0 0
    outer loop
      vertex 27 29 3
      vertex 27 13 5
      vertex 27 13 3
    endloop
  endfacet
  facet normal 0 -1 0
    outer loop
      vertex 9 13 3
      vertex 27 13 5
      vertex 9 13 5
    endloop
  endfacet
  facet normal 0 -1 -0
    outer loop
      vertex 27 13 5
      vertex 9 13 3
      vertex 27 13 3
    endloop
  endfacet
  facet normal 0 1 -0
    outer loop
      vertex 27 29 3
      vertex 9 29 5
      vertex 27 29 5
    endloop
  endfacet
  facet normal 0 1 0
    outer loop
      vertex 9 29 5
      vertex 27 29 3
      vertex 9 29 3
    endloop
  endfacet
endsolid OpenSCAD_Model
